nGroupId	nOrder	nIndex	szAttrType	nAttrValueMin1	nAttrValueMax1	nAttrValueMin2	nAttrValueMax2	nAttrValueMin3	nAttrValueMax3	nCompareIndex	nReference	tbnColorList	FightPower	nAttrTypeWeight
1	1	1	physical_metaldamage_v	44	65					1	65	60|80|100	1300	50
1	1	2	energy_metaldamage_v	44	65					1	65	60|80|100	1300	50
1	1	3	basic_damage_v	44	65			44	65	1	65	60|80|100	1300	50
1	1	4	deadlystrike_damage_v	44	65					1	65	60|80|100	1300	50
1	1	5	deadlystrike_v	44	65					1	65	60|80|100	1300	50
1	1	6	strength_v	44	65					1	65	60|80|100	1300	50
1	1	7	dexterity_v	44	65					1	65	60|80|100	1300	50
1	1	8	ignore_metal_resist_v	100	100	44	65			2	100	60|80|100	2000	100
1	1	9	ignore_defense_v	44	65					1	65	60|80|100	1300	50
1	1	10	rangedamage_return_v	172	258					1	258	60|80|100	1290	120
1	1	11	meleedamage_return_v	172	258					1	258	60|80|100	1290	120
1	1	12	attackrating_v	44	65					1	65	60|80|100	1300	120
1	1	13	lifemax_v	861	1292					1	1292	60|80|100	1292	100
1	1	14	manamax_v	861	1292					1	1292	60|80|100	1292	120
1	1	15	metal_resist_v	216	323					1	323	60|80|100	1292	100
1	1	16	stealmana_v	87	130					1	130	60|80|100	1300	120
1	1	17	steallife_v	87	130					1	130	60|80|100	1300	100
1	1	18	recover_life_v	44	65	9	9			1	65	60|80|100	1300	100
1	1	19	recover_mana_v	44	65	9	9			1	65	60|80|100	1300	120
1	1	20	lifereplenish_w	344	516					1	516	60|80|100	1290	100
1	1	21	manareplenish_w	344	516					1	516	60|80|100	1290	120
1	1	22	weaken_deadlystrike_damage_v	44	65					1	65	60|80|100	1300	100
1	1	23	weaken_deadlystrike_v	44	65					1	65	60|80|100	1300	100
1	1	24	defense_v	44	65					1	65	60|80|100	1300	100
1	1	25	vitality_v	44	65					1	65	60|80|100	1300	100
1	1	26	energy_v	44	65					1	65	60|80|100	1300	100
1	1	27	return_resist_range_v	172	258					1	258	60|80|100	1290	120
1	1	28	return_resist_melee_v	172	258					1	258	60|80|100	1290	120
1	2	1	physical_metaldamage_v	50	75					1	75	60|80|100	1500	50
1	2	2	energy_metaldamage_v	50	75					1	75	60|80|100	1500	50
1	2	3	basic_damage_v	50	75			50	75	1	75	60|80|100	1500	50
1	2	4	deadlystrike_damage_v	50	75					1	75	60|80|100	1500	50
1	2	5	deadlystrike_v	50	75					1	75	60|80|100	1500	50
1	2	6	strength_v	50	75					1	75	60|80|100	1500	50
1	2	7	dexterity_v	50	75					1	75	60|80|100	1500	50
1	2	8	ignore_metal_resist_v	100	100	50	75			2	100	60|80|100	2000	100
1	2	9	ignore_defense_v	50	75					1	75	60|80|100	1500	50
1	2	10	rangedamage_return_v	198	297					1	297	60|80|100	1485	120
1	2	11	meleedamage_return_v	198	297					1	297	60|80|100	1485	120
1	2	12	attackrating_v	50	75					1	75	60|80|100	1500	120
1	2	13	lifemax_v	990	1485					1	1485	60|80|100	1485	100
1	2	14	manamax_v	990	1485					1	1485	60|80|100	1485	120
1	2	15	metal_resist_v	248	371					1	371	60|80|100	1484	100
1	2	16	stealmana_v	100	149					1	149	60|80|100	1490	120
1	2	17	steallife_v	100	149					1	149	60|80|100	1490	100
1	2	18	recover_life_v	50	75	9	9			1	75	60|80|100	1500	100
1	2	19	recover_mana_v	50	75	9	9			1	75	60|80|100	1500	120
1	2	20	lifereplenish_w	396	594					1	594	60|80|100	1485	100
1	2	21	manareplenish_w	396	594					1	594	60|80|100	1485	120
1	2	22	weaken_deadlystrike_damage_v	50	75					1	75	60|80|100	1500	100
1	2	23	weaken_deadlystrike_v	50	75					1	75	60|80|100	1500	100
1	2	24	defense_v	50	75					1	75	60|80|100	1500	100
1	2	25	vitality_v	50	75					1	75	60|80|100	1500	100
1	2	26	energy_v	50	75					1	75	60|80|100	1500	100
1	2	27	return_resist_range_v	198	297					1	297	60|80|100	1485	120
1	2	28	return_resist_melee_v	198	297					1	297	60|80|100	1485	120
1	3	1	physical_metaldamage_v	57	86					1	86	60|80|100	1720	50
1	3	2	energy_metaldamage_v	57	86					1	86	60|80|100	1720	50
1	3	3	basic_damage_v	57	86			57	86	1	86	60|80|100	1720	50
1	3	4	deadlystrike_damage_v	57	86					1	86	60|80|100	1720	50
1	3	5	deadlystrike_v	57	86					1	86	60|80|100	1720	50
1	3	6	strength_v	57	86					1	86	60|80|100	1720	50
1	3	7	dexterity_v	57	86					1	86	60|80|100	1720	50
1	3	8	ignore_metal_resist_v	100	100	57	86			2	100	60|80|100	2000	100
1	3	9	ignore_defense_v	57	86					1	86	60|80|100	1720	50
1	3	10	rangedamage_return_v	228	342					1	342	60|80|100	1710	120
1	3	11	meleedamage_return_v	228	342					1	342	60|80|100	1710	120
1	3	12	attackrating_v	57	86					1	86	60|80|100	1720	120
1	3	13	lifemax_v	1139	1708					1	1708	60|80|100	1708	100
1	3	14	manamax_v	1139	1708					1	1708	60|80|100	1708	120
1	3	15	metal_resist_v	285	428					1	428	60|80|100	1712	100
1	3	16	stealmana_v	114	171					1	171	60|80|100	1710	120
1	3	17	steallife_v	114	171					1	171	60|80|100	1710	100
1	3	18	recover_life_v	57	86	9	9			1	86	60|80|100	1720	100
1	3	19	recover_mana_v	57	86	9	9			1	86	60|80|100	1720	120
1	3	20	lifereplenish_w	456	683					1	683	60|80|100	1708	100
1	3	21	manareplenish_w	456	683					1	683	60|80|100	1708	120
1	3	22	weaken_deadlystrike_damage_v	57	86					1	86	60|80|100	1720	100
1	3	23	weaken_deadlystrike_v	57	86					1	86	60|80|100	1720	100
1	3	24	defense_v	57	86					1	86	60|80|100	1720	100
1	3	25	vitality_v	57	86					1	86	60|80|100	1720	100
1	3	26	energy_v	57	86					1	86	60|80|100	1720	100
1	3	27	return_resist_range_v	228	342					1	342	60|80|100	1710	120
1	3	28	return_resist_melee_v	228	342					1	342	60|80|100	1710	120
1	4	1	physical_metaldamage_v	66	99					1	99	60|80|100	1980	50
1	4	2	energy_metaldamage_v	66	99					1	99	60|80|100	1980	50
1	4	3	basic_damage_v	66	99			66	99	1	99	60|80|100	1980	50
1	4	4	deadlystrike_damage_v	66	99					1	99	60|80|100	1980	50
1	4	5	deadlystrike_v	66	99					1	99	60|80|100	1980	50
1	4	6	strength_v	66	99					1	99	60|80|100	1980	50
1	4	7	dexterity_v	66	99					1	99	60|80|100	1980	50
1	4	8	ignore_metal_resist_v	100	100	66	99			2	100	60|80|100	2000	100
1	4	9	ignore_defense_v	66	99					1	99	60|80|100	1980	50
1	4	10	rangedamage_return_v	262	393					1	393	60|80|100	1965	120
1	4	11	meleedamage_return_v	262	393					1	393	60|80|100	1965	120
1	4	12	attackrating_v	66	99					1	99	60|80|100	1980	120
1	4	13	lifemax_v	1309	1964					1	1964	60|80|100	1964	100
1	4	14	manamax_v	1309	1964					1	1964	60|80|100	1964	120
1	4	15	metal_resist_v	328	491					1	491	60|80|100	1964	100
1	4	16	stealmana_v	132	197					1	197	60|80|100	1970	120
1	4	17	steallife_v	132	197					1	197	60|80|100	1970	100
1	4	18	recover_life_v	66	99	9	9			1	99	60|80|100	1980	100
1	4	19	recover_mana_v	66	99	9	9			1	99	60|80|100	1980	120
1	4	20	lifereplenish_w	524	785					1	785	60|80|100	1963	100
1	4	21	manareplenish_w	524	785					1	785	60|80|100	1963	120
1	4	22	weaken_deadlystrike_damage_v	66	99					1	99	60|80|100	1980	100
1	4	23	weaken_deadlystrike_v	66	99					1	99	60|80|100	1980	100
1	4	24	defense_v	66	99					1	99	60|80|100	1980	100
1	4	25	vitality_v	66	99					1	99	60|80|100	1980	100
1	4	26	energy_v	66	99					1	99	60|80|100	1980	100
1	4	27	return_resist_range_v	262	393					1	393	60|80|100	1965	120
1	4	28	return_resist_melee_v	262	393					1	393	60|80|100	1965	120
1	5	1	physical_metaldamage_v	76	113					1	113	60|80|100	2260	50
1	5	2	energy_metaldamage_v	76	113					1	113	60|80|100	2260	50
1	5	3	basic_damage_v	76	113			76	113	1	113	60|80|100	2260	50
1	5	4	deadlystrike_damage_v	76	113					1	113	60|80|100	2260	50
1	5	5	deadlystrike_v	76	113					1	113	60|80|100	2260	50
1	5	6	strength_v	76	113					1	113	60|80|100	2260	50
1	5	7	dexterity_v	76	113					1	113	60|80|100	2260	50
1	5	8	ignore_metal_resist_v	100	100	76	113			2	113	60|80|100	2000	100
1	5	9	ignore_defense_v	76	113					1	113	60|80|100	2260	50
1	5	10	rangedamage_return_v	301	452					1	452	60|80|100	2260	120
1	5	11	meleedamage_return_v	301	452					1	452	60|80|100	2260	120
1	5	12	attackrating_v	76	113					1	113	60|80|100	2260	120
1	5	13	lifemax_v	1505	2258					1	2258	60|80|100	2258	100
1	5	14	manamax_v	1505	2258					1	2258	60|80|100	2258	120
1	5	15	metal_resist_v	376	564					1	564	60|80|100	2256	100
1	5	16	stealmana_v	151	226					1	226	60|80|100	2260	120
1	5	17	steallife_v	151	226					1	226	60|80|100	2260	100
1	5	18	recover_life_v	76	113	9	9			1	113	60|80|100	2260	100
1	5	19	recover_mana_v	76	113	9	9			1	113	60|80|100	2260	120
1	5	20	lifereplenish_w	602	903					1	903	60|80|100	2258	100
1	5	21	manareplenish_w	602	903					1	903	60|80|100	2258	120
1	5	22	weaken_deadlystrike_damage_v	76	113					1	113	60|80|100	2260	100
1	5	23	weaken_deadlystrike_v	76	113					1	113	60|80|100	2260	100
1	5	24	defense_v	76	113					1	113	60|80|100	2260	100
1	5	25	vitality_v	76	113					1	113	60|80|100	2260	100
1	5	26	energy_v	76	113					1	113	60|80|100	2260	100
1	5	27	return_resist_range_v	301	452					1	452	60|80|100	2260	120
1	5	28	return_resist_melee_v	301	452					1	452	60|80|100	2260	120
1	6	1	physical_metaldamage_v	87	130					1	130	60|80|100	2600	50
1	6	2	energy_metaldamage_v	87	130					1	130	60|80|100	2600	50
1	6	3	basic_damage_v	87	130			87	130	1	130	60|80|100	2600	50
1	6	4	deadlystrike_damage_v	87	130					1	130	60|80|100	2600	50
1	6	5	deadlystrike_v	87	130					1	130	60|80|100	2600	50
1	6	6	strength_v	87	130					1	130	60|80|100	2600	50
1	6	7	dexterity_v	87	130					1	130	60|80|100	2600	50
1	6	8	ignore_metal_resist_v	100	100	87	130			2	130	60|80|100	2000	100
1	6	9	ignore_defense_v	87	130					1	130	60|80|100	2600	50
1	6	10	rangedamage_return_v	347	520					1	520	60|80|100	2600	120
1	6	11	meleedamage_return_v	347	520					1	520	60|80|100	2600	120
1	6	12	attackrating_v	87	130					1	130	60|80|100	2600	120
1	6	13	lifemax_v	1731	2596					1	2596	60|80|100	2596	100
1	6	14	manamax_v	1731	2596					1	2596	60|80|100	2596	120
1	6	15	metal_resist_v	433	650					1	650	60|80|100	2600	100
1	6	16	stealmana_v	173	260					1	260	60|80|100	2600	120
1	6	17	steallife_v	173	260					1	260	60|80|100	2600	100
1	6	18	recover_life_v	87	130	9	9			1	130	60|80|100	2600	100
1	6	19	recover_mana_v	87	130	9	9			1	130	60|80|100	2600	120
1	6	20	lifereplenish_w	692	1038					1	1038	60|80|100	2595	100
1	6	21	manareplenish_w	692	1038					1	1038	60|80|100	2595	120
1	6	22	weaken_deadlystrike_damage_v	87	130					1	130	60|80|100	2600	100
1	6	23	weaken_deadlystrike_v	87	130					1	130	60|80|100	2600	100
1	6	24	defense_v	87	130					1	130	60|80|100	2600	100
1	6	25	vitality_v	87	130					1	130	60|80|100	2600	100
1	6	26	energy_v	87	130					1	130	60|80|100	2600	100
1	6	27	return_resist_range_v	347	520					1	520	60|80|100	2600	120
1	6	28	return_resist_melee_v	347	520					1	520	60|80|100	2600	120
1	7	1	physical_metaldamage_v	96	143					1	143	60|80|100	2860	50
1	7	2	energy_metaldamage_v	96	143					1	143	60|80|100	2860	50
1	7	3	basic_damage_v	96	143			96	143	1	143	60|80|100	2860	50
1	7	4	deadlystrike_damage_v	96	143					1	143	60|80|100	2860	50
1	7	5	deadlystrike_v	96	143					1	143	60|80|100	2860	50
1	7	6	strength_v	96	143					1	143	60|80|100	2860	50
1	7	7	dexterity_v	96	143					1	143	60|80|100	2860	50
1	7	8	ignore_metal_resist_v	100	100	96	143			2	143	60|80|100	2000	100
1	7	9	ignore_defense_v	96	143					1	143	60|80|100	2860	50
1	7	10	rangedamage_return_v	381	572					1	572	60|80|100	2860	120
1	7	11	meleedamage_return_v	381	572					1	572	60|80|100	2860	120
1	7	12	attackrating_v	96	143					1	143	60|80|100	2860	120
1	7	13	lifemax_v	1904	2856					1	2856	60|80|100	2856	100
1	7	14	manamax_v	1904	2856					1	2856	60|80|100	2856	120
1	7	15	metal_resist_v	476	714					1	714	60|80|100	2856	100
1	7	16	stealmana_v	191	286					1	286	60|80|100	2860	120
1	7	17	steallife_v	191	286					1	286	60|80|100	2860	100
1	7	18	recover_life_v	96	143	9	9			1	143	60|80|100	2860	100
1	7	19	recover_mana_v	96	143	9	9			1	143	60|80|100	2860	120
1	7	20	lifereplenish_w	762	1143					1	1143	60|80|100	2858	100
1	7	21	manareplenish_w	762	1143					1	1143	60|80|100	2858	120
1	7	22	weaken_deadlystrike_damage_v	96	143					1	143	60|80|100	2860	100
1	7	23	weaken_deadlystrike_v	96	143					1	143	60|80|100	2860	100
1	7	24	defense_v	96	143					1	143	60|80|100	2860	100
1	7	25	vitality_v	96	143					1	143	60|80|100	2860	100
1	7	26	energy_v	96	143					1	143	60|80|100	2860	100
1	7	27	return_resist_range_v	381	572					1	572	60|80|100	2860	120
1	7	28	return_resist_melee_v	381	572					1	572	60|80|100	2860	120
1	8	1	physical_metaldamage_v	105	158					1	158	60|80|100	3160	50
1	8	2	energy_metaldamage_v	105	158					1	158	60|80|100	3160	50
1	8	3	basic_damage_v	105	158			105	158	1	158	60|80|100	3160	50
1	8	4	deadlystrike_damage_v	105	158					1	158	60|80|100	3160	50
1	8	5	deadlystrike_v	105	158					1	158	60|80|100	3160	50
1	8	6	strength_v	105	158					1	158	60|80|100	3160	50
1	8	7	dexterity_v	105	158					1	158	60|80|100	3160	50
1	8	8	ignore_metal_resist_v	100	100	105	158			2	158	60|80|100	2000	100
1	8	9	ignore_defense_v	105	158					1	158	60|80|100	3160	50
1	8	10	rangedamage_return_v	420	629					1	629	60|80|100	3145	120
1	8	11	meleedamage_return_v	420	629					1	629	60|80|100	3145	120
1	8	12	attackrating_v	105	158					1	158	60|80|100	3160	120
1	8	13	lifemax_v	2095	3142					1	3142	60|80|100	3142	100
1	8	14	manamax_v	2095	3142					1	3142	60|80|100	3142	120
1	8	15	metal_resist_v	524	785					1	785	60|80|100	3140	100
1	8	16	stealmana_v	210	315					1	315	60|80|100	3150	120
1	8	17	steallife_v	210	315					1	315	60|80|100	3150	100
1	8	18	recover_life_v	105	158	9	9			1	158	60|80|100	3160	100
1	8	19	recover_mana_v	105	158	9	9			1	158	60|80|100	3160	120
1	8	20	lifereplenish_w	838	1257					1	1257	60|80|100	3143	100
1	8	21	manareplenish_w	838	1257					1	1257	60|80|100	3143	120
1	8	22	weaken_deadlystrike_damage_v	105	158					1	158	60|80|100	3160	100
1	8	23	weaken_deadlystrike_v	105	158					1	158	60|80|100	3160	100
1	8	24	defense_v	105	158					1	158	60|80|100	3160	100
1	8	25	vitality_v	105	158					1	158	60|80|100	3160	100
1	8	26	energy_v	105	158					1	158	60|80|100	3160	100
1	8	27	return_resist_range_v	420	629					1	629	60|80|100	3145	120
1	8	28	return_resist_melee_v	420	629					1	629	60|80|100	3145	120
1	9	1	physical_metaldamage_v	116	173					1	173	60|80|100	3460	50
1	9	2	energy_metaldamage_v	116	173					1	173	60|80|100	3460	50
1	9	3	basic_damage_v	116	173			116	173	1	173	60|80|100	3460	50
1	9	4	deadlystrike_damage_v	116	173					1	173	60|80|100	3460	50
1	9	5	deadlystrike_v	116	173					1	173	60|80|100	3460	50
1	9	6	strength_v	116	173					1	173	60|80|100	3460	50
1	9	7	dexterity_v	116	173					1	173	60|80|100	3460	50
1	9	8	ignore_metal_resist_v	100	100	116	173			2	173	60|80|100	2000	100
1	9	9	ignore_defense_v	116	173					1	173	60|80|100	3460	50
1	9	10	rangedamage_return_v	461	692					1	692	60|80|100	3460	120
1	9	11	meleedamage_return_v	461	692					1	692	60|80|100	3460	120
1	9	12	attackrating_v	116	173					1	173	60|80|100	3460	120
1	9	13	lifemax_v	2304	3455					1	3455	60|80|100	3455	100
1	9	14	manamax_v	2304	3455					1	3455	60|80|100	3455	120
1	9	15	metal_resist_v	576	864					1	864	60|80|100	3456	100
1	9	16	stealmana_v	231	346					1	346	60|80|100	3460	120
1	9	17	steallife_v	231	346					1	346	60|80|100	3460	100
1	9	18	recover_life_v	116	173	9	9			1	173	60|80|100	3460	100
1	9	19	recover_mana_v	116	173	9	9			1	173	60|80|100	3460	120
1	9	20	lifereplenish_w	922	1383					1	1383	60|80|100	3458	100
1	9	21	manareplenish_w	922	1383					1	1383	60|80|100	3458	120
1	9	22	weaken_deadlystrike_damage_v	116	173					1	173	60|80|100	3460	100
1	9	23	weaken_deadlystrike_v	116	173					1	173	60|80|100	3460	100
1	9	24	defense_v	116	173					1	173	60|80|100	3460	100
1	9	25	vitality_v	116	173					1	173	60|80|100	3460	100
1	9	26	energy_v	116	173					1	173	60|80|100	3460	100
1	9	27	return_resist_range_v	461	692					1	692	60|80|100	3460	120
1	9	28	return_resist_melee_v	461	692					1	692	60|80|100	3460	120
1	10	1	physical_metaldamage_v	127	190					1	190	60|80|100	3800	50
1	10	2	energy_metaldamage_v	127	190					1	190	60|80|100	3800	50
1	10	3	basic_damage_v	127	190			127	190	1	190	60|80|100	3800	50
1	10	4	deadlystrike_damage_v	127	190					1	190	60|80|100	3800	50
1	10	5	deadlystrike_v	127	190					1	190	60|80|100	3800	50
1	10	6	strength_v	127	190					1	190	60|80|100	3800	50
1	10	7	dexterity_v	127	190					1	190	60|80|100	3800	50
1	10	8	ignore_metal_resist_v	100	100	127	190			2	190	60|80|100	2000	100
1	10	9	ignore_defense_v	127	190					1	190	60|80|100	3800	50
1	10	10	rangedamage_return_v	507	760					1	760	60|80|100	3800	120
1	10	11	meleedamage_return_v	507	760					1	760	60|80|100	3800	120
1	10	12	attackrating_v	127	190					1	190	60|80|100	3800	120
1	10	13	lifemax_v	2534	3801					1	3801	60|80|100	3801	100
1	10	14	manamax_v	2534	3801					1	3801	60|80|100	3801	120
1	10	15	metal_resist_v	634	951					1	951	60|80|100	3804	100
1	10	16	stealmana_v	254	381					1	381	60|80|100	3810	120
1	10	17	steallife_v	254	381					1	381	60|80|100	3810	100
1	10	18	recover_life_v	127	190	9	9			1	190	60|80|100	3800	100
1	10	19	recover_mana_v	127	190	9	9			1	190	60|80|100	3800	120
1	10	20	lifereplenish_w	1014	1521					1	1521	60|80|100	3803	100
1	10	21	manareplenish_w	1014	1521					1	1521	60|80|100	3803	120
1	10	22	weaken_deadlystrike_damage_v	127	190					1	190	60|80|100	3800	100
1	10	23	weaken_deadlystrike_v	127	190					1	190	60|80|100	3800	100
1	10	24	defense_v	127	190					1	190	60|80|100	3800	100
1	10	25	vitality_v	127	190					1	190	60|80|100	3800	100
1	10	26	energy_v	127	190					1	190	60|80|100	3800	100
1	10	27	return_resist_range_v	507	760					1	760	60|80|100	3800	120
1	10	28	return_resist_melee_v	507	760					1	760	60|80|100	3800	120
1	11	1	physical_metaldamage_v	140	209					1	209	60|80|100	4180	50
1	11	2	energy_metaldamage_v	140	209					1	209	60|80|100	4180	50
1	11	3	basic_damage_v	140	209			140	209	1	209	60|80|100	4180	50
1	11	4	deadlystrike_damage_v	140	209					1	209	60|80|100	4180	50
1	11	5	deadlystrike_v	140	209					1	209	60|80|100	4180	50
1	11	6	strength_v	140	209					1	209	60|80|100	4180	50
1	11	7	dexterity_v	140	209					1	209	60|80|100	4180	50
1	11	8	ignore_metal_resist_v	100	100	140	209			2	209	60|80|100	2000	100
1	11	9	ignore_defense_v	140	209					1	209	60|80|100	4180	50
1	11	10	rangedamage_return_v	558	837					1	837	60|80|100	4185	120
1	11	11	meleedamage_return_v	558	837					1	837	60|80|100	4185	120
1	11	12	attackrating_v	140	209					1	209	60|80|100	4180	120
1	11	13	lifemax_v	2788	4181					1	4181	60|80|100	4181	100
1	11	14	manamax_v	2788	4181					1	4181	60|80|100	4181	120
1	11	15	metal_resist_v	697	1046					1	1046	60|80|100	4184	100
1	11	16	stealmana_v	279	418					1	418	60|80|100	4180	120
1	11	17	steallife_v	279	418					1	418	60|80|100	4180	100
1	11	18	recover_life_v	140	209	9	9			1	209	60|80|100	4180	100
1	11	19	recover_mana_v	140	209	9	9			1	209	60|80|100	4180	120
1	11	20	lifereplenish_w	1116	1673					1	1673	60|80|100	4183	100
1	11	21	manareplenish_w	1116	1673					1	1673	60|80|100	4183	120
1	11	22	weaken_deadlystrike_damage_v	140	209					1	209	60|80|100	4180	100
1	11	23	weaken_deadlystrike_v	140	209					1	209	60|80|100	4180	100
1	11	24	defense_v	140	209					1	209	60|80|100	4180	100
1	11	25	vitality_v	140	209					1	209	60|80|100	4180	100
1	11	26	energy_v	140	209					1	209	60|80|100	4180	100
1	11	27	return_resist_range_v	558	837					1	837	60|80|100	4185	120
1	11	28	return_resist_melee_v	558	837					1	837	60|80|100	4185	120
1	12	1	physical_metaldamage_v	152	228					1	228	60|80|100	4560	50
1	12	2	energy_metaldamage_v	152	228					1	228	60|80|100	4560	50
1	12	3	basic_damage_v	152	228			152	228	1	228	60|80|100	4560	50
1	12	4	deadlystrike_damage_v	152	228					1	228	60|80|100	4560	50
1	12	5	deadlystrike_v	152	228					1	228	60|80|100	4560	50
1	12	6	strength_v	152	228					1	228	60|80|100	4560	50
1	12	7	dexterity_v	152	228					1	228	60|80|100	4560	50
1	12	8	ignore_metal_resist_v	100	100	152	228			2	228	60|80|100	2000	100
1	12	9	ignore_defense_v	152	228					1	228	60|80|100	4560	50
1	12	10	rangedamage_return_v	608	912					1	912	60|80|100	4560	120
1	12	11	meleedamage_return_v	608	912					1	912	60|80|100	4560	120
1	12	12	attackrating_v	152	228					1	228	60|80|100	4560	120
1	12	13	lifemax_v	3041	4562					1	4562	60|80|100	4562	100
1	12	14	manamax_v	3041	4562					1	4562	60|80|100	4562	120
1	12	15	metal_resist_v	760	1140					1	1140	60|80|100	4560	100
1	12	16	stealmana_v	304	456					1	456	60|80|100	4560	120
1	12	17	steallife_v	304	456					1	456	60|80|100	4560	100
1	12	18	recover_life_v	152	228	9	9			1	228	60|80|100	4560	100
1	12	19	recover_mana_v	152	228	9	9			1	228	60|80|100	4560	120
1	12	20	lifereplenish_w	1216	1824					1	1824	60|80|100	4560	100
1	12	21	manareplenish_w	1216	1824					1	1824	60|80|100	4560	120
1	12	22	weaken_deadlystrike_damage_v	152	228					1	228	60|80|100	4560	100
1	12	23	weaken_deadlystrike_v	152	228					1	228	60|80|100	4560	100
1	12	24	defense_v	152	228					1	228	60|80|100	4560	100
1	12	25	vitality_v	152	228					1	228	60|80|100	4560	100
1	12	26	energy_v	152	228					1	228	60|80|100	4560	100
1	12	27	return_resist_range_v	608	912					1	912	60|80|100	4560	120
1	12	28	return_resist_melee_v	608	912					1	912	60|80|100	4560	120
1	13	1	physical_metaldamage_v	160	240					1	240	60|80|100	4800	50
1	13	2	energy_metaldamage_v	160	240					1	240	60|80|100	4800	50
1	13	3	basic_damage_v	160	240			160	240	1	240	60|80|100	4800	50
1	13	4	deadlystrike_damage_v	160	240					1	240	60|80|100	4800	50
1	13	5	deadlystrike_v	160	240					1	240	60|80|100	4800	50
1	13	6	strength_v	160	240					1	240	60|80|100	4800	50
1	13	7	dexterity_v	160	240					1	240	60|80|100	4800	50
1	13	8	ignore_metal_resist_v	100	100	160	240			2	240	60|80|100	2000	100
1	13	9	ignore_defense_v	160	240					1	240	60|80|100	4800	50
1	13	10	rangedamage_return_v	639	958					1	958	60|80|100	4790	120
1	13	11	meleedamage_return_v	639	958					1	958	60|80|100	4790	120
1	13	12	attackrating_v	160	240					1	240	60|80|100	4800	120
1	13	13	lifemax_v	3193	4790					1	4790	60|80|100	4790	100
1	13	14	manamax_v	3193	4790					1	4790	60|80|100	4790	120
1	13	15	metal_resist_v	799	1198					1	1198	60|80|100	4792	100
1	13	16	stealmana_v	320	479					1	479	60|80|100	4790	120
1	13	17	steallife_v	320	479					1	479	60|80|100	4790	100
1	13	18	recover_life_v	160	240	9	9			1	240	60|80|100	4800	100
1	13	19	recover_mana_v	160	240	9	9			1	240	60|80|100	4800	120
1	13	20	lifereplenish_w	1277	1916					1	1916	60|80|100	4790	100
1	13	21	manareplenish_w	1277	1916					1	1916	60|80|100	4790	120
1	13	22	weaken_deadlystrike_damage_v	160	240					1	240	60|80|100	4800	100
1	13	23	weaken_deadlystrike_v	160	240					1	240	60|80|100	4800	100
1	13	24	defense_v	160	240					1	240	60|80|100	4800	100
1	13	25	vitality_v	160	240					1	240	60|80|100	4800	100
1	13	26	energy_v	160	240					1	240	60|80|100	4800	100
1	13	27	return_resist_range_v	639	958					1	958	60|80|100	4790	120
1	13	28	return_resist_melee_v	639	958					1	958	60|80|100	4790	120
1	14	1	physical_metaldamage_v	168	251					1	251	60|80|100	5020	50
1	14	2	energy_metaldamage_v	168	251					1	251	60|80|100	5020	50
1	14	3	basic_damage_v	168	251			168	251	1	251	60|80|100	5020	50
1	14	4	deadlystrike_damage_v	168	251					1	251	60|80|100	5020	50
1	14	5	deadlystrike_v	168	251					1	251	60|80|100	5020	50
1	14	6	strength_v	168	251					1	251	60|80|100	5020	50
1	14	7	dexterity_v	168	251					1	251	60|80|100	5020	50
1	14	8	ignore_metal_resist_v	100	100	168	251			2	251	60|80|100	2000	100
1	14	9	ignore_defense_v	168	251					1	251	60|80|100	5020	50
1	14	10	rangedamage_return_v	671	1006					1	1006	60|80|100	5030	120
1	14	11	meleedamage_return_v	671	1006					1	1006	60|80|100	5030	120
1	14	12	attackrating_v	168	251					1	251	60|80|100	5020	120
1	14	13	lifemax_v	3351	5026					1	5026	60|80|100	5026	100
1	14	14	manamax_v	3351	5026					1	5026	60|80|100	5026	120
1	14	15	metal_resist_v	838	1257					1	1257	60|80|100	5028	100
1	14	16	stealmana_v	336	503					1	503	60|80|100	5030	120
1	14	17	steallife_v	336	503					1	503	60|80|100	5030	100
1	14	18	recover_life_v	168	251	9	9			1	251	60|80|100	5020	100
1	14	19	recover_mana_v	168	251	9	9			1	251	60|80|100	5020	120
1	14	20	lifereplenish_w	1340	2010					1	2010	60|80|100	5025	100
1	14	21	manareplenish_w	1340	2010					1	2010	60|80|100	5025	120
1	14	22	weaken_deadlystrike_damage_v	168	251					1	251	60|80|100	5020	100
1	14	23	weaken_deadlystrike_v	168	251					1	251	60|80|100	5020	100
1	14	24	defense_v	168	251					1	251	60|80|100	5020	100
1	14	25	vitality_v	168	251					1	251	60|80|100	5020	100
1	14	26	energy_v	168	251					1	251	60|80|100	5020	100
1	14	27	return_resist_range_v	671	1006					1	1006	60|80|100	5030	120
1	14	28	return_resist_melee_v	671	1006					1	1006	60|80|100	5030	120
1	15	1	physical_metaldamage_v	176	263					1	263	60|80|100	5260	50
1	15	2	energy_metaldamage_v	176	263					1	263	60|80|100	5260	50
1	15	3	basic_damage_v	176	263			176	263	1	263	60|80|100	5260	50
1	15	4	deadlystrike_damage_v	176	263					1	263	60|80|100	5260	50
1	15	5	deadlystrike_v	176	263					1	263	60|80|100	5260	50
1	15	6	strength_v	176	263					1	263	60|80|100	5260	50
1	15	7	dexterity_v	176	263					1	263	60|80|100	5260	50
1	15	8	ignore_metal_resist_v	100	100	176	263			2	263	60|80|100	2000	100
1	15	9	ignore_defense_v	176	263					1	263	60|80|100	5260	50
1	15	10	rangedamage_return_v	702	1053					1	1053	60|80|100	5265	120
1	15	11	meleedamage_return_v	702	1053					1	1053	60|80|100	5265	120
1	15	12	attackrating_v	176	263					1	263	60|80|100	5260	120
1	15	13	lifemax_v	3508	5262					1	5262	60|80|100	5262	100
1	15	14	manamax_v	3508	5262					1	5262	60|80|100	5262	120
1	15	15	metal_resist_v	877	1316					1	1316	60|80|100	5264	100
1	15	16	stealmana_v	352	527					1	527	60|80|100	5270	120
1	15	17	steallife_v	352	527					1	527	60|80|100	5270	100
1	15	18	recover_life_v	176	263	9	9			1	263	60|80|100	5260	100
1	15	19	recover_mana_v	176	263	9	9			1	263	60|80|100	5260	120
1	15	20	lifereplenish_w	1404	2105					1	2105	60|80|100	5263	100
1	15	21	manareplenish_w	1404	2105					1	2105	60|80|100	5263	120
1	15	22	weaken_deadlystrike_damage_v	176	263					1	263	60|80|100	5260	100
1	15	23	weaken_deadlystrike_v	176	263					1	263	60|80|100	5260	100
1	15	24	defense_v	176	263					1	263	60|80|100	5260	100
1	15	25	vitality_v	176	263					1	263	60|80|100	5260	100
1	15	26	energy_v	176	263					1	263	60|80|100	5260	100
1	15	27	return_resist_range_v	702	1053					1	1053	60|80|100	5265	120
1	15	28	return_resist_melee_v	702	1053					1	1053	60|80|100	5265	120
1	16	1	physical_metaldamage_v	184	275					1	275	60|80|100	5500	50
1	16	2	energy_metaldamage_v	184	275					1	275	60|80|100	5500	50
1	16	3	basic_damage_v	184	275			184	275	1	275	60|80|100	5500	50
1	16	4	deadlystrike_damage_v	184	275					1	275	60|80|100	5500	50
1	16	5	deadlystrike_v	184	275					1	275	60|80|100	5500	50
1	16	6	strength_v	184	275					1	275	60|80|100	5500	50
1	16	7	dexterity_v	184	275					1	275	60|80|100	5500	50
1	16	8	ignore_metal_resist_v	100	100	184	275			2	275	60|80|100	2000	100
1	16	9	ignore_defense_v	184	275					1	275	60|80|100	5500	50
1	16	10	rangedamage_return_v	733	1100					1	1100	60|80|100	5500	120
1	16	11	meleedamage_return_v	733	1100					1	1100	60|80|100	5500	120
1	16	12	attackrating_v	184	275					1	275	60|80|100	5500	120
1	16	13	lifemax_v	3666	5499					1	5499	60|80|100	5499	100
1	16	14	manamax_v	3666	5499					1	5499	60|80|100	5499	120
1	16	15	metal_resist_v	917	1376					1	1376	60|80|100	5504	100
1	16	16	stealmana_v	367	550					1	550	60|80|100	5500	120
1	16	17	steallife_v	367	550					1	550	60|80|100	5500	100
1	16	18	recover_life_v	184	275	9	9			1	275	60|80|100	5500	100
1	16	19	recover_mana_v	184	275	9	9			1	275	60|80|100	5500	120
1	16	20	lifereplenish_w	1467	2200					1	2200	60|80|100	5500	100
1	16	21	manareplenish_w	1467	2200					1	2200	60|80|100	5500	120
1	16	22	weaken_deadlystrike_damage_v	184	275					1	275	60|80|100	5500	100
1	16	23	weaken_deadlystrike_v	184	275					1	275	60|80|100	5500	100
1	16	24	defense_v	184	275					1	275	60|80|100	5500	100
1	16	25	vitality_v	184	275					1	275	60|80|100	5500	100
1	16	26	energy_v	184	275					1	275	60|80|100	5500	100
1	16	27	return_resist_range_v	733	1100					1	1100	60|80|100	5500	120
1	16	28	return_resist_melee_v	733	1100					1	1100	60|80|100	5500	120
1	17	1	physical_metaldamage_v	192	287					1	287	60|80|100	5740	50
1	17	2	energy_metaldamage_v	192	287					1	287	60|80|100	5740	50
1	17	3	basic_damage_v	192	287			192	287	1	287	60|80|100	5740	50
1	17	4	deadlystrike_damage_v	192	287					1	287	60|80|100	5740	50
1	17	5	deadlystrike_v	192	287					1	287	60|80|100	5740	50
1	17	6	strength_v	192	287					1	287	60|80|100	5740	50
1	17	7	dexterity_v	192	287					1	287	60|80|100	5740	50
1	17	8	ignore_metal_resist_v	100	100	192	287			2	287	60|80|100	2000	100
1	17	9	ignore_defense_v	192	287					1	287	60|80|100	5740	50
1	17	10	rangedamage_return_v	765	1148					1	1148	60|80|100	5740	120
1	17	11	meleedamage_return_v	765	1148					1	1148	60|80|100	5740	120
1	17	12	attackrating_v	192	287					1	287	60|80|100	5740	120
1	17	13	lifemax_v	3824	5735					1	5735	60|80|100	5735	100
1	17	14	manamax_v	3824	5735					1	5735	60|80|100	5735	120
1	17	15	metal_resist_v	956	1434					1	1434	60|80|100	5736	100
1	17	16	stealmana_v	383	574					1	574	60|80|100	5740	120
1	17	17	steallife_v	383	574					1	574	60|80|100	5740	100
1	17	18	recover_life_v	192	287	9	9			1	287	60|80|100	5740	100
1	17	19	recover_mana_v	192	287	9	9			1	287	60|80|100	5740	120
1	17	20	lifereplenish_w	1530	2295					1	2295	60|80|100	5738	100
1	17	21	manareplenish_w	1530	2295					1	2295	60|80|100	5738	120
1	17	22	weaken_deadlystrike_damage_v	192	287					1	287	60|80|100	5740	100
1	17	23	weaken_deadlystrike_v	192	287					1	287	60|80|100	5740	100
1	17	24	defense_v	192	287					1	287	60|80|100	5740	100
1	17	25	vitality_v	192	287					1	287	60|80|100	5740	100
1	17	26	energy_v	192	287					1	287	60|80|100	5740	100
1	17	27	return_resist_range_v	765	1148					1	1148	60|80|100	5740	120
1	17	28	return_resist_melee_v	765	1148					1	1148	60|80|100	5740	120
1	18	1	physical_metaldamage_v	200	299					1	299	60|80|100	5980	50
1	18	2	energy_metaldamage_v	200	299					1	299	60|80|100	5980	50
1	18	3	basic_damage_v	200	299			200	299	1	299	60|80|100	5980	50
1	18	4	deadlystrike_damage_v	200	299					1	299	60|80|100	5980	50
1	18	5	deadlystrike_v	200	299					1	299	60|80|100	5980	50
1	18	6	strength_v	200	299					1	299	60|80|100	5980	50
1	18	7	dexterity_v	200	299					1	299	60|80|100	5980	50
1	18	8	ignore_metal_resist_v	100	100	200	299			2	299	60|80|100	2000	100
1	18	9	ignore_defense_v	200	299					1	299	60|80|100	5980	50
1	18	10	rangedamage_return_v	796	1194					1	1194	60|80|100	5970	120
1	18	11	meleedamage_return_v	796	1194					1	1194	60|80|100	5970	120
1	18	12	attackrating_v	200	299					1	299	60|80|100	5980	120
1	18	13	lifemax_v	3982	5973					1	5973	60|80|100	5973	100
1	18	14	manamax_v	3982	5973					1	5973	60|80|100	5973	120
1	18	15	metal_resist_v	996	1493					1	1493	60|80|100	5972	100
1	18	16	stealmana_v	399	598					1	598	60|80|100	5980	120
1	18	17	steallife_v	399	598					1	598	60|80|100	5980	100
1	18	18	recover_life_v	200	299	9	9			1	299	60|80|100	5980	100
1	18	19	recover_mana_v	200	299	9	9			1	299	60|80|100	5980	120
1	18	20	lifereplenish_w	1593	2390					1	2390	60|80|100	5975	100
1	18	21	manareplenish_w	1593	2390					1	2390	60|80|100	5975	120
1	18	22	weaken_deadlystrike_damage_v	200	299					1	299	60|80|100	5980	100
1	18	23	weaken_deadlystrike_v	200	299					1	299	60|80|100	5980	100
1	18	24	defense_v	200	299					1	299	60|80|100	5980	100
1	18	25	vitality_v	200	299					1	299	60|80|100	5980	100
1	18	26	energy_v	200	299					1	299	60|80|100	5980	100
1	18	27	return_resist_range_v	796	1194					1	1194	60|80|100	5970	120
1	18	28	return_resist_melee_v	796	1194					1	1194	60|80|100	5970	120
1	19	1	physical_metaldamage_v	208	311					1	311	60|80|100	6220	50
1	19	2	energy_metaldamage_v	208	311					1	311	60|80|100	6220	50
1	19	3	basic_damage_v	208	311			208	311	1	311	60|80|100	6220	50
1	19	4	deadlystrike_damage_v	208	311					1	311	60|80|100	6220	50
1	19	5	deadlystrike_v	208	311					1	311	60|80|100	6220	50
1	19	6	strength_v	208	311					1	311	60|80|100	6220	50
1	19	7	dexterity_v	208	311					1	311	60|80|100	6220	50
1	19	8	ignore_metal_resist_v	100	100	208	311			2	311	60|80|100	2000	100
1	19	9	ignore_defense_v	208	311					1	311	60|80|100	6220	50
1	19	10	rangedamage_return_v	828	1242					1	1242	60|80|100	6210	120
1	19	11	meleedamage_return_v	828	1242					1	1242	60|80|100	6210	120
1	19	12	attackrating_v	208	311					1	311	60|80|100	6220	120
1	19	13	lifemax_v	4140	6209					1	6209	60|80|100	6209	100
1	19	14	manamax_v	4140	6209					1	6209	60|80|100	6209	120
1	19	15	metal_resist_v	1035	1552					1	1552	60|80|100	6208	100
1	19	16	stealmana_v	414	621					1	621	60|80|100	6210	120
1	19	17	steallife_v	414	621					1	621	60|80|100	6210	100
1	19	18	recover_life_v	208	311	9	9			1	311	60|80|100	6220	100
1	19	19	recover_mana_v	208	311	9	9			1	311	60|80|100	6220	120
1	19	20	lifereplenish_w	1656	2483					1	2483	60|80|100	6208	100
1	19	21	manareplenish_w	1656	2483					1	2483	60|80|100	6208	120
1	19	22	weaken_deadlystrike_damage_v	208	311					1	311	60|80|100	6220	100
1	19	23	weaken_deadlystrike_v	208	311					1	311	60|80|100	6220	100
1	19	24	defense_v	208	311					1	311	60|80|100	6220	100
1	19	25	vitality_v	208	311					1	311	60|80|100	6220	100
1	19	26	energy_v	208	311					1	311	60|80|100	6220	100
1	19	27	return_resist_range_v	828	1242					1	1242	60|80|100	6210	120
1	19	28	return_resist_melee_v	828	1242					1	1242	60|80|100	6210	120
1	20	1	physical_metaldamage_v	216	323					1	323	60|80|100	6460	50
1	20	2	energy_metaldamage_v	216	323					1	323	60|80|100	6460	50
1	20	3	basic_damage_v	216	323			216	323	1	323	60|80|100	6460	50
1	20	4	deadlystrike_damage_v	216	323					1	323	60|80|100	6460	50
1	20	5	deadlystrike_v	216	323					1	323	60|80|100	6460	50
1	20	6	strength_v	216	323					1	323	60|80|100	6460	50
1	20	7	dexterity_v	216	323					1	323	60|80|100	6460	50
1	20	8	ignore_metal_resist_v	100	100	216	323			2	323	60|80|100	2000	100
1	20	9	ignore_defense_v	216	323					1	323	60|80|100	6460	50
1	20	10	rangedamage_return_v	860	1289					1	1289	60|80|100	6445	120
1	20	11	meleedamage_return_v	860	1289					1	1289	60|80|100	6445	120
1	20	12	attackrating_v	216	323					1	323	60|80|100	6460	120
1	20	13	lifemax_v	4297	6446					1	6446	60|80|100	6446	100
1	20	14	manamax_v	4297	6446					1	6446	60|80|100	6446	120
1	20	15	metal_resist_v	1075	1612					1	1612	60|80|100	6448	100
1	20	16	stealmana_v	430	645					1	645	60|80|100	6450	120
1	20	17	steallife_v	430	645					1	645	60|80|100	6450	100
1	20	18	recover_life_v	216	323	9	9			1	323	60|80|100	6460	100
1	20	19	recover_mana_v	216	323	9	9			1	323	60|80|100	6460	120
1	20	20	lifereplenish_w	1719	2578					1	2578	60|80|100	6445	100
1	20	21	manareplenish_w	1719	2578					1	2578	60|80|100	6445	120
1	20	22	weaken_deadlystrike_damage_v	216	323					1	323	60|80|100	6460	100
1	20	23	weaken_deadlystrike_v	216	323					1	323	60|80|100	6460	100
1	20	24	defense_v	216	323					1	323	60|80|100	6460	100
1	20	25	vitality_v	216	323					1	323	60|80|100	6460	100
1	20	26	energy_v	216	323					1	323	60|80|100	6460	100
1	20	27	return_resist_range_v	860	1289					1	1289	60|80|100	6445	120
1	20	28	return_resist_melee_v	860	1289					1	1289	60|80|100	6445	120
1	21	1	physical_metaldamage_v	223	334					1	334	60|80|100	6680	50
1	21	2	energy_metaldamage_v	223	334					1	334	60|80|100	6680	50
1	21	3	basic_damage_v	223	334			223	334	1	334	60|80|100	6680	50
1	21	4	deadlystrike_damage_v	223	334					1	334	60|80|100	6680	50
1	21	5	deadlystrike_v	223	334					1	334	60|80|100	6680	50
1	21	6	strength_v	223	334					1	334	60|80|100	6680	50
1	21	7	dexterity_v	223	334					1	334	60|80|100	6680	50
1	21	8	ignore_metal_resist_v	100	100	223	334			2	334	60|80|100	2000	100
1	21	9	ignore_defense_v	223	334					1	334	60|80|100	6680	50
1	21	10	rangedamage_return_v	892	1337					1	1337	60|80|100	6685	120
1	21	11	meleedamage_return_v	892	1337					1	1337	60|80|100	6685	120
1	21	12	attackrating_v	223	334					1	334	60|80|100	6680	120
1	21	13	lifemax_v	4455	6682					1	6682	60|80|100	6682	100
1	21	14	manamax_v	4455	6682					1	6682	60|80|100	6682	120
1	21	15	metal_resist_v	1114	1671					1	1671	60|80|100	6684	100
1	21	16	stealmana_v	446	669					1	669	60|80|100	6690	120
1	21	17	steallife_v	446	669					1	669	60|80|100	6690	100
1	21	18	recover_life_v	223	334	9	9			1	334	60|80|100	6680	100
1	21	19	recover_mana_v	223	334	9	9			1	334	60|80|100	6680	120
1	21	20	lifereplenish_w	1782	2673					1	2673	60|80|100	6683	100
1	21	21	manareplenish_w	1782	2673					1	2673	60|80|100	6683	120
1	21	22	weaken_deadlystrike_damage_v	223	334					1	334	60|80|100	6680	100
1	21	23	weaken_deadlystrike_v	223	334					1	334	60|80|100	6680	100
1	21	24	defense_v	223	334					1	334	60|80|100	6680	100
1	21	25	vitality_v	223	334					1	334	60|80|100	6680	100
1	21	26	energy_v	223	334					1	334	60|80|100	6680	100
1	21	27	return_resist_range_v	892	1337					1	1337	60|80|100	6685	120
1	21	28	return_resist_melee_v	892	1337					1	1337	60|80|100	6685	120
2	1	1	physical_wooddamage_v	44	65					1	65	60|80|100	1300	50
2	1	2	energy_wooddamage_v	44	65					1	65	60|80|100	1300	50
2	1	3	basic_damage_v	44	65			44	65	1	65	60|80|100	1300	50
2	1	4	deadlystrike_damage_v	44	65					1	65	60|80|100	1300	50
2	1	5	deadlystrike_v	44	65					1	65	60|80|100	1300	50
2	1	6	strength_v	44	65					1	65	60|80|100	1300	50
2	1	7	dexterity_v	44	65					1	65	60|80|100	1300	50
2	1	8	ignore_wood_resist_v	100	100	44	65			2	100	60|80|100	2000	100
2	1	9	ignore_defense_v	44	65					1	65	60|80|100	1300	50
2	1	10	rangedamage_return_v	172	258					1	258	60|80|100	1290	120
2	1	11	meleedamage_return_v	172	258					1	258	60|80|100	1290	120
2	1	12	attackrating_v	44	65					1	65	60|80|100	1300	120
2	1	13	lifemax_v	861	1292					1	1292	60|80|100	1292	100
2	1	14	manamax_v	861	1292					1	1292	60|80|100	1292	120
2	1	15	wood_resist_v	216	323					1	323	60|80|100	1292	100
2	1	16	stealmana_v	87	130					1	130	60|80|100	1300	120
2	1	17	steallife_v	87	130					1	130	60|80|100	1300	100
2	1	18	recover_life_v	44	65	9	9			1	65	60|80|100	1300	100
2	1	19	recover_mana_v	44	65	9	9			1	65	60|80|100	1300	120
2	1	20	lifereplenish_w	344	516					1	516	60|80|100	1290	100
2	1	21	manareplenish_w	344	516					1	516	60|80|100	1290	120
2	1	22	weaken_deadlystrike_damage_v	44	65					1	65	60|80|100	1300	100
2	1	23	weaken_deadlystrike_v	44	65					1	65	60|80|100	1300	100
2	1	24	defense_v	44	65					1	65	60|80|100	1300	100
2	1	25	vitality_v	44	65					1	65	60|80|100	1300	100
2	1	26	energy_v	44	65					1	65	60|80|100	1300	100
2	1	27	return_resist_range_v	172	258					1	258	60|80|100	1290	120
2	1	28	return_resist_melee_v	172	258					1	258	60|80|100	1290	120
2	2	1	physical_wooddamage_v	50	75					1	75	60|80|100	1500	50
2	2	2	energy_wooddamage_v	50	75					1	75	60|80|100	1500	50
2	2	3	basic_damage_v	50	75			50	75	1	75	60|80|100	1500	50
2	2	4	deadlystrike_damage_v	50	75					1	75	60|80|100	1500	50
2	2	5	deadlystrike_v	50	75					1	75	60|80|100	1500	50
2	2	6	strength_v	50	75					1	75	60|80|100	1500	50
2	2	7	dexterity_v	50	75					1	75	60|80|100	1500	50
2	2	8	ignore_wood_resist_v	100	100	50	75			2	100	60|80|100	2000	100
2	2	9	ignore_defense_v	50	75					1	75	60|80|100	1500	50
2	2	10	rangedamage_return_v	198	297					1	297	60|80|100	1485	120
2	2	11	meleedamage_return_v	198	297					1	297	60|80|100	1485	120
2	2	12	attackrating_v	50	75					1	75	60|80|100	1500	120
2	2	13	lifemax_v	990	1485					1	1485	60|80|100	1485	100
2	2	14	manamax_v	990	1485					1	1485	60|80|100	1485	120
2	2	15	wood_resist_v	248	371					1	371	60|80|100	1484	100
2	2	16	stealmana_v	100	149					1	149	60|80|100	1490	120
2	2	17	steallife_v	100	149					1	149	60|80|100	1490	100
2	2	18	recover_life_v	50	75	9	9			1	75	60|80|100	1500	100
2	2	19	recover_mana_v	50	75	9	9			1	75	60|80|100	1500	120
2	2	20	lifereplenish_w	396	594					1	594	60|80|100	1485	100
2	2	21	manareplenish_w	396	594					1	594	60|80|100	1485	120
2	2	22	weaken_deadlystrike_damage_v	50	75					1	75	60|80|100	1500	100
2	2	23	weaken_deadlystrike_v	50	75					1	75	60|80|100	1500	100
2	2	24	defense_v	50	75					1	75	60|80|100	1500	100
2	2	25	vitality_v	50	75					1	75	60|80|100	1500	100
2	2	26	energy_v	50	75					1	75	60|80|100	1500	100
2	2	27	return_resist_range_v	198	297					1	297	60|80|100	1485	120
2	2	28	return_resist_melee_v	198	297					1	297	60|80|100	1485	120
2	3	1	physical_wooddamage_v	57	86					1	86	60|80|100	1720	50
2	3	2	energy_wooddamage_v	57	86					1	86	60|80|100	1720	50
2	3	3	basic_damage_v	57	86			57	86	1	86	60|80|100	1720	50
2	3	4	deadlystrike_damage_v	57	86					1	86	60|80|100	1720	50
2	3	5	deadlystrike_v	57	86					1	86	60|80|100	1720	50
2	3	6	strength_v	57	86					1	86	60|80|100	1720	50
2	3	7	dexterity_v	57	86					1	86	60|80|100	1720	50
2	3	8	ignore_wood_resist_v	100	100	57	86			2	100	60|80|100	2000	100
2	3	9	ignore_defense_v	57	86					1	86	60|80|100	1720	50
2	3	10	rangedamage_return_v	228	342					1	342	60|80|100	1710	120
2	3	11	meleedamage_return_v	228	342					1	342	60|80|100	1710	120
2	3	12	attackrating_v	57	86					1	86	60|80|100	1720	120
2	3	13	lifemax_v	1139	1708					1	1708	60|80|100	1708	100
2	3	14	manamax_v	1139	1708					1	1708	60|80|100	1708	120
2	3	15	wood_resist_v	285	428					1	428	60|80|100	1712	100
2	3	16	stealmana_v	114	171					1	171	60|80|100	1710	120
2	3	17	steallife_v	114	171					1	171	60|80|100	1710	100
2	3	18	recover_life_v	57	86	9	9			1	86	60|80|100	1720	100
2	3	19	recover_mana_v	57	86	9	9			1	86	60|80|100	1720	120
2	3	20	lifereplenish_w	456	683					1	683	60|80|100	1708	100
2	3	21	manareplenish_w	456	683					1	683	60|80|100	1708	120
2	3	22	weaken_deadlystrike_damage_v	57	86					1	86	60|80|100	1720	100
2	3	23	weaken_deadlystrike_v	57	86					1	86	60|80|100	1720	100
2	3	24	defense_v	57	86					1	86	60|80|100	1720	100
2	3	25	vitality_v	57	86					1	86	60|80|100	1720	100
2	3	26	energy_v	57	86					1	86	60|80|100	1720	100
2	3	27	return_resist_range_v	228	342					1	342	60|80|100	1710	120
2	3	28	return_resist_melee_v	228	342					1	342	60|80|100	1710	120
2	4	1	physical_wooddamage_v	66	99					1	99	60|80|100	1980	50
2	4	2	energy_wooddamage_v	66	99					1	99	60|80|100	1980	50
2	4	3	basic_damage_v	66	99			66	99	1	99	60|80|100	1980	50
2	4	4	deadlystrike_damage_v	66	99					1	99	60|80|100	1980	50
2	4	5	deadlystrike_v	66	99					1	99	60|80|100	1980	50
2	4	6	strength_v	66	99					1	99	60|80|100	1980	50
2	4	7	dexterity_v	66	99					1	99	60|80|100	1980	50
2	4	8	ignore_wood_resist_v	100	100	66	99			2	100	60|80|100	2000	100
2	4	9	ignore_defense_v	66	99					1	99	60|80|100	1980	50
2	4	10	rangedamage_return_v	262	393					1	393	60|80|100	1965	120
2	4	11	meleedamage_return_v	262	393					1	393	60|80|100	1965	120
2	4	12	attackrating_v	66	99					1	99	60|80|100	1980	120
2	4	13	lifemax_v	1309	1964					1	1964	60|80|100	1964	100
2	4	14	manamax_v	1309	1964					1	1964	60|80|100	1964	120
2	4	15	wood_resist_v	328	491					1	491	60|80|100	1964	100
2	4	16	stealmana_v	132	197					1	197	60|80|100	1970	120
2	4	17	steallife_v	132	197					1	197	60|80|100	1970	100
2	4	18	recover_life_v	66	99	9	9			1	99	60|80|100	1980	100
2	4	19	recover_mana_v	66	99	9	9			1	99	60|80|100	1980	120
2	4	20	lifereplenish_w	524	785					1	785	60|80|100	1963	100
2	4	21	manareplenish_w	524	785					1	785	60|80|100	1963	120
2	4	22	weaken_deadlystrike_damage_v	66	99					1	99	60|80|100	1980	100
2	4	23	weaken_deadlystrike_v	66	99					1	99	60|80|100	1980	100
2	4	24	defense_v	66	99					1	99	60|80|100	1980	100
2	4	25	vitality_v	66	99					1	99	60|80|100	1980	100
2	4	26	energy_v	66	99					1	99	60|80|100	1980	100
2	4	27	return_resist_range_v	262	393					1	393	60|80|100	1965	120
2	4	28	return_resist_melee_v	262	393					1	393	60|80|100	1965	120
2	5	1	physical_wooddamage_v	76	113					1	113	60|80|100	2260	50
2	5	2	energy_wooddamage_v	76	113					1	113	60|80|100	2260	50
2	5	3	basic_damage_v	76	113			76	113	1	113	60|80|100	2260	50
2	5	4	deadlystrike_damage_v	76	113					1	113	60|80|100	2260	50
2	5	5	deadlystrike_v	76	113					1	113	60|80|100	2260	50
2	5	6	strength_v	76	113					1	113	60|80|100	2260	50
2	5	7	dexterity_v	76	113					1	113	60|80|100	2260	50
2	5	8	ignore_wood_resist_v	100	100	76	113			2	113	60|80|100	2000	100
2	5	9	ignore_defense_v	76	113					1	113	60|80|100	2260	50
2	5	10	rangedamage_return_v	301	452					1	452	60|80|100	2260	120
2	5	11	meleedamage_return_v	301	452					1	452	60|80|100	2260	120
2	5	12	attackrating_v	76	113					1	113	60|80|100	2260	120
2	5	13	lifemax_v	1505	2258					1	2258	60|80|100	2258	100
2	5	14	manamax_v	1505	2258					1	2258	60|80|100	2258	120
2	5	15	wood_resist_v	376	564					1	564	60|80|100	2256	100
2	5	16	stealmana_v	151	226					1	226	60|80|100	2260	120
2	5	17	steallife_v	151	226					1	226	60|80|100	2260	100
2	5	18	recover_life_v	76	113	9	9			1	113	60|80|100	2260	100
2	5	19	recover_mana_v	76	113	9	9			1	113	60|80|100	2260	120
2	5	20	lifereplenish_w	602	903					1	903	60|80|100	2258	100
2	5	21	manareplenish_w	602	903					1	903	60|80|100	2258	120
2	5	22	weaken_deadlystrike_damage_v	76	113					1	113	60|80|100	2260	100
2	5	23	weaken_deadlystrike_v	76	113					1	113	60|80|100	2260	100
2	5	24	defense_v	76	113					1	113	60|80|100	2260	100
2	5	25	vitality_v	76	113					1	113	60|80|100	2260	100
2	5	26	energy_v	76	113					1	113	60|80|100	2260	100
2	5	27	return_resist_range_v	301	452					1	452	60|80|100	2260	120
2	5	28	return_resist_melee_v	301	452					1	452	60|80|100	2260	120
2	6	1	physical_wooddamage_v	87	130					1	130	60|80|100	2600	50
2	6	2	energy_wooddamage_v	87	130					1	130	60|80|100	2600	50
2	6	3	basic_damage_v	87	130			87	130	1	130	60|80|100	2600	50
2	6	4	deadlystrike_damage_v	87	130					1	130	60|80|100	2600	50
2	6	5	deadlystrike_v	87	130					1	130	60|80|100	2600	50
2	6	6	strength_v	87	130					1	130	60|80|100	2600	50
2	6	7	dexterity_v	87	130					1	130	60|80|100	2600	50
2	6	8	ignore_wood_resist_v	100	100	87	130			2	130	60|80|100	2000	100
2	6	9	ignore_defense_v	87	130					1	130	60|80|100	2600	50
2	6	10	rangedamage_return_v	347	520					1	520	60|80|100	2600	120
2	6	11	meleedamage_return_v	347	520					1	520	60|80|100	2600	120
2	6	12	attackrating_v	87	130					1	130	60|80|100	2600	120
2	6	13	lifemax_v	1731	2596					1	2596	60|80|100	2596	100
2	6	14	manamax_v	1731	2596					1	2596	60|80|100	2596	120
2	6	15	wood_resist_v	433	650					1	650	60|80|100	2600	100
2	6	16	stealmana_v	173	260					1	260	60|80|100	2600	120
2	6	17	steallife_v	173	260					1	260	60|80|100	2600	100
2	6	18	recover_life_v	87	130	9	9			1	130	60|80|100	2600	100
2	6	19	recover_mana_v	87	130	9	9			1	130	60|80|100	2600	120
2	6	20	lifereplenish_w	692	1038					1	1038	60|80|100	2595	100
2	6	21	manareplenish_w	692	1038					1	1038	60|80|100	2595	120
2	6	22	weaken_deadlystrike_damage_v	87	130					1	130	60|80|100	2600	100
2	6	23	weaken_deadlystrike_v	87	130					1	130	60|80|100	2600	100
2	6	24	defense_v	87	130					1	130	60|80|100	2600	100
2	6	25	vitality_v	87	130					1	130	60|80|100	2600	100
2	6	26	energy_v	87	130					1	130	60|80|100	2600	100
2	6	27	return_resist_range_v	347	520					1	520	60|80|100	2600	120
2	6	28	return_resist_melee_v	347	520					1	520	60|80|100	2600	120
2	7	1	physical_wooddamage_v	96	143					1	143	60|80|100	2860	50
2	7	2	energy_wooddamage_v	96	143					1	143	60|80|100	2860	50
2	7	3	basic_damage_v	96	143			96	143	1	143	60|80|100	2860	50
2	7	4	deadlystrike_damage_v	96	143					1	143	60|80|100	2860	50
2	7	5	deadlystrike_v	96	143					1	143	60|80|100	2860	50
2	7	6	strength_v	96	143					1	143	60|80|100	2860	50
2	7	7	dexterity_v	96	143					1	143	60|80|100	2860	50
2	7	8	ignore_wood_resist_v	100	100	96	143			2	143	60|80|100	2000	100
2	7	9	ignore_defense_v	96	143					1	143	60|80|100	2860	50
2	7	10	rangedamage_return_v	381	572					1	572	60|80|100	2860	120
2	7	11	meleedamage_return_v	381	572					1	572	60|80|100	2860	120
2	7	12	attackrating_v	96	143					1	143	60|80|100	2860	120
2	7	13	lifemax_v	1904	2856					1	2856	60|80|100	2856	100
2	7	14	manamax_v	1904	2856					1	2856	60|80|100	2856	120
2	7	15	wood_resist_v	476	714					1	714	60|80|100	2856	100
2	7	16	stealmana_v	191	286					1	286	60|80|100	2860	120
2	7	17	steallife_v	191	286					1	286	60|80|100	2860	100
2	7	18	recover_life_v	96	143	9	9			1	143	60|80|100	2860	100
2	7	19	recover_mana_v	96	143	9	9			1	143	60|80|100	2860	120
2	7	20	lifereplenish_w	762	1143					1	1143	60|80|100	2858	100
2	7	21	manareplenish_w	762	1143					1	1143	60|80|100	2858	120
2	7	22	weaken_deadlystrike_damage_v	96	143					1	143	60|80|100	2860	100
2	7	23	weaken_deadlystrike_v	96	143					1	143	60|80|100	2860	100
2	7	24	defense_v	96	143					1	143	60|80|100	2860	100
2	7	25	vitality_v	96	143					1	143	60|80|100	2860	100
2	7	26	energy_v	96	143					1	143	60|80|100	2860	100
2	7	27	return_resist_range_v	381	572					1	572	60|80|100	2860	120
2	7	28	return_resist_melee_v	381	572					1	572	60|80|100	2860	120
2	8	1	physical_wooddamage_v	105	158					1	158	60|80|100	3160	50
2	8	2	energy_wooddamage_v	105	158					1	158	60|80|100	3160	50
2	8	3	basic_damage_v	105	158			105	158	1	158	60|80|100	3160	50
2	8	4	deadlystrike_damage_v	105	158					1	158	60|80|100	3160	50
2	8	5	deadlystrike_v	105	158					1	158	60|80|100	3160	50
2	8	6	strength_v	105	158					1	158	60|80|100	3160	50
2	8	7	dexterity_v	105	158					1	158	60|80|100	3160	50
2	8	8	ignore_wood_resist_v	100	100	105	158			2	158	60|80|100	2000	100
2	8	9	ignore_defense_v	105	158					1	158	60|80|100	3160	50
2	8	10	rangedamage_return_v	420	629					1	629	60|80|100	3145	120
2	8	11	meleedamage_return_v	420	629					1	629	60|80|100	3145	120
2	8	12	attackrating_v	105	158					1	158	60|80|100	3160	120
2	8	13	lifemax_v	2095	3142					1	3142	60|80|100	3142	100
2	8	14	manamax_v	2095	3142					1	3142	60|80|100	3142	120
2	8	15	wood_resist_v	524	785					1	785	60|80|100	3140	100
2	8	16	stealmana_v	210	315					1	315	60|80|100	3150	120
2	8	17	steallife_v	210	315					1	315	60|80|100	3150	100
2	8	18	recover_life_v	105	158	9	9			1	158	60|80|100	3160	100
2	8	19	recover_mana_v	105	158	9	9			1	158	60|80|100	3160	120
2	8	20	lifereplenish_w	838	1257					1	1257	60|80|100	3143	100
2	8	21	manareplenish_w	838	1257					1	1257	60|80|100	3143	120
2	8	22	weaken_deadlystrike_damage_v	105	158					1	158	60|80|100	3160	100
2	8	23	weaken_deadlystrike_v	105	158					1	158	60|80|100	3160	100
2	8	24	defense_v	105	158					1	158	60|80|100	3160	100
2	8	25	vitality_v	105	158					1	158	60|80|100	3160	100
2	8	26	energy_v	105	158					1	158	60|80|100	3160	100
2	8	27	return_resist_range_v	420	629					1	629	60|80|100	3145	120
2	8	28	return_resist_melee_v	420	629					1	629	60|80|100	3145	120
2	9	1	physical_wooddamage_v	116	173					1	173	60|80|100	3460	50
2	9	2	energy_wooddamage_v	116	173					1	173	60|80|100	3460	50
2	9	3	basic_damage_v	116	173			116	173	1	173	60|80|100	3460	50
2	9	4	deadlystrike_damage_v	116	173					1	173	60|80|100	3460	50
2	9	5	deadlystrike_v	116	173					1	173	60|80|100	3460	50
2	9	6	strength_v	116	173					1	173	60|80|100	3460	50
2	9	7	dexterity_v	116	173					1	173	60|80|100	3460	50
2	9	8	ignore_wood_resist_v	100	100	116	173			2	173	60|80|100	2000	100
2	9	9	ignore_defense_v	116	173					1	173	60|80|100	3460	50
2	9	10	rangedamage_return_v	461	692					1	692	60|80|100	3460	120
2	9	11	meleedamage_return_v	461	692					1	692	60|80|100	3460	120
2	9	12	attackrating_v	116	173					1	173	60|80|100	3460	120
2	9	13	lifemax_v	2304	3455					1	3455	60|80|100	3455	100
2	9	14	manamax_v	2304	3455					1	3455	60|80|100	3455	120
2	9	15	wood_resist_v	576	864					1	864	60|80|100	3456	100
2	9	16	stealmana_v	231	346					1	346	60|80|100	3460	120
2	9	17	steallife_v	231	346					1	346	60|80|100	3460	100
2	9	18	recover_life_v	116	173	9	9			1	173	60|80|100	3460	100
2	9	19	recover_mana_v	116	173	9	9			1	173	60|80|100	3460	120
2	9	20	lifereplenish_w	922	1383					1	1383	60|80|100	3458	100
2	9	21	manareplenish_w	922	1383					1	1383	60|80|100	3458	120
2	9	22	weaken_deadlystrike_damage_v	116	173					1	173	60|80|100	3460	100
2	9	23	weaken_deadlystrike_v	116	173					1	173	60|80|100	3460	100
2	9	24	defense_v	116	173					1	173	60|80|100	3460	100
2	9	25	vitality_v	116	173					1	173	60|80|100	3460	100
2	9	26	energy_v	116	173					1	173	60|80|100	3460	100
2	9	27	return_resist_range_v	461	692					1	692	60|80|100	3460	120
2	9	28	return_resist_melee_v	461	692					1	692	60|80|100	3460	120
2	10	1	physical_wooddamage_v	127	190					1	190	60|80|100	3800	50
2	10	2	energy_wooddamage_v	127	190					1	190	60|80|100	3800	50
2	10	3	basic_damage_v	127	190			127	190	1	190	60|80|100	3800	50
2	10	4	deadlystrike_damage_v	127	190					1	190	60|80|100	3800	50
2	10	5	deadlystrike_v	127	190					1	190	60|80|100	3800	50
2	10	6	strength_v	127	190					1	190	60|80|100	3800	50
2	10	7	dexterity_v	127	190					1	190	60|80|100	3800	50
2	10	8	ignore_wood_resist_v	100	100	127	190			2	190	60|80|100	2000	100
2	10	9	ignore_defense_v	127	190					1	190	60|80|100	3800	50
2	10	10	rangedamage_return_v	507	760					1	760	60|80|100	3800	120
2	10	11	meleedamage_return_v	507	760					1	760	60|80|100	3800	120
2	10	12	attackrating_v	127	190					1	190	60|80|100	3800	120
2	10	13	lifemax_v	2534	3801					1	3801	60|80|100	3801	100
2	10	14	manamax_v	2534	3801					1	3801	60|80|100	3801	120
2	10	15	wood_resist_v	634	951					1	951	60|80|100	3804	100
2	10	16	stealmana_v	254	381					1	381	60|80|100	3810	120
2	10	17	steallife_v	254	381					1	381	60|80|100	3810	100
2	10	18	recover_life_v	127	190	9	9			1	190	60|80|100	3800	100
2	10	19	recover_mana_v	127	190	9	9			1	190	60|80|100	3800	120
2	10	20	lifereplenish_w	1014	1521					1	1521	60|80|100	3803	100
2	10	21	manareplenish_w	1014	1521					1	1521	60|80|100	3803	120
2	10	22	weaken_deadlystrike_damage_v	127	190					1	190	60|80|100	3800	100
2	10	23	weaken_deadlystrike_v	127	190					1	190	60|80|100	3800	100
2	10	24	defense_v	127	190					1	190	60|80|100	3800	100
2	10	25	vitality_v	127	190					1	190	60|80|100	3800	100
2	10	26	energy_v	127	190					1	190	60|80|100	3800	100
2	10	27	return_resist_range_v	507	760					1	760	60|80|100	3800	120
2	10	28	return_resist_melee_v	507	760					1	760	60|80|100	3800	120
2	11	1	physical_wooddamage_v	140	209					1	209	60|80|100	4180	50
2	11	2	energy_wooddamage_v	140	209					1	209	60|80|100	4180	50
2	11	3	basic_damage_v	140	209			140	209	1	209	60|80|100	4180	50
2	11	4	deadlystrike_damage_v	140	209					1	209	60|80|100	4180	50
2	11	5	deadlystrike_v	140	209					1	209	60|80|100	4180	50
2	11	6	strength_v	140	209					1	209	60|80|100	4180	50
2	11	7	dexterity_v	140	209					1	209	60|80|100	4180	50
2	11	8	ignore_wood_resist_v	100	100	140	209			2	209	60|80|100	2000	100
2	11	9	ignore_defense_v	140	209					1	209	60|80|100	4180	50
2	11	10	rangedamage_return_v	558	837					1	837	60|80|100	4185	120
2	11	11	meleedamage_return_v	558	837					1	837	60|80|100	4185	120
2	11	12	attackrating_v	140	209					1	209	60|80|100	4180	120
2	11	13	lifemax_v	2788	4181					1	4181	60|80|100	4181	100
2	11	14	manamax_v	2788	4181					1	4181	60|80|100	4181	120
2	11	15	wood_resist_v	697	1046					1	1046	60|80|100	4184	100
2	11	16	stealmana_v	279	418					1	418	60|80|100	4180	120
2	11	17	steallife_v	279	418					1	418	60|80|100	4180	100
2	11	18	recover_life_v	140	209	9	9			1	209	60|80|100	4180	100
2	11	19	recover_mana_v	140	209	9	9			1	209	60|80|100	4180	120
2	11	20	lifereplenish_w	1116	1673					1	1673	60|80|100	4183	100
2	11	21	manareplenish_w	1116	1673					1	1673	60|80|100	4183	120
2	11	22	weaken_deadlystrike_damage_v	140	209					1	209	60|80|100	4180	100
2	11	23	weaken_deadlystrike_v	140	209					1	209	60|80|100	4180	100
2	11	24	defense_v	140	209					1	209	60|80|100	4180	100
2	11	25	vitality_v	140	209					1	209	60|80|100	4180	100
2	11	26	energy_v	140	209					1	209	60|80|100	4180	100
2	11	27	return_resist_range_v	558	837					1	837	60|80|100	4185	120
2	11	28	return_resist_melee_v	558	837					1	837	60|80|100	4185	120
2	12	1	physical_wooddamage_v	152	228					1	228	60|80|100	4560	50
2	12	2	energy_wooddamage_v	152	228					1	228	60|80|100	4560	50
2	12	3	basic_damage_v	152	228			152	228	1	228	60|80|100	4560	50
2	12	4	deadlystrike_damage_v	152	228					1	228	60|80|100	4560	50
2	12	5	deadlystrike_v	152	228					1	228	60|80|100	4560	50
2	12	6	strength_v	152	228					1	228	60|80|100	4560	50
2	12	7	dexterity_v	152	228					1	228	60|80|100	4560	50
2	12	8	ignore_wood_resist_v	100	100	152	228			2	228	60|80|100	2000	100
2	12	9	ignore_defense_v	152	228					1	228	60|80|100	4560	50
2	12	10	rangedamage_return_v	608	912					1	912	60|80|100	4560	120
2	12	11	meleedamage_return_v	608	912					1	912	60|80|100	4560	120
2	12	12	attackrating_v	152	228					1	228	60|80|100	4560	120
2	12	13	lifemax_v	3041	4562					1	4562	60|80|100	4562	100
2	12	14	manamax_v	3041	4562					1	4562	60|80|100	4562	120
2	12	15	wood_resist_v	760	1140					1	1140	60|80|100	4560	100
2	12	16	stealmana_v	304	456					1	456	60|80|100	4560	120
2	12	17	steallife_v	304	456					1	456	60|80|100	4560	100
2	12	18	recover_life_v	152	228	9	9			1	228	60|80|100	4560	100
2	12	19	recover_mana_v	152	228	9	9			1	228	60|80|100	4560	120
2	12	20	lifereplenish_w	1216	1824					1	1824	60|80|100	4560	100
2	12	21	manareplenish_w	1216	1824					1	1824	60|80|100	4560	120
2	12	22	weaken_deadlystrike_damage_v	152	228					1	228	60|80|100	4560	100
2	12	23	weaken_deadlystrike_v	152	228					1	228	60|80|100	4560	100
2	12	24	defense_v	152	228					1	228	60|80|100	4560	100
2	12	25	vitality_v	152	228					1	228	60|80|100	4560	100
2	12	26	energy_v	152	228					1	228	60|80|100	4560	100
2	12	27	return_resist_range_v	608	912					1	912	60|80|100	4560	120
2	12	28	return_resist_melee_v	608	912					1	912	60|80|100	4560	120
2	13	1	physical_wooddamage_v	160	240					1	240	60|80|100	4800	50
2	13	2	energy_wooddamage_v	160	240					1	240	60|80|100	4800	50
2	13	3	basic_damage_v	160	240			160	240	1	240	60|80|100	4800	50
2	13	4	deadlystrike_damage_v	160	240					1	240	60|80|100	4800	50
2	13	5	deadlystrike_v	160	240					1	240	60|80|100	4800	50
2	13	6	strength_v	160	240					1	240	60|80|100	4800	50
2	13	7	dexterity_v	160	240					1	240	60|80|100	4800	50
2	13	8	ignore_wood_resist_v	100	100	160	240			2	240	60|80|100	2000	100
2	13	9	ignore_defense_v	160	240					1	240	60|80|100	4800	50
2	13	10	rangedamage_return_v	639	958					1	958	60|80|100	4790	120
2	13	11	meleedamage_return_v	639	958					1	958	60|80|100	4790	120
2	13	12	attackrating_v	160	240					1	240	60|80|100	4800	120
2	13	13	lifemax_v	3193	4790					1	4790	60|80|100	4790	100
2	13	14	manamax_v	3193	4790					1	4790	60|80|100	4790	120
2	13	15	wood_resist_v	799	1198					1	1198	60|80|100	4792	100
2	13	16	stealmana_v	320	479					1	479	60|80|100	4790	120
2	13	17	steallife_v	320	479					1	479	60|80|100	4790	100
2	13	18	recover_life_v	160	240	9	9			1	240	60|80|100	4800	100
2	13	19	recover_mana_v	160	240	9	9			1	240	60|80|100	4800	120
2	13	20	lifereplenish_w	1277	1916					1	1916	60|80|100	4790	100
2	13	21	manareplenish_w	1277	1916					1	1916	60|80|100	4790	120
2	13	22	weaken_deadlystrike_damage_v	160	240					1	240	60|80|100	4800	100
2	13	23	weaken_deadlystrike_v	160	240					1	240	60|80|100	4800	100
2	13	24	defense_v	160	240					1	240	60|80|100	4800	100
2	13	25	vitality_v	160	240					1	240	60|80|100	4800	100
2	13	26	energy_v	160	240					1	240	60|80|100	4800	100
2	13	27	return_resist_range_v	639	958					1	958	60|80|100	4790	120
2	13	28	return_resist_melee_v	639	958					1	958	60|80|100	4790	120
2	14	1	physical_wooddamage_v	168	251					1	251	60|80|100	5020	50
2	14	2	energy_wooddamage_v	168	251					1	251	60|80|100	5020	50
2	14	3	basic_damage_v	168	251			168	251	1	251	60|80|100	5020	50
2	14	4	deadlystrike_damage_v	168	251					1	251	60|80|100	5020	50
2	14	5	deadlystrike_v	168	251					1	251	60|80|100	5020	50
2	14	6	strength_v	168	251					1	251	60|80|100	5020	50
2	14	7	dexterity_v	168	251					1	251	60|80|100	5020	50
2	14	8	ignore_wood_resist_v	100	100	168	251			2	251	60|80|100	2000	100
2	14	9	ignore_defense_v	168	251					1	251	60|80|100	5020	50
2	14	10	rangedamage_return_v	671	1006					1	1006	60|80|100	5030	120
2	14	11	meleedamage_return_v	671	1006					1	1006	60|80|100	5030	120
2	14	12	attackrating_v	168	251					1	251	60|80|100	5020	120
2	14	13	lifemax_v	3351	5026					1	5026	60|80|100	5026	100
2	14	14	manamax_v	3351	5026					1	5026	60|80|100	5026	120
2	14	15	wood_resist_v	838	1257					1	1257	60|80|100	5028	100
2	14	16	stealmana_v	336	503					1	503	60|80|100	5030	120
2	14	17	steallife_v	336	503					1	503	60|80|100	5030	100
2	14	18	recover_life_v	168	251	9	9			1	251	60|80|100	5020	100
2	14	19	recover_mana_v	168	251	9	9			1	251	60|80|100	5020	120
2	14	20	lifereplenish_w	1340	2010					1	2010	60|80|100	5025	100
2	14	21	manareplenish_w	1340	2010					1	2010	60|80|100	5025	120
2	14	22	weaken_deadlystrike_damage_v	168	251					1	251	60|80|100	5020	100
2	14	23	weaken_deadlystrike_v	168	251					1	251	60|80|100	5020	100
2	14	24	defense_v	168	251					1	251	60|80|100	5020	100
2	14	25	vitality_v	168	251					1	251	60|80|100	5020	100
2	14	26	energy_v	168	251					1	251	60|80|100	5020	100
2	14	27	return_resist_range_v	671	1006					1	1006	60|80|100	5030	120
2	14	28	return_resist_melee_v	671	1006					1	1006	60|80|100	5030	120
2	15	1	physical_wooddamage_v	176	263					1	263	60|80|100	5260	50
2	15	2	energy_wooddamage_v	176	263					1	263	60|80|100	5260	50
2	15	3	basic_damage_v	176	263			176	263	1	263	60|80|100	5260	50
2	15	4	deadlystrike_damage_v	176	263					1	263	60|80|100	5260	50
2	15	5	deadlystrike_v	176	263					1	263	60|80|100	5260	50
2	15	6	strength_v	176	263					1	263	60|80|100	5260	50
2	15	7	dexterity_v	176	263					1	263	60|80|100	5260	50
2	15	8	ignore_wood_resist_v	100	100	176	263			2	263	60|80|100	2000	100
2	15	9	ignore_defense_v	176	263					1	263	60|80|100	5260	50
2	15	10	rangedamage_return_v	702	1053					1	1053	60|80|100	5265	120
2	15	11	meleedamage_return_v	702	1053					1	1053	60|80|100	5265	120
2	15	12	attackrating_v	176	263					1	263	60|80|100	5260	120
2	15	13	lifemax_v	3508	5262					1	5262	60|80|100	5262	100
2	15	14	manamax_v	3508	5262					1	5262	60|80|100	5262	120
2	15	15	wood_resist_v	877	1316					1	1316	60|80|100	5264	100
2	15	16	stealmana_v	352	527					1	527	60|80|100	5270	120
2	15	17	steallife_v	352	527					1	527	60|80|100	5270	100
2	15	18	recover_life_v	176	263	9	9			1	263	60|80|100	5260	100
2	15	19	recover_mana_v	176	263	9	9			1	263	60|80|100	5260	120
2	15	20	lifereplenish_w	1404	2105					1	2105	60|80|100	5263	100
2	15	21	manareplenish_w	1404	2105					1	2105	60|80|100	5263	120
2	15	22	weaken_deadlystrike_damage_v	176	263					1	263	60|80|100	5260	100
2	15	23	weaken_deadlystrike_v	176	263					1	263	60|80|100	5260	100
2	15	24	defense_v	176	263					1	263	60|80|100	5260	100
2	15	25	vitality_v	176	263					1	263	60|80|100	5260	100
2	15	26	energy_v	176	263					1	263	60|80|100	5260	100
2	15	27	return_resist_range_v	702	1053					1	1053	60|80|100	5265	120
2	15	28	return_resist_melee_v	702	1053					1	1053	60|80|100	5265	120
2	16	1	physical_wooddamage_v	184	275					1	275	60|80|100	5500	50
2	16	2	energy_wooddamage_v	184	275					1	275	60|80|100	5500	50
2	16	3	basic_damage_v	184	275			184	275	1	275	60|80|100	5500	50
2	16	4	deadlystrike_damage_v	184	275					1	275	60|80|100	5500	50
2	16	5	deadlystrike_v	184	275					1	275	60|80|100	5500	50
2	16	6	strength_v	184	275					1	275	60|80|100	5500	50
2	16	7	dexterity_v	184	275					1	275	60|80|100	5500	50
2	16	8	ignore_wood_resist_v	100	100	184	275			2	275	60|80|100	2000	100
2	16	9	ignore_defense_v	184	275					1	275	60|80|100	5500	50
2	16	10	rangedamage_return_v	733	1100					1	1100	60|80|100	5500	120
2	16	11	meleedamage_return_v	733	1100					1	1100	60|80|100	5500	120
2	16	12	attackrating_v	184	275					1	275	60|80|100	5500	120
2	16	13	lifemax_v	3666	5499					1	5499	60|80|100	5499	100
2	16	14	manamax_v	3666	5499					1	5499	60|80|100	5499	120
2	16	15	wood_resist_v	917	1376					1	1376	60|80|100	5504	100
2	16	16	stealmana_v	367	550					1	550	60|80|100	5500	120
2	16	17	steallife_v	367	550					1	550	60|80|100	5500	100
2	16	18	recover_life_v	184	275	9	9			1	275	60|80|100	5500	100
2	16	19	recover_mana_v	184	275	9	9			1	275	60|80|100	5500	120
2	16	20	lifereplenish_w	1467	2200					1	2200	60|80|100	5500	100
2	16	21	manareplenish_w	1467	2200					1	2200	60|80|100	5500	120
2	16	22	weaken_deadlystrike_damage_v	184	275					1	275	60|80|100	5500	100
2	16	23	weaken_deadlystrike_v	184	275					1	275	60|80|100	5500	100
2	16	24	defense_v	184	275					1	275	60|80|100	5500	100
2	16	25	vitality_v	184	275					1	275	60|80|100	5500	100
2	16	26	energy_v	184	275					1	275	60|80|100	5500	100
2	16	27	return_resist_range_v	733	1100					1	1100	60|80|100	5500	120
2	16	28	return_resist_melee_v	733	1100					1	1100	60|80|100	5500	120
2	17	1	physical_wooddamage_v	192	287					1	287	60|80|100	5740	50
2	17	2	energy_wooddamage_v	192	287					1	287	60|80|100	5740	50
2	17	3	basic_damage_v	192	287			192	287	1	287	60|80|100	5740	50
2	17	4	deadlystrike_damage_v	192	287					1	287	60|80|100	5740	50
2	17	5	deadlystrike_v	192	287					1	287	60|80|100	5740	50
2	17	6	strength_v	192	287					1	287	60|80|100	5740	50
2	17	7	dexterity_v	192	287					1	287	60|80|100	5740	50
2	17	8	ignore_wood_resist_v	100	100	192	287			2	287	60|80|100	2000	100
2	17	9	ignore_defense_v	192	287					1	287	60|80|100	5740	50
2	17	10	rangedamage_return_v	765	1148					1	1148	60|80|100	5740	120
2	17	11	meleedamage_return_v	765	1148					1	1148	60|80|100	5740	120
2	17	12	attackrating_v	192	287					1	287	60|80|100	5740	120
2	17	13	lifemax_v	3824	5735					1	5735	60|80|100	5735	100
2	17	14	manamax_v	3824	5735					1	5735	60|80|100	5735	120
2	17	15	wood_resist_v	956	1434					1	1434	60|80|100	5736	100
2	17	16	stealmana_v	383	574					1	574	60|80|100	5740	120
2	17	17	steallife_v	383	574					1	574	60|80|100	5740	100
2	17	18	recover_life_v	192	287	9	9			1	287	60|80|100	5740	100
2	17	19	recover_mana_v	192	287	9	9			1	287	60|80|100	5740	120
2	17	20	lifereplenish_w	1530	2295					1	2295	60|80|100	5738	100
2	17	21	manareplenish_w	1530	2295					1	2295	60|80|100	5738	120
2	17	22	weaken_deadlystrike_damage_v	192	287					1	287	60|80|100	5740	100
2	17	23	weaken_deadlystrike_v	192	287					1	287	60|80|100	5740	100
2	17	24	defense_v	192	287					1	287	60|80|100	5740	100
2	17	25	vitality_v	192	287					1	287	60|80|100	5740	100
2	17	26	energy_v	192	287					1	287	60|80|100	5740	100
2	17	27	return_resist_range_v	765	1148					1	1148	60|80|100	5740	120
2	17	28	return_resist_melee_v	765	1148					1	1148	60|80|100	5740	120
2	18	1	physical_wooddamage_v	200	299					1	299	60|80|100	5980	50
2	18	2	energy_wooddamage_v	200	299					1	299	60|80|100	5980	50
2	18	3	basic_damage_v	200	299			200	299	1	299	60|80|100	5980	50
2	18	4	deadlystrike_damage_v	200	299					1	299	60|80|100	5980	50
2	18	5	deadlystrike_v	200	299					1	299	60|80|100	5980	50
2	18	6	strength_v	200	299					1	299	60|80|100	5980	50
2	18	7	dexterity_v	200	299					1	299	60|80|100	5980	50
2	18	8	ignore_wood_resist_v	100	100	200	299			2	299	60|80|100	2000	100
2	18	9	ignore_defense_v	200	299					1	299	60|80|100	5980	50
2	18	10	rangedamage_return_v	796	1194					1	1194	60|80|100	5970	120
2	18	11	meleedamage_return_v	796	1194					1	1194	60|80|100	5970	120
2	18	12	attackrating_v	200	299					1	299	60|80|100	5980	120
2	18	13	lifemax_v	3982	5973					1	5973	60|80|100	5973	100
2	18	14	manamax_v	3982	5973					1	5973	60|80|100	5973	120
2	18	15	wood_resist_v	996	1493					1	1493	60|80|100	5972	100
2	18	16	stealmana_v	399	598					1	598	60|80|100	5980	120
2	18	17	steallife_v	399	598					1	598	60|80|100	5980	100
2	18	18	recover_life_v	200	299	9	9			1	299	60|80|100	5980	100
2	18	19	recover_mana_v	200	299	9	9			1	299	60|80|100	5980	120
2	18	20	lifereplenish_w	1593	2390					1	2390	60|80|100	5975	100
2	18	21	manareplenish_w	1593	2390					1	2390	60|80|100	5975	120
2	18	22	weaken_deadlystrike_damage_v	200	299					1	299	60|80|100	5980	100
2	18	23	weaken_deadlystrike_v	200	299					1	299	60|80|100	5980	100
2	18	24	defense_v	200	299					1	299	60|80|100	5980	100
2	18	25	vitality_v	200	299					1	299	60|80|100	5980	100
2	18	26	energy_v	200	299					1	299	60|80|100	5980	100
2	18	27	return_resist_range_v	796	1194					1	1194	60|80|100	5970	120
2	18	28	return_resist_melee_v	796	1194					1	1194	60|80|100	5970	120
2	19	1	physical_wooddamage_v	208	311					1	311	60|80|100	6220	50
2	19	2	energy_wooddamage_v	208	311					1	311	60|80|100	6220	50
2	19	3	basic_damage_v	208	311			208	311	1	311	60|80|100	6220	50
2	19	4	deadlystrike_damage_v	208	311					1	311	60|80|100	6220	50
2	19	5	deadlystrike_v	208	311					1	311	60|80|100	6220	50
2	19	6	strength_v	208	311					1	311	60|80|100	6220	50
2	19	7	dexterity_v	208	311					1	311	60|80|100	6220	50
2	19	8	ignore_wood_resist_v	100	100	208	311			2	311	60|80|100	2000	100
2	19	9	ignore_defense_v	208	311					1	311	60|80|100	6220	50
2	19	10	rangedamage_return_v	828	1242					1	1242	60|80|100	6210	120
2	19	11	meleedamage_return_v	828	1242					1	1242	60|80|100	6210	120
2	19	12	attackrating_v	208	311					1	311	60|80|100	6220	120
2	19	13	lifemax_v	4140	6209					1	6209	60|80|100	6209	100
2	19	14	manamax_v	4140	6209					1	6209	60|80|100	6209	120
2	19	15	wood_resist_v	1035	1552					1	1552	60|80|100	6208	100
2	19	16	stealmana_v	414	621					1	621	60|80|100	6210	120
2	19	17	steallife_v	414	621					1	621	60|80|100	6210	100
2	19	18	recover_life_v	208	311	9	9			1	311	60|80|100	6220	100
2	19	19	recover_mana_v	208	311	9	9			1	311	60|80|100	6220	120
2	19	20	lifereplenish_w	1656	2483					1	2483	60|80|100	6208	100
2	19	21	manareplenish_w	1656	2483					1	2483	60|80|100	6208	120
2	19	22	weaken_deadlystrike_damage_v	208	311					1	311	60|80|100	6220	100
2	19	23	weaken_deadlystrike_v	208	311					1	311	60|80|100	6220	100
2	19	24	defense_v	208	311					1	311	60|80|100	6220	100
2	19	25	vitality_v	208	311					1	311	60|80|100	6220	100
2	19	26	energy_v	208	311					1	311	60|80|100	6220	100
2	19	27	return_resist_range_v	828	1242					1	1242	60|80|100	6210	120
2	19	28	return_resist_melee_v	828	1242					1	1242	60|80|100	6210	120
2	20	1	physical_wooddamage_v	216	323					1	323	60|80|100	6460	50
2	20	2	energy_wooddamage_v	216	323					1	323	60|80|100	6460	50
2	20	3	basic_damage_v	216	323			216	323	1	323	60|80|100	6460	50
2	20	4	deadlystrike_damage_v	216	323					1	323	60|80|100	6460	50
2	20	5	deadlystrike_v	216	323					1	323	60|80|100	6460	50
2	20	6	strength_v	216	323					1	323	60|80|100	6460	50
2	20	7	dexterity_v	216	323					1	323	60|80|100	6460	50
2	20	8	ignore_wood_resist_v	100	100	216	323			2	323	60|80|100	2000	100
2	20	9	ignore_defense_v	216	323					1	323	60|80|100	6460	50
2	20	10	rangedamage_return_v	860	1289					1	1289	60|80|100	6445	120
2	20	11	meleedamage_return_v	860	1289					1	1289	60|80|100	6445	120
2	20	12	attackrating_v	216	323					1	323	60|80|100	6460	120
2	20	13	lifemax_v	4297	6446					1	6446	60|80|100	6446	100
2	20	14	manamax_v	4297	6446					1	6446	60|80|100	6446	120
2	20	15	wood_resist_v	1075	1612					1	1612	60|80|100	6448	100
2	20	16	stealmana_v	430	645					1	645	60|80|100	6450	120
2	20	17	steallife_v	430	645					1	645	60|80|100	6450	100
2	20	18	recover_life_v	216	323	9	9			1	323	60|80|100	6460	100
2	20	19	recover_mana_v	216	323	9	9			1	323	60|80|100	6460	120
2	20	20	lifereplenish_w	1719	2578					1	2578	60|80|100	6445	100
2	20	21	manareplenish_w	1719	2578					1	2578	60|80|100	6445	120
2	20	22	weaken_deadlystrike_damage_v	216	323					1	323	60|80|100	6460	100
2	20	23	weaken_deadlystrike_v	216	323					1	323	60|80|100	6460	100
2	20	24	defense_v	216	323					1	323	60|80|100	6460	100
2	20	25	vitality_v	216	323					1	323	60|80|100	6460	100
2	20	26	energy_v	216	323					1	323	60|80|100	6460	100
2	20	27	return_resist_range_v	860	1289					1	1289	60|80|100	6445	120
2	20	28	return_resist_melee_v	860	1289					1	1289	60|80|100	6445	120
2	21	1	physical_wooddamage_v	223	334					1	334	60|80|100	6680	50
2	21	2	energy_wooddamage_v	223	334					1	334	60|80|100	6680	50
2	21	3	basic_damage_v	223	334			223	334	1	334	60|80|100	6680	50
2	21	4	deadlystrike_damage_v	223	334					1	334	60|80|100	6680	50
2	21	5	deadlystrike_v	223	334					1	334	60|80|100	6680	50
2	21	6	strength_v	223	334					1	334	60|80|100	6680	50
2	21	7	dexterity_v	223	334					1	334	60|80|100	6680	50
2	21	8	ignore_wood_resist_v	100	100	223	334			2	334	60|80|100	2000	100
2	21	9	ignore_defense_v	223	334					1	334	60|80|100	6680	50
2	21	10	rangedamage_return_v	892	1337					1	1337	60|80|100	6685	120
2	21	11	meleedamage_return_v	892	1337					1	1337	60|80|100	6685	120
2	21	12	attackrating_v	223	334					1	334	60|80|100	6680	120
2	21	13	lifemax_v	4455	6682					1	6682	60|80|100	6682	100
2	21	14	manamax_v	4455	6682					1	6682	60|80|100	6682	120
2	21	15	wood_resist_v	1114	1671					1	1671	60|80|100	6684	100
2	21	16	stealmana_v	446	669					1	669	60|80|100	6690	120
2	21	17	steallife_v	446	669					1	669	60|80|100	6690	100
2	21	18	recover_life_v	223	334	9	9			1	334	60|80|100	6680	100
2	21	19	recover_mana_v	223	334	9	9			1	334	60|80|100	6680	120
2	21	20	lifereplenish_w	1782	2673					1	2673	60|80|100	6683	100
2	21	21	manareplenish_w	1782	2673					1	2673	60|80|100	6683	120
2	21	22	weaken_deadlystrike_damage_v	223	334					1	334	60|80|100	6680	100
2	21	23	weaken_deadlystrike_v	223	334					1	334	60|80|100	6680	100
2	21	24	defense_v	223	334					1	334	60|80|100	6680	100
2	21	25	vitality_v	223	334					1	334	60|80|100	6680	100
2	21	26	energy_v	223	334					1	334	60|80|100	6680	100
2	21	27	return_resist_range_v	892	1337					1	1337	60|80|100	6685	120
2	21	28	return_resist_melee_v	892	1337					1	1337	60|80|100	6685	120
3	1	1	physical_waterdamage_v	44	65					1	65	60|80|100	1300	50
3	1	2	energy_waterdamage_v	44	65					1	65	60|80|100	1300	50
3	1	3	basic_damage_v	44	65			44	65	1	65	60|80|100	1300	50
3	1	4	deadlystrike_damage_v	44	65					1	65	60|80|100	1300	50
3	1	5	deadlystrike_v	44	65					1	65	60|80|100	1300	50
3	1	6	strength_v	44	65					1	65	60|80|100	1300	50
3	1	7	dexterity_v	44	65					1	65	60|80|100	1300	50
3	1	8	ignore_water_resist_v	100	100	44	65			2	100	60|80|100	2000	100
3	1	9	ignore_defense_v	44	65					1	65	60|80|100	1300	50
3	1	10	rangedamage_return_v	172	258					1	258	60|80|100	1290	120
3	1	11	meleedamage_return_v	172	258					1	258	60|80|100	1290	120
3	1	12	attackrating_v	44	65					1	65	60|80|100	1300	120
3	1	13	lifemax_v	861	1292					1	1292	60|80|100	1292	100
3	1	14	manamax_v	861	1292					1	1292	60|80|100	1292	120
3	1	15	water_resist_v	216	323					1	323	60|80|100	1292	100
3	1	16	stealmana_v	87	130					1	130	60|80|100	1300	120
3	1	17	steallife_v	87	130					1	130	60|80|100	1300	100
3	1	18	recover_life_v	44	65	9	9			1	65	60|80|100	1300	100
3	1	19	recover_mana_v	44	65	9	9			1	65	60|80|100	1300	120
3	1	20	lifereplenish_w	344	516					1	516	60|80|100	1290	100
3	1	21	manareplenish_w	344	516					1	516	60|80|100	1290	120
3	1	22	weaken_deadlystrike_damage_v	44	65					1	65	60|80|100	1300	100
3	1	23	weaken_deadlystrike_v	44	65					1	65	60|80|100	1300	100
3	1	24	defense_v	44	65					1	65	60|80|100	1300	100
3	1	25	vitality_v	44	65					1	65	60|80|100	1300	100
3	1	26	energy_v	44	65					1	65	60|80|100	1300	100
3	1	27	return_resist_range_v	172	258					1	258	60|80|100	1290	120
3	1	28	return_resist_melee_v	172	258					1	258	60|80|100	1290	120
3	2	1	physical_waterdamage_v	50	75					1	75	60|80|100	1500	50
3	2	2	energy_waterdamage_v	50	75					1	75	60|80|100	1500	50
3	2	3	basic_damage_v	50	75			50	75	1	75	60|80|100	1500	50
3	2	4	deadlystrike_damage_v	50	75					1	75	60|80|100	1500	50
3	2	5	deadlystrike_v	50	75					1	75	60|80|100	1500	50
3	2	6	strength_v	50	75					1	75	60|80|100	1500	50
3	2	7	dexterity_v	50	75					1	75	60|80|100	1500	50
3	2	8	ignore_water_resist_v	100	100	50	75			2	100	60|80|100	2000	100
3	2	9	ignore_defense_v	50	75					1	75	60|80|100	1500	50
3	2	10	rangedamage_return_v	198	297					1	297	60|80|100	1485	120
3	2	11	meleedamage_return_v	198	297					1	297	60|80|100	1485	120
3	2	12	attackrating_v	50	75					1	75	60|80|100	1500	120
3	2	13	lifemax_v	990	1485					1	1485	60|80|100	1485	100
3	2	14	manamax_v	990	1485					1	1485	60|80|100	1485	120
3	2	15	water_resist_v	248	371					1	371	60|80|100	1484	100
3	2	16	stealmana_v	100	149					1	149	60|80|100	1490	120
3	2	17	steallife_v	100	149					1	149	60|80|100	1490	100
3	2	18	recover_life_v	50	75	9	9			1	75	60|80|100	1500	100
3	2	19	recover_mana_v	50	75	9	9			1	75	60|80|100	1500	120
3	2	20	lifereplenish_w	396	594					1	594	60|80|100	1485	100
3	2	21	manareplenish_w	396	594					1	594	60|80|100	1485	120
3	2	22	weaken_deadlystrike_damage_v	50	75					1	75	60|80|100	1500	100
3	2	23	weaken_deadlystrike_v	50	75					1	75	60|80|100	1500	100
3	2	24	defense_v	50	75					1	75	60|80|100	1500	100
3	2	25	vitality_v	50	75					1	75	60|80|100	1500	100
3	2	26	energy_v	50	75					1	75	60|80|100	1500	100
3	2	27	return_resist_range_v	198	297					1	297	60|80|100	1485	120
3	2	28	return_resist_melee_v	198	297					1	297	60|80|100	1485	120
3	3	1	physical_waterdamage_v	57	86					1	86	60|80|100	1720	50
3	3	2	energy_waterdamage_v	57	86					1	86	60|80|100	1720	50
3	3	3	basic_damage_v	57	86			57	86	1	86	60|80|100	1720	50
3	3	4	deadlystrike_damage_v	57	86					1	86	60|80|100	1720	50
3	3	5	deadlystrike_v	57	86					1	86	60|80|100	1720	50
3	3	6	strength_v	57	86					1	86	60|80|100	1720	50
3	3	7	dexterity_v	57	86					1	86	60|80|100	1720	50
3	3	8	ignore_water_resist_v	100	100	57	86			2	100	60|80|100	2000	100
3	3	9	ignore_defense_v	57	86					1	86	60|80|100	1720	50
3	3	10	rangedamage_return_v	228	342					1	342	60|80|100	1710	120
3	3	11	meleedamage_return_v	228	342					1	342	60|80|100	1710	120
3	3	12	attackrating_v	57	86					1	86	60|80|100	1720	120
3	3	13	lifemax_v	1139	1708					1	1708	60|80|100	1708	100
3	3	14	manamax_v	1139	1708					1	1708	60|80|100	1708	120
3	3	15	water_resist_v	285	428					1	428	60|80|100	1712	100
3	3	16	stealmana_v	114	171					1	171	60|80|100	1710	120
3	3	17	steallife_v	114	171					1	171	60|80|100	1710	100
3	3	18	recover_life_v	57	86	9	9			1	86	60|80|100	1720	100
3	3	19	recover_mana_v	57	86	9	9			1	86	60|80|100	1720	120
3	3	20	lifereplenish_w	456	683					1	683	60|80|100	1708	100
3	3	21	manareplenish_w	456	683					1	683	60|80|100	1708	120
3	3	22	weaken_deadlystrike_damage_v	57	86					1	86	60|80|100	1720	100
3	3	23	weaken_deadlystrike_v	57	86					1	86	60|80|100	1720	100
3	3	24	defense_v	57	86					1	86	60|80|100	1720	100
3	3	25	vitality_v	57	86					1	86	60|80|100	1720	100
3	3	26	energy_v	57	86					1	86	60|80|100	1720	100
3	3	27	return_resist_range_v	228	342					1	342	60|80|100	1710	120
3	3	28	return_resist_melee_v	228	342					1	342	60|80|100	1710	120
3	4	1	physical_waterdamage_v	66	99					1	99	60|80|100	1980	50
3	4	2	energy_waterdamage_v	66	99					1	99	60|80|100	1980	50
3	4	3	basic_damage_v	66	99			66	99	1	99	60|80|100	1980	50
3	4	4	deadlystrike_damage_v	66	99					1	99	60|80|100	1980	50
3	4	5	deadlystrike_v	66	99					1	99	60|80|100	1980	50
3	4	6	strength_v	66	99					1	99	60|80|100	1980	50
3	4	7	dexterity_v	66	99					1	99	60|80|100	1980	50
3	4	8	ignore_water_resist_v	100	100	66	99			2	100	60|80|100	2000	100
3	4	9	ignore_defense_v	66	99					1	99	60|80|100	1980	50
3	4	10	rangedamage_return_v	262	393					1	393	60|80|100	1965	120
3	4	11	meleedamage_return_v	262	393					1	393	60|80|100	1965	120
3	4	12	attackrating_v	66	99					1	99	60|80|100	1980	120
3	4	13	lifemax_v	1309	1964					1	1964	60|80|100	1964	100
3	4	14	manamax_v	1309	1964					1	1964	60|80|100	1964	120
3	4	15	water_resist_v	328	491					1	491	60|80|100	1964	100
3	4	16	stealmana_v	132	197					1	197	60|80|100	1970	120
3	4	17	steallife_v	132	197					1	197	60|80|100	1970	100
3	4	18	recover_life_v	66	99	9	9			1	99	60|80|100	1980	100
3	4	19	recover_mana_v	66	99	9	9			1	99	60|80|100	1980	120
3	4	20	lifereplenish_w	524	785					1	785	60|80|100	1963	100
3	4	21	manareplenish_w	524	785					1	785	60|80|100	1963	120
3	4	22	weaken_deadlystrike_damage_v	66	99					1	99	60|80|100	1980	100
3	4	23	weaken_deadlystrike_v	66	99					1	99	60|80|100	1980	100
3	4	24	defense_v	66	99					1	99	60|80|100	1980	100
3	4	25	vitality_v	66	99					1	99	60|80|100	1980	100
3	4	26	energy_v	66	99					1	99	60|80|100	1980	100
3	4	27	return_resist_range_v	262	393					1	393	60|80|100	1965	120
3	4	28	return_resist_melee_v	262	393					1	393	60|80|100	1965	120
3	5	1	physical_waterdamage_v	76	113					1	113	60|80|100	2260	50
3	5	2	energy_waterdamage_v	76	113					1	113	60|80|100	2260	50
3	5	3	basic_damage_v	76	113			76	113	1	113	60|80|100	2260	50
3	5	4	deadlystrike_damage_v	76	113					1	113	60|80|100	2260	50
3	5	5	deadlystrike_v	76	113					1	113	60|80|100	2260	50
3	5	6	strength_v	76	113					1	113	60|80|100	2260	50
3	5	7	dexterity_v	76	113					1	113	60|80|100	2260	50
3	5	8	ignore_water_resist_v	100	100	76	113			2	113	60|80|100	2000	100
3	5	9	ignore_defense_v	76	113					1	113	60|80|100	2260	50
3	5	10	rangedamage_return_v	301	452					1	452	60|80|100	2260	120
3	5	11	meleedamage_return_v	301	452					1	452	60|80|100	2260	120
3	5	12	attackrating_v	76	113					1	113	60|80|100	2260	120
3	5	13	lifemax_v	1505	2258					1	2258	60|80|100	2258	100
3	5	14	manamax_v	1505	2258					1	2258	60|80|100	2258	120
3	5	15	water_resist_v	376	564					1	564	60|80|100	2256	100
3	5	16	stealmana_v	151	226					1	226	60|80|100	2260	120
3	5	17	steallife_v	151	226					1	226	60|80|100	2260	100
3	5	18	recover_life_v	76	113	9	9			1	113	60|80|100	2260	100
3	5	19	recover_mana_v	76	113	9	9			1	113	60|80|100	2260	120
3	5	20	lifereplenish_w	602	903					1	903	60|80|100	2258	100
3	5	21	manareplenish_w	602	903					1	903	60|80|100	2258	120
3	5	22	weaken_deadlystrike_damage_v	76	113					1	113	60|80|100	2260	100
3	5	23	weaken_deadlystrike_v	76	113					1	113	60|80|100	2260	100
3	5	24	defense_v	76	113					1	113	60|80|100	2260	100
3	5	25	vitality_v	76	113					1	113	60|80|100	2260	100
3	5	26	energy_v	76	113					1	113	60|80|100	2260	100
3	5	27	return_resist_range_v	301	452					1	452	60|80|100	2260	120
3	5	28	return_resist_melee_v	301	452					1	452	60|80|100	2260	120
3	6	1	physical_waterdamage_v	87	130					1	130	60|80|100	2600	50
3	6	2	energy_waterdamage_v	87	130					1	130	60|80|100	2600	50
3	6	3	basic_damage_v	87	130			87	130	1	130	60|80|100	2600	50
3	6	4	deadlystrike_damage_v	87	130					1	130	60|80|100	2600	50
3	6	5	deadlystrike_v	87	130					1	130	60|80|100	2600	50
3	6	6	strength_v	87	130					1	130	60|80|100	2600	50
3	6	7	dexterity_v	87	130					1	130	60|80|100	2600	50
3	6	8	ignore_water_resist_v	100	100	87	130			2	130	60|80|100	2000	100
3	6	9	ignore_defense_v	87	130					1	130	60|80|100	2600	50
3	6	10	rangedamage_return_v	347	520					1	520	60|80|100	2600	120
3	6	11	meleedamage_return_v	347	520					1	520	60|80|100	2600	120
3	6	12	attackrating_v	87	130					1	130	60|80|100	2600	120
3	6	13	lifemax_v	1731	2596					1	2596	60|80|100	2596	100
3	6	14	manamax_v	1731	2596					1	2596	60|80|100	2596	120
3	6	15	water_resist_v	433	650					1	650	60|80|100	2600	100
3	6	16	stealmana_v	173	260					1	260	60|80|100	2600	120
3	6	17	steallife_v	173	260					1	260	60|80|100	2600	100
3	6	18	recover_life_v	87	130	9	9			1	130	60|80|100	2600	100
3	6	19	recover_mana_v	87	130	9	9			1	130	60|80|100	2600	120
3	6	20	lifereplenish_w	692	1038					1	1038	60|80|100	2595	100
3	6	21	manareplenish_w	692	1038					1	1038	60|80|100	2595	120
3	6	22	weaken_deadlystrike_damage_v	87	130					1	130	60|80|100	2600	100
3	6	23	weaken_deadlystrike_v	87	130					1	130	60|80|100	2600	100
3	6	24	defense_v	87	130					1	130	60|80|100	2600	100
3	6	25	vitality_v	87	130					1	130	60|80|100	2600	100
3	6	26	energy_v	87	130					1	130	60|80|100	2600	100
3	6	27	return_resist_range_v	347	520					1	520	60|80|100	2600	120
3	6	28	return_resist_melee_v	347	520					1	520	60|80|100	2600	120
3	7	1	physical_waterdamage_v	96	143					1	143	60|80|100	2860	50
3	7	2	energy_waterdamage_v	96	143					1	143	60|80|100	2860	50
3	7	3	basic_damage_v	96	143			96	143	1	143	60|80|100	2860	50
3	7	4	deadlystrike_damage_v	96	143					1	143	60|80|100	2860	50
3	7	5	deadlystrike_v	96	143					1	143	60|80|100	2860	50
3	7	6	strength_v	96	143					1	143	60|80|100	2860	50
3	7	7	dexterity_v	96	143					1	143	60|80|100	2860	50
3	7	8	ignore_water_resist_v	100	100	96	143			2	143	60|80|100	2000	100
3	7	9	ignore_defense_v	96	143					1	143	60|80|100	2860	50
3	7	10	rangedamage_return_v	381	572					1	572	60|80|100	2860	120
3	7	11	meleedamage_return_v	381	572					1	572	60|80|100	2860	120
3	7	12	attackrating_v	96	143					1	143	60|80|100	2860	120
3	7	13	lifemax_v	1904	2856					1	2856	60|80|100	2856	100
3	7	14	manamax_v	1904	2856					1	2856	60|80|100	2856	120
3	7	15	water_resist_v	476	714					1	714	60|80|100	2856	100
3	7	16	stealmana_v	191	286					1	286	60|80|100	2860	120
3	7	17	steallife_v	191	286					1	286	60|80|100	2860	100
3	7	18	recover_life_v	96	143	9	9			1	143	60|80|100	2860	100
3	7	19	recover_mana_v	96	143	9	9			1	143	60|80|100	2860	120
3	7	20	lifereplenish_w	762	1143					1	1143	60|80|100	2858	100
3	7	21	manareplenish_w	762	1143					1	1143	60|80|100	2858	120
3	7	22	weaken_deadlystrike_damage_v	96	143					1	143	60|80|100	2860	100
3	7	23	weaken_deadlystrike_v	96	143					1	143	60|80|100	2860	100
3	7	24	defense_v	96	143					1	143	60|80|100	2860	100
3	7	25	vitality_v	96	143					1	143	60|80|100	2860	100
3	7	26	energy_v	96	143					1	143	60|80|100	2860	100
3	7	27	return_resist_range_v	381	572					1	572	60|80|100	2860	120
3	7	28	return_resist_melee_v	381	572					1	572	60|80|100	2860	120
3	8	1	physical_waterdamage_v	105	158					1	158	60|80|100	3160	50
3	8	2	energy_waterdamage_v	105	158					1	158	60|80|100	3160	50
3	8	3	basic_damage_v	105	158			105	158	1	158	60|80|100	3160	50
3	8	4	deadlystrike_damage_v	105	158					1	158	60|80|100	3160	50
3	8	5	deadlystrike_v	105	158					1	158	60|80|100	3160	50
3	8	6	strength_v	105	158					1	158	60|80|100	3160	50
3	8	7	dexterity_v	105	158					1	158	60|80|100	3160	50
3	8	8	ignore_water_resist_v	100	100	105	158			2	158	60|80|100	2000	100
3	8	9	ignore_defense_v	105	158					1	158	60|80|100	3160	50
3	8	10	rangedamage_return_v	420	629					1	629	60|80|100	3145	120
3	8	11	meleedamage_return_v	420	629					1	629	60|80|100	3145	120
3	8	12	attackrating_v	105	158					1	158	60|80|100	3160	120
3	8	13	lifemax_v	2095	3142					1	3142	60|80|100	3142	100
3	8	14	manamax_v	2095	3142					1	3142	60|80|100	3142	120
3	8	15	water_resist_v	524	785					1	785	60|80|100	3140	100
3	8	16	stealmana_v	210	315					1	315	60|80|100	3150	120
3	8	17	steallife_v	210	315					1	315	60|80|100	3150	100
3	8	18	recover_life_v	105	158	9	9			1	158	60|80|100	3160	100
3	8	19	recover_mana_v	105	158	9	9			1	158	60|80|100	3160	120
3	8	20	lifereplenish_w	838	1257					1	1257	60|80|100	3143	100
3	8	21	manareplenish_w	838	1257					1	1257	60|80|100	3143	120
3	8	22	weaken_deadlystrike_damage_v	105	158					1	158	60|80|100	3160	100
3	8	23	weaken_deadlystrike_v	105	158					1	158	60|80|100	3160	100
3	8	24	defense_v	105	158					1	158	60|80|100	3160	100
3	8	25	vitality_v	105	158					1	158	60|80|100	3160	100
3	8	26	energy_v	105	158					1	158	60|80|100	3160	100
3	8	27	return_resist_range_v	420	629					1	629	60|80|100	3145	120
3	8	28	return_resist_melee_v	420	629					1	629	60|80|100	3145	120
3	9	1	physical_waterdamage_v	116	173					1	173	60|80|100	3460	50
3	9	2	energy_waterdamage_v	116	173					1	173	60|80|100	3460	50
3	9	3	basic_damage_v	116	173			116	173	1	173	60|80|100	3460	50
3	9	4	deadlystrike_damage_v	116	173					1	173	60|80|100	3460	50
3	9	5	deadlystrike_v	116	173					1	173	60|80|100	3460	50
3	9	6	strength_v	116	173					1	173	60|80|100	3460	50
3	9	7	dexterity_v	116	173					1	173	60|80|100	3460	50
3	9	8	ignore_water_resist_v	100	100	116	173			2	173	60|80|100	2000	100
3	9	9	ignore_defense_v	116	173					1	173	60|80|100	3460	50
3	9	10	rangedamage_return_v	461	692					1	692	60|80|100	3460	120
3	9	11	meleedamage_return_v	461	692					1	692	60|80|100	3460	120
3	9	12	attackrating_v	116	173					1	173	60|80|100	3460	120
3	9	13	lifemax_v	2304	3455					1	3455	60|80|100	3455	100
3	9	14	manamax_v	2304	3455					1	3455	60|80|100	3455	120
3	9	15	water_resist_v	576	864					1	864	60|80|100	3456	100
3	9	16	stealmana_v	231	346					1	346	60|80|100	3460	120
3	9	17	steallife_v	231	346					1	346	60|80|100	3460	100
3	9	18	recover_life_v	116	173	9	9			1	173	60|80|100	3460	100
3	9	19	recover_mana_v	116	173	9	9			1	173	60|80|100	3460	120
3	9	20	lifereplenish_w	922	1383					1	1383	60|80|100	3458	100
3	9	21	manareplenish_w	922	1383					1	1383	60|80|100	3458	120
3	9	22	weaken_deadlystrike_damage_v	116	173					1	173	60|80|100	3460	100
3	9	23	weaken_deadlystrike_v	116	173					1	173	60|80|100	3460	100
3	9	24	defense_v	116	173					1	173	60|80|100	3460	100
3	9	25	vitality_v	116	173					1	173	60|80|100	3460	100
3	9	26	energy_v	116	173					1	173	60|80|100	3460	100
3	9	27	return_resist_range_v	461	692					1	692	60|80|100	3460	120
3	9	28	return_resist_melee_v	461	692					1	692	60|80|100	3460	120
3	10	1	physical_waterdamage_v	127	190					1	190	60|80|100	3800	50
3	10	2	energy_waterdamage_v	127	190					1	190	60|80|100	3800	50
3	10	3	basic_damage_v	127	190			127	190	1	190	60|80|100	3800	50
3	10	4	deadlystrike_damage_v	127	190					1	190	60|80|100	3800	50
3	10	5	deadlystrike_v	127	190					1	190	60|80|100	3800	50
3	10	6	strength_v	127	190					1	190	60|80|100	3800	50
3	10	7	dexterity_v	127	190					1	190	60|80|100	3800	50
3	10	8	ignore_water_resist_v	100	100	127	190			2	190	60|80|100	2000	100
3	10	9	ignore_defense_v	127	190					1	190	60|80|100	3800	50
3	10	10	rangedamage_return_v	507	760					1	760	60|80|100	3800	120
3	10	11	meleedamage_return_v	507	760					1	760	60|80|100	3800	120
3	10	12	attackrating_v	127	190					1	190	60|80|100	3800	120
3	10	13	lifemax_v	2534	3801					1	3801	60|80|100	3801	100
3	10	14	manamax_v	2534	3801					1	3801	60|80|100	3801	120
3	10	15	water_resist_v	634	951					1	951	60|80|100	3804	100
3	10	16	stealmana_v	254	381					1	381	60|80|100	3810	120
3	10	17	steallife_v	254	381					1	381	60|80|100	3810	100
3	10	18	recover_life_v	127	190	9	9			1	190	60|80|100	3800	100
3	10	19	recover_mana_v	127	190	9	9			1	190	60|80|100	3800	120
3	10	20	lifereplenish_w	1014	1521					1	1521	60|80|100	3803	100
3	10	21	manareplenish_w	1014	1521					1	1521	60|80|100	3803	120
3	10	22	weaken_deadlystrike_damage_v	127	190					1	190	60|80|100	3800	100
3	10	23	weaken_deadlystrike_v	127	190					1	190	60|80|100	3800	100
3	10	24	defense_v	127	190					1	190	60|80|100	3800	100
3	10	25	vitality_v	127	190					1	190	60|80|100	3800	100
3	10	26	energy_v	127	190					1	190	60|80|100	3800	100
3	10	27	return_resist_range_v	507	760					1	760	60|80|100	3800	120
3	10	28	return_resist_melee_v	507	760					1	760	60|80|100	3800	120
3	11	1	physical_waterdamage_v	140	209					1	209	60|80|100	4180	50
3	11	2	energy_waterdamage_v	140	209					1	209	60|80|100	4180	50
3	11	3	basic_damage_v	140	209			140	209	1	209	60|80|100	4180	50
3	11	4	deadlystrike_damage_v	140	209					1	209	60|80|100	4180	50
3	11	5	deadlystrike_v	140	209					1	209	60|80|100	4180	50
3	11	6	strength_v	140	209					1	209	60|80|100	4180	50
3	11	7	dexterity_v	140	209					1	209	60|80|100	4180	50
3	11	8	ignore_water_resist_v	100	100	140	209			2	209	60|80|100	2000	100
3	11	9	ignore_defense_v	140	209					1	209	60|80|100	4180	50
3	11	10	rangedamage_return_v	558	837					1	837	60|80|100	4185	120
3	11	11	meleedamage_return_v	558	837					1	837	60|80|100	4185	120
3	11	12	attackrating_v	140	209					1	209	60|80|100	4180	120
3	11	13	lifemax_v	2788	4181					1	4181	60|80|100	4181	100
3	11	14	manamax_v	2788	4181					1	4181	60|80|100	4181	120
3	11	15	water_resist_v	697	1046					1	1046	60|80|100	4184	100
3	11	16	stealmana_v	279	418					1	418	60|80|100	4180	120
3	11	17	steallife_v	279	418					1	418	60|80|100	4180	100
3	11	18	recover_life_v	140	209	9	9			1	209	60|80|100	4180	100
3	11	19	recover_mana_v	140	209	9	9			1	209	60|80|100	4180	120
3	11	20	lifereplenish_w	1116	1673					1	1673	60|80|100	4183	100
3	11	21	manareplenish_w	1116	1673					1	1673	60|80|100	4183	120
3	11	22	weaken_deadlystrike_damage_v	140	209					1	209	60|80|100	4180	100
3	11	23	weaken_deadlystrike_v	140	209					1	209	60|80|100	4180	100
3	11	24	defense_v	140	209					1	209	60|80|100	4180	100
3	11	25	vitality_v	140	209					1	209	60|80|100	4180	100
3	11	26	energy_v	140	209					1	209	60|80|100	4180	100
3	11	27	return_resist_range_v	558	837					1	837	60|80|100	4185	120
3	11	28	return_resist_melee_v	558	837					1	837	60|80|100	4185	120
3	12	1	physical_waterdamage_v	152	228					1	228	60|80|100	4560	50
3	12	2	energy_waterdamage_v	152	228					1	228	60|80|100	4560	50
3	12	3	basic_damage_v	152	228			152	228	1	228	60|80|100	4560	50
3	12	4	deadlystrike_damage_v	152	228					1	228	60|80|100	4560	50
3	12	5	deadlystrike_v	152	228					1	228	60|80|100	4560	50
3	12	6	strength_v	152	228					1	228	60|80|100	4560	50
3	12	7	dexterity_v	152	228					1	228	60|80|100	4560	50
3	12	8	ignore_water_resist_v	100	100	152	228			2	228	60|80|100	2000	100
3	12	9	ignore_defense_v	152	228					1	228	60|80|100	4560	50
3	12	10	rangedamage_return_v	608	912					1	912	60|80|100	4560	120
3	12	11	meleedamage_return_v	608	912					1	912	60|80|100	4560	120
3	12	12	attackrating_v	152	228					1	228	60|80|100	4560	120
3	12	13	lifemax_v	3041	4562					1	4562	60|80|100	4562	100
3	12	14	manamax_v	3041	4562					1	4562	60|80|100	4562	120
3	12	15	water_resist_v	760	1140					1	1140	60|80|100	4560	100
3	12	16	stealmana_v	304	456					1	456	60|80|100	4560	120
3	12	17	steallife_v	304	456					1	456	60|80|100	4560	100
3	12	18	recover_life_v	152	228	9	9			1	228	60|80|100	4560	100
3	12	19	recover_mana_v	152	228	9	9			1	228	60|80|100	4560	120
3	12	20	lifereplenish_w	1216	1824					1	1824	60|80|100	4560	100
3	12	21	manareplenish_w	1216	1824					1	1824	60|80|100	4560	120
3	12	22	weaken_deadlystrike_damage_v	152	228					1	228	60|80|100	4560	100
3	12	23	weaken_deadlystrike_v	152	228					1	228	60|80|100	4560	100
3	12	24	defense_v	152	228					1	228	60|80|100	4560	100
3	12	25	vitality_v	152	228					1	228	60|80|100	4560	100
3	12	26	energy_v	152	228					1	228	60|80|100	4560	100
3	12	27	return_resist_range_v	608	912					1	912	60|80|100	4560	120
3	12	28	return_resist_melee_v	608	912					1	912	60|80|100	4560	120
3	13	1	physical_waterdamage_v	160	240					1	240	60|80|100	4800	50
3	13	2	energy_waterdamage_v	160	240					1	240	60|80|100	4800	50
3	13	3	basic_damage_v	160	240			160	240	1	240	60|80|100	4800	50
3	13	4	deadlystrike_damage_v	160	240					1	240	60|80|100	4800	50
3	13	5	deadlystrike_v	160	240					1	240	60|80|100	4800	50
3	13	6	strength_v	160	240					1	240	60|80|100	4800	50
3	13	7	dexterity_v	160	240					1	240	60|80|100	4800	50
3	13	8	ignore_water_resist_v	100	100	160	240			2	240	60|80|100	2000	100
3	13	9	ignore_defense_v	160	240					1	240	60|80|100	4800	50
3	13	10	rangedamage_return_v	639	958					1	958	60|80|100	4790	120
3	13	11	meleedamage_return_v	639	958					1	958	60|80|100	4790	120
3	13	12	attackrating_v	160	240					1	240	60|80|100	4800	120
3	13	13	lifemax_v	3193	4790					1	4790	60|80|100	4790	100
3	13	14	manamax_v	3193	4790					1	4790	60|80|100	4790	120
3	13	15	water_resist_v	799	1198					1	1198	60|80|100	4792	100
3	13	16	stealmana_v	320	479					1	479	60|80|100	4790	120
3	13	17	steallife_v	320	479					1	479	60|80|100	4790	100
3	13	18	recover_life_v	160	240	9	9			1	240	60|80|100	4800	100
3	13	19	recover_mana_v	160	240	9	9			1	240	60|80|100	4800	120
3	13	20	lifereplenish_w	1277	1916					1	1916	60|80|100	4790	100
3	13	21	manareplenish_w	1277	1916					1	1916	60|80|100	4790	120
3	13	22	weaken_deadlystrike_damage_v	160	240					1	240	60|80|100	4800	100
3	13	23	weaken_deadlystrike_v	160	240					1	240	60|80|100	4800	100
3	13	24	defense_v	160	240					1	240	60|80|100	4800	100
3	13	25	vitality_v	160	240					1	240	60|80|100	4800	100
3	13	26	energy_v	160	240					1	240	60|80|100	4800	100
3	13	27	return_resist_range_v	639	958					1	958	60|80|100	4790	120
3	13	28	return_resist_melee_v	639	958					1	958	60|80|100	4790	120
3	14	1	physical_waterdamage_v	168	251					1	251	60|80|100	5020	50
3	14	2	energy_waterdamage_v	168	251					1	251	60|80|100	5020	50
3	14	3	basic_damage_v	168	251			168	251	1	251	60|80|100	5020	50
3	14	4	deadlystrike_damage_v	168	251					1	251	60|80|100	5020	50
3	14	5	deadlystrike_v	168	251					1	251	60|80|100	5020	50
3	14	6	strength_v	168	251					1	251	60|80|100	5020	50
3	14	7	dexterity_v	168	251					1	251	60|80|100	5020	50
3	14	8	ignore_water_resist_v	100	100	168	251			2	251	60|80|100	2000	100
3	14	9	ignore_defense_v	168	251					1	251	60|80|100	5020	50
3	14	10	rangedamage_return_v	671	1006					1	1006	60|80|100	5030	120
3	14	11	meleedamage_return_v	671	1006					1	1006	60|80|100	5030	120
3	14	12	attackrating_v	168	251					1	251	60|80|100	5020	120
3	14	13	lifemax_v	3351	5026					1	5026	60|80|100	5026	100
3	14	14	manamax_v	3351	5026					1	5026	60|80|100	5026	120
3	14	15	water_resist_v	838	1257					1	1257	60|80|100	5028	100
3	14	16	stealmana_v	336	503					1	503	60|80|100	5030	120
3	14	17	steallife_v	336	503					1	503	60|80|100	5030	100
3	14	18	recover_life_v	168	251	9	9			1	251	60|80|100	5020	100
3	14	19	recover_mana_v	168	251	9	9			1	251	60|80|100	5020	120
3	14	20	lifereplenish_w	1340	2010					1	2010	60|80|100	5025	100
3	14	21	manareplenish_w	1340	2010					1	2010	60|80|100	5025	120
3	14	22	weaken_deadlystrike_damage_v	168	251					1	251	60|80|100	5020	100
3	14	23	weaken_deadlystrike_v	168	251					1	251	60|80|100	5020	100
3	14	24	defense_v	168	251					1	251	60|80|100	5020	100
3	14	25	vitality_v	168	251					1	251	60|80|100	5020	100
3	14	26	energy_v	168	251					1	251	60|80|100	5020	100
3	14	27	return_resist_range_v	671	1006					1	1006	60|80|100	5030	120
3	14	28	return_resist_melee_v	671	1006					1	1006	60|80|100	5030	120
3	15	1	physical_waterdamage_v	176	263					1	263	60|80|100	5260	50
3	15	2	energy_waterdamage_v	176	263					1	263	60|80|100	5260	50
3	15	3	basic_damage_v	176	263			176	263	1	263	60|80|100	5260	50
3	15	4	deadlystrike_damage_v	176	263					1	263	60|80|100	5260	50
3	15	5	deadlystrike_v	176	263					1	263	60|80|100	5260	50
3	15	6	strength_v	176	263					1	263	60|80|100	5260	50
3	15	7	dexterity_v	176	263					1	263	60|80|100	5260	50
3	15	8	ignore_water_resist_v	100	100	176	263			2	263	60|80|100	2000	100
3	15	9	ignore_defense_v	176	263					1	263	60|80|100	5260	50
3	15	10	rangedamage_return_v	702	1053					1	1053	60|80|100	5265	120
3	15	11	meleedamage_return_v	702	1053					1	1053	60|80|100	5265	120
3	15	12	attackrating_v	176	263					1	263	60|80|100	5260	120
3	15	13	lifemax_v	3508	5262					1	5262	60|80|100	5262	100
3	15	14	manamax_v	3508	5262					1	5262	60|80|100	5262	120
3	15	15	water_resist_v	877	1316					1	1316	60|80|100	5264	100
3	15	16	stealmana_v	352	527					1	527	60|80|100	5270	120
3	15	17	steallife_v	352	527					1	527	60|80|100	5270	100
3	15	18	recover_life_v	176	263	9	9			1	263	60|80|100	5260	100
3	15	19	recover_mana_v	176	263	9	9			1	263	60|80|100	5260	120
3	15	20	lifereplenish_w	1404	2105					1	2105	60|80|100	5263	100
3	15	21	manareplenish_w	1404	2105					1	2105	60|80|100	5263	120
3	15	22	weaken_deadlystrike_damage_v	176	263					1	263	60|80|100	5260	100
3	15	23	weaken_deadlystrike_v	176	263					1	263	60|80|100	5260	100
3	15	24	defense_v	176	263					1	263	60|80|100	5260	100
3	15	25	vitality_v	176	263					1	263	60|80|100	5260	100
3	15	26	energy_v	176	263					1	263	60|80|100	5260	100
3	15	27	return_resist_range_v	702	1053					1	1053	60|80|100	5265	120
3	15	28	return_resist_melee_v	702	1053					1	1053	60|80|100	5265	120
3	16	1	physical_waterdamage_v	184	275					1	275	60|80|100	5500	50
3	16	2	energy_waterdamage_v	184	275					1	275	60|80|100	5500	50
3	16	3	basic_damage_v	184	275			184	275	1	275	60|80|100	5500	50
3	16	4	deadlystrike_damage_v	184	275					1	275	60|80|100	5500	50
3	16	5	deadlystrike_v	184	275					1	275	60|80|100	5500	50
3	16	6	strength_v	184	275					1	275	60|80|100	5500	50
3	16	7	dexterity_v	184	275					1	275	60|80|100	5500	50
3	16	8	ignore_water_resist_v	100	100	184	275			2	275	60|80|100	2000	100
3	16	9	ignore_defense_v	184	275					1	275	60|80|100	5500	50
3	16	10	rangedamage_return_v	733	1100					1	1100	60|80|100	5500	120
3	16	11	meleedamage_return_v	733	1100					1	1100	60|80|100	5500	120
3	16	12	attackrating_v	184	275					1	275	60|80|100	5500	120
3	16	13	lifemax_v	3666	5499					1	5499	60|80|100	5499	100
3	16	14	manamax_v	3666	5499					1	5499	60|80|100	5499	120
3	16	15	water_resist_v	917	1376					1	1376	60|80|100	5504	100
3	16	16	stealmana_v	367	550					1	550	60|80|100	5500	120
3	16	17	steallife_v	367	550					1	550	60|80|100	5500	100
3	16	18	recover_life_v	184	275	9	9			1	275	60|80|100	5500	100
3	16	19	recover_mana_v	184	275	9	9			1	275	60|80|100	5500	120
3	16	20	lifereplenish_w	1467	2200					1	2200	60|80|100	5500	100
3	16	21	manareplenish_w	1467	2200					1	2200	60|80|100	5500	120
3	16	22	weaken_deadlystrike_damage_v	184	275					1	275	60|80|100	5500	100
3	16	23	weaken_deadlystrike_v	184	275					1	275	60|80|100	5500	100
3	16	24	defense_v	184	275					1	275	60|80|100	5500	100
3	16	25	vitality_v	184	275					1	275	60|80|100	5500	100
3	16	26	energy_v	184	275					1	275	60|80|100	5500	100
3	16	27	return_resist_range_v	733	1100					1	1100	60|80|100	5500	120
3	16	28	return_resist_melee_v	733	1100					1	1100	60|80|100	5500	120
3	17	1	physical_waterdamage_v	192	287					1	287	60|80|100	5740	50
3	17	2	energy_waterdamage_v	192	287					1	287	60|80|100	5740	50
3	17	3	basic_damage_v	192	287			192	287	1	287	60|80|100	5740	50
3	17	4	deadlystrike_damage_v	192	287					1	287	60|80|100	5740	50
3	17	5	deadlystrike_v	192	287					1	287	60|80|100	5740	50
3	17	6	strength_v	192	287					1	287	60|80|100	5740	50
3	17	7	dexterity_v	192	287					1	287	60|80|100	5740	50
3	17	8	ignore_water_resist_v	100	100	192	287			2	287	60|80|100	2000	100
3	17	9	ignore_defense_v	192	287					1	287	60|80|100	5740	50
3	17	10	rangedamage_return_v	765	1148					1	1148	60|80|100	5740	120
3	17	11	meleedamage_return_v	765	1148					1	1148	60|80|100	5740	120
3	17	12	attackrating_v	192	287					1	287	60|80|100	5740	120
3	17	13	lifemax_v	3824	5735					1	5735	60|80|100	5735	100
3	17	14	manamax_v	3824	5735					1	5735	60|80|100	5735	120
3	17	15	water_resist_v	956	1434					1	1434	60|80|100	5736	100
3	17	16	stealmana_v	383	574					1	574	60|80|100	5740	120
3	17	17	steallife_v	383	574					1	574	60|80|100	5740	100
3	17	18	recover_life_v	192	287	9	9			1	287	60|80|100	5740	100
3	17	19	recover_mana_v	192	287	9	9			1	287	60|80|100	5740	120
3	17	20	lifereplenish_w	1530	2295					1	2295	60|80|100	5738	100
3	17	21	manareplenish_w	1530	2295					1	2295	60|80|100	5738	120
3	17	22	weaken_deadlystrike_damage_v	192	287					1	287	60|80|100	5740	100
3	17	23	weaken_deadlystrike_v	192	287					1	287	60|80|100	5740	100
3	17	24	defense_v	192	287					1	287	60|80|100	5740	100
3	17	25	vitality_v	192	287					1	287	60|80|100	5740	100
3	17	26	energy_v	192	287					1	287	60|80|100	5740	100
3	17	27	return_resist_range_v	765	1148					1	1148	60|80|100	5740	120
3	17	28	return_resist_melee_v	765	1148					1	1148	60|80|100	5740	120
3	18	1	physical_waterdamage_v	200	299					1	299	60|80|100	5980	50
3	18	2	energy_waterdamage_v	200	299					1	299	60|80|100	5980	50
3	18	3	basic_damage_v	200	299			200	299	1	299	60|80|100	5980	50
3	18	4	deadlystrike_damage_v	200	299					1	299	60|80|100	5980	50
3	18	5	deadlystrike_v	200	299					1	299	60|80|100	5980	50
3	18	6	strength_v	200	299					1	299	60|80|100	5980	50
3	18	7	dexterity_v	200	299					1	299	60|80|100	5980	50
3	18	8	ignore_water_resist_v	100	100	200	299			2	299	60|80|100	2000	100
3	18	9	ignore_defense_v	200	299					1	299	60|80|100	5980	50
3	18	10	rangedamage_return_v	796	1194					1	1194	60|80|100	5970	120
3	18	11	meleedamage_return_v	796	1194					1	1194	60|80|100	5970	120
3	18	12	attackrating_v	200	299					1	299	60|80|100	5980	120
3	18	13	lifemax_v	3982	5973					1	5973	60|80|100	5973	100
3	18	14	manamax_v	3982	5973					1	5973	60|80|100	5973	120
3	18	15	water_resist_v	996	1493					1	1493	60|80|100	5972	100
3	18	16	stealmana_v	399	598					1	598	60|80|100	5980	120
3	18	17	steallife_v	399	598					1	598	60|80|100	5980	100
3	18	18	recover_life_v	200	299	9	9			1	299	60|80|100	5980	100
3	18	19	recover_mana_v	200	299	9	9			1	299	60|80|100	5980	120
3	18	20	lifereplenish_w	1593	2390					1	2390	60|80|100	5975	100
3	18	21	manareplenish_w	1593	2390					1	2390	60|80|100	5975	120
3	18	22	weaken_deadlystrike_damage_v	200	299					1	299	60|80|100	5980	100
3	18	23	weaken_deadlystrike_v	200	299					1	299	60|80|100	5980	100
3	18	24	defense_v	200	299					1	299	60|80|100	5980	100
3	18	25	vitality_v	200	299					1	299	60|80|100	5980	100
3	18	26	energy_v	200	299					1	299	60|80|100	5980	100
3	18	27	return_resist_range_v	796	1194					1	1194	60|80|100	5970	120
3	18	28	return_resist_melee_v	796	1194					1	1194	60|80|100	5970	120
3	19	1	physical_waterdamage_v	208	311					1	311	60|80|100	6220	50
3	19	2	energy_waterdamage_v	208	311					1	311	60|80|100	6220	50
3	19	3	basic_damage_v	208	311			208	311	1	311	60|80|100	6220	50
3	19	4	deadlystrike_damage_v	208	311					1	311	60|80|100	6220	50
3	19	5	deadlystrike_v	208	311					1	311	60|80|100	6220	50
3	19	6	strength_v	208	311					1	311	60|80|100	6220	50
3	19	7	dexterity_v	208	311					1	311	60|80|100	6220	50
3	19	8	ignore_water_resist_v	100	100	208	311			2	311	60|80|100	2000	100
3	19	9	ignore_defense_v	208	311					1	311	60|80|100	6220	50
3	19	10	rangedamage_return_v	828	1242					1	1242	60|80|100	6210	120
3	19	11	meleedamage_return_v	828	1242					1	1242	60|80|100	6210	120
3	19	12	attackrating_v	208	311					1	311	60|80|100	6220	120
3	19	13	lifemax_v	4140	6209					1	6209	60|80|100	6209	100
3	19	14	manamax_v	4140	6209					1	6209	60|80|100	6209	120
3	19	15	water_resist_v	1035	1552					1	1552	60|80|100	6208	100
3	19	16	stealmana_v	414	621					1	621	60|80|100	6210	120
3	19	17	steallife_v	414	621					1	621	60|80|100	6210	100
3	19	18	recover_life_v	208	311	9	9			1	311	60|80|100	6220	100
3	19	19	recover_mana_v	208	311	9	9			1	311	60|80|100	6220	120
3	19	20	lifereplenish_w	1656	2483					1	2483	60|80|100	6208	100
3	19	21	manareplenish_w	1656	2483					1	2483	60|80|100	6208	120
3	19	22	weaken_deadlystrike_damage_v	208	311					1	311	60|80|100	6220	100
3	19	23	weaken_deadlystrike_v	208	311					1	311	60|80|100	6220	100
3	19	24	defense_v	208	311					1	311	60|80|100	6220	100
3	19	25	vitality_v	208	311					1	311	60|80|100	6220	100
3	19	26	energy_v	208	311					1	311	60|80|100	6220	100
3	19	27	return_resist_range_v	828	1242					1	1242	60|80|100	6210	120
3	19	28	return_resist_melee_v	828	1242					1	1242	60|80|100	6210	120
3	20	1	physical_waterdamage_v	216	323					1	323	60|80|100	6460	50
3	20	2	energy_waterdamage_v	216	323					1	323	60|80|100	6460	50
3	20	3	basic_damage_v	216	323			216	323	1	323	60|80|100	6460	50
3	20	4	deadlystrike_damage_v	216	323					1	323	60|80|100	6460	50
3	20	5	deadlystrike_v	216	323					1	323	60|80|100	6460	50
3	20	6	strength_v	216	323					1	323	60|80|100	6460	50
3	20	7	dexterity_v	216	323					1	323	60|80|100	6460	50
3	20	8	ignore_water_resist_v	100	100	216	323			2	323	60|80|100	2000	100
3	20	9	ignore_defense_v	216	323					1	323	60|80|100	6460	50
3	20	10	rangedamage_return_v	860	1289					1	1289	60|80|100	6445	120
3	20	11	meleedamage_return_v	860	1289					1	1289	60|80|100	6445	120
3	20	12	attackrating_v	216	323					1	323	60|80|100	6460	120
3	20	13	lifemax_v	4297	6446					1	6446	60|80|100	6446	100
3	20	14	manamax_v	4297	6446					1	6446	60|80|100	6446	120
3	20	15	water_resist_v	1075	1612					1	1612	60|80|100	6448	100
3	20	16	stealmana_v	430	645					1	645	60|80|100	6450	120
3	20	17	steallife_v	430	645					1	645	60|80|100	6450	100
3	20	18	recover_life_v	216	323	9	9			1	323	60|80|100	6460	100
3	20	19	recover_mana_v	216	323	9	9			1	323	60|80|100	6460	120
3	20	20	lifereplenish_w	1719	2578					1	2578	60|80|100	6445	100
3	20	21	manareplenish_w	1719	2578					1	2578	60|80|100	6445	120
3	20	22	weaken_deadlystrike_damage_v	216	323					1	323	60|80|100	6460	100
3	20	23	weaken_deadlystrike_v	216	323					1	323	60|80|100	6460	100
3	20	24	defense_v	216	323					1	323	60|80|100	6460	100
3	20	25	vitality_v	216	323					1	323	60|80|100	6460	100
3	20	26	energy_v	216	323					1	323	60|80|100	6460	100
3	20	27	return_resist_range_v	860	1289					1	1289	60|80|100	6445	120
3	20	28	return_resist_melee_v	860	1289					1	1289	60|80|100	6445	120
3	21	1	physical_waterdamage_v	223	334					1	334	60|80|100	6680	50
3	21	2	energy_waterdamage_v	223	334					1	334	60|80|100	6680	50
3	21	3	basic_damage_v	223	334			223	334	1	334	60|80|100	6680	50
3	21	4	deadlystrike_damage_v	223	334					1	334	60|80|100	6680	50
3	21	5	deadlystrike_v	223	334					1	334	60|80|100	6680	50
3	21	6	strength_v	223	334					1	334	60|80|100	6680	50
3	21	7	dexterity_v	223	334					1	334	60|80|100	6680	50
3	21	8	ignore_water_resist_v	100	100	223	334			2	334	60|80|100	2000	100
3	21	9	ignore_defense_v	223	334					1	334	60|80|100	6680	50
3	21	10	rangedamage_return_v	892	1337					1	1337	60|80|100	6685	120
3	21	11	meleedamage_return_v	892	1337					1	1337	60|80|100	6685	120
3	21	12	attackrating_v	223	334					1	334	60|80|100	6680	120
3	21	13	lifemax_v	4455	6682					1	6682	60|80|100	6682	100
3	21	14	manamax_v	4455	6682					1	6682	60|80|100	6682	120
3	21	15	water_resist_v	1114	1671					1	1671	60|80|100	6684	100
3	21	16	stealmana_v	446	669					1	669	60|80|100	6690	120
3	21	17	steallife_v	446	669					1	669	60|80|100	6690	100
3	21	18	recover_life_v	223	334	9	9			1	334	60|80|100	6680	100
3	21	19	recover_mana_v	223	334	9	9			1	334	60|80|100	6680	120
3	21	20	lifereplenish_w	1782	2673					1	2673	60|80|100	6683	100
3	21	21	manareplenish_w	1782	2673					1	2673	60|80|100	6683	120
3	21	22	weaken_deadlystrike_damage_v	223	334					1	334	60|80|100	6680	100
3	21	23	weaken_deadlystrike_v	223	334					1	334	60|80|100	6680	100
3	21	24	defense_v	223	334					1	334	60|80|100	6680	100
3	21	25	vitality_v	223	334					1	334	60|80|100	6680	100
3	21	26	energy_v	223	334					1	334	60|80|100	6680	100
3	21	27	return_resist_range_v	892	1337					1	1337	60|80|100	6685	120
3	21	28	return_resist_melee_v	892	1337					1	1337	60|80|100	6685	120
4	1	1	physical_firedamage_v	44	65					1	65	60|80|100	1300	50
4	1	2	energy_firedamage_v	44	65					1	65	60|80|100	1300	50
4	1	3	basic_damage_v	44	65			44	65	1	65	60|80|100	1300	50
4	1	4	deadlystrike_damage_v	44	65					1	65	60|80|100	1300	50
4	1	5	deadlystrike_v	44	65					1	65	60|80|100	1300	50
4	1	6	strength_v	44	65					1	65	60|80|100	1300	50
4	1	7	dexterity_v	44	65					1	65	60|80|100	1300	50
4	1	8	ignore_fire_resist_v	100	100	44	65			2	100	60|80|100	2000	100
4	1	9	ignore_defense_v	44	65					1	65	60|80|100	1300	50
4	1	10	rangedamage_return_v	172	258					1	258	60|80|100	1290	120
4	1	11	meleedamage_return_v	172	258					1	258	60|80|100	1290	120
4	1	12	attackrating_v	44	65					1	65	60|80|100	1300	120
4	1	13	lifemax_v	861	1292					1	1292	60|80|100	1292	100
4	1	14	manamax_v	861	1292					1	1292	60|80|100	1292	120
4	1	15	fire_resist_v	216	323					1	323	60|80|100	1292	100
4	1	16	stealmana_v	87	130					1	130	60|80|100	1300	120
4	1	17	steallife_v	87	130					1	130	60|80|100	1300	100
4	1	18	recover_life_v	44	65	9	9			1	65	60|80|100	1300	100
4	1	19	recover_mana_v	44	65	9	9			1	65	60|80|100	1300	120
4	1	20	lifereplenish_w	344	516					1	516	60|80|100	1290	100
4	1	21	manareplenish_w	344	516					1	516	60|80|100	1290	120
4	1	22	weaken_deadlystrike_damage_v	44	65					1	65	60|80|100	1300	100
4	1	23	weaken_deadlystrike_v	44	65					1	65	60|80|100	1300	100
4	1	24	defense_v	44	65					1	65	60|80|100	1300	100
4	1	25	vitality_v	44	65					1	65	60|80|100	1300	100
4	1	26	energy_v	44	65					1	65	60|80|100	1300	100
4	1	27	return_resist_range_v	172	258					1	258	60|80|100	1290	120
4	1	28	return_resist_melee_v	172	258					1	258	60|80|100	1290	120
4	2	1	physical_firedamage_v	50	75					1	75	60|80|100	1500	50
4	2	2	energy_firedamage_v	50	75					1	75	60|80|100	1500	50
4	2	3	basic_damage_v	50	75			50	75	1	75	60|80|100	1500	50
4	2	4	deadlystrike_damage_v	50	75					1	75	60|80|100	1500	50
4	2	5	deadlystrike_v	50	75					1	75	60|80|100	1500	50
4	2	6	strength_v	50	75					1	75	60|80|100	1500	50
4	2	7	dexterity_v	50	75					1	75	60|80|100	1500	50
4	2	8	ignore_fire_resist_v	100	100	50	75			2	100	60|80|100	2000	100
4	2	9	ignore_defense_v	50	75					1	75	60|80|100	1500	50
4	2	10	rangedamage_return_v	198	297					1	297	60|80|100	1485	120
4	2	11	meleedamage_return_v	198	297					1	297	60|80|100	1485	120
4	2	12	attackrating_v	50	75					1	75	60|80|100	1500	120
4	2	13	lifemax_v	990	1485					1	1485	60|80|100	1485	100
4	2	14	manamax_v	990	1485					1	1485	60|80|100	1485	120
4	2	15	fire_resist_v	248	371					1	371	60|80|100	1484	100
4	2	16	stealmana_v	100	149					1	149	60|80|100	1490	120
4	2	17	steallife_v	100	149					1	149	60|80|100	1490	100
4	2	18	recover_life_v	50	75	9	9			1	75	60|80|100	1500	100
4	2	19	recover_mana_v	50	75	9	9			1	75	60|80|100	1500	120
4	2	20	lifereplenish_w	396	594					1	594	60|80|100	1485	100
4	2	21	manareplenish_w	396	594					1	594	60|80|100	1485	120
4	2	22	weaken_deadlystrike_damage_v	50	75					1	75	60|80|100	1500	100
4	2	23	weaken_deadlystrike_v	50	75					1	75	60|80|100	1500	100
4	2	24	defense_v	50	75					1	75	60|80|100	1500	100
4	2	25	vitality_v	50	75					1	75	60|80|100	1500	100
4	2	26	energy_v	50	75					1	75	60|80|100	1500	100
4	2	27	return_resist_range_v	198	297					1	297	60|80|100	1485	120
4	2	28	return_resist_melee_v	198	297					1	297	60|80|100	1485	120
4	3	1	physical_firedamage_v	57	86					1	86	60|80|100	1720	50
4	3	2	energy_firedamage_v	57	86					1	86	60|80|100	1720	50
4	3	3	basic_damage_v	57	86			57	86	1	86	60|80|100	1720	50
4	3	4	deadlystrike_damage_v	57	86					1	86	60|80|100	1720	50
4	3	5	deadlystrike_v	57	86					1	86	60|80|100	1720	50
4	3	6	strength_v	57	86					1	86	60|80|100	1720	50
4	3	7	dexterity_v	57	86					1	86	60|80|100	1720	50
4	3	8	ignore_fire_resist_v	100	100	57	86			2	100	60|80|100	2000	100
4	3	9	ignore_defense_v	57	86					1	86	60|80|100	1720	50
4	3	10	rangedamage_return_v	228	342					1	342	60|80|100	1710	120
4	3	11	meleedamage_return_v	228	342					1	342	60|80|100	1710	120
4	3	12	attackrating_v	57	86					1	86	60|80|100	1720	120
4	3	13	lifemax_v	1139	1708					1	1708	60|80|100	1708	100
4	3	14	manamax_v	1139	1708					1	1708	60|80|100	1708	120
4	3	15	fire_resist_v	285	428					1	428	60|80|100	1712	100
4	3	16	stealmana_v	114	171					1	171	60|80|100	1710	120
4	3	17	steallife_v	114	171					1	171	60|80|100	1710	100
4	3	18	recover_life_v	57	86	9	9			1	86	60|80|100	1720	100
4	3	19	recover_mana_v	57	86	9	9			1	86	60|80|100	1720	120
4	3	20	lifereplenish_w	456	683					1	683	60|80|100	1708	100
4	3	21	manareplenish_w	456	683					1	683	60|80|100	1708	120
4	3	22	weaken_deadlystrike_damage_v	57	86					1	86	60|80|100	1720	100
4	3	23	weaken_deadlystrike_v	57	86					1	86	60|80|100	1720	100
4	3	24	defense_v	57	86					1	86	60|80|100	1720	100
4	3	25	vitality_v	57	86					1	86	60|80|100	1720	100
4	3	26	energy_v	57	86					1	86	60|80|100	1720	100
4	3	27	return_resist_range_v	228	342					1	342	60|80|100	1710	120
4	3	28	return_resist_melee_v	228	342					1	342	60|80|100	1710	120
4	4	1	physical_firedamage_v	66	99					1	99	60|80|100	1980	50
4	4	2	energy_firedamage_v	66	99					1	99	60|80|100	1980	50
4	4	3	basic_damage_v	66	99			66	99	1	99	60|80|100	1980	50
4	4	4	deadlystrike_damage_v	66	99					1	99	60|80|100	1980	50
4	4	5	deadlystrike_v	66	99					1	99	60|80|100	1980	50
4	4	6	strength_v	66	99					1	99	60|80|100	1980	50
4	4	7	dexterity_v	66	99					1	99	60|80|100	1980	50
4	4	8	ignore_fire_resist_v	100	100	66	99			2	100	60|80|100	2000	100
4	4	9	ignore_defense_v	66	99					1	99	60|80|100	1980	50
4	4	10	rangedamage_return_v	262	393					1	393	60|80|100	1965	120
4	4	11	meleedamage_return_v	262	393					1	393	60|80|100	1965	120
4	4	12	attackrating_v	66	99					1	99	60|80|100	1980	120
4	4	13	lifemax_v	1309	1964					1	1964	60|80|100	1964	100
4	4	14	manamax_v	1309	1964					1	1964	60|80|100	1964	120
4	4	15	fire_resist_v	328	491					1	491	60|80|100	1964	100
4	4	16	stealmana_v	132	197					1	197	60|80|100	1970	120
4	4	17	steallife_v	132	197					1	197	60|80|100	1970	100
4	4	18	recover_life_v	66	99	9	9			1	99	60|80|100	1980	100
4	4	19	recover_mana_v	66	99	9	9			1	99	60|80|100	1980	120
4	4	20	lifereplenish_w	524	785					1	785	60|80|100	1963	100
4	4	21	manareplenish_w	524	785					1	785	60|80|100	1963	120
4	4	22	weaken_deadlystrike_damage_v	66	99					1	99	60|80|100	1980	100
4	4	23	weaken_deadlystrike_v	66	99					1	99	60|80|100	1980	100
4	4	24	defense_v	66	99					1	99	60|80|100	1980	100
4	4	25	vitality_v	66	99					1	99	60|80|100	1980	100
4	4	26	energy_v	66	99					1	99	60|80|100	1980	100
4	4	27	return_resist_range_v	262	393					1	393	60|80|100	1965	120
4	4	28	return_resist_melee_v	262	393					1	393	60|80|100	1965	120
4	5	1	physical_firedamage_v	76	113					1	113	60|80|100	2260	50
4	5	2	energy_firedamage_v	76	113					1	113	60|80|100	2260	50
4	5	3	basic_damage_v	76	113			76	113	1	113	60|80|100	2260	50
4	5	4	deadlystrike_damage_v	76	113					1	113	60|80|100	2260	50
4	5	5	deadlystrike_v	76	113					1	113	60|80|100	2260	50
4	5	6	strength_v	76	113					1	113	60|80|100	2260	50
4	5	7	dexterity_v	76	113					1	113	60|80|100	2260	50
4	5	8	ignore_fire_resist_v	100	100	76	113			2	113	60|80|100	2000	100
4	5	9	ignore_defense_v	76	113					1	113	60|80|100	2260	50
4	5	10	rangedamage_return_v	301	452					1	452	60|80|100	2260	120
4	5	11	meleedamage_return_v	301	452					1	452	60|80|100	2260	120
4	5	12	attackrating_v	76	113					1	113	60|80|100	2260	120
4	5	13	lifemax_v	1505	2258					1	2258	60|80|100	2258	100
4	5	14	manamax_v	1505	2258					1	2258	60|80|100	2258	120
4	5	15	fire_resist_v	376	564					1	564	60|80|100	2256	100
4	5	16	stealmana_v	151	226					1	226	60|80|100	2260	120
4	5	17	steallife_v	151	226					1	226	60|80|100	2260	100
4	5	18	recover_life_v	76	113	9	9			1	113	60|80|100	2260	100
4	5	19	recover_mana_v	76	113	9	9			1	113	60|80|100	2260	120
4	5	20	lifereplenish_w	602	903					1	903	60|80|100	2258	100
4	5	21	manareplenish_w	602	903					1	903	60|80|100	2258	120
4	5	22	weaken_deadlystrike_damage_v	76	113					1	113	60|80|100	2260	100
4	5	23	weaken_deadlystrike_v	76	113					1	113	60|80|100	2260	100
4	5	24	defense_v	76	113					1	113	60|80|100	2260	100
4	5	25	vitality_v	76	113					1	113	60|80|100	2260	100
4	5	26	energy_v	76	113					1	113	60|80|100	2260	100
4	5	27	return_resist_range_v	301	452					1	452	60|80|100	2260	120
4	5	28	return_resist_melee_v	301	452					1	452	60|80|100	2260	120
4	6	1	physical_firedamage_v	87	130					1	130	60|80|100	2600	50
4	6	2	energy_firedamage_v	87	130					1	130	60|80|100	2600	50
4	6	3	basic_damage_v	87	130			87	130	1	130	60|80|100	2600	50
4	6	4	deadlystrike_damage_v	87	130					1	130	60|80|100	2600	50
4	6	5	deadlystrike_v	87	130					1	130	60|80|100	2600	50
4	6	6	strength_v	87	130					1	130	60|80|100	2600	50
4	6	7	dexterity_v	87	130					1	130	60|80|100	2600	50
4	6	8	ignore_fire_resist_v	100	100	87	130			2	130	60|80|100	2000	100
4	6	9	ignore_defense_v	87	130					1	130	60|80|100	2600	50
4	6	10	rangedamage_return_v	347	520					1	520	60|80|100	2600	120
4	6	11	meleedamage_return_v	347	520					1	520	60|80|100	2600	120
4	6	12	attackrating_v	87	130					1	130	60|80|100	2600	120
4	6	13	lifemax_v	1731	2596					1	2596	60|80|100	2596	100
4	6	14	manamax_v	1731	2596					1	2596	60|80|100	2596	120
4	6	15	fire_resist_v	433	650					1	650	60|80|100	2600	100
4	6	16	stealmana_v	173	260					1	260	60|80|100	2600	120
4	6	17	steallife_v	173	260					1	260	60|80|100	2600	100
4	6	18	recover_life_v	87	130	9	9			1	130	60|80|100	2600	100
4	6	19	recover_mana_v	87	130	9	9			1	130	60|80|100	2600	120
4	6	20	lifereplenish_w	692	1038					1	1038	60|80|100	2595	100
4	6	21	manareplenish_w	692	1038					1	1038	60|80|100	2595	120
4	6	22	weaken_deadlystrike_damage_v	87	130					1	130	60|80|100	2600	100
4	6	23	weaken_deadlystrike_v	87	130					1	130	60|80|100	2600	100
4	6	24	defense_v	87	130					1	130	60|80|100	2600	100
4	6	25	vitality_v	87	130					1	130	60|80|100	2600	100
4	6	26	energy_v	87	130					1	130	60|80|100	2600	100
4	6	27	return_resist_range_v	347	520					1	520	60|80|100	2600	120
4	6	28	return_resist_melee_v	347	520					1	520	60|80|100	2600	120
4	7	1	physical_firedamage_v	96	143					1	143	60|80|100	2860	50
4	7	2	energy_firedamage_v	96	143					1	143	60|80|100	2860	50
4	7	3	basic_damage_v	96	143			96	143	1	143	60|80|100	2860	50
4	7	4	deadlystrike_damage_v	96	143					1	143	60|80|100	2860	50
4	7	5	deadlystrike_v	96	143					1	143	60|80|100	2860	50
4	7	6	strength_v	96	143					1	143	60|80|100	2860	50
4	7	7	dexterity_v	96	143					1	143	60|80|100	2860	50
4	7	8	ignore_fire_resist_v	100	100	96	143			2	143	60|80|100	2000	100
4	7	9	ignore_defense_v	96	143					1	143	60|80|100	2860	50
4	7	10	rangedamage_return_v	381	572					1	572	60|80|100	2860	120
4	7	11	meleedamage_return_v	381	572					1	572	60|80|100	2860	120
4	7	12	attackrating_v	96	143					1	143	60|80|100	2860	120
4	7	13	lifemax_v	1904	2856					1	2856	60|80|100	2856	100
4	7	14	manamax_v	1904	2856					1	2856	60|80|100	2856	120
4	7	15	fire_resist_v	476	714					1	714	60|80|100	2856	100
4	7	16	stealmana_v	191	286					1	286	60|80|100	2860	120
4	7	17	steallife_v	191	286					1	286	60|80|100	2860	100
4	7	18	recover_life_v	96	143	9	9			1	143	60|80|100	2860	100
4	7	19	recover_mana_v	96	143	9	9			1	143	60|80|100	2860	120
4	7	20	lifereplenish_w	762	1143					1	1143	60|80|100	2858	100
4	7	21	manareplenish_w	762	1143					1	1143	60|80|100	2858	120
4	7	22	weaken_deadlystrike_damage_v	96	143					1	143	60|80|100	2860	100
4	7	23	weaken_deadlystrike_v	96	143					1	143	60|80|100	2860	100
4	7	24	defense_v	96	143					1	143	60|80|100	2860	100
4	7	25	vitality_v	96	143					1	143	60|80|100	2860	100
4	7	26	energy_v	96	143					1	143	60|80|100	2860	100
4	7	27	return_resist_range_v	381	572					1	572	60|80|100	2860	120
4	7	28	return_resist_melee_v	381	572					1	572	60|80|100	2860	120
4	8	1	physical_firedamage_v	105	158					1	158	60|80|100	3160	50
4	8	2	energy_firedamage_v	105	158					1	158	60|80|100	3160	50
4	8	3	basic_damage_v	105	158			105	158	1	158	60|80|100	3160	50
4	8	4	deadlystrike_damage_v	105	158					1	158	60|80|100	3160	50
4	8	5	deadlystrike_v	105	158					1	158	60|80|100	3160	50
4	8	6	strength_v	105	158					1	158	60|80|100	3160	50
4	8	7	dexterity_v	105	158					1	158	60|80|100	3160	50
4	8	8	ignore_fire_resist_v	100	100	105	158			2	158	60|80|100	2000	100
4	8	9	ignore_defense_v	105	158					1	158	60|80|100	3160	50
4	8	10	rangedamage_return_v	420	629					1	629	60|80|100	3145	120
4	8	11	meleedamage_return_v	420	629					1	629	60|80|100	3145	120
4	8	12	attackrating_v	105	158					1	158	60|80|100	3160	120
4	8	13	lifemax_v	2095	3142					1	3142	60|80|100	3142	100
4	8	14	manamax_v	2095	3142					1	3142	60|80|100	3142	120
4	8	15	fire_resist_v	524	785					1	785	60|80|100	3140	100
4	8	16	stealmana_v	210	315					1	315	60|80|100	3150	120
4	8	17	steallife_v	210	315					1	315	60|80|100	3150	100
4	8	18	recover_life_v	105	158	9	9			1	158	60|80|100	3160	100
4	8	19	recover_mana_v	105	158	9	9			1	158	60|80|100	3160	120
4	8	20	lifereplenish_w	838	1257					1	1257	60|80|100	3143	100
4	8	21	manareplenish_w	838	1257					1	1257	60|80|100	3143	120
4	8	22	weaken_deadlystrike_damage_v	105	158					1	158	60|80|100	3160	100
4	8	23	weaken_deadlystrike_v	105	158					1	158	60|80|100	3160	100
4	8	24	defense_v	105	158					1	158	60|80|100	3160	100
4	8	25	vitality_v	105	158					1	158	60|80|100	3160	100
4	8	26	energy_v	105	158					1	158	60|80|100	3160	100
4	8	27	return_resist_range_v	420	629					1	629	60|80|100	3145	120
4	8	28	return_resist_melee_v	420	629					1	629	60|80|100	3145	120
4	9	1	physical_firedamage_v	116	173					1	173	60|80|100	3460	50
4	9	2	energy_firedamage_v	116	173					1	173	60|80|100	3460	50
4	9	3	basic_damage_v	116	173			116	173	1	173	60|80|100	3460	50
4	9	4	deadlystrike_damage_v	116	173					1	173	60|80|100	3460	50
4	9	5	deadlystrike_v	116	173					1	173	60|80|100	3460	50
4	9	6	strength_v	116	173					1	173	60|80|100	3460	50
4	9	7	dexterity_v	116	173					1	173	60|80|100	3460	50
4	9	8	ignore_fire_resist_v	100	100	116	173			2	173	60|80|100	2000	100
4	9	9	ignore_defense_v	116	173					1	173	60|80|100	3460	50
4	9	10	rangedamage_return_v	461	692					1	692	60|80|100	3460	120
4	9	11	meleedamage_return_v	461	692					1	692	60|80|100	3460	120
4	9	12	attackrating_v	116	173					1	173	60|80|100	3460	120
4	9	13	lifemax_v	2304	3455					1	3455	60|80|100	3455	100
4	9	14	manamax_v	2304	3455					1	3455	60|80|100	3455	120
4	9	15	fire_resist_v	576	864					1	864	60|80|100	3456	100
4	9	16	stealmana_v	231	346					1	346	60|80|100	3460	120
4	9	17	steallife_v	231	346					1	346	60|80|100	3460	100
4	9	18	recover_life_v	116	173	9	9			1	173	60|80|100	3460	100
4	9	19	recover_mana_v	116	173	9	9			1	173	60|80|100	3460	120
4	9	20	lifereplenish_w	922	1383					1	1383	60|80|100	3458	100
4	9	21	manareplenish_w	922	1383					1	1383	60|80|100	3458	120
4	9	22	weaken_deadlystrike_damage_v	116	173					1	173	60|80|100	3460	100
4	9	23	weaken_deadlystrike_v	116	173					1	173	60|80|100	3460	100
4	9	24	defense_v	116	173					1	173	60|80|100	3460	100
4	9	25	vitality_v	116	173					1	173	60|80|100	3460	100
4	9	26	energy_v	116	173					1	173	60|80|100	3460	100
4	9	27	return_resist_range_v	461	692					1	692	60|80|100	3460	120
4	9	28	return_resist_melee_v	461	692					1	692	60|80|100	3460	120
4	10	1	physical_firedamage_v	127	190					1	190	60|80|100	3800	50
4	10	2	energy_firedamage_v	127	190					1	190	60|80|100	3800	50
4	10	3	basic_damage_v	127	190			127	190	1	190	60|80|100	3800	50
4	10	4	deadlystrike_damage_v	127	190					1	190	60|80|100	3800	50
4	10	5	deadlystrike_v	127	190					1	190	60|80|100	3800	50
4	10	6	strength_v	127	190					1	190	60|80|100	3800	50
4	10	7	dexterity_v	127	190					1	190	60|80|100	3800	50
4	10	8	ignore_fire_resist_v	100	100	127	190			2	190	60|80|100	2000	100
4	10	9	ignore_defense_v	127	190					1	190	60|80|100	3800	50
4	10	10	rangedamage_return_v	507	760					1	760	60|80|100	3800	120
4	10	11	meleedamage_return_v	507	760					1	760	60|80|100	3800	120
4	10	12	attackrating_v	127	190					1	190	60|80|100	3800	120
4	10	13	lifemax_v	2534	3801					1	3801	60|80|100	3801	100
4	10	14	manamax_v	2534	3801					1	3801	60|80|100	3801	120
4	10	15	fire_resist_v	634	951					1	951	60|80|100	3804	100
4	10	16	stealmana_v	254	381					1	381	60|80|100	3810	120
4	10	17	steallife_v	254	381					1	381	60|80|100	3810	100
4	10	18	recover_life_v	127	190	9	9			1	190	60|80|100	3800	100
4	10	19	recover_mana_v	127	190	9	9			1	190	60|80|100	3800	120
4	10	20	lifereplenish_w	1014	1521					1	1521	60|80|100	3803	100
4	10	21	manareplenish_w	1014	1521					1	1521	60|80|100	3803	120
4	10	22	weaken_deadlystrike_damage_v	127	190					1	190	60|80|100	3800	100
4	10	23	weaken_deadlystrike_v	127	190					1	190	60|80|100	3800	100
4	10	24	defense_v	127	190					1	190	60|80|100	3800	100
4	10	25	vitality_v	127	190					1	190	60|80|100	3800	100
4	10	26	energy_v	127	190					1	190	60|80|100	3800	100
4	10	27	return_resist_range_v	507	760					1	760	60|80|100	3800	120
4	10	28	return_resist_melee_v	507	760					1	760	60|80|100	3800	120
4	11	1	physical_firedamage_v	140	209					1	209	60|80|100	4180	50
4	11	2	energy_firedamage_v	140	209					1	209	60|80|100	4180	50
4	11	3	basic_damage_v	140	209			140	209	1	209	60|80|100	4180	50
4	11	4	deadlystrike_damage_v	140	209					1	209	60|80|100	4180	50
4	11	5	deadlystrike_v	140	209					1	209	60|80|100	4180	50
4	11	6	strength_v	140	209					1	209	60|80|100	4180	50
4	11	7	dexterity_v	140	209					1	209	60|80|100	4180	50
4	11	8	ignore_fire_resist_v	100	100	140	209			2	209	60|80|100	2000	100
4	11	9	ignore_defense_v	140	209					1	209	60|80|100	4180	50
4	11	10	rangedamage_return_v	558	837					1	837	60|80|100	4185	120
4	11	11	meleedamage_return_v	558	837					1	837	60|80|100	4185	120
4	11	12	attackrating_v	140	209					1	209	60|80|100	4180	120
4	11	13	lifemax_v	2788	4181					1	4181	60|80|100	4181	100
4	11	14	manamax_v	2788	4181					1	4181	60|80|100	4181	120
4	11	15	fire_resist_v	697	1046					1	1046	60|80|100	4184	100
4	11	16	stealmana_v	279	418					1	418	60|80|100	4180	120
4	11	17	steallife_v	279	418					1	418	60|80|100	4180	100
4	11	18	recover_life_v	140	209	9	9			1	209	60|80|100	4180	100
4	11	19	recover_mana_v	140	209	9	9			1	209	60|80|100	4180	120
4	11	20	lifereplenish_w	1116	1673					1	1673	60|80|100	4183	100
4	11	21	manareplenish_w	1116	1673					1	1673	60|80|100	4183	120
4	11	22	weaken_deadlystrike_damage_v	140	209					1	209	60|80|100	4180	100
4	11	23	weaken_deadlystrike_v	140	209					1	209	60|80|100	4180	100
4	11	24	defense_v	140	209					1	209	60|80|100	4180	100
4	11	25	vitality_v	140	209					1	209	60|80|100	4180	100
4	11	26	energy_v	140	209					1	209	60|80|100	4180	100
4	11	27	return_resist_range_v	558	837					1	837	60|80|100	4185	120
4	11	28	return_resist_melee_v	558	837					1	837	60|80|100	4185	120
4	12	1	physical_firedamage_v	152	228					1	228	60|80|100	4560	50
4	12	2	energy_firedamage_v	152	228					1	228	60|80|100	4560	50
4	12	3	basic_damage_v	152	228			152	228	1	228	60|80|100	4560	50
4	12	4	deadlystrike_damage_v	152	228					1	228	60|80|100	4560	50
4	12	5	deadlystrike_v	152	228					1	228	60|80|100	4560	50
4	12	6	strength_v	152	228					1	228	60|80|100	4560	50
4	12	7	dexterity_v	152	228					1	228	60|80|100	4560	50
4	12	8	ignore_fire_resist_v	100	100	152	228			2	228	60|80|100	2000	100
4	12	9	ignore_defense_v	152	228					1	228	60|80|100	4560	50
4	12	10	rangedamage_return_v	608	912					1	912	60|80|100	4560	120
4	12	11	meleedamage_return_v	608	912					1	912	60|80|100	4560	120
4	12	12	attackrating_v	152	228					1	228	60|80|100	4560	120
4	12	13	lifemax_v	3041	4562					1	4562	60|80|100	4562	100
4	12	14	manamax_v	3041	4562					1	4562	60|80|100	4562	120
4	12	15	fire_resist_v	760	1140					1	1140	60|80|100	4560	100
4	12	16	stealmana_v	304	456					1	456	60|80|100	4560	120
4	12	17	steallife_v	304	456					1	456	60|80|100	4560	100
4	12	18	recover_life_v	152	228	9	9			1	228	60|80|100	4560	100
4	12	19	recover_mana_v	152	228	9	9			1	228	60|80|100	4560	120
4	12	20	lifereplenish_w	1216	1824					1	1824	60|80|100	4560	100
4	12	21	manareplenish_w	1216	1824					1	1824	60|80|100	4560	120
4	12	22	weaken_deadlystrike_damage_v	152	228					1	228	60|80|100	4560	100
4	12	23	weaken_deadlystrike_v	152	228					1	228	60|80|100	4560	100
4	12	24	defense_v	152	228					1	228	60|80|100	4560	100
4	12	25	vitality_v	152	228					1	228	60|80|100	4560	100
4	12	26	energy_v	152	228					1	228	60|80|100	4560	100
4	12	27	return_resist_range_v	608	912					1	912	60|80|100	4560	120
4	12	28	return_resist_melee_v	608	912					1	912	60|80|100	4560	120
4	13	1	physical_firedamage_v	160	240					1	240	60|80|100	4800	50
4	13	2	energy_firedamage_v	160	240					1	240	60|80|100	4800	50
4	13	3	basic_damage_v	160	240			160	240	1	240	60|80|100	4800	50
4	13	4	deadlystrike_damage_v	160	240					1	240	60|80|100	4800	50
4	13	5	deadlystrike_v	160	240					1	240	60|80|100	4800	50
4	13	6	strength_v	160	240					1	240	60|80|100	4800	50
4	13	7	dexterity_v	160	240					1	240	60|80|100	4800	50
4	13	8	ignore_fire_resist_v	100	100	160	240			2	240	60|80|100	2000	100
4	13	9	ignore_defense_v	160	240					1	240	60|80|100	4800	50
4	13	10	rangedamage_return_v	639	958					1	958	60|80|100	4790	120
4	13	11	meleedamage_return_v	639	958					1	958	60|80|100	4790	120
4	13	12	attackrating_v	160	240					1	240	60|80|100	4800	120
4	13	13	lifemax_v	3193	4790					1	4790	60|80|100	4790	100
4	13	14	manamax_v	3193	4790					1	4790	60|80|100	4790	120
4	13	15	fire_resist_v	799	1198					1	1198	60|80|100	4792	100
4	13	16	stealmana_v	320	479					1	479	60|80|100	4790	120
4	13	17	steallife_v	320	479					1	479	60|80|100	4790	100
4	13	18	recover_life_v	160	240	9	9			1	240	60|80|100	4800	100
4	13	19	recover_mana_v	160	240	9	9			1	240	60|80|100	4800	120
4	13	20	lifereplenish_w	1277	1916					1	1916	60|80|100	4790	100
4	13	21	manareplenish_w	1277	1916					1	1916	60|80|100	4790	120
4	13	22	weaken_deadlystrike_damage_v	160	240					1	240	60|80|100	4800	100
4	13	23	weaken_deadlystrike_v	160	240					1	240	60|80|100	4800	100
4	13	24	defense_v	160	240					1	240	60|80|100	4800	100
4	13	25	vitality_v	160	240					1	240	60|80|100	4800	100
4	13	26	energy_v	160	240					1	240	60|80|100	4800	100
4	13	27	return_resist_range_v	639	958					1	958	60|80|100	4790	120
4	13	28	return_resist_melee_v	639	958					1	958	60|80|100	4790	120
4	14	1	physical_firedamage_v	168	251					1	251	60|80|100	5020	50
4	14	2	energy_firedamage_v	168	251					1	251	60|80|100	5020	50
4	14	3	basic_damage_v	168	251			168	251	1	251	60|80|100	5020	50
4	14	4	deadlystrike_damage_v	168	251					1	251	60|80|100	5020	50
4	14	5	deadlystrike_v	168	251					1	251	60|80|100	5020	50
4	14	6	strength_v	168	251					1	251	60|80|100	5020	50
4	14	7	dexterity_v	168	251					1	251	60|80|100	5020	50
4	14	8	ignore_fire_resist_v	100	100	168	251			2	251	60|80|100	2000	100
4	14	9	ignore_defense_v	168	251					1	251	60|80|100	5020	50
4	14	10	rangedamage_return_v	671	1006					1	1006	60|80|100	5030	120
4	14	11	meleedamage_return_v	671	1006					1	1006	60|80|100	5030	120
4	14	12	attackrating_v	168	251					1	251	60|80|100	5020	120
4	14	13	lifemax_v	3351	5026					1	5026	60|80|100	5026	100
4	14	14	manamax_v	3351	5026					1	5026	60|80|100	5026	120
4	14	15	fire_resist_v	838	1257					1	1257	60|80|100	5028	100
4	14	16	stealmana_v	336	503					1	503	60|80|100	5030	120
4	14	17	steallife_v	336	503					1	503	60|80|100	5030	100
4	14	18	recover_life_v	168	251	9	9			1	251	60|80|100	5020	100
4	14	19	recover_mana_v	168	251	9	9			1	251	60|80|100	5020	120
4	14	20	lifereplenish_w	1340	2010					1	2010	60|80|100	5025	100
4	14	21	manareplenish_w	1340	2010					1	2010	60|80|100	5025	120
4	14	22	weaken_deadlystrike_damage_v	168	251					1	251	60|80|100	5020	100
4	14	23	weaken_deadlystrike_v	168	251					1	251	60|80|100	5020	100
4	14	24	defense_v	168	251					1	251	60|80|100	5020	100
4	14	25	vitality_v	168	251					1	251	60|80|100	5020	100
4	14	26	energy_v	168	251					1	251	60|80|100	5020	100
4	14	27	return_resist_range_v	671	1006					1	1006	60|80|100	5030	120
4	14	28	return_resist_melee_v	671	1006					1	1006	60|80|100	5030	120
4	15	1	physical_firedamage_v	176	263					1	263	60|80|100	5260	50
4	15	2	energy_firedamage_v	176	263					1	263	60|80|100	5260	50
4	15	3	basic_damage_v	176	263			176	263	1	263	60|80|100	5260	50
4	15	4	deadlystrike_damage_v	176	263					1	263	60|80|100	5260	50
4	15	5	deadlystrike_v	176	263					1	263	60|80|100	5260	50
4	15	6	strength_v	176	263					1	263	60|80|100	5260	50
4	15	7	dexterity_v	176	263					1	263	60|80|100	5260	50
4	15	8	ignore_fire_resist_v	100	100	176	263			2	263	60|80|100	2000	100
4	15	9	ignore_defense_v	176	263					1	263	60|80|100	5260	50
4	15	10	rangedamage_return_v	702	1053					1	1053	60|80|100	5265	120
4	15	11	meleedamage_return_v	702	1053					1	1053	60|80|100	5265	120
4	15	12	attackrating_v	176	263					1	263	60|80|100	5260	120
4	15	13	lifemax_v	3508	5262					1	5262	60|80|100	5262	100
4	15	14	manamax_v	3508	5262					1	5262	60|80|100	5262	120
4	15	15	fire_resist_v	877	1316					1	1316	60|80|100	5264	100
4	15	16	stealmana_v	352	527					1	527	60|80|100	5270	120
4	15	17	steallife_v	352	527					1	527	60|80|100	5270	100
4	15	18	recover_life_v	176	263	9	9			1	263	60|80|100	5260	100
4	15	19	recover_mana_v	176	263	9	9			1	263	60|80|100	5260	120
4	15	20	lifereplenish_w	1404	2105					1	2105	60|80|100	5263	100
4	15	21	manareplenish_w	1404	2105					1	2105	60|80|100	5263	120
4	15	22	weaken_deadlystrike_damage_v	176	263					1	263	60|80|100	5260	100
4	15	23	weaken_deadlystrike_v	176	263					1	263	60|80|100	5260	100
4	15	24	defense_v	176	263					1	263	60|80|100	5260	100
4	15	25	vitality_v	176	263					1	263	60|80|100	5260	100
4	15	26	energy_v	176	263					1	263	60|80|100	5260	100
4	15	27	return_resist_range_v	702	1053					1	1053	60|80|100	5265	120
4	15	28	return_resist_melee_v	702	1053					1	1053	60|80|100	5265	120
4	16	1	physical_firedamage_v	184	275					1	275	60|80|100	5500	50
4	16	2	energy_firedamage_v	184	275					1	275	60|80|100	5500	50
4	16	3	basic_damage_v	184	275			184	275	1	275	60|80|100	5500	50
4	16	4	deadlystrike_damage_v	184	275					1	275	60|80|100	5500	50
4	16	5	deadlystrike_v	184	275					1	275	60|80|100	5500	50
4	16	6	strength_v	184	275					1	275	60|80|100	5500	50
4	16	7	dexterity_v	184	275					1	275	60|80|100	5500	50
4	16	8	ignore_fire_resist_v	100	100	184	275			2	275	60|80|100	2000	100
4	16	9	ignore_defense_v	184	275					1	275	60|80|100	5500	50
4	16	10	rangedamage_return_v	733	1100					1	1100	60|80|100	5500	120
4	16	11	meleedamage_return_v	733	1100					1	1100	60|80|100	5500	120
4	16	12	attackrating_v	184	275					1	275	60|80|100	5500	120
4	16	13	lifemax_v	3666	5499					1	5499	60|80|100	5499	100
4	16	14	manamax_v	3666	5499					1	5499	60|80|100	5499	120
4	16	15	fire_resist_v	917	1376					1	1376	60|80|100	5504	100
4	16	16	stealmana_v	367	550					1	550	60|80|100	5500	120
4	16	17	steallife_v	367	550					1	550	60|80|100	5500	100
4	16	18	recover_life_v	184	275	9	9			1	275	60|80|100	5500	100
4	16	19	recover_mana_v	184	275	9	9			1	275	60|80|100	5500	120
4	16	20	lifereplenish_w	1467	2200					1	2200	60|80|100	5500	100
4	16	21	manareplenish_w	1467	2200					1	2200	60|80|100	5500	120
4	16	22	weaken_deadlystrike_damage_v	184	275					1	275	60|80|100	5500	100
4	16	23	weaken_deadlystrike_v	184	275					1	275	60|80|100	5500	100
4	16	24	defense_v	184	275					1	275	60|80|100	5500	100
4	16	25	vitality_v	184	275					1	275	60|80|100	5500	100
4	16	26	energy_v	184	275					1	275	60|80|100	5500	100
4	16	27	return_resist_range_v	733	1100					1	1100	60|80|100	5500	120
4	16	28	return_resist_melee_v	733	1100					1	1100	60|80|100	5500	120
4	17	1	physical_firedamage_v	192	287					1	287	60|80|100	5740	50
4	17	2	energy_firedamage_v	192	287					1	287	60|80|100	5740	50
4	17	3	basic_damage_v	192	287			192	287	1	287	60|80|100	5740	50
4	17	4	deadlystrike_damage_v	192	287					1	287	60|80|100	5740	50
4	17	5	deadlystrike_v	192	287					1	287	60|80|100	5740	50
4	17	6	strength_v	192	287					1	287	60|80|100	5740	50
4	17	7	dexterity_v	192	287					1	287	60|80|100	5740	50
4	17	8	ignore_fire_resist_v	100	100	192	287			2	287	60|80|100	2000	100
4	17	9	ignore_defense_v	192	287					1	287	60|80|100	5740	50
4	17	10	rangedamage_return_v	765	1148					1	1148	60|80|100	5740	120
4	17	11	meleedamage_return_v	765	1148					1	1148	60|80|100	5740	120
4	17	12	attackrating_v	192	287					1	287	60|80|100	5740	120
4	17	13	lifemax_v	3824	5735					1	5735	60|80|100	5735	100
4	17	14	manamax_v	3824	5735					1	5735	60|80|100	5735	120
4	17	15	fire_resist_v	956	1434					1	1434	60|80|100	5736	100
4	17	16	stealmana_v	383	574					1	574	60|80|100	5740	120
4	17	17	steallife_v	383	574					1	574	60|80|100	5740	100
4	17	18	recover_life_v	192	287	9	9			1	287	60|80|100	5740	100
4	17	19	recover_mana_v	192	287	9	9			1	287	60|80|100	5740	120
4	17	20	lifereplenish_w	1530	2295					1	2295	60|80|100	5738	100
4	17	21	manareplenish_w	1530	2295					1	2295	60|80|100	5738	120
4	17	22	weaken_deadlystrike_damage_v	192	287					1	287	60|80|100	5740	100
4	17	23	weaken_deadlystrike_v	192	287					1	287	60|80|100	5740	100
4	17	24	defense_v	192	287					1	287	60|80|100	5740	100
4	17	25	vitality_v	192	287					1	287	60|80|100	5740	100
4	17	26	energy_v	192	287					1	287	60|80|100	5740	100
4	17	27	return_resist_range_v	765	1148					1	1148	60|80|100	5740	120
4	17	28	return_resist_melee_v	765	1148					1	1148	60|80|100	5740	120
4	18	1	physical_firedamage_v	200	299					1	299	60|80|100	5980	50
4	18	2	energy_firedamage_v	200	299					1	299	60|80|100	5980	50
4	18	3	basic_damage_v	200	299			200	299	1	299	60|80|100	5980	50
4	18	4	deadlystrike_damage_v	200	299					1	299	60|80|100	5980	50
4	18	5	deadlystrike_v	200	299					1	299	60|80|100	5980	50
4	18	6	strength_v	200	299					1	299	60|80|100	5980	50
4	18	7	dexterity_v	200	299					1	299	60|80|100	5980	50
4	18	8	ignore_fire_resist_v	100	100	200	299			2	299	60|80|100	2000	100
4	18	9	ignore_defense_v	200	299					1	299	60|80|100	5980	50
4	18	10	rangedamage_return_v	796	1194					1	1194	60|80|100	5970	120
4	18	11	meleedamage_return_v	796	1194					1	1194	60|80|100	5970	120
4	18	12	attackrating_v	200	299					1	299	60|80|100	5980	120
4	18	13	lifemax_v	3982	5973					1	5973	60|80|100	5973	100
4	18	14	manamax_v	3982	5973					1	5973	60|80|100	5973	120
4	18	15	fire_resist_v	996	1493					1	1493	60|80|100	5972	100
4	18	16	stealmana_v	399	598					1	598	60|80|100	5980	120
4	18	17	steallife_v	399	598					1	598	60|80|100	5980	100
4	18	18	recover_life_v	200	299	9	9			1	299	60|80|100	5980	100
4	18	19	recover_mana_v	200	299	9	9			1	299	60|80|100	5980	120
4	18	20	lifereplenish_w	1593	2390					1	2390	60|80|100	5975	100
4	18	21	manareplenish_w	1593	2390					1	2390	60|80|100	5975	120
4	18	22	weaken_deadlystrike_damage_v	200	299					1	299	60|80|100	5980	100
4	18	23	weaken_deadlystrike_v	200	299					1	299	60|80|100	5980	100
4	18	24	defense_v	200	299					1	299	60|80|100	5980	100
4	18	25	vitality_v	200	299					1	299	60|80|100	5980	100
4	18	26	energy_v	200	299					1	299	60|80|100	5980	100
4	18	27	return_resist_range_v	796	1194					1	1194	60|80|100	5970	120
4	18	28	return_resist_melee_v	796	1194					1	1194	60|80|100	5970	120
4	19	1	physical_firedamage_v	208	311					1	311	60|80|100	6220	50
4	19	2	energy_firedamage_v	208	311					1	311	60|80|100	6220	50
4	19	3	basic_damage_v	208	311			208	311	1	311	60|80|100	6220	50
4	19	4	deadlystrike_damage_v	208	311					1	311	60|80|100	6220	50
4	19	5	deadlystrike_v	208	311					1	311	60|80|100	6220	50
4	19	6	strength_v	208	311					1	311	60|80|100	6220	50
4	19	7	dexterity_v	208	311					1	311	60|80|100	6220	50
4	19	8	ignore_fire_resist_v	100	100	208	311			2	311	60|80|100	2000	100
4	19	9	ignore_defense_v	208	311					1	311	60|80|100	6220	50
4	19	10	rangedamage_return_v	828	1242					1	1242	60|80|100	6210	120
4	19	11	meleedamage_return_v	828	1242					1	1242	60|80|100	6210	120
4	19	12	attackrating_v	208	311					1	311	60|80|100	6220	120
4	19	13	lifemax_v	4140	6209					1	6209	60|80|100	6209	100
4	19	14	manamax_v	4140	6209					1	6209	60|80|100	6209	120
4	19	15	fire_resist_v	1035	1552					1	1552	60|80|100	6208	100
4	19	16	stealmana_v	414	621					1	621	60|80|100	6210	120
4	19	17	steallife_v	414	621					1	621	60|80|100	6210	100
4	19	18	recover_life_v	208	311	9	9			1	311	60|80|100	6220	100
4	19	19	recover_mana_v	208	311	9	9			1	311	60|80|100	6220	120
4	19	20	lifereplenish_w	1656	2483					1	2483	60|80|100	6208	100
4	19	21	manareplenish_w	1656	2483					1	2483	60|80|100	6208	120
4	19	22	weaken_deadlystrike_damage_v	208	311					1	311	60|80|100	6220	100
4	19	23	weaken_deadlystrike_v	208	311					1	311	60|80|100	6220	100
4	19	24	defense_v	208	311					1	311	60|80|100	6220	100
4	19	25	vitality_v	208	311					1	311	60|80|100	6220	100
4	19	26	energy_v	208	311					1	311	60|80|100	6220	100
4	19	27	return_resist_range_v	828	1242					1	1242	60|80|100	6210	120
4	19	28	return_resist_melee_v	828	1242					1	1242	60|80|100	6210	120
4	20	1	physical_firedamage_v	216	323					1	323	60|80|100	6460	50
4	20	2	energy_firedamage_v	216	323					1	323	60|80|100	6460	50
4	20	3	basic_damage_v	216	323			216	323	1	323	60|80|100	6460	50
4	20	4	deadlystrike_damage_v	216	323					1	323	60|80|100	6460	50
4	20	5	deadlystrike_v	216	323					1	323	60|80|100	6460	50
4	20	6	strength_v	216	323					1	323	60|80|100	6460	50
4	20	7	dexterity_v	216	323					1	323	60|80|100	6460	50
4	20	8	ignore_fire_resist_v	100	100	216	323			2	323	60|80|100	2000	100
4	20	9	ignore_defense_v	216	323					1	323	60|80|100	6460	50
4	20	10	rangedamage_return_v	860	1289					1	1289	60|80|100	6445	120
4	20	11	meleedamage_return_v	860	1289					1	1289	60|80|100	6445	120
4	20	12	attackrating_v	216	323					1	323	60|80|100	6460	120
4	20	13	lifemax_v	4297	6446					1	6446	60|80|100	6446	100
4	20	14	manamax_v	4297	6446					1	6446	60|80|100	6446	120
4	20	15	fire_resist_v	1075	1612					1	1612	60|80|100	6448	100
4	20	16	stealmana_v	430	645					1	645	60|80|100	6450	120
4	20	17	steallife_v	430	645					1	645	60|80|100	6450	100
4	20	18	recover_life_v	216	323	9	9			1	323	60|80|100	6460	100
4	20	19	recover_mana_v	216	323	9	9			1	323	60|80|100	6460	120
4	20	20	lifereplenish_w	1719	2578					1	2578	60|80|100	6445	100
4	20	21	manareplenish_w	1719	2578					1	2578	60|80|100	6445	120
4	20	22	weaken_deadlystrike_damage_v	216	323					1	323	60|80|100	6460	100
4	20	23	weaken_deadlystrike_v	216	323					1	323	60|80|100	6460	100
4	20	24	defense_v	216	323					1	323	60|80|100	6460	100
4	20	25	vitality_v	216	323					1	323	60|80|100	6460	100
4	20	26	energy_v	216	323					1	323	60|80|100	6460	100
4	20	27	return_resist_range_v	860	1289					1	1289	60|80|100	6445	120
4	20	28	return_resist_melee_v	860	1289					1	1289	60|80|100	6445	120
4	21	1	physical_firedamage_v	223	334					1	334	60|80|100	6680	50
4	21	2	energy_firedamage_v	223	334					1	334	60|80|100	6680	50
4	21	3	basic_damage_v	223	334			223	334	1	334	60|80|100	6680	50
4	21	4	deadlystrike_damage_v	223	334					1	334	60|80|100	6680	50
4	21	5	deadlystrike_v	223	334					1	334	60|80|100	6680	50
4	21	6	strength_v	223	334					1	334	60|80|100	6680	50
4	21	7	dexterity_v	223	334					1	334	60|80|100	6680	50
4	21	8	ignore_fire_resist_v	100	100	223	334			2	334	60|80|100	2000	100
4	21	9	ignore_defense_v	223	334					1	334	60|80|100	6680	50
4	21	10	rangedamage_return_v	892	1337					1	1337	60|80|100	6685	120
4	21	11	meleedamage_return_v	892	1337					1	1337	60|80|100	6685	120
4	21	12	attackrating_v	223	334					1	334	60|80|100	6680	120
4	21	13	lifemax_v	4455	6682					1	6682	60|80|100	6682	100
4	21	14	manamax_v	4455	6682					1	6682	60|80|100	6682	120
4	21	15	fire_resist_v	1114	1671					1	1671	60|80|100	6684	100
4	21	16	stealmana_v	446	669					1	669	60|80|100	6690	120
4	21	17	steallife_v	446	669					1	669	60|80|100	6690	100
4	21	18	recover_life_v	223	334	9	9			1	334	60|80|100	6680	100
4	21	19	recover_mana_v	223	334	9	9			1	334	60|80|100	6680	120
4	21	20	lifereplenish_w	1782	2673					1	2673	60|80|100	6683	100
4	21	21	manareplenish_w	1782	2673					1	2673	60|80|100	6683	120
4	21	22	weaken_deadlystrike_damage_v	223	334					1	334	60|80|100	6680	100
4	21	23	weaken_deadlystrike_v	223	334					1	334	60|80|100	6680	100
4	21	24	defense_v	223	334					1	334	60|80|100	6680	100
4	21	25	vitality_v	223	334					1	334	60|80|100	6680	100
4	21	26	energy_v	223	334					1	334	60|80|100	6680	100
4	21	27	return_resist_range_v	892	1337					1	1337	60|80|100	6685	120
4	21	28	return_resist_melee_v	892	1337					1	1337	60|80|100	6685	120
5	1	1	physical_earthdamage_v	44	65					1	65	60|80|100	1300	50
5	1	2	energy_earthdamage_v	44	65					1	65	60|80|100	1300	50
5	1	3	basic_damage_v	44	65			44	65	1	65	60|80|100	1300	50
5	1	4	deadlystrike_damage_v	44	65					1	65	60|80|100	1300	50
5	1	5	deadlystrike_v	44	65					1	65	60|80|100	1300	50
5	1	6	strength_v	44	65					1	65	60|80|100	1300	50
5	1	7	dexterity_v	44	65					1	65	60|80|100	1300	50
5	1	8	ignore_earth_resist_v	100	100	44	65			2	100	60|80|100	2000	100
5	1	9	ignore_defense_v	44	65					1	65	60|80|100	1300	50
5	1	10	rangedamage_return_v	172	258					1	258	60|80|100	1290	120
5	1	11	meleedamage_return_v	172	258					1	258	60|80|100	1290	120
5	1	12	attackrating_v	44	65					1	65	60|80|100	1300	120
5	1	13	lifemax_v	861	1292					1	1292	60|80|100	1292	100
5	1	14	manamax_v	861	1292					1	1292	60|80|100	1292	120
5	1	15	earth_resist_v	216	323					1	323	60|80|100	1292	100
5	1	16	stealmana_v	87	130					1	130	60|80|100	1300	120
5	1	17	steallife_v	87	130					1	130	60|80|100	1300	100
5	1	18	recover_life_v	44	65	9	9			1	65	60|80|100	1300	100
5	1	19	recover_mana_v	44	65	9	9			1	65	60|80|100	1300	120
5	1	20	lifereplenish_w	344	516					1	516	60|80|100	1290	100
5	1	21	manareplenish_w	344	516					1	516	60|80|100	1290	120
5	1	22	weaken_deadlystrike_damage_v	44	65					1	65	60|80|100	1300	100
5	1	23	weaken_deadlystrike_v	44	65					1	65	60|80|100	1300	100
5	1	24	defense_v	44	65					1	65	60|80|100	1300	100
5	1	25	vitality_v	44	65					1	65	60|80|100	1300	100
5	1	26	energy_v	44	65					1	65	60|80|100	1300	100
5	1	27	return_resist_range_v	172	258					1	258	60|80|100	1290	120
5	1	28	return_resist_melee_v	172	258					1	258	60|80|100	1290	120
5	2	1	physical_earthdamage_v	50	75					1	75	60|80|100	1500	50
5	2	2	energy_earthdamage_v	50	75					1	75	60|80|100	1500	50
5	2	3	basic_damage_v	50	75			50	75	1	75	60|80|100	1500	50
5	2	4	deadlystrike_damage_v	50	75					1	75	60|80|100	1500	50
5	2	5	deadlystrike_v	50	75					1	75	60|80|100	1500	50
5	2	6	strength_v	50	75					1	75	60|80|100	1500	50
5	2	7	dexterity_v	50	75					1	75	60|80|100	1500	50
5	2	8	ignore_earth_resist_v	100	100	50	75			2	100	60|80|100	2000	100
5	2	9	ignore_defense_v	50	75					1	75	60|80|100	1500	50
5	2	10	rangedamage_return_v	198	297					1	297	60|80|100	1485	120
5	2	11	meleedamage_return_v	198	297					1	297	60|80|100	1485	120
5	2	12	attackrating_v	50	75					1	75	60|80|100	1500	120
5	2	13	lifemax_v	990	1485					1	1485	60|80|100	1485	100
5	2	14	manamax_v	990	1485					1	1485	60|80|100	1485	120
5	2	15	earth_resist_v	248	371					1	371	60|80|100	1484	100
5	2	16	stealmana_v	100	149					1	149	60|80|100	1490	120
5	2	17	steallife_v	100	149					1	149	60|80|100	1490	100
5	2	18	recover_life_v	50	75	9	9			1	75	60|80|100	1500	100
5	2	19	recover_mana_v	50	75	9	9			1	75	60|80|100	1500	120
5	2	20	lifereplenish_w	396	594					1	594	60|80|100	1485	100
5	2	21	manareplenish_w	396	594					1	594	60|80|100	1485	120
5	2	22	weaken_deadlystrike_damage_v	50	75					1	75	60|80|100	1500	100
5	2	23	weaken_deadlystrike_v	50	75					1	75	60|80|100	1500	100
5	2	24	defense_v	50	75					1	75	60|80|100	1500	100
5	2	25	vitality_v	50	75					1	75	60|80|100	1500	100
5	2	26	energy_v	50	75					1	75	60|80|100	1500	100
5	2	27	return_resist_range_v	198	297					1	297	60|80|100	1485	120
5	2	28	return_resist_melee_v	198	297					1	297	60|80|100	1485	120
5	3	1	physical_earthdamage_v	57	86					1	86	60|80|100	1720	50
5	3	2	energy_earthdamage_v	57	86					1	86	60|80|100	1720	50
5	3	3	basic_damage_v	57	86			57	86	1	86	60|80|100	1720	50
5	3	4	deadlystrike_damage_v	57	86					1	86	60|80|100	1720	50
5	3	5	deadlystrike_v	57	86					1	86	60|80|100	1720	50
5	3	6	strength_v	57	86					1	86	60|80|100	1720	50
5	3	7	dexterity_v	57	86					1	86	60|80|100	1720	50
5	3	8	ignore_earth_resist_v	100	100	57	86			2	100	60|80|100	2000	100
5	3	9	ignore_defense_v	57	86					1	86	60|80|100	1720	50
5	3	10	rangedamage_return_v	228	342					1	342	60|80|100	1710	120
5	3	11	meleedamage_return_v	228	342					1	342	60|80|100	1710	120
5	3	12	attackrating_v	57	86					1	86	60|80|100	1720	120
5	3	13	lifemax_v	1139	1708					1	1708	60|80|100	1708	100
5	3	14	manamax_v	1139	1708					1	1708	60|80|100	1708	120
5	3	15	earth_resist_v	285	428					1	428	60|80|100	1712	100
5	3	16	stealmana_v	114	171					1	171	60|80|100	1710	120
5	3	17	steallife_v	114	171					1	171	60|80|100	1710	100
5	3	18	recover_life_v	57	86	9	9			1	86	60|80|100	1720	100
5	3	19	recover_mana_v	57	86	9	9			1	86	60|80|100	1720	120
5	3	20	lifereplenish_w	456	683					1	683	60|80|100	1708	100
5	3	21	manareplenish_w	456	683					1	683	60|80|100	1708	120
5	3	22	weaken_deadlystrike_damage_v	57	86					1	86	60|80|100	1720	100
5	3	23	weaken_deadlystrike_v	57	86					1	86	60|80|100	1720	100
5	3	24	defense_v	57	86					1	86	60|80|100	1720	100
5	3	25	vitality_v	57	86					1	86	60|80|100	1720	100
5	3	26	energy_v	57	86					1	86	60|80|100	1720	100
5	3	27	return_resist_range_v	228	342					1	342	60|80|100	1710	120
5	3	28	return_resist_melee_v	228	342					1	342	60|80|100	1710	120
5	4	1	physical_earthdamage_v	66	99					1	99	60|80|100	1980	50
5	4	2	energy_earthdamage_v	66	99					1	99	60|80|100	1980	50
5	4	3	basic_damage_v	66	99			66	99	1	99	60|80|100	1980	50
5	4	4	deadlystrike_damage_v	66	99					1	99	60|80|100	1980	50
5	4	5	deadlystrike_v	66	99					1	99	60|80|100	1980	50
5	4	6	strength_v	66	99					1	99	60|80|100	1980	50
5	4	7	dexterity_v	66	99					1	99	60|80|100	1980	50
5	4	8	ignore_earth_resist_v	100	100	66	99			2	100	60|80|100	2000	100
5	4	9	ignore_defense_v	66	99					1	99	60|80|100	1980	50
5	4	10	rangedamage_return_v	262	393					1	393	60|80|100	1965	120
5	4	11	meleedamage_return_v	262	393					1	393	60|80|100	1965	120
5	4	12	attackrating_v	66	99					1	99	60|80|100	1980	120
5	4	13	lifemax_v	1309	1964					1	1964	60|80|100	1964	100
5	4	14	manamax_v	1309	1964					1	1964	60|80|100	1964	120
5	4	15	earth_resist_v	328	491					1	491	60|80|100	1964	100
5	4	16	stealmana_v	132	197					1	197	60|80|100	1970	120
5	4	17	steallife_v	132	197					1	197	60|80|100	1970	100
5	4	18	recover_life_v	66	99	9	9			1	99	60|80|100	1980	100
5	4	19	recover_mana_v	66	99	9	9			1	99	60|80|100	1980	120
5	4	20	lifereplenish_w	524	785					1	785	60|80|100	1963	100
5	4	21	manareplenish_w	524	785					1	785	60|80|100	1963	120
5	4	22	weaken_deadlystrike_damage_v	66	99					1	99	60|80|100	1980	100
5	4	23	weaken_deadlystrike_v	66	99					1	99	60|80|100	1980	100
5	4	24	defense_v	66	99					1	99	60|80|100	1980	100
5	4	25	vitality_v	66	99					1	99	60|80|100	1980	100
5	4	26	energy_v	66	99					1	99	60|80|100	1980	100
5	4	27	return_resist_range_v	262	393					1	393	60|80|100	1965	120
5	4	28	return_resist_melee_v	262	393					1	393	60|80|100	1965	120
5	5	1	physical_earthdamage_v	76	113					1	113	60|80|100	2260	50
5	5	2	energy_earthdamage_v	76	113					1	113	60|80|100	2260	50
5	5	3	basic_damage_v	76	113			76	113	1	113	60|80|100	2260	50
5	5	4	deadlystrike_damage_v	76	113					1	113	60|80|100	2260	50
5	5	5	deadlystrike_v	76	113					1	113	60|80|100	2260	50
5	5	6	strength_v	76	113					1	113	60|80|100	2260	50
5	5	7	dexterity_v	76	113					1	113	60|80|100	2260	50
5	5	8	ignore_earth_resist_v	100	100	76	113			2	113	60|80|100	2000	100
5	5	9	ignore_defense_v	76	113					1	113	60|80|100	2260	50
5	5	10	rangedamage_return_v	301	452					1	452	60|80|100	2260	120
5	5	11	meleedamage_return_v	301	452					1	452	60|80|100	2260	120
5	5	12	attackrating_v	76	113					1	113	60|80|100	2260	120
5	5	13	lifemax_v	1505	2258					1	2258	60|80|100	2258	100
5	5	14	manamax_v	1505	2258					1	2258	60|80|100	2258	120
5	5	15	earth_resist_v	376	564					1	564	60|80|100	2256	100
5	5	16	stealmana_v	151	226					1	226	60|80|100	2260	120
5	5	17	steallife_v	151	226					1	226	60|80|100	2260	100
5	5	18	recover_life_v	76	113	9	9			1	113	60|80|100	2260	100
5	5	19	recover_mana_v	76	113	9	9			1	113	60|80|100	2260	120
5	5	20	lifereplenish_w	602	903					1	903	60|80|100	2258	100
5	5	21	manareplenish_w	602	903					1	903	60|80|100	2258	120
5	5	22	weaken_deadlystrike_damage_v	76	113					1	113	60|80|100	2260	100
5	5	23	weaken_deadlystrike_v	76	113					1	113	60|80|100	2260	100
5	5	24	defense_v	76	113					1	113	60|80|100	2260	100
5	5	25	vitality_v	76	113					1	113	60|80|100	2260	100
5	5	26	energy_v	76	113					1	113	60|80|100	2260	100
5	5	27	return_resist_range_v	301	452					1	452	60|80|100	2260	120
5	5	28	return_resist_melee_v	301	452					1	452	60|80|100	2260	120
5	6	1	physical_earthdamage_v	87	130					1	130	60|80|100	2600	50
5	6	2	energy_earthdamage_v	87	130					1	130	60|80|100	2600	50
5	6	3	basic_damage_v	87	130			87	130	1	130	60|80|100	2600	50
5	6	4	deadlystrike_damage_v	87	130					1	130	60|80|100	2600	50
5	6	5	deadlystrike_v	87	130					1	130	60|80|100	2600	50
5	6	6	strength_v	87	130					1	130	60|80|100	2600	50
5	6	7	dexterity_v	87	130					1	130	60|80|100	2600	50
5	6	8	ignore_earth_resist_v	100	100	87	130			2	130	60|80|100	2000	100
5	6	9	ignore_defense_v	87	130					1	130	60|80|100	2600	50
5	6	10	rangedamage_return_v	347	520					1	520	60|80|100	2600	120
5	6	11	meleedamage_return_v	347	520					1	520	60|80|100	2600	120
5	6	12	attackrating_v	87	130					1	130	60|80|100	2600	120
5	6	13	lifemax_v	1731	2596					1	2596	60|80|100	2596	100
5	6	14	manamax_v	1731	2596					1	2596	60|80|100	2596	120
5	6	15	earth_resist_v	433	650					1	650	60|80|100	2600	100
5	6	16	stealmana_v	173	260					1	260	60|80|100	2600	120
5	6	17	steallife_v	173	260					1	260	60|80|100	2600	100
5	6	18	recover_life_v	87	130	9	9			1	130	60|80|100	2600	100
5	6	19	recover_mana_v	87	130	9	9			1	130	60|80|100	2600	120
5	6	20	lifereplenish_w	692	1038					1	1038	60|80|100	2595	100
5	6	21	manareplenish_w	692	1038					1	1038	60|80|100	2595	120
5	6	22	weaken_deadlystrike_damage_v	87	130					1	130	60|80|100	2600	100
5	6	23	weaken_deadlystrike_v	87	130					1	130	60|80|100	2600	100
5	6	24	defense_v	87	130					1	130	60|80|100	2600	100
5	6	25	vitality_v	87	130					1	130	60|80|100	2600	100
5	6	26	energy_v	87	130					1	130	60|80|100	2600	100
5	6	27	return_resist_range_v	347	520					1	520	60|80|100	2600	120
5	6	28	return_resist_melee_v	347	520					1	520	60|80|100	2600	120
5	7	1	physical_earthdamage_v	96	143					1	143	60|80|100	2860	50
5	7	2	energy_earthdamage_v	96	143					1	143	60|80|100	2860	50
5	7	3	basic_damage_v	96	143			96	143	1	143	60|80|100	2860	50
5	7	4	deadlystrike_damage_v	96	143					1	143	60|80|100	2860	50
5	7	5	deadlystrike_v	96	143					1	143	60|80|100	2860	50
5	7	6	strength_v	96	143					1	143	60|80|100	2860	50
5	7	7	dexterity_v	96	143					1	143	60|80|100	2860	50
5	7	8	ignore_earth_resist_v	100	100	96	143			2	143	60|80|100	2000	100
5	7	9	ignore_defense_v	96	143					1	143	60|80|100	2860	50
5	7	10	rangedamage_return_v	381	572					1	572	60|80|100	2860	120
5	7	11	meleedamage_return_v	381	572					1	572	60|80|100	2860	120
5	7	12	attackrating_v	96	143					1	143	60|80|100	2860	120
5	7	13	lifemax_v	1904	2856					1	2856	60|80|100	2856	100
5	7	14	manamax_v	1904	2856					1	2856	60|80|100	2856	120
5	7	15	earth_resist_v	476	714					1	714	60|80|100	2856	100
5	7	16	stealmana_v	191	286					1	286	60|80|100	2860	120
5	7	17	steallife_v	191	286					1	286	60|80|100	2860	100
5	7	18	recover_life_v	96	143	9	9			1	143	60|80|100	2860	100
5	7	19	recover_mana_v	96	143	9	9			1	143	60|80|100	2860	120
5	7	20	lifereplenish_w	762	1143					1	1143	60|80|100	2858	100
5	7	21	manareplenish_w	762	1143					1	1143	60|80|100	2858	120
5	7	22	weaken_deadlystrike_damage_v	96	143					1	143	60|80|100	2860	100
5	7	23	weaken_deadlystrike_v	96	143					1	143	60|80|100	2860	100
5	7	24	defense_v	96	143					1	143	60|80|100	2860	100
5	7	25	vitality_v	96	143					1	143	60|80|100	2860	100
5	7	26	energy_v	96	143					1	143	60|80|100	2860	100
5	7	27	return_resist_range_v	381	572					1	572	60|80|100	2860	120
5	7	28	return_resist_melee_v	381	572					1	572	60|80|100	2860	120
5	8	1	physical_earthdamage_v	105	158					1	158	60|80|100	3160	50
5	8	2	energy_earthdamage_v	105	158					1	158	60|80|100	3160	50
5	8	3	basic_damage_v	105	158			105	158	1	158	60|80|100	3160	50
5	8	4	deadlystrike_damage_v	105	158					1	158	60|80|100	3160	50
5	8	5	deadlystrike_v	105	158					1	158	60|80|100	3160	50
5	8	6	strength_v	105	158					1	158	60|80|100	3160	50
5	8	7	dexterity_v	105	158					1	158	60|80|100	3160	50
5	8	8	ignore_earth_resist_v	100	100	105	158			2	158	60|80|100	2000	100
5	8	9	ignore_defense_v	105	158					1	158	60|80|100	3160	50
5	8	10	rangedamage_return_v	420	629					1	629	60|80|100	3145	120
5	8	11	meleedamage_return_v	420	629					1	629	60|80|100	3145	120
5	8	12	attackrating_v	105	158					1	158	60|80|100	3160	120
5	8	13	lifemax_v	2095	3142					1	3142	60|80|100	3142	100
5	8	14	manamax_v	2095	3142					1	3142	60|80|100	3142	120
5	8	15	earth_resist_v	524	785					1	785	60|80|100	3140	100
5	8	16	stealmana_v	210	315					1	315	60|80|100	3150	120
5	8	17	steallife_v	210	315					1	315	60|80|100	3150	100
5	8	18	recover_life_v	105	158	9	9			1	158	60|80|100	3160	100
5	8	19	recover_mana_v	105	158	9	9			1	158	60|80|100	3160	120
5	8	20	lifereplenish_w	838	1257					1	1257	60|80|100	3143	100
5	8	21	manareplenish_w	838	1257					1	1257	60|80|100	3143	120
5	8	22	weaken_deadlystrike_damage_v	105	158					1	158	60|80|100	3160	100
5	8	23	weaken_deadlystrike_v	105	158					1	158	60|80|100	3160	100
5	8	24	defense_v	105	158					1	158	60|80|100	3160	100
5	8	25	vitality_v	105	158					1	158	60|80|100	3160	100
5	8	26	energy_v	105	158					1	158	60|80|100	3160	100
5	8	27	return_resist_range_v	420	629					1	629	60|80|100	3145	120
5	8	28	return_resist_melee_v	420	629					1	629	60|80|100	3145	120
5	9	1	physical_earthdamage_v	116	173					1	173	60|80|100	3460	50
5	9	2	energy_earthdamage_v	116	173					1	173	60|80|100	3460	50
5	9	3	basic_damage_v	116	173			116	173	1	173	60|80|100	3460	50
5	9	4	deadlystrike_damage_v	116	173					1	173	60|80|100	3460	50
5	9	5	deadlystrike_v	116	173					1	173	60|80|100	3460	50
5	9	6	strength_v	116	173					1	173	60|80|100	3460	50
5	9	7	dexterity_v	116	173					1	173	60|80|100	3460	50
5	9	8	ignore_earth_resist_v	100	100	116	173			2	173	60|80|100	2000	100
5	9	9	ignore_defense_v	116	173					1	173	60|80|100	3460	50
5	9	10	rangedamage_return_v	461	692					1	692	60|80|100	3460	120
5	9	11	meleedamage_return_v	461	692					1	692	60|80|100	3460	120
5	9	12	attackrating_v	116	173					1	173	60|80|100	3460	120
5	9	13	lifemax_v	2304	3455					1	3455	60|80|100	3455	100
5	9	14	manamax_v	2304	3455					1	3455	60|80|100	3455	120
5	9	15	earth_resist_v	576	864					1	864	60|80|100	3456	100
5	9	16	stealmana_v	231	346					1	346	60|80|100	3460	120
5	9	17	steallife_v	231	346					1	346	60|80|100	3460	100
5	9	18	recover_life_v	116	173	9	9			1	173	60|80|100	3460	100
5	9	19	recover_mana_v	116	173	9	9			1	173	60|80|100	3460	120
5	9	20	lifereplenish_w	922	1383					1	1383	60|80|100	3458	100
5	9	21	manareplenish_w	922	1383					1	1383	60|80|100	3458	120
5	9	22	weaken_deadlystrike_damage_v	116	173					1	173	60|80|100	3460	100
5	9	23	weaken_deadlystrike_v	116	173					1	173	60|80|100	3460	100
5	9	24	defense_v	116	173					1	173	60|80|100	3460	100
5	9	25	vitality_v	116	173					1	173	60|80|100	3460	100
5	9	26	energy_v	116	173					1	173	60|80|100	3460	100
5	9	27	return_resist_range_v	461	692					1	692	60|80|100	3460	120
5	9	28	return_resist_melee_v	461	692					1	692	60|80|100	3460	120
5	10	1	physical_earthdamage_v	127	190					1	190	60|80|100	3800	50
5	10	2	energy_earthdamage_v	127	190					1	190	60|80|100	3800	50
5	10	3	basic_damage_v	127	190			127	190	1	190	60|80|100	3800	50
5	10	4	deadlystrike_damage_v	127	190					1	190	60|80|100	3800	50
5	10	5	deadlystrike_v	127	190					1	190	60|80|100	3800	50
5	10	6	strength_v	127	190					1	190	60|80|100	3800	50
5	10	7	dexterity_v	127	190					1	190	60|80|100	3800	50
5	10	8	ignore_earth_resist_v	100	100	127	190			2	190	60|80|100	2000	100
5	10	9	ignore_defense_v	127	190					1	190	60|80|100	3800	50
5	10	10	rangedamage_return_v	507	760					1	760	60|80|100	3800	120
5	10	11	meleedamage_return_v	507	760					1	760	60|80|100	3800	120
5	10	12	attackrating_v	127	190					1	190	60|80|100	3800	120
5	10	13	lifemax_v	2534	3801					1	3801	60|80|100	3801	100
5	10	14	manamax_v	2534	3801					1	3801	60|80|100	3801	120
5	10	15	earth_resist_v	634	951					1	951	60|80|100	3804	100
5	10	16	stealmana_v	254	381					1	381	60|80|100	3810	120
5	10	17	steallife_v	254	381					1	381	60|80|100	3810	100
5	10	18	recover_life_v	127	190	9	9			1	190	60|80|100	3800	100
5	10	19	recover_mana_v	127	190	9	9			1	190	60|80|100	3800	120
5	10	20	lifereplenish_w	1014	1521					1	1521	60|80|100	3803	100
5	10	21	manareplenish_w	1014	1521					1	1521	60|80|100	3803	120
5	10	22	weaken_deadlystrike_damage_v	127	190					1	190	60|80|100	3800	100
5	10	23	weaken_deadlystrike_v	127	190					1	190	60|80|100	3800	100
5	10	24	defense_v	127	190					1	190	60|80|100	3800	100
5	10	25	vitality_v	127	190					1	190	60|80|100	3800	100
5	10	26	energy_v	127	190					1	190	60|80|100	3800	100
5	10	27	return_resist_range_v	507	760					1	760	60|80|100	3800	120
5	10	28	return_resist_melee_v	507	760					1	760	60|80|100	3800	120
5	11	1	physical_earthdamage_v	140	209					1	209	60|80|100	4180	50
5	11	2	energy_earthdamage_v	140	209					1	209	60|80|100	4180	50
5	11	3	basic_damage_v	140	209			140	209	1	209	60|80|100	4180	50
5	11	4	deadlystrike_damage_v	140	209					1	209	60|80|100	4180	50
5	11	5	deadlystrike_v	140	209					1	209	60|80|100	4180	50
5	11	6	strength_v	140	209					1	209	60|80|100	4180	50
5	11	7	dexterity_v	140	209					1	209	60|80|100	4180	50
5	11	8	ignore_earth_resist_v	100	100	140	209			2	209	60|80|100	2000	100
5	11	9	ignore_defense_v	140	209					1	209	60|80|100	4180	50
5	11	10	rangedamage_return_v	558	837					1	837	60|80|100	4185	120
5	11	11	meleedamage_return_v	558	837					1	837	60|80|100	4185	120
5	11	12	attackrating_v	140	209					1	209	60|80|100	4180	120
5	11	13	lifemax_v	2788	4181					1	4181	60|80|100	4181	100
5	11	14	manamax_v	2788	4181					1	4181	60|80|100	4181	120
5	11	15	earth_resist_v	697	1046					1	1046	60|80|100	4184	100
5	11	16	stealmana_v	279	418					1	418	60|80|100	4180	120
5	11	17	steallife_v	279	418					1	418	60|80|100	4180	100
5	11	18	recover_life_v	140	209	9	9			1	209	60|80|100	4180	100
5	11	19	recover_mana_v	140	209	9	9			1	209	60|80|100	4180	120
5	11	20	lifereplenish_w	1116	1673					1	1673	60|80|100	4183	100
5	11	21	manareplenish_w	1116	1673					1	1673	60|80|100	4183	120
5	11	22	weaken_deadlystrike_damage_v	140	209					1	209	60|80|100	4180	100
5	11	23	weaken_deadlystrike_v	140	209					1	209	60|80|100	4180	100
5	11	24	defense_v	140	209					1	209	60|80|100	4180	100
5	11	25	vitality_v	140	209					1	209	60|80|100	4180	100
5	11	26	energy_v	140	209					1	209	60|80|100	4180	100
5	11	27	return_resist_range_v	558	837					1	837	60|80|100	4185	120
5	11	28	return_resist_melee_v	558	837					1	837	60|80|100	4185	120
5	12	1	physical_earthdamage_v	152	228					1	228	60|80|100	4560	50
5	12	2	energy_earthdamage_v	152	228					1	228	60|80|100	4560	50
5	12	3	basic_damage_v	152	228			152	228	1	228	60|80|100	4560	50
5	12	4	deadlystrike_damage_v	152	228					1	228	60|80|100	4560	50
5	12	5	deadlystrike_v	152	228					1	228	60|80|100	4560	50
5	12	6	strength_v	152	228					1	228	60|80|100	4560	50
5	12	7	dexterity_v	152	228					1	228	60|80|100	4560	50
5	12	8	ignore_earth_resist_v	100	100	152	228			2	228	60|80|100	2000	100
5	12	9	ignore_defense_v	152	228					1	228	60|80|100	4560	50
5	12	10	rangedamage_return_v	608	912					1	912	60|80|100	4560	120
5	12	11	meleedamage_return_v	608	912					1	912	60|80|100	4560	120
5	12	12	attackrating_v	152	228					1	228	60|80|100	4560	120
5	12	13	lifemax_v	3041	4562					1	4562	60|80|100	4562	100
5	12	14	manamax_v	3041	4562					1	4562	60|80|100	4562	120
5	12	15	earth_resist_v	760	1140					1	1140	60|80|100	4560	100
5	12	16	stealmana_v	304	456					1	456	60|80|100	4560	120
5	12	17	steallife_v	304	456					1	456	60|80|100	4560	100
5	12	18	recover_life_v	152	228	9	9			1	228	60|80|100	4560	100
5	12	19	recover_mana_v	152	228	9	9			1	228	60|80|100	4560	120
5	12	20	lifereplenish_w	1216	1824					1	1824	60|80|100	4560	100
5	12	21	manareplenish_w	1216	1824					1	1824	60|80|100	4560	120
5	12	22	weaken_deadlystrike_damage_v	152	228					1	228	60|80|100	4560	100
5	12	23	weaken_deadlystrike_v	152	228					1	228	60|80|100	4560	100
5	12	24	defense_v	152	228					1	228	60|80|100	4560	100
5	12	25	vitality_v	152	228					1	228	60|80|100	4560	100
5	12	26	energy_v	152	228					1	228	60|80|100	4560	100
5	12	27	return_resist_range_v	608	912					1	912	60|80|100	4560	120
5	12	28	return_resist_melee_v	608	912					1	912	60|80|100	4560	120
5	13	1	physical_earthdamage_v	160	240					1	240	60|80|100	4800	50
5	13	2	energy_earthdamage_v	160	240					1	240	60|80|100	4800	50
5	13	3	basic_damage_v	160	240			160	240	1	240	60|80|100	4800	50
5	13	4	deadlystrike_damage_v	160	240					1	240	60|80|100	4800	50
5	13	5	deadlystrike_v	160	240					1	240	60|80|100	4800	50
5	13	6	strength_v	160	240					1	240	60|80|100	4800	50
5	13	7	dexterity_v	160	240					1	240	60|80|100	4800	50
5	13	8	ignore_earth_resist_v	100	100	160	240			2	240	60|80|100	2000	100
5	13	9	ignore_defense_v	160	240					1	240	60|80|100	4800	50
5	13	10	rangedamage_return_v	639	958					1	958	60|80|100	4790	120
5	13	11	meleedamage_return_v	639	958					1	958	60|80|100	4790	120
5	13	12	attackrating_v	160	240					1	240	60|80|100	4800	120
5	13	13	lifemax_v	3193	4790					1	4790	60|80|100	4790	100
5	13	14	manamax_v	3193	4790					1	4790	60|80|100	4790	120
5	13	15	earth_resist_v	799	1198					1	1198	60|80|100	4792	100
5	13	16	stealmana_v	320	479					1	479	60|80|100	4790	120
5	13	17	steallife_v	320	479					1	479	60|80|100	4790	100
5	13	18	recover_life_v	160	240	9	9			1	240	60|80|100	4800	100
5	13	19	recover_mana_v	160	240	9	9			1	240	60|80|100	4800	120
5	13	20	lifereplenish_w	1277	1916					1	1916	60|80|100	4790	100
5	13	21	manareplenish_w	1277	1916					1	1916	60|80|100	4790	120
5	13	22	weaken_deadlystrike_damage_v	160	240					1	240	60|80|100	4800	100
5	13	23	weaken_deadlystrike_v	160	240					1	240	60|80|100	4800	100
5	13	24	defense_v	160	240					1	240	60|80|100	4800	100
5	13	25	vitality_v	160	240					1	240	60|80|100	4800	100
5	13	26	energy_v	160	240					1	240	60|80|100	4800	100
5	13	27	return_resist_range_v	639	958					1	958	60|80|100	4790	120
5	13	28	return_resist_melee_v	639	958					1	958	60|80|100	4790	120
5	14	1	physical_earthdamage_v	168	251					1	251	60|80|100	5020	50
5	14	2	energy_earthdamage_v	168	251					1	251	60|80|100	5020	50
5	14	3	basic_damage_v	168	251			168	251	1	251	60|80|100	5020	50
5	14	4	deadlystrike_damage_v	168	251					1	251	60|80|100	5020	50
5	14	5	deadlystrike_v	168	251					1	251	60|80|100	5020	50
5	14	6	strength_v	168	251					1	251	60|80|100	5020	50
5	14	7	dexterity_v	168	251					1	251	60|80|100	5020	50
5	14	8	ignore_earth_resist_v	100	100	168	251			2	251	60|80|100	2000	100
5	14	9	ignore_defense_v	168	251					1	251	60|80|100	5020	50
5	14	10	rangedamage_return_v	671	1006					1	1006	60|80|100	5030	120
5	14	11	meleedamage_return_v	671	1006					1	1006	60|80|100	5030	120
5	14	12	attackrating_v	168	251					1	251	60|80|100	5020	120
5	14	13	lifemax_v	3351	5026					1	5026	60|80|100	5026	100
5	14	14	manamax_v	3351	5026					1	5026	60|80|100	5026	120
5	14	15	earth_resist_v	838	1257					1	1257	60|80|100	5028	100
5	14	16	stealmana_v	336	503					1	503	60|80|100	5030	120
5	14	17	steallife_v	336	503					1	503	60|80|100	5030	100
5	14	18	recover_life_v	168	251	9	9			1	251	60|80|100	5020	100
5	14	19	recover_mana_v	168	251	9	9			1	251	60|80|100	5020	120
5	14	20	lifereplenish_w	1340	2010					1	2010	60|80|100	5025	100
5	14	21	manareplenish_w	1340	2010					1	2010	60|80|100	5025	120
5	14	22	weaken_deadlystrike_damage_v	168	251					1	251	60|80|100	5020	100
5	14	23	weaken_deadlystrike_v	168	251					1	251	60|80|100	5020	100
5	14	24	defense_v	168	251					1	251	60|80|100	5020	100
5	14	25	vitality_v	168	251					1	251	60|80|100	5020	100
5	14	26	energy_v	168	251					1	251	60|80|100	5020	100
5	14	27	return_resist_range_v	671	1006					1	1006	60|80|100	5030	120
5	14	28	return_resist_melee_v	671	1006					1	1006	60|80|100	5030	120
5	15	1	physical_earthdamage_v	176	263					1	263	60|80|100	5260	50
5	15	2	energy_earthdamage_v	176	263					1	263	60|80|100	5260	50
5	15	3	basic_damage_v	176	263			176	263	1	263	60|80|100	5260	50
5	15	4	deadlystrike_damage_v	176	263					1	263	60|80|100	5260	50
5	15	5	deadlystrike_v	176	263					1	263	60|80|100	5260	50
5	15	6	strength_v	176	263					1	263	60|80|100	5260	50
5	15	7	dexterity_v	176	263					1	263	60|80|100	5260	50
5	15	8	ignore_earth_resist_v	100	100	176	263			2	263	60|80|100	2000	100
5	15	9	ignore_defense_v	176	263					1	263	60|80|100	5260	50
5	15	10	rangedamage_return_v	702	1053					1	1053	60|80|100	5265	120
5	15	11	meleedamage_return_v	702	1053					1	1053	60|80|100	5265	120
5	15	12	attackrating_v	176	263					1	263	60|80|100	5260	120
5	15	13	lifemax_v	3508	5262					1	5262	60|80|100	5262	100
5	15	14	manamax_v	3508	5262					1	5262	60|80|100	5262	120
5	15	15	earth_resist_v	877	1316					1	1316	60|80|100	5264	100
5	15	16	stealmana_v	352	527					1	527	60|80|100	5270	120
5	15	17	steallife_v	352	527					1	527	60|80|100	5270	100
5	15	18	recover_life_v	176	263	9	9			1	263	60|80|100	5260	100
5	15	19	recover_mana_v	176	263	9	9			1	263	60|80|100	5260	120
5	15	20	lifereplenish_w	1404	2105					1	2105	60|80|100	5263	100
5	15	21	manareplenish_w	1404	2105					1	2105	60|80|100	5263	120
5	15	22	weaken_deadlystrike_damage_v	176	263					1	263	60|80|100	5260	100
5	15	23	weaken_deadlystrike_v	176	263					1	263	60|80|100	5260	100
5	15	24	defense_v	176	263					1	263	60|80|100	5260	100
5	15	25	vitality_v	176	263					1	263	60|80|100	5260	100
5	15	26	energy_v	176	263					1	263	60|80|100	5260	100
5	15	27	return_resist_range_v	702	1053					1	1053	60|80|100	5265	120
5	15	28	return_resist_melee_v	702	1053					1	1053	60|80|100	5265	120
5	16	1	physical_earthdamage_v	184	275					1	275	60|80|100	5500	50
5	16	2	energy_earthdamage_v	184	275					1	275	60|80|100	5500	50
5	16	3	basic_damage_v	184	275			184	275	1	275	60|80|100	5500	50
5	16	4	deadlystrike_damage_v	184	275					1	275	60|80|100	5500	50
5	16	5	deadlystrike_v	184	275					1	275	60|80|100	5500	50
5	16	6	strength_v	184	275					1	275	60|80|100	5500	50
5	16	7	dexterity_v	184	275					1	275	60|80|100	5500	50
5	16	8	ignore_earth_resist_v	100	100	184	275			2	275	60|80|100	2000	100
5	16	9	ignore_defense_v	184	275					1	275	60|80|100	5500	50
5	16	10	rangedamage_return_v	733	1100					1	1100	60|80|100	5500	120
5	16	11	meleedamage_return_v	733	1100					1	1100	60|80|100	5500	120
5	16	12	attackrating_v	184	275					1	275	60|80|100	5500	120
5	16	13	lifemax_v	3666	5499					1	5499	60|80|100	5499	100
5	16	14	manamax_v	3666	5499					1	5499	60|80|100	5499	120
5	16	15	earth_resist_v	917	1376					1	1376	60|80|100	5504	100
5	16	16	stealmana_v	367	550					1	550	60|80|100	5500	120
5	16	17	steallife_v	367	550					1	550	60|80|100	5500	100
5	16	18	recover_life_v	184	275	9	9			1	275	60|80|100	5500	100
5	16	19	recover_mana_v	184	275	9	9			1	275	60|80|100	5500	120
5	16	20	lifereplenish_w	1467	2200					1	2200	60|80|100	5500	100
5	16	21	manareplenish_w	1467	2200					1	2200	60|80|100	5500	120
5	16	22	weaken_deadlystrike_damage_v	184	275					1	275	60|80|100	5500	100
5	16	23	weaken_deadlystrike_v	184	275					1	275	60|80|100	5500	100
5	16	24	defense_v	184	275					1	275	60|80|100	5500	100
5	16	25	vitality_v	184	275					1	275	60|80|100	5500	100
5	16	26	energy_v	184	275					1	275	60|80|100	5500	100
5	16	27	return_resist_range_v	733	1100					1	1100	60|80|100	5500	120
5	16	28	return_resist_melee_v	733	1100					1	1100	60|80|100	5500	120
5	17	1	physical_earthdamage_v	192	287					1	287	60|80|100	5740	50
5	17	2	energy_earthdamage_v	192	287					1	287	60|80|100	5740	50
5	17	3	basic_damage_v	192	287			192	287	1	287	60|80|100	5740	50
5	17	4	deadlystrike_damage_v	192	287					1	287	60|80|100	5740	50
5	17	5	deadlystrike_v	192	287					1	287	60|80|100	5740	50
5	17	6	strength_v	192	287					1	287	60|80|100	5740	50
5	17	7	dexterity_v	192	287					1	287	60|80|100	5740	50
5	17	8	ignore_earth_resist_v	100	100	192	287			2	287	60|80|100	2000	100
5	17	9	ignore_defense_v	192	287					1	287	60|80|100	5740	50
5	17	10	rangedamage_return_v	765	1148					1	1148	60|80|100	5740	120
5	17	11	meleedamage_return_v	765	1148					1	1148	60|80|100	5740	120
5	17	12	attackrating_v	192	287					1	287	60|80|100	5740	120
5	17	13	lifemax_v	3824	5735					1	5735	60|80|100	5735	100
5	17	14	manamax_v	3824	5735					1	5735	60|80|100	5735	120
5	17	15	earth_resist_v	956	1434					1	1434	60|80|100	5736	100
5	17	16	stealmana_v	383	574					1	574	60|80|100	5740	120
5	17	17	steallife_v	383	574					1	574	60|80|100	5740	100
5	17	18	recover_life_v	192	287	9	9			1	287	60|80|100	5740	100
5	17	19	recover_mana_v	192	287	9	9			1	287	60|80|100	5740	120
5	17	20	lifereplenish_w	1530	2295					1	2295	60|80|100	5738	100
5	17	21	manareplenish_w	1530	2295					1	2295	60|80|100	5738	120
5	17	22	weaken_deadlystrike_damage_v	192	287					1	287	60|80|100	5740	100
5	17	23	weaken_deadlystrike_v	192	287					1	287	60|80|100	5740	100
5	17	24	defense_v	192	287					1	287	60|80|100	5740	100
5	17	25	vitality_v	192	287					1	287	60|80|100	5740	100
5	17	26	energy_v	192	287					1	287	60|80|100	5740	100
5	17	27	return_resist_range_v	765	1148					1	1148	60|80|100	5740	120
5	17	28	return_resist_melee_v	765	1148					1	1148	60|80|100	5740	120
5	18	1	physical_earthdamage_v	200	299					1	299	60|80|100	5980	50
5	18	2	energy_earthdamage_v	200	299					1	299	60|80|100	5980	50
5	18	3	basic_damage_v	200	299			200	299	1	299	60|80|100	5980	50
5	18	4	deadlystrike_damage_v	200	299					1	299	60|80|100	5980	50
5	18	5	deadlystrike_v	200	299					1	299	60|80|100	5980	50
5	18	6	strength_v	200	299					1	299	60|80|100	5980	50
5	18	7	dexterity_v	200	299					1	299	60|80|100	5980	50
5	18	8	ignore_earth_resist_v	100	100	200	299			2	299	60|80|100	2000	100
5	18	9	ignore_defense_v	200	299					1	299	60|80|100	5980	50
5	18	10	rangedamage_return_v	796	1194					1	1194	60|80|100	5970	120
5	18	11	meleedamage_return_v	796	1194					1	1194	60|80|100	5970	120
5	18	12	attackrating_v	200	299					1	299	60|80|100	5980	120
5	18	13	lifemax_v	3982	5973					1	5973	60|80|100	5973	100
5	18	14	manamax_v	3982	5973					1	5973	60|80|100	5973	120
5	18	15	earth_resist_v	996	1493					1	1493	60|80|100	5972	100
5	18	16	stealmana_v	399	598					1	598	60|80|100	5980	120
5	18	17	steallife_v	399	598					1	598	60|80|100	5980	100
5	18	18	recover_life_v	200	299	9	9			1	299	60|80|100	5980	100
5	18	19	recover_mana_v	200	299	9	9			1	299	60|80|100	5980	120
5	18	20	lifereplenish_w	1593	2390					1	2390	60|80|100	5975	100
5	18	21	manareplenish_w	1593	2390					1	2390	60|80|100	5975	120
5	18	22	weaken_deadlystrike_damage_v	200	299					1	299	60|80|100	5980	100
5	18	23	weaken_deadlystrike_v	200	299					1	299	60|80|100	5980	100
5	18	24	defense_v	200	299					1	299	60|80|100	5980	100
5	18	25	vitality_v	200	299					1	299	60|80|100	5980	100
5	18	26	energy_v	200	299					1	299	60|80|100	5980	100
5	18	27	return_resist_range_v	796	1194					1	1194	60|80|100	5970	120
5	18	28	return_resist_melee_v	796	1194					1	1194	60|80|100	5970	120
5	19	1	physical_earthdamage_v	208	311					1	311	60|80|100	6220	50
5	19	2	energy_earthdamage_v	208	311					1	311	60|80|100	6220	50
5	19	3	basic_damage_v	208	311			208	311	1	311	60|80|100	6220	50
5	19	4	deadlystrike_damage_v	208	311					1	311	60|80|100	6220	50
5	19	5	deadlystrike_v	208	311					1	311	60|80|100	6220	50
5	19	6	strength_v	208	311					1	311	60|80|100	6220	50
5	19	7	dexterity_v	208	311					1	311	60|80|100	6220	50
5	19	8	ignore_earth_resist_v	100	100	208	311			2	311	60|80|100	2000	100
5	19	9	ignore_defense_v	208	311					1	311	60|80|100	6220	50
5	19	10	rangedamage_return_v	828	1242					1	1242	60|80|100	6210	120
5	19	11	meleedamage_return_v	828	1242					1	1242	60|80|100	6210	120
5	19	12	attackrating_v	208	311					1	311	60|80|100	6220	120
5	19	13	lifemax_v	4140	6209					1	6209	60|80|100	6209	100
5	19	14	manamax_v	4140	6209					1	6209	60|80|100	6209	120
5	19	15	earth_resist_v	1035	1552					1	1552	60|80|100	6208	100
5	19	16	stealmana_v	414	621					1	621	60|80|100	6210	120
5	19	17	steallife_v	414	621					1	621	60|80|100	6210	100
5	19	18	recover_life_v	208	311	9	9			1	311	60|80|100	6220	100
5	19	19	recover_mana_v	208	311	9	9			1	311	60|80|100	6220	120
5	19	20	lifereplenish_w	1656	2483					1	2483	60|80|100	6208	100
5	19	21	manareplenish_w	1656	2483					1	2483	60|80|100	6208	120
5	19	22	weaken_deadlystrike_damage_v	208	311					1	311	60|80|100	6220	100
5	19	23	weaken_deadlystrike_v	208	311					1	311	60|80|100	6220	100
5	19	24	defense_v	208	311					1	311	60|80|100	6220	100
5	19	25	vitality_v	208	311					1	311	60|80|100	6220	100
5	19	26	energy_v	208	311					1	311	60|80|100	6220	100
5	19	27	return_resist_range_v	828	1242					1	1242	60|80|100	6210	120
5	19	28	return_resist_melee_v	828	1242					1	1242	60|80|100	6210	120
5	20	1	physical_earthdamage_v	216	323					1	323	60|80|100	6460	50
5	20	2	energy_earthdamage_v	216	323					1	323	60|80|100	6460	50
5	20	3	basic_damage_v	216	323			216	323	1	323	60|80|100	6460	50
5	20	4	deadlystrike_damage_v	216	323					1	323	60|80|100	6460	50
5	20	5	deadlystrike_v	216	323					1	323	60|80|100	6460	50
5	20	6	strength_v	216	323					1	323	60|80|100	6460	50
5	20	7	dexterity_v	216	323					1	323	60|80|100	6460	50
5	20	8	ignore_earth_resist_v	100	100	216	323			2	323	60|80|100	2000	100
5	20	9	ignore_defense_v	216	323					1	323	60|80|100	6460	50
5	20	10	rangedamage_return_v	860	1289					1	1289	60|80|100	6445	120
5	20	11	meleedamage_return_v	860	1289					1	1289	60|80|100	6445	120
5	20	12	attackrating_v	216	323					1	323	60|80|100	6460	120
5	20	13	lifemax_v	4297	6446					1	6446	60|80|100	6446	100
5	20	14	manamax_v	4297	6446					1	6446	60|80|100	6446	120
5	20	15	earth_resist_v	1075	1612					1	1612	60|80|100	6448	100
5	20	16	stealmana_v	430	645					1	645	60|80|100	6450	120
5	20	17	steallife_v	430	645					1	645	60|80|100	6450	100
5	20	18	recover_life_v	216	323	9	9			1	323	60|80|100	6460	100
5	20	19	recover_mana_v	216	323	9	9			1	323	60|80|100	6460	120
5	20	20	lifereplenish_w	1719	2578					1	2578	60|80|100	6445	100
5	20	21	manareplenish_w	1719	2578					1	2578	60|80|100	6445	120
5	20	22	weaken_deadlystrike_damage_v	216	323					1	323	60|80|100	6460	100
5	20	23	weaken_deadlystrike_v	216	323					1	323	60|80|100	6460	100
5	20	24	defense_v	216	323					1	323	60|80|100	6460	100
5	20	25	vitality_v	216	323					1	323	60|80|100	6460	100
5	20	26	energy_v	216	323					1	323	60|80|100	6460	100
5	20	27	return_resist_range_v	860	1289					1	1289	60|80|100	6445	120
5	20	28	return_resist_melee_v	860	1289					1	1289	60|80|100	6445	120
5	21	1	physical_earthdamage_v	223	334					1	334	60|80|100	6680	50
5	21	2	energy_earthdamage_v	223	334					1	334	60|80|100	6680	50
5	21	3	basic_damage_v	223	334			223	334	1	334	60|80|100	6680	50
5	21	4	deadlystrike_damage_v	223	334					1	334	60|80|100	6680	50
5	21	5	deadlystrike_v	223	334					1	334	60|80|100	6680	50
5	21	6	strength_v	223	334					1	334	60|80|100	6680	50
5	21	7	dexterity_v	223	334					1	334	60|80|100	6680	50
5	21	8	ignore_earth_resist_v	100	100	223	334			2	334	60|80|100	2000	100
5	21	9	ignore_defense_v	223	334					1	334	60|80|100	6680	50
5	21	10	rangedamage_return_v	892	1337					1	1337	60|80|100	6685	120
5	21	11	meleedamage_return_v	892	1337					1	1337	60|80|100	6685	120
5	21	12	attackrating_v	223	334					1	334	60|80|100	6680	120
5	21	13	lifemax_v	4455	6682					1	6682	60|80|100	6682	100
5	21	14	manamax_v	4455	6682					1	6682	60|80|100	6682	120
5	21	15	earth_resist_v	1114	1671					1	1671	60|80|100	6684	100
5	21	16	stealmana_v	446	669					1	669	60|80|100	6690	120
5	21	17	steallife_v	446	669					1	669	60|80|100	6690	100
5	21	18	recover_life_v	223	334	9	9			1	334	60|80|100	6680	100
5	21	19	recover_mana_v	223	334	9	9			1	334	60|80|100	6680	120
5	21	20	lifereplenish_w	1782	2673					1	2673	60|80|100	6683	100
5	21	21	manareplenish_w	1782	2673					1	2673	60|80|100	6683	120
5	21	22	weaken_deadlystrike_damage_v	223	334					1	334	60|80|100	6680	100
5	21	23	weaken_deadlystrike_v	223	334					1	334	60|80|100	6680	100
5	21	24	defense_v	223	334					1	334	60|80|100	6680	100
5	21	25	vitality_v	223	334					1	334	60|80|100	6680	100
5	21	26	energy_v	223	334					1	334	60|80|100	6680	100
5	21	27	return_resist_range_v	892	1337					1	1337	60|80|100	6685	120
5	21	28	return_resist_melee_v	892	1337					1	1337	60|80|100	6685	120
6	1	1	physical_metaldamage_v	31	46					1	65	60|80|100	1300	50
6	1	2	energy_metaldamage_v	31	46					1	65	60|80|100	1300	50
6	1	3	basic_damage_v	31	46			31	46	1	65	60|80|100	1300	50
6	1	4	deadlystrike_damage_v	31	46					1	65	60|80|100	1300	50
6	1	5	deadlystrike_v	31	46					1	65	60|80|100	1300	50
6	1	6	strength_v	31	46					1	65	60|80|100	1300	50
6	1	7	dexterity_v	31	46					1	65	60|80|100	1300	50
6	1	8	ignore_metal_resist_v	100	100	31	46			2	100	60|80|100	2000	100
6	1	9	ignore_defense_v	31	46					1	65	60|80|100	1300	50
6	1	10	rangedamage_return_v	121	182					1	258	60|80|100	1290	120
6	1	11	meleedamage_return_v	121	182					1	258	60|80|100	1290	120
6	1	12	attackrating_v	31	46					1	65	60|80|100	1300	120
6	1	13	lifemax_v	603	904					1	1292	60|80|100	1292	100
6	1	14	manamax_v	603	904					1	1292	60|80|100	1292	120
6	1	15	metal_resist_v	151	226					1	323	60|80|100	1292	100
6	1	16	stealmana_v	61	92					1	130	60|80|100	1300	120
6	1	17	steallife_v	61	92					1	130	60|80|100	1300	100
6	1	18	recover_life_v	31	46	9	9			1	65	60|80|100	1300	100
6	1	19	recover_mana_v	31	46	9	9			1	65	60|80|100	1300	120
6	1	20	lifereplenish_w	241	362					1	516	60|80|100	1290	100
6	1	21	manareplenish_w	241	362					1	516	60|80|100	1290	120
6	1	22	weaken_deadlystrike_damage_v	31	46					1	65	60|80|100	1300	100
6	1	23	weaken_deadlystrike_v	31	46					1	65	60|80|100	1300	100
6	1	24	defense_v	31	46					1	65	60|80|100	1300	100
6	1	25	vitality_v	31	46					1	65	60|80|100	1300	100
6	1	26	energy_v	31	46					1	65	60|80|100	1300	100
6	1	27	return_resist_range_v	121	182					1	258	60|80|100	1290	120
6	1	28	return_resist_melee_v	121	182					1	258	60|80|100	1290	120
6	2	1	physical_metaldamage_v	35	52					1	75	60|80|100	1500	50
6	2	2	energy_metaldamage_v	35	52					1	75	60|80|100	1500	50
6	2	3	basic_damage_v	35	52			35	52	1	75	60|80|100	1500	50
6	2	4	deadlystrike_damage_v	35	52					1	75	60|80|100	1500	50
6	2	5	deadlystrike_v	35	52					1	75	60|80|100	1500	50
6	2	6	strength_v	35	52					1	75	60|80|100	1500	50
6	2	7	dexterity_v	35	52					1	75	60|80|100	1500	50
6	2	8	ignore_metal_resist_v	100	100	35	52			2	100	60|80|100	2000	100
6	2	9	ignore_defense_v	35	52					1	75	60|80|100	1500	50
6	2	10	rangedamage_return_v	139	208					1	297	60|80|100	1485	120
6	2	11	meleedamage_return_v	139	208					1	297	60|80|100	1485	120
6	2	12	attackrating_v	35	52					1	75	60|80|100	1500	120
6	2	13	lifemax_v	693	1040					1	1485	60|80|100	1485	100
6	2	14	manamax_v	693	1040					1	1485	60|80|100	1485	120
6	2	15	metal_resist_v	173	260					1	371	60|80|100	1484	100
6	2	16	stealmana_v	70	105					1	149	60|80|100	1490	120
6	2	17	steallife_v	70	105					1	149	60|80|100	1490	100
6	2	18	recover_life_v	35	52	9	9			1	75	60|80|100	1500	100
6	2	19	recover_mana_v	35	52	9	9			1	75	60|80|100	1500	120
6	2	20	lifereplenish_w	278	417					1	594	60|80|100	1485	100
6	2	21	manareplenish_w	278	417					1	594	60|80|100	1485	120
6	2	22	weaken_deadlystrike_damage_v	35	52					1	75	60|80|100	1500	100
6	2	23	weaken_deadlystrike_v	35	52					1	75	60|80|100	1500	100
6	2	24	defense_v	35	52					1	75	60|80|100	1500	100
6	2	25	vitality_v	35	52					1	75	60|80|100	1500	100
6	2	26	energy_v	35	52					1	75	60|80|100	1500	100
6	2	27	return_resist_range_v	139	208					1	297	60|80|100	1485	120
6	2	28	return_resist_melee_v	139	208					1	297	60|80|100	1485	120
6	3	1	physical_metaldamage_v	40	60					1	86	60|80|100	1720	50
6	3	2	energy_metaldamage_v	40	60					1	86	60|80|100	1720	50
6	3	3	basic_damage_v	40	60			40	60	1	86	60|80|100	1720	50
6	3	4	deadlystrike_damage_v	40	60					1	86	60|80|100	1720	50
6	3	5	deadlystrike_v	40	60					1	86	60|80|100	1720	50
6	3	6	strength_v	40	60					1	86	60|80|100	1720	50
6	3	7	dexterity_v	40	60					1	86	60|80|100	1720	50
6	3	8	ignore_metal_resist_v	100	100	40	60			2	100	60|80|100	2000	100
6	3	9	ignore_defense_v	40	60					1	86	60|80|100	1720	50
6	3	10	rangedamage_return_v	160	240					1	342	60|80|100	1710	120
6	3	11	meleedamage_return_v	160	240					1	342	60|80|100	1710	120
6	3	12	attackrating_v	40	60					1	86	60|80|100	1720	120
6	3	13	lifemax_v	797	1196					1	1708	60|80|100	1708	100
6	3	14	manamax_v	797	1196					1	1708	60|80|100	1708	120
6	3	15	metal_resist_v	200	299					1	428	60|80|100	1712	100
6	3	16	stealmana_v	80	119					1	171	60|80|100	1710	120
6	3	17	steallife_v	80	119					1	171	60|80|100	1710	100
6	3	18	recover_life_v	40	60	9	9			1	86	60|80|100	1720	100
6	3	19	recover_mana_v	40	60	9	9			1	86	60|80|100	1720	120
6	3	20	lifereplenish_w	319	478					1	683	60|80|100	1708	100
6	3	21	manareplenish_w	319	478					1	683	60|80|100	1708	120
6	3	22	weaken_deadlystrike_damage_v	40	60					1	86	60|80|100	1720	100
6	3	23	weaken_deadlystrike_v	40	60					1	86	60|80|100	1720	100
6	3	24	defense_v	40	60					1	86	60|80|100	1720	100
6	3	25	vitality_v	40	60					1	86	60|80|100	1720	100
6	3	26	energy_v	40	60					1	86	60|80|100	1720	100
6	3	27	return_resist_range_v	160	240					1	342	60|80|100	1710	120
6	3	28	return_resist_melee_v	160	240					1	342	60|80|100	1710	120
6	4	1	physical_metaldamage_v	46	69					1	99	60|80|100	1980	50
6	4	2	energy_metaldamage_v	46	69					1	99	60|80|100	1980	50
6	4	3	basic_damage_v	46	69			46	69	1	99	60|80|100	1980	50
6	4	4	deadlystrike_damage_v	46	69					1	99	60|80|100	1980	50
6	4	5	deadlystrike_v	46	69					1	99	60|80|100	1980	50
6	4	6	strength_v	46	69					1	99	60|80|100	1980	50
6	4	7	dexterity_v	46	69					1	99	60|80|100	1980	50
6	4	8	ignore_metal_resist_v	100	100	46	69			2	100	60|80|100	2000	100
6	4	9	ignore_defense_v	46	69					1	99	60|80|100	1980	50
6	4	10	rangedamage_return_v	184	275					1	393	60|80|100	1965	120
6	4	11	meleedamage_return_v	184	275					1	393	60|80|100	1965	120
6	4	12	attackrating_v	46	69					1	99	60|80|100	1980	120
6	4	13	lifemax_v	916	1374					1	1964	60|80|100	1964	100
6	4	14	manamax_v	916	1374					1	1964	60|80|100	1964	120
6	4	15	metal_resist_v	229	344					1	491	60|80|100	1964	100
6	4	16	stealmana_v	92	138					1	197	60|80|100	1970	120
6	4	17	steallife_v	92	138					1	197	60|80|100	1970	100
6	4	18	recover_life_v	46	69	9	9			1	99	60|80|100	1980	100
6	4	19	recover_mana_v	46	69	9	9			1	99	60|80|100	1980	120
6	4	20	lifereplenish_w	367	550					1	785	60|80|100	1963	100
6	4	21	manareplenish_w	367	550					1	785	60|80|100	1963	120
6	4	22	weaken_deadlystrike_damage_v	46	69					1	99	60|80|100	1980	100
6	4	23	weaken_deadlystrike_v	46	69					1	99	60|80|100	1980	100
6	4	24	defense_v	46	69					1	99	60|80|100	1980	100
6	4	25	vitality_v	46	69					1	99	60|80|100	1980	100
6	4	26	energy_v	46	69					1	99	60|80|100	1980	100
6	4	27	return_resist_range_v	184	275					1	393	60|80|100	1965	120
6	4	28	return_resist_melee_v	184	275					1	393	60|80|100	1965	120
6	5	1	physical_metaldamage_v	53	80					1	113	60|80|100	2260	50
6	5	2	energy_metaldamage_v	53	80					1	113	60|80|100	2260	50
6	5	3	basic_damage_v	53	80			53	80	1	113	60|80|100	2260	50
6	5	4	deadlystrike_damage_v	53	80					1	113	60|80|100	2260	50
6	5	5	deadlystrike_v	53	80					1	113	60|80|100	2260	50
6	5	6	strength_v	53	80					1	113	60|80|100	2260	50
6	5	7	dexterity_v	53	80					1	113	60|80|100	2260	50
6	5	8	ignore_metal_resist_v	100	100	53	80			2	113	60|80|100	2000	100
6	5	9	ignore_defense_v	53	80					1	113	60|80|100	2260	50
6	5	10	rangedamage_return_v	211	316					1	452	60|80|100	2260	120
6	5	11	meleedamage_return_v	211	316					1	452	60|80|100	2260	120
6	5	12	attackrating_v	53	80					1	113	60|80|100	2260	120
6	5	13	lifemax_v	1054	1581					1	2258	60|80|100	2258	100
6	5	14	manamax_v	1054	1581					1	2258	60|80|100	2258	120
6	5	15	metal_resist_v	264	395					1	564	60|80|100	2256	100
6	5	16	stealmana_v	106	159					1	226	60|80|100	2260	120
6	5	17	steallife_v	106	159					1	226	60|80|100	2260	100
6	5	18	recover_life_v	53	80	9	9			1	113	60|80|100	2260	100
6	5	19	recover_mana_v	53	80	9	9			1	113	60|80|100	2260	120
6	5	20	lifereplenish_w	421	632					1	903	60|80|100	2258	100
6	5	21	manareplenish_w	421	632					1	903	60|80|100	2258	120
6	5	22	weaken_deadlystrike_damage_v	53	80					1	113	60|80|100	2260	100
6	5	23	weaken_deadlystrike_v	53	80					1	113	60|80|100	2260	100
6	5	24	defense_v	53	80					1	113	60|80|100	2260	100
6	5	25	vitality_v	53	80					1	113	60|80|100	2260	100
6	5	26	energy_v	53	80					1	113	60|80|100	2260	100
6	5	27	return_resist_range_v	211	316					1	452	60|80|100	2260	120
6	5	28	return_resist_melee_v	211	316					1	452	60|80|100	2260	120
6	6	1	physical_metaldamage_v	61	92					1	130	60|80|100	2600	50
6	6	2	energy_metaldamage_v	61	92					1	130	60|80|100	2600	50
6	6	3	basic_damage_v	61	92			61	92	1	130	60|80|100	2600	50
6	6	4	deadlystrike_damage_v	61	92					1	130	60|80|100	2600	50
6	6	5	deadlystrike_v	61	92					1	130	60|80|100	2600	50
6	6	6	strength_v	61	92					1	130	60|80|100	2600	50
6	6	7	dexterity_v	61	92					1	130	60|80|100	2600	50
6	6	8	ignore_metal_resist_v	100	100	61	92			2	130	60|80|100	2000	100
6	6	9	ignore_defense_v	61	92					1	130	60|80|100	2600	50
6	6	10	rangedamage_return_v	243	364					1	520	60|80|100	2600	120
6	6	11	meleedamage_return_v	243	364					1	520	60|80|100	2600	120
6	6	12	attackrating_v	61	92					1	130	60|80|100	2600	120
6	6	13	lifemax_v	1212	1817					1	2596	60|80|100	2596	100
6	6	14	manamax_v	1212	1817					1	2596	60|80|100	2596	120
6	6	15	metal_resist_v	304	455					1	650	60|80|100	2600	100
6	6	16	stealmana_v	121	182					1	260	60|80|100	2600	120
6	6	17	steallife_v	121	182					1	260	60|80|100	2600	100
6	6	18	recover_life_v	61	92	9	9			1	130	60|80|100	2600	100
6	6	19	recover_mana_v	61	92	9	9			1	130	60|80|100	2600	120
6	6	20	lifereplenish_w	485	728					1	1038	60|80|100	2595	100
6	6	21	manareplenish_w	485	728					1	1038	60|80|100	2595	120
6	6	22	weaken_deadlystrike_damage_v	61	92					1	130	60|80|100	2600	100
6	6	23	weaken_deadlystrike_v	61	92					1	130	60|80|100	2600	100
6	6	24	defense_v	61	92					1	130	60|80|100	2600	100
6	6	25	vitality_v	61	92					1	130	60|80|100	2600	100
6	6	26	energy_v	61	92					1	130	60|80|100	2600	100
6	6	27	return_resist_range_v	243	364					1	520	60|80|100	2600	120
6	6	28	return_resist_melee_v	243	364					1	520	60|80|100	2600	120
6	7	1	physical_metaldamage_v	67	100					1	143	60|80|100	2860	50
6	7	2	energy_metaldamage_v	67	100					1	143	60|80|100	2860	50
6	7	3	basic_damage_v	67	100			67	100	1	143	60|80|100	2860	50
6	7	4	deadlystrike_damage_v	67	100					1	143	60|80|100	2860	50
6	7	5	deadlystrike_v	67	100					1	143	60|80|100	2860	50
6	7	6	strength_v	67	100					1	143	60|80|100	2860	50
6	7	7	dexterity_v	67	100					1	143	60|80|100	2860	50
6	7	8	ignore_metal_resist_v	100	100	67	100			2	143	60|80|100	2000	100
6	7	9	ignore_defense_v	67	100					1	143	60|80|100	2860	50
6	7	10	rangedamage_return_v	267	400					1	572	60|80|100	2860	120
6	7	11	meleedamage_return_v	267	400					1	572	60|80|100	2860	120
6	7	12	attackrating_v	67	100					1	143	60|80|100	2860	120
6	7	13	lifemax_v	1333	2000					1	2856	60|80|100	2856	100
6	7	14	manamax_v	1333	2000					1	2856	60|80|100	2856	120
6	7	15	metal_resist_v	334	501					1	714	60|80|100	2856	100
6	7	16	stealmana_v	134	201					1	286	60|80|100	2860	120
6	7	17	steallife_v	134	201					1	286	60|80|100	2860	100
6	7	18	recover_life_v	67	100	9	9			1	143	60|80|100	2860	100
6	7	19	recover_mana_v	67	100	9	9			1	143	60|80|100	2860	120
6	7	20	lifereplenish_w	533	800					1	1143	60|80|100	2858	100
6	7	21	manareplenish_w	533	800					1	1143	60|80|100	2858	120
6	7	22	weaken_deadlystrike_damage_v	67	100					1	143	60|80|100	2860	100
6	7	23	weaken_deadlystrike_v	67	100					1	143	60|80|100	2860	100
6	7	24	defense_v	67	100					1	143	60|80|100	2860	100
6	7	25	vitality_v	67	100					1	143	60|80|100	2860	100
6	7	26	energy_v	67	100					1	143	60|80|100	2860	100
6	7	27	return_resist_range_v	267	400					1	572	60|80|100	2860	120
6	7	28	return_resist_melee_v	267	400					1	572	60|80|100	2860	120
6	8	1	physical_metaldamage_v	74	111					1	158	60|80|100	3160	50
6	8	2	energy_metaldamage_v	74	111					1	158	60|80|100	3160	50
6	8	3	basic_damage_v	74	111			74	111	1	158	60|80|100	3160	50
6	8	4	deadlystrike_damage_v	74	111					1	158	60|80|100	3160	50
6	8	5	deadlystrike_v	74	111					1	158	60|80|100	3160	50
6	8	6	strength_v	74	111					1	158	60|80|100	3160	50
6	8	7	dexterity_v	74	111					1	158	60|80|100	3160	50
6	8	8	ignore_metal_resist_v	100	100	74	111			2	158	60|80|100	2000	100
6	8	9	ignore_defense_v	74	111					1	158	60|80|100	3160	50
6	8	10	rangedamage_return_v	294	441					1	629	60|80|100	3145	120
6	8	11	meleedamage_return_v	294	441					1	629	60|80|100	3145	120
6	8	12	attackrating_v	74	111					1	158	60|80|100	3160	120
6	8	13	lifemax_v	1467	2200					1	3142	60|80|100	3142	100
6	8	14	manamax_v	1467	2200					1	3142	60|80|100	3142	120
6	8	15	metal_resist_v	367	550					1	785	60|80|100	3140	100
6	8	16	stealmana_v	147	220					1	315	60|80|100	3150	120
6	8	17	steallife_v	147	220					1	315	60|80|100	3150	100
6	8	18	recover_life_v	74	111	9	9			1	158	60|80|100	3160	100
6	8	19	recover_mana_v	74	111	9	9			1	158	60|80|100	3160	120
6	8	20	lifereplenish_w	587	880					1	1257	60|80|100	3143	100
6	8	21	manareplenish_w	587	880					1	1257	60|80|100	3143	120
6	8	22	weaken_deadlystrike_damage_v	74	111					1	158	60|80|100	3160	100
6	8	23	weaken_deadlystrike_v	74	111					1	158	60|80|100	3160	100
6	8	24	defense_v	74	111					1	158	60|80|100	3160	100
6	8	25	vitality_v	74	111					1	158	60|80|100	3160	100
6	8	26	energy_v	74	111					1	158	60|80|100	3160	100
6	8	27	return_resist_range_v	294	441					1	629	60|80|100	3145	120
6	8	28	return_resist_melee_v	294	441					1	629	60|80|100	3145	120
6	9	1	physical_metaldamage_v	81	122					1	173	60|80|100	3460	50
6	9	2	energy_metaldamage_v	81	122					1	173	60|80|100	3460	50
6	9	3	basic_damage_v	81	122			81	122	1	173	60|80|100	3460	50
6	9	4	deadlystrike_damage_v	81	122					1	173	60|80|100	3460	50
6	9	5	deadlystrike_v	81	122					1	173	60|80|100	3460	50
6	9	6	strength_v	81	122					1	173	60|80|100	3460	50
6	9	7	dexterity_v	81	122					1	173	60|80|100	3460	50
6	9	8	ignore_metal_resist_v	100	100	81	122			2	173	60|80|100	2000	100
6	9	9	ignore_defense_v	81	122					1	173	60|80|100	3460	50
6	9	10	rangedamage_return_v	323	484					1	692	60|80|100	3460	120
6	9	11	meleedamage_return_v	323	484					1	692	60|80|100	3460	120
6	9	12	attackrating_v	81	122					1	173	60|80|100	3460	120
6	9	13	lifemax_v	1612	2418					1	3455	60|80|100	3455	100
6	9	14	manamax_v	1612	2418					1	3455	60|80|100	3455	120
6	9	15	metal_resist_v	404	605					1	864	60|80|100	3456	100
6	9	16	stealmana_v	162	243					1	346	60|80|100	3460	120
6	9	17	steallife_v	162	243					1	346	60|80|100	3460	100
6	9	18	recover_life_v	81	122	9	9			1	173	60|80|100	3460	100
6	9	19	recover_mana_v	81	122	9	9			1	173	60|80|100	3460	120
6	9	20	lifereplenish_w	645	968					1	1383	60|80|100	3458	100
6	9	21	manareplenish_w	645	968					1	1383	60|80|100	3458	120
6	9	22	weaken_deadlystrike_damage_v	81	122					1	173	60|80|100	3460	100
6	9	23	weaken_deadlystrike_v	81	122					1	173	60|80|100	3460	100
6	9	24	defense_v	81	122					1	173	60|80|100	3460	100
6	9	25	vitality_v	81	122					1	173	60|80|100	3460	100
6	9	26	energy_v	81	122					1	173	60|80|100	3460	100
6	9	27	return_resist_range_v	323	484					1	692	60|80|100	3460	120
6	9	28	return_resist_melee_v	323	484					1	692	60|80|100	3460	120
6	10	1	physical_metaldamage_v	89	134					1	190	60|80|100	3800	50
6	10	2	energy_metaldamage_v	89	134					1	190	60|80|100	3800	50
6	10	3	basic_damage_v	89	134			89	134	1	190	60|80|100	3800	50
6	10	4	deadlystrike_damage_v	89	134					1	190	60|80|100	3800	50
6	10	5	deadlystrike_v	89	134					1	190	60|80|100	3800	50
6	10	6	strength_v	89	134					1	190	60|80|100	3800	50
6	10	7	dexterity_v	89	134					1	190	60|80|100	3800	50
6	10	8	ignore_metal_resist_v	100	100	89	134			2	190	60|80|100	2000	100
6	10	9	ignore_defense_v	89	134					1	190	60|80|100	3800	50
6	10	10	rangedamage_return_v	355	532					1	760	60|80|100	3800	120
6	10	11	meleedamage_return_v	355	532					1	760	60|80|100	3800	120
6	10	12	attackrating_v	89	134					1	190	60|80|100	3800	120
6	10	13	lifemax_v	1774	2661					1	3801	60|80|100	3801	100
6	10	14	manamax_v	1774	2661					1	3801	60|80|100	3801	120
6	10	15	metal_resist_v	444	665					1	951	60|80|100	3804	100
6	10	16	stealmana_v	178	267					1	381	60|80|100	3810	120
6	10	17	steallife_v	178	267					1	381	60|80|100	3810	100
6	10	18	recover_life_v	89	134	9	9			1	190	60|80|100	3800	100
6	10	19	recover_mana_v	89	134	9	9			1	190	60|80|100	3800	120
6	10	20	lifereplenish_w	710	1065					1	1521	60|80|100	3803	100
6	10	21	manareplenish_w	710	1065					1	1521	60|80|100	3803	120
6	10	22	weaken_deadlystrike_damage_v	89	134					1	190	60|80|100	3800	100
6	10	23	weaken_deadlystrike_v	89	134					1	190	60|80|100	3800	100
6	10	24	defense_v	89	134					1	190	60|80|100	3800	100
6	10	25	vitality_v	89	134					1	190	60|80|100	3800	100
6	10	26	energy_v	89	134					1	190	60|80|100	3800	100
6	10	27	return_resist_range_v	355	532					1	760	60|80|100	3800	120
6	10	28	return_resist_melee_v	355	532					1	760	60|80|100	3800	120
6	11	1	physical_metaldamage_v	98	147					1	209	60|80|100	4180	50
6	11	2	energy_metaldamage_v	98	147					1	209	60|80|100	4180	50
6	11	3	basic_damage_v	98	147			98	147	1	209	60|80|100	4180	50
6	11	4	deadlystrike_damage_v	98	147					1	209	60|80|100	4180	50
6	11	5	deadlystrike_v	98	147					1	209	60|80|100	4180	50
6	11	6	strength_v	98	147					1	209	60|80|100	4180	50
6	11	7	dexterity_v	98	147					1	209	60|80|100	4180	50
6	11	8	ignore_metal_resist_v	100	100	98	147			2	209	60|80|100	2000	100
6	11	9	ignore_defense_v	98	147					1	209	60|80|100	4180	50
6	11	10	rangedamage_return_v	391	586					1	837	60|80|100	4185	120
6	11	11	meleedamage_return_v	391	586					1	837	60|80|100	4185	120
6	11	12	attackrating_v	98	147					1	209	60|80|100	4180	120
6	11	13	lifemax_v	1952	2927					1	4181	60|80|100	4181	100
6	11	14	manamax_v	1952	2927					1	4181	60|80|100	4181	120
6	11	15	metal_resist_v	488	732					1	1046	60|80|100	4184	100
6	11	16	stealmana_v	196	293					1	418	60|80|100	4180	120
6	11	17	steallife_v	196	293					1	418	60|80|100	4180	100
6	11	18	recover_life_v	98	147	9	9			1	209	60|80|100	4180	100
6	11	19	recover_mana_v	98	147	9	9			1	209	60|80|100	4180	120
6	11	20	lifereplenish_w	781	1172					1	1673	60|80|100	4183	100
6	11	21	manareplenish_w	781	1172					1	1673	60|80|100	4183	120
6	11	22	weaken_deadlystrike_damage_v	98	147					1	209	60|80|100	4180	100
6	11	23	weaken_deadlystrike_v	98	147					1	209	60|80|100	4180	100
6	11	24	defense_v	98	147					1	209	60|80|100	4180	100
6	11	25	vitality_v	98	147					1	209	60|80|100	4180	100
6	11	26	energy_v	98	147					1	209	60|80|100	4180	100
6	11	27	return_resist_range_v	391	586					1	837	60|80|100	4185	120
6	11	28	return_resist_melee_v	391	586					1	837	60|80|100	4185	120
6	12	1	physical_metaldamage_v	107	160					1	228	60|80|100	4560	50
6	12	2	energy_metaldamage_v	107	160					1	228	60|80|100	4560	50
6	12	3	basic_damage_v	107	160			107	160	1	228	60|80|100	4560	50
6	12	4	deadlystrike_damage_v	107	160					1	228	60|80|100	4560	50
6	12	5	deadlystrike_v	107	160					1	228	60|80|100	4560	50
6	12	6	strength_v	107	160					1	228	60|80|100	4560	50
6	12	7	dexterity_v	107	160					1	228	60|80|100	4560	50
6	12	8	ignore_metal_resist_v	100	100	107	160			2	228	60|80|100	2000	100
6	12	9	ignore_defense_v	107	160					1	228	60|80|100	4560	50
6	12	10	rangedamage_return_v	426	639					1	912	60|80|100	4560	120
6	12	11	meleedamage_return_v	426	639					1	912	60|80|100	4560	120
6	12	12	attackrating_v	107	160					1	228	60|80|100	4560	120
6	12	13	lifemax_v	2129	3194					1	4562	60|80|100	4562	100
6	12	14	manamax_v	2129	3194					1	4562	60|80|100	4562	120
6	12	15	metal_resist_v	532	798					1	1140	60|80|100	4560	100
6	12	16	stealmana_v	213	320					1	456	60|80|100	4560	120
6	12	17	steallife_v	213	320					1	456	60|80|100	4560	100
6	12	18	recover_life_v	107	160	9	9			1	228	60|80|100	4560	100
6	12	19	recover_mana_v	107	160	9	9			1	228	60|80|100	4560	120
6	12	20	lifereplenish_w	852	1277					1	1824	60|80|100	4560	100
6	12	21	manareplenish_w	852	1277					1	1824	60|80|100	4560	120
6	12	22	weaken_deadlystrike_damage_v	107	160					1	228	60|80|100	4560	100
6	12	23	weaken_deadlystrike_v	107	160					1	228	60|80|100	4560	100
6	12	24	defense_v	107	160					1	228	60|80|100	4560	100
6	12	25	vitality_v	107	160					1	228	60|80|100	4560	100
6	12	26	energy_v	107	160					1	228	60|80|100	4560	100
6	12	27	return_resist_range_v	426	639					1	912	60|80|100	4560	120
6	12	28	return_resist_melee_v	426	639					1	912	60|80|100	4560	120
6	13	1	physical_metaldamage_v	112	168					1	240	60|80|100	4800	50
6	13	2	energy_metaldamage_v	112	168					1	240	60|80|100	4800	50
6	13	3	basic_damage_v	112	168			112	168	1	240	60|80|100	4800	50
6	13	4	deadlystrike_damage_v	112	168					1	240	60|80|100	4800	50
6	13	5	deadlystrike_v	112	168					1	240	60|80|100	4800	50
6	13	6	strength_v	112	168					1	240	60|80|100	4800	50
6	13	7	dexterity_v	112	168					1	240	60|80|100	4800	50
6	13	8	ignore_metal_resist_v	100	100	112	168			2	240	60|80|100	2000	100
6	13	9	ignore_defense_v	112	168					1	240	60|80|100	4800	50
6	13	10	rangedamage_return_v	448	671					1	958	60|80|100	4790	120
6	13	11	meleedamage_return_v	448	671					1	958	60|80|100	4790	120
6	13	12	attackrating_v	112	168					1	240	60|80|100	4800	120
6	13	13	lifemax_v	2236	3353					1	4790	60|80|100	4790	100
6	13	14	manamax_v	2236	3353					1	4790	60|80|100	4790	120
6	13	15	metal_resist_v	560	839					1	1198	60|80|100	4792	100
6	13	16	stealmana_v	224	335					1	479	60|80|100	4790	120
6	13	17	steallife_v	224	335					1	479	60|80|100	4790	100
6	13	18	recover_life_v	112	168	9	9			1	240	60|80|100	4800	100
6	13	19	recover_mana_v	112	168	9	9			1	240	60|80|100	4800	120
6	13	20	lifereplenish_w	894	1341					1	1916	60|80|100	4790	100
6	13	21	manareplenish_w	894	1341					1	1916	60|80|100	4790	120
6	13	22	weaken_deadlystrike_damage_v	112	168					1	240	60|80|100	4800	100
6	13	23	weaken_deadlystrike_v	112	168					1	240	60|80|100	4800	100
6	13	24	defense_v	112	168					1	240	60|80|100	4800	100
6	13	25	vitality_v	112	168					1	240	60|80|100	4800	100
6	13	26	energy_v	112	168					1	240	60|80|100	4800	100
6	13	27	return_resist_range_v	448	671					1	958	60|80|100	4790	120
6	13	28	return_resist_melee_v	448	671					1	958	60|80|100	4790	120
6	14	1	physical_metaldamage_v	117	176					1	251	60|80|100	5020	50
6	14	2	energy_metaldamage_v	117	176					1	251	60|80|100	5020	50
6	14	3	basic_damage_v	117	176			117	176	1	251	60|80|100	5020	50
6	14	4	deadlystrike_damage_v	117	176					1	251	60|80|100	5020	50
6	14	5	deadlystrike_v	117	176					1	251	60|80|100	5020	50
6	14	6	strength_v	117	176					1	251	60|80|100	5020	50
6	14	7	dexterity_v	117	176					1	251	60|80|100	5020	50
6	14	8	ignore_metal_resist_v	100	100	117	176			2	251	60|80|100	2000	100
6	14	9	ignore_defense_v	117	176					1	251	60|80|100	5020	50
6	14	10	rangedamage_return_v	470	705					1	1006	60|80|100	5030	120
6	14	11	meleedamage_return_v	470	705					1	1006	60|80|100	5030	120
6	14	12	attackrating_v	117	176					1	251	60|80|100	5020	120
6	14	13	lifemax_v	2346	3519					1	5026	60|80|100	5026	100
6	14	14	manamax_v	2346	3519					1	5026	60|80|100	5026	120
6	14	15	metal_resist_v	587	880					1	1257	60|80|100	5028	100
6	14	16	stealmana_v	235	352					1	503	60|80|100	5030	120
6	14	17	steallife_v	235	352					1	503	60|80|100	5030	100
6	14	18	recover_life_v	117	176	9	9			1	251	60|80|100	5020	100
6	14	19	recover_mana_v	117	176	9	9			1	251	60|80|100	5020	120
6	14	20	lifereplenish_w	939	1408					1	2010	60|80|100	5025	100
6	14	21	manareplenish_w	939	1408					1	2010	60|80|100	5025	120
6	14	22	weaken_deadlystrike_damage_v	117	176					1	251	60|80|100	5020	100
6	14	23	weaken_deadlystrike_v	117	176					1	251	60|80|100	5020	100
6	14	24	defense_v	117	176					1	251	60|80|100	5020	100
6	14	25	vitality_v	117	176					1	251	60|80|100	5020	100
6	14	26	energy_v	117	176					1	251	60|80|100	5020	100
6	14	27	return_resist_range_v	470	705					1	1006	60|80|100	5030	120
6	14	28	return_resist_melee_v	470	705					1	1006	60|80|100	5030	120
6	15	1	physical_metaldamage_v	123	184					1	263	60|80|100	5260	50
6	15	2	energy_metaldamage_v	123	184					1	263	60|80|100	5260	50
6	15	3	basic_damage_v	123	184			123	184	1	263	60|80|100	5260	50
6	15	4	deadlystrike_damage_v	123	184					1	263	60|80|100	5260	50
6	15	5	deadlystrike_v	123	184					1	263	60|80|100	5260	50
6	15	6	strength_v	123	184					1	263	60|80|100	5260	50
6	15	7	dexterity_v	123	184					1	263	60|80|100	5260	50
6	15	8	ignore_metal_resist_v	100	100	123	184			2	263	60|80|100	2000	100
6	15	9	ignore_defense_v	123	184					1	263	60|80|100	5260	50
6	15	10	rangedamage_return_v	492	737					1	1053	60|80|100	5265	120
6	15	11	meleedamage_return_v	492	737					1	1053	60|80|100	5265	120
6	15	12	attackrating_v	123	184					1	263	60|80|100	5260	120
6	15	13	lifemax_v	2456	3684					1	5262	60|80|100	5262	100
6	15	14	manamax_v	2456	3684					1	5262	60|80|100	5262	120
6	15	15	metal_resist_v	614	921					1	1316	60|80|100	5264	100
6	15	16	stealmana_v	246	369					1	527	60|80|100	5270	120
6	15	17	steallife_v	246	369					1	527	60|80|100	5270	100
6	15	18	recover_life_v	123	184	9	9			1	263	60|80|100	5260	100
6	15	19	recover_mana_v	123	184	9	9			1	263	60|80|100	5260	120
6	15	20	lifereplenish_w	983	1474					1	2105	60|80|100	5263	100
6	15	21	manareplenish_w	983	1474					1	2105	60|80|100	5263	120
6	15	22	weaken_deadlystrike_damage_v	123	184					1	263	60|80|100	5260	100
6	15	23	weaken_deadlystrike_v	123	184					1	263	60|80|100	5260	100
6	15	24	defense_v	123	184					1	263	60|80|100	5260	100
6	15	25	vitality_v	123	184					1	263	60|80|100	5260	100
6	15	26	energy_v	123	184					1	263	60|80|100	5260	100
6	15	27	return_resist_range_v	492	737					1	1053	60|80|100	5265	120
6	15	28	return_resist_melee_v	492	737					1	1053	60|80|100	5265	120
6	16	1	physical_metaldamage_v	128	192					1	275	60|80|100	5500	50
6	16	2	energy_metaldamage_v	128	192					1	275	60|80|100	5500	50
6	16	3	basic_damage_v	128	192			128	192	1	275	60|80|100	5500	50
6	16	4	deadlystrike_damage_v	128	192					1	275	60|80|100	5500	50
6	16	5	deadlystrike_v	128	192					1	275	60|80|100	5500	50
6	16	6	strength_v	128	192					1	275	60|80|100	5500	50
6	16	7	dexterity_v	128	192					1	275	60|80|100	5500	50
6	16	8	ignore_metal_resist_v	100	100	128	192			2	275	60|80|100	2000	100
6	16	9	ignore_defense_v	128	192					1	275	60|80|100	5500	50
6	16	10	rangedamage_return_v	513	770					1	1100	60|80|100	5500	120
6	16	11	meleedamage_return_v	513	770					1	1100	60|80|100	5500	120
6	16	12	attackrating_v	128	192					1	275	60|80|100	5500	120
6	16	13	lifemax_v	2566	3849					1	5499	60|80|100	5499	100
6	16	14	manamax_v	2566	3849					1	5499	60|80|100	5499	120
6	16	15	metal_resist_v	642	963					1	1376	60|80|100	5504	100
6	16	16	stealmana_v	257	386					1	550	60|80|100	5500	120
6	16	17	steallife_v	257	386					1	550	60|80|100	5500	100
6	16	18	recover_life_v	128	192	9	9			1	275	60|80|100	5500	100
6	16	19	recover_mana_v	128	192	9	9			1	275	60|80|100	5500	120
6	16	20	lifereplenish_w	1027	1540					1	2200	60|80|100	5500	100
6	16	21	manareplenish_w	1027	1540					1	2200	60|80|100	5500	120
6	16	22	weaken_deadlystrike_damage_v	128	192					1	275	60|80|100	5500	100
6	16	23	weaken_deadlystrike_v	128	192					1	275	60|80|100	5500	100
6	16	24	defense_v	128	192					1	275	60|80|100	5500	100
6	16	25	vitality_v	128	192					1	275	60|80|100	5500	100
6	16	26	energy_v	128	192					1	275	60|80|100	5500	100
6	16	27	return_resist_range_v	513	770					1	1100	60|80|100	5500	120
6	16	28	return_resist_melee_v	513	770					1	1100	60|80|100	5500	120
6	17	1	physical_metaldamage_v	134	201					1	287	60|80|100	5740	50
6	17	2	energy_metaldamage_v	134	201					1	287	60|80|100	5740	50
6	17	3	basic_damage_v	134	201			134	201	1	287	60|80|100	5740	50
6	17	4	deadlystrike_damage_v	134	201					1	287	60|80|100	5740	50
6	17	5	deadlystrike_v	134	201					1	287	60|80|100	5740	50
6	17	6	strength_v	134	201					1	287	60|80|100	5740	50
6	17	7	dexterity_v	134	201					1	287	60|80|100	5740	50
6	17	8	ignore_metal_resist_v	100	100	134	201			2	287	60|80|100	2000	100
6	17	9	ignore_defense_v	134	201					1	287	60|80|100	5740	50
6	17	10	rangedamage_return_v	536	803					1	1148	60|80|100	5740	120
6	17	11	meleedamage_return_v	536	803					1	1148	60|80|100	5740	120
6	17	12	attackrating_v	134	201					1	287	60|80|100	5740	120
6	17	13	lifemax_v	2676	4014					1	5735	60|80|100	5735	100
6	17	14	manamax_v	2676	4014					1	5735	60|80|100	5735	120
6	17	15	metal_resist_v	670	1005					1	1434	60|80|100	5736	100
6	17	16	stealmana_v	268	402					1	574	60|80|100	5740	120
6	17	17	steallife_v	268	402					1	574	60|80|100	5740	100
6	17	18	recover_life_v	134	201	9	9			1	287	60|80|100	5740	100
6	17	19	recover_mana_v	134	201	9	9			1	287	60|80|100	5740	120
6	17	20	lifereplenish_w	1071	1606					1	2295	60|80|100	5738	100
6	17	21	manareplenish_w	1071	1606					1	2295	60|80|100	5738	120
6	17	22	weaken_deadlystrike_damage_v	134	201					1	287	60|80|100	5740	100
6	17	23	weaken_deadlystrike_v	134	201					1	287	60|80|100	5740	100
6	17	24	defense_v	134	201					1	287	60|80|100	5740	100
6	17	25	vitality_v	134	201					1	287	60|80|100	5740	100
6	17	26	energy_v	134	201					1	287	60|80|100	5740	100
6	17	27	return_resist_range_v	536	803					1	1148	60|80|100	5740	120
6	17	28	return_resist_melee_v	536	803					1	1148	60|80|100	5740	120
6	18	1	physical_metaldamage_v	140	209					1	299	60|80|100	5980	50
6	18	2	energy_metaldamage_v	140	209					1	299	60|80|100	5980	50
6	18	3	basic_damage_v	140	209			140	209	1	299	60|80|100	5980	50
6	18	4	deadlystrike_damage_v	140	209					1	299	60|80|100	5980	50
6	18	5	deadlystrike_v	140	209					1	299	60|80|100	5980	50
6	18	6	strength_v	140	209					1	299	60|80|100	5980	50
6	18	7	dexterity_v	140	209					1	299	60|80|100	5980	50
6	18	8	ignore_metal_resist_v	100	100	140	209			2	299	60|80|100	2000	100
6	18	9	ignore_defense_v	140	209					1	299	60|80|100	5980	50
6	18	10	rangedamage_return_v	558	837					1	1194	60|80|100	5970	120
6	18	11	meleedamage_return_v	558	837					1	1194	60|80|100	5970	120
6	18	12	attackrating_v	140	209					1	299	60|80|100	5980	120
6	18	13	lifemax_v	2788	4181					1	5973	60|80|100	5973	100
6	18	14	manamax_v	2788	4181					1	5973	60|80|100	5973	120
6	18	15	metal_resist_v	697	1046					1	1493	60|80|100	5972	100
6	18	16	stealmana_v	280	419					1	598	60|80|100	5980	120
6	18	17	steallife_v	280	419					1	598	60|80|100	5980	100
6	18	18	recover_life_v	140	209	9	9			1	299	60|80|100	5980	100
6	18	19	recover_mana_v	140	209	9	9			1	299	60|80|100	5980	120
6	18	20	lifereplenish_w	1116	1673					1	2390	60|80|100	5975	100
6	18	21	manareplenish_w	1116	1673					1	2390	60|80|100	5975	120
6	18	22	weaken_deadlystrike_damage_v	140	209					1	299	60|80|100	5980	100
6	18	23	weaken_deadlystrike_v	140	209					1	299	60|80|100	5980	100
6	18	24	defense_v	140	209					1	299	60|80|100	5980	100
6	18	25	vitality_v	140	209					1	299	60|80|100	5980	100
6	18	26	energy_v	140	209					1	299	60|80|100	5980	100
6	18	27	return_resist_range_v	558	837					1	1194	60|80|100	5970	120
6	18	28	return_resist_melee_v	558	837					1	1194	60|80|100	5970	120
6	19	1	physical_metaldamage_v	145	218					1	311	60|80|100	6220	50
6	19	2	energy_metaldamage_v	145	218					1	311	60|80|100	6220	50
6	19	3	basic_damage_v	145	218			145	218	1	311	60|80|100	6220	50
6	19	4	deadlystrike_damage_v	145	218					1	311	60|80|100	6220	50
6	19	5	deadlystrike_v	145	218					1	311	60|80|100	6220	50
6	19	6	strength_v	145	218					1	311	60|80|100	6220	50
6	19	7	dexterity_v	145	218					1	311	60|80|100	6220	50
6	19	8	ignore_metal_resist_v	100	100	145	218			2	311	60|80|100	2000	100
6	19	9	ignore_defense_v	145	218					1	311	60|80|100	6220	50
6	19	10	rangedamage_return_v	580	870					1	1242	60|80|100	6210	120
6	19	11	meleedamage_return_v	580	870					1	1242	60|80|100	6210	120
6	19	12	attackrating_v	145	218					1	311	60|80|100	6220	120
6	19	13	lifemax_v	2898	4347					1	6209	60|80|100	6209	100
6	19	14	manamax_v	2898	4347					1	6209	60|80|100	6209	120
6	19	15	metal_resist_v	724	1086					1	1552	60|80|100	6208	100
6	19	16	stealmana_v	290	435					1	621	60|80|100	6210	120
6	19	17	steallife_v	290	435					1	621	60|80|100	6210	100
6	19	18	recover_life_v	145	218	9	9			1	311	60|80|100	6220	100
6	19	19	recover_mana_v	145	218	9	9			1	311	60|80|100	6220	120
6	19	20	lifereplenish_w	1159	1738					1	2483	60|80|100	6208	100
6	19	21	manareplenish_w	1159	1738					1	2483	60|80|100	6208	120
6	19	22	weaken_deadlystrike_damage_v	145	218					1	311	60|80|100	6220	100
6	19	23	weaken_deadlystrike_v	145	218					1	311	60|80|100	6220	100
6	19	24	defense_v	145	218					1	311	60|80|100	6220	100
6	19	25	vitality_v	145	218					1	311	60|80|100	6220	100
6	19	26	energy_v	145	218					1	311	60|80|100	6220	100
6	19	27	return_resist_range_v	580	870					1	1242	60|80|100	6210	120
6	19	28	return_resist_melee_v	580	870					1	1242	60|80|100	6210	120
6	20	1	physical_metaldamage_v	151	226					1	323	60|80|100	6460	50
6	20	2	energy_metaldamage_v	151	226					1	323	60|80|100	6460	50
6	20	3	basic_damage_v	151	226			151	226	1	323	60|80|100	6460	50
6	20	4	deadlystrike_damage_v	151	226					1	323	60|80|100	6460	50
6	20	5	deadlystrike_v	151	226					1	323	60|80|100	6460	50
6	20	6	strength_v	151	226					1	323	60|80|100	6460	50
6	20	7	dexterity_v	151	226					1	323	60|80|100	6460	50
6	20	8	ignore_metal_resist_v	100	100	151	226			2	323	60|80|100	2000	100
6	20	9	ignore_defense_v	151	226					1	323	60|80|100	6460	50
6	20	10	rangedamage_return_v	602	903					1	1289	60|80|100	6445	120
6	20	11	meleedamage_return_v	602	903					1	1289	60|80|100	6445	120
6	20	12	attackrating_v	151	226					1	323	60|80|100	6460	120
6	20	13	lifemax_v	3008	4512					1	6446	60|80|100	6446	100
6	20	14	manamax_v	3008	4512					1	6446	60|80|100	6446	120
6	20	15	metal_resist_v	752	1128					1	1612	60|80|100	6448	100
6	20	16	stealmana_v	301	452					1	645	60|80|100	6450	120
6	20	17	steallife_v	301	452					1	645	60|80|100	6450	100
6	20	18	recover_life_v	151	226	9	9			1	323	60|80|100	6460	100
6	20	19	recover_mana_v	151	226	9	9			1	323	60|80|100	6460	120
6	20	20	lifereplenish_w	1204	1805					1	2578	60|80|100	6445	100
6	20	21	manareplenish_w	1204	1805					1	2578	60|80|100	6445	120
6	20	22	weaken_deadlystrike_damage_v	151	226					1	323	60|80|100	6460	100
6	20	23	weaken_deadlystrike_v	151	226					1	323	60|80|100	6460	100
6	20	24	defense_v	151	226					1	323	60|80|100	6460	100
6	20	25	vitality_v	151	226					1	323	60|80|100	6460	100
6	20	26	energy_v	151	226					1	323	60|80|100	6460	100
6	20	27	return_resist_range_v	602	903					1	1289	60|80|100	6445	120
6	20	28	return_resist_melee_v	602	903					1	1289	60|80|100	6445	120
6	21	1	physical_metaldamage_v	156	234					1	334	60|80|100	6680	50
6	21	2	energy_metaldamage_v	156	234					1	334	60|80|100	6680	50
6	21	3	basic_damage_v	156	234			156	234	1	334	60|80|100	6680	50
6	21	4	deadlystrike_damage_v	156	234					1	334	60|80|100	6680	50
6	21	5	deadlystrike_v	156	234					1	334	60|80|100	6680	50
6	21	6	strength_v	156	234					1	334	60|80|100	6680	50
6	21	7	dexterity_v	156	234					1	334	60|80|100	6680	50
6	21	8	ignore_metal_resist_v	100	100	156	234			2	334	60|80|100	2000	100
6	21	9	ignore_defense_v	156	234					1	334	60|80|100	6680	50
6	21	10	rangedamage_return_v	624	936					1	1337	60|80|100	6685	120
6	21	11	meleedamage_return_v	624	936					1	1337	60|80|100	6685	120
6	21	12	attackrating_v	156	234					1	334	60|80|100	6680	120
6	21	13	lifemax_v	3119	4678					1	6682	60|80|100	6682	100
6	21	14	manamax_v	3119	4678					1	6682	60|80|100	6682	120
6	21	15	metal_resist_v	780	1169					1	1671	60|80|100	6684	100
6	21	16	stealmana_v	312	468					1	669	60|80|100	6690	120
6	21	17	steallife_v	312	468					1	669	60|80|100	6690	100
6	21	18	recover_life_v	156	234	9	9			1	334	60|80|100	6680	100
6	21	19	recover_mana_v	156	234	9	9			1	334	60|80|100	6680	120
6	21	20	lifereplenish_w	1248	1871					1	2673	60|80|100	6683	100
6	21	21	manareplenish_w	1248	1871					1	2673	60|80|100	6683	120
6	21	22	weaken_deadlystrike_damage_v	156	234					1	334	60|80|100	6680	100
6	21	23	weaken_deadlystrike_v	156	234					1	334	60|80|100	6680	100
6	21	24	defense_v	156	234					1	334	60|80|100	6680	100
6	21	25	vitality_v	156	234					1	334	60|80|100	6680	100
6	21	26	energy_v	156	234					1	334	60|80|100	6680	100
6	21	27	return_resist_range_v	624	936					1	1337	60|80|100	6685	120
6	21	28	return_resist_melee_v	624	936					1	1337	60|80|100	6685	120
7	1	1	physical_wooddamage_v	31	46					1	65	60|80|100	1300	50
7	1	2	energy_wooddamage_v	31	46					1	65	60|80|100	1300	50
7	1	3	basic_damage_v	31	46			31	46	1	65	60|80|100	1300	50
7	1	4	deadlystrike_damage_v	31	46					1	65	60|80|100	1300	50
7	1	5	deadlystrike_v	31	46					1	65	60|80|100	1300	50
7	1	6	strength_v	31	46					1	65	60|80|100	1300	50
7	1	7	dexterity_v	31	46					1	65	60|80|100	1300	50
7	1	8	ignore_wood_resist_v	100	100	31	46			2	100	60|80|100	2000	100
7	1	9	ignore_defense_v	31	46					1	65	60|80|100	1300	50
7	1	10	rangedamage_return_v	121	182					1	258	60|80|100	1290	120
7	1	11	meleedamage_return_v	121	182					1	258	60|80|100	1290	120
7	1	12	attackrating_v	31	46					1	65	60|80|100	1300	120
7	1	13	lifemax_v	603	904					1	1292	60|80|100	1292	100
7	1	14	manamax_v	603	904					1	1292	60|80|100	1292	120
7	1	15	wood_resist_v	151	226					1	323	60|80|100	1292	100
7	1	16	stealmana_v	61	92					1	130	60|80|100	1300	120
7	1	17	steallife_v	61	92					1	130	60|80|100	1300	100
7	1	18	recover_life_v	31	46	9	9			1	65	60|80|100	1300	100
7	1	19	recover_mana_v	31	46	9	9			1	65	60|80|100	1300	120
7	1	20	lifereplenish_w	241	362					1	516	60|80|100	1290	100
7	1	21	manareplenish_w	241	362					1	516	60|80|100	1290	120
7	1	22	weaken_deadlystrike_damage_v	31	46					1	65	60|80|100	1300	100
7	1	23	weaken_deadlystrike_v	31	46					1	65	60|80|100	1300	100
7	1	24	defense_v	31	46					1	65	60|80|100	1300	100
7	1	25	vitality_v	31	46					1	65	60|80|100	1300	100
7	1	26	energy_v	31	46					1	65	60|80|100	1300	100
7	1	27	return_resist_range_v	121	182					1	258	60|80|100	1290	120
7	1	28	return_resist_melee_v	121	182					1	258	60|80|100	1290	120
7	2	1	physical_wooddamage_v	35	52					1	75	60|80|100	1500	50
7	2	2	energy_wooddamage_v	35	52					1	75	60|80|100	1500	50
7	2	3	basic_damage_v	35	52			35	52	1	75	60|80|100	1500	50
7	2	4	deadlystrike_damage_v	35	52					1	75	60|80|100	1500	50
7	2	5	deadlystrike_v	35	52					1	75	60|80|100	1500	50
7	2	6	strength_v	35	52					1	75	60|80|100	1500	50
7	2	7	dexterity_v	35	52					1	75	60|80|100	1500	50
7	2	8	ignore_wood_resist_v	100	100	35	52			2	100	60|80|100	2000	100
7	2	9	ignore_defense_v	35	52					1	75	60|80|100	1500	50
7	2	10	rangedamage_return_v	139	208					1	297	60|80|100	1485	120
7	2	11	meleedamage_return_v	139	208					1	297	60|80|100	1485	120
7	2	12	attackrating_v	35	52					1	75	60|80|100	1500	120
7	2	13	lifemax_v	693	1040					1	1485	60|80|100	1485	100
7	2	14	manamax_v	693	1040					1	1485	60|80|100	1485	120
7	2	15	wood_resist_v	173	260					1	371	60|80|100	1484	100
7	2	16	stealmana_v	70	105					1	149	60|80|100	1490	120
7	2	17	steallife_v	70	105					1	149	60|80|100	1490	100
7	2	18	recover_life_v	35	52	9	9			1	75	60|80|100	1500	100
7	2	19	recover_mana_v	35	52	9	9			1	75	60|80|100	1500	120
7	2	20	lifereplenish_w	278	417					1	594	60|80|100	1485	100
7	2	21	manareplenish_w	278	417					1	594	60|80|100	1485	120
7	2	22	weaken_deadlystrike_damage_v	35	52					1	75	60|80|100	1500	100
7	2	23	weaken_deadlystrike_v	35	52					1	75	60|80|100	1500	100
7	2	24	defense_v	35	52					1	75	60|80|100	1500	100
7	2	25	vitality_v	35	52					1	75	60|80|100	1500	100
7	2	26	energy_v	35	52					1	75	60|80|100	1500	100
7	2	27	return_resist_range_v	139	208					1	297	60|80|100	1485	120
7	2	28	return_resist_melee_v	139	208					1	297	60|80|100	1485	120
7	3	1	physical_wooddamage_v	40	60					1	86	60|80|100	1720	50
7	3	2	energy_wooddamage_v	40	60					1	86	60|80|100	1720	50
7	3	3	basic_damage_v	40	60			40	60	1	86	60|80|100	1720	50
7	3	4	deadlystrike_damage_v	40	60					1	86	60|80|100	1720	50
7	3	5	deadlystrike_v	40	60					1	86	60|80|100	1720	50
7	3	6	strength_v	40	60					1	86	60|80|100	1720	50
7	3	7	dexterity_v	40	60					1	86	60|80|100	1720	50
7	3	8	ignore_wood_resist_v	100	100	40	60			2	100	60|80|100	2000	100
7	3	9	ignore_defense_v	40	60					1	86	60|80|100	1720	50
7	3	10	rangedamage_return_v	160	240					1	342	60|80|100	1710	120
7	3	11	meleedamage_return_v	160	240					1	342	60|80|100	1710	120
7	3	12	attackrating_v	40	60					1	86	60|80|100	1720	120
7	3	13	lifemax_v	797	1196					1	1708	60|80|100	1708	100
7	3	14	manamax_v	797	1196					1	1708	60|80|100	1708	120
7	3	15	wood_resist_v	200	299					1	428	60|80|100	1712	100
7	3	16	stealmana_v	80	119					1	171	60|80|100	1710	120
7	3	17	steallife_v	80	119					1	171	60|80|100	1710	100
7	3	18	recover_life_v	40	60	9	9			1	86	60|80|100	1720	100
7	3	19	recover_mana_v	40	60	9	9			1	86	60|80|100	1720	120
7	3	20	lifereplenish_w	319	478					1	683	60|80|100	1708	100
7	3	21	manareplenish_w	319	478					1	683	60|80|100	1708	120
7	3	22	weaken_deadlystrike_damage_v	40	60					1	86	60|80|100	1720	100
7	3	23	weaken_deadlystrike_v	40	60					1	86	60|80|100	1720	100
7	3	24	defense_v	40	60					1	86	60|80|100	1720	100
7	3	25	vitality_v	40	60					1	86	60|80|100	1720	100
7	3	26	energy_v	40	60					1	86	60|80|100	1720	100
7	3	27	return_resist_range_v	160	240					1	342	60|80|100	1710	120
7	3	28	return_resist_melee_v	160	240					1	342	60|80|100	1710	120
7	4	1	physical_wooddamage_v	46	69					1	99	60|80|100	1980	50
7	4	2	energy_wooddamage_v	46	69					1	99	60|80|100	1980	50
7	4	3	basic_damage_v	46	69			46	69	1	99	60|80|100	1980	50
7	4	4	deadlystrike_damage_v	46	69					1	99	60|80|100	1980	50
7	4	5	deadlystrike_v	46	69					1	99	60|80|100	1980	50
7	4	6	strength_v	46	69					1	99	60|80|100	1980	50
7	4	7	dexterity_v	46	69					1	99	60|80|100	1980	50
7	4	8	ignore_wood_resist_v	100	100	46	69			2	100	60|80|100	2000	100
7	4	9	ignore_defense_v	46	69					1	99	60|80|100	1980	50
7	4	10	rangedamage_return_v	184	275					1	393	60|80|100	1965	120
7	4	11	meleedamage_return_v	184	275					1	393	60|80|100	1965	120
7	4	12	attackrating_v	46	69					1	99	60|80|100	1980	120
7	4	13	lifemax_v	916	1374					1	1964	60|80|100	1964	100
7	4	14	manamax_v	916	1374					1	1964	60|80|100	1964	120
7	4	15	wood_resist_v	229	344					1	491	60|80|100	1964	100
7	4	16	stealmana_v	92	138					1	197	60|80|100	1970	120
7	4	17	steallife_v	92	138					1	197	60|80|100	1970	100
7	4	18	recover_life_v	46	69	9	9			1	99	60|80|100	1980	100
7	4	19	recover_mana_v	46	69	9	9			1	99	60|80|100	1980	120
7	4	20	lifereplenish_w	367	550					1	785	60|80|100	1963	100
7	4	21	manareplenish_w	367	550					1	785	60|80|100	1963	120
7	4	22	weaken_deadlystrike_damage_v	46	69					1	99	60|80|100	1980	100
7	4	23	weaken_deadlystrike_v	46	69					1	99	60|80|100	1980	100
7	4	24	defense_v	46	69					1	99	60|80|100	1980	100
7	4	25	vitality_v	46	69					1	99	60|80|100	1980	100
7	4	26	energy_v	46	69					1	99	60|80|100	1980	100
7	4	27	return_resist_range_v	184	275					1	393	60|80|100	1965	120
7	4	28	return_resist_melee_v	184	275					1	393	60|80|100	1965	120
7	5	1	physical_wooddamage_v	53	80					1	113	60|80|100	2260	50
7	5	2	energy_wooddamage_v	53	80					1	113	60|80|100	2260	50
7	5	3	basic_damage_v	53	80			53	80	1	113	60|80|100	2260	50
7	5	4	deadlystrike_damage_v	53	80					1	113	60|80|100	2260	50
7	5	5	deadlystrike_v	53	80					1	113	60|80|100	2260	50
7	5	6	strength_v	53	80					1	113	60|80|100	2260	50
7	5	7	dexterity_v	53	80					1	113	60|80|100	2260	50
7	5	8	ignore_wood_resist_v	100	100	53	80			2	113	60|80|100	2000	100
7	5	9	ignore_defense_v	53	80					1	113	60|80|100	2260	50
7	5	10	rangedamage_return_v	211	316					1	452	60|80|100	2260	120
7	5	11	meleedamage_return_v	211	316					1	452	60|80|100	2260	120
7	5	12	attackrating_v	53	80					1	113	60|80|100	2260	120
7	5	13	lifemax_v	1054	1581					1	2258	60|80|100	2258	100
7	5	14	manamax_v	1054	1581					1	2258	60|80|100	2258	120
7	5	15	wood_resist_v	264	395					1	564	60|80|100	2256	100
7	5	16	stealmana_v	106	159					1	226	60|80|100	2260	120
7	5	17	steallife_v	106	159					1	226	60|80|100	2260	100
7	5	18	recover_life_v	53	80	9	9			1	113	60|80|100	2260	100
7	5	19	recover_mana_v	53	80	9	9			1	113	60|80|100	2260	120
7	5	20	lifereplenish_w	421	632					1	903	60|80|100	2258	100
7	5	21	manareplenish_w	421	632					1	903	60|80|100	2258	120
7	5	22	weaken_deadlystrike_damage_v	53	80					1	113	60|80|100	2260	100
7	5	23	weaken_deadlystrike_v	53	80					1	113	60|80|100	2260	100
7	5	24	defense_v	53	80					1	113	60|80|100	2260	100
7	5	25	vitality_v	53	80					1	113	60|80|100	2260	100
7	5	26	energy_v	53	80					1	113	60|80|100	2260	100
7	5	27	return_resist_range_v	211	316					1	452	60|80|100	2260	120
7	5	28	return_resist_melee_v	211	316					1	452	60|80|100	2260	120
7	6	1	physical_wooddamage_v	61	92					1	130	60|80|100	2600	50
7	6	2	energy_wooddamage_v	61	92					1	130	60|80|100	2600	50
7	6	3	basic_damage_v	61	92			61	92	1	130	60|80|100	2600	50
7	6	4	deadlystrike_damage_v	61	92					1	130	60|80|100	2600	50
7	6	5	deadlystrike_v	61	92					1	130	60|80|100	2600	50
7	6	6	strength_v	61	92					1	130	60|80|100	2600	50
7	6	7	dexterity_v	61	92					1	130	60|80|100	2600	50
7	6	8	ignore_wood_resist_v	100	100	61	92			2	130	60|80|100	2000	100
7	6	9	ignore_defense_v	61	92					1	130	60|80|100	2600	50
7	6	10	rangedamage_return_v	243	364					1	520	60|80|100	2600	120
7	6	11	meleedamage_return_v	243	364					1	520	60|80|100	2600	120
7	6	12	attackrating_v	61	92					1	130	60|80|100	2600	120
7	6	13	lifemax_v	1212	1817					1	2596	60|80|100	2596	100
7	6	14	manamax_v	1212	1817					1	2596	60|80|100	2596	120
7	6	15	wood_resist_v	304	455					1	650	60|80|100	2600	100
7	6	16	stealmana_v	121	182					1	260	60|80|100	2600	120
7	6	17	steallife_v	121	182					1	260	60|80|100	2600	100
7	6	18	recover_life_v	61	92	9	9			1	130	60|80|100	2600	100
7	6	19	recover_mana_v	61	92	9	9			1	130	60|80|100	2600	120
7	6	20	lifereplenish_w	485	728					1	1038	60|80|100	2595	100
7	6	21	manareplenish_w	485	728					1	1038	60|80|100	2595	120
7	6	22	weaken_deadlystrike_damage_v	61	92					1	130	60|80|100	2600	100
7	6	23	weaken_deadlystrike_v	61	92					1	130	60|80|100	2600	100
7	6	24	defense_v	61	92					1	130	60|80|100	2600	100
7	6	25	vitality_v	61	92					1	130	60|80|100	2600	100
7	6	26	energy_v	61	92					1	130	60|80|100	2600	100
7	6	27	return_resist_range_v	243	364					1	520	60|80|100	2600	120
7	6	28	return_resist_melee_v	243	364					1	520	60|80|100	2600	120
7	7	1	physical_wooddamage_v	67	100					1	143	60|80|100	2860	50
7	7	2	energy_wooddamage_v	67	100					1	143	60|80|100	2860	50
7	7	3	basic_damage_v	67	100			67	100	1	143	60|80|100	2860	50
7	7	4	deadlystrike_damage_v	67	100					1	143	60|80|100	2860	50
7	7	5	deadlystrike_v	67	100					1	143	60|80|100	2860	50
7	7	6	strength_v	67	100					1	143	60|80|100	2860	50
7	7	7	dexterity_v	67	100					1	143	60|80|100	2860	50
7	7	8	ignore_wood_resist_v	100	100	67	100			2	143	60|80|100	2000	100
7	7	9	ignore_defense_v	67	100					1	143	60|80|100	2860	50
7	7	10	rangedamage_return_v	267	400					1	572	60|80|100	2860	120
7	7	11	meleedamage_return_v	267	400					1	572	60|80|100	2860	120
7	7	12	attackrating_v	67	100					1	143	60|80|100	2860	120
7	7	13	lifemax_v	1333	2000					1	2856	60|80|100	2856	100
7	7	14	manamax_v	1333	2000					1	2856	60|80|100	2856	120
7	7	15	wood_resist_v	334	501					1	714	60|80|100	2856	100
7	7	16	stealmana_v	134	201					1	286	60|80|100	2860	120
7	7	17	steallife_v	134	201					1	286	60|80|100	2860	100
7	7	18	recover_life_v	67	100	9	9			1	143	60|80|100	2860	100
7	7	19	recover_mana_v	67	100	9	9			1	143	60|80|100	2860	120
7	7	20	lifereplenish_w	533	800					1	1143	60|80|100	2858	100
7	7	21	manareplenish_w	533	800					1	1143	60|80|100	2858	120
7	7	22	weaken_deadlystrike_damage_v	67	100					1	143	60|80|100	2860	100
7	7	23	weaken_deadlystrike_v	67	100					1	143	60|80|100	2860	100
7	7	24	defense_v	67	100					1	143	60|80|100	2860	100
7	7	25	vitality_v	67	100					1	143	60|80|100	2860	100
7	7	26	energy_v	67	100					1	143	60|80|100	2860	100
7	7	27	return_resist_range_v	267	400					1	572	60|80|100	2860	120
7	7	28	return_resist_melee_v	267	400					1	572	60|80|100	2860	120
7	8	1	physical_wooddamage_v	74	111					1	158	60|80|100	3160	50
7	8	2	energy_wooddamage_v	74	111					1	158	60|80|100	3160	50
7	8	3	basic_damage_v	74	111			74	111	1	158	60|80|100	3160	50
7	8	4	deadlystrike_damage_v	74	111					1	158	60|80|100	3160	50
7	8	5	deadlystrike_v	74	111					1	158	60|80|100	3160	50
7	8	6	strength_v	74	111					1	158	60|80|100	3160	50
7	8	7	dexterity_v	74	111					1	158	60|80|100	3160	50
7	8	8	ignore_wood_resist_v	100	100	74	111			2	158	60|80|100	2000	100
7	8	9	ignore_defense_v	74	111					1	158	60|80|100	3160	50
7	8	10	rangedamage_return_v	294	441					1	629	60|80|100	3145	120
7	8	11	meleedamage_return_v	294	441					1	629	60|80|100	3145	120
7	8	12	attackrating_v	74	111					1	158	60|80|100	3160	120
7	8	13	lifemax_v	1467	2200					1	3142	60|80|100	3142	100
7	8	14	manamax_v	1467	2200					1	3142	60|80|100	3142	120
7	8	15	wood_resist_v	367	550					1	785	60|80|100	3140	100
7	8	16	stealmana_v	147	220					1	315	60|80|100	3150	120
7	8	17	steallife_v	147	220					1	315	60|80|100	3150	100
7	8	18	recover_life_v	74	111	9	9			1	158	60|80|100	3160	100
7	8	19	recover_mana_v	74	111	9	9			1	158	60|80|100	3160	120
7	8	20	lifereplenish_w	587	880					1	1257	60|80|100	3143	100
7	8	21	manareplenish_w	587	880					1	1257	60|80|100	3143	120
7	8	22	weaken_deadlystrike_damage_v	74	111					1	158	60|80|100	3160	100
7	8	23	weaken_deadlystrike_v	74	111					1	158	60|80|100	3160	100
7	8	24	defense_v	74	111					1	158	60|80|100	3160	100
7	8	25	vitality_v	74	111					1	158	60|80|100	3160	100
7	8	26	energy_v	74	111					1	158	60|80|100	3160	100
7	8	27	return_resist_range_v	294	441					1	629	60|80|100	3145	120
7	8	28	return_resist_melee_v	294	441					1	629	60|80|100	3145	120
7	9	1	physical_wooddamage_v	81	122					1	173	60|80|100	3460	50
7	9	2	energy_wooddamage_v	81	122					1	173	60|80|100	3460	50
7	9	3	basic_damage_v	81	122			81	122	1	173	60|80|100	3460	50
7	9	4	deadlystrike_damage_v	81	122					1	173	60|80|100	3460	50
7	9	5	deadlystrike_v	81	122					1	173	60|80|100	3460	50
7	9	6	strength_v	81	122					1	173	60|80|100	3460	50
7	9	7	dexterity_v	81	122					1	173	60|80|100	3460	50
7	9	8	ignore_wood_resist_v	100	100	81	122			2	173	60|80|100	2000	100
7	9	9	ignore_defense_v	81	122					1	173	60|80|100	3460	50
7	9	10	rangedamage_return_v	323	484					1	692	60|80|100	3460	120
7	9	11	meleedamage_return_v	323	484					1	692	60|80|100	3460	120
7	9	12	attackrating_v	81	122					1	173	60|80|100	3460	120
7	9	13	lifemax_v	1612	2418					1	3455	60|80|100	3455	100
7	9	14	manamax_v	1612	2418					1	3455	60|80|100	3455	120
7	9	15	wood_resist_v	404	605					1	864	60|80|100	3456	100
7	9	16	stealmana_v	162	243					1	346	60|80|100	3460	120
7	9	17	steallife_v	162	243					1	346	60|80|100	3460	100
7	9	18	recover_life_v	81	122	9	9			1	173	60|80|100	3460	100
7	9	19	recover_mana_v	81	122	9	9			1	173	60|80|100	3460	120
7	9	20	lifereplenish_w	645	968					1	1383	60|80|100	3458	100
7	9	21	manareplenish_w	645	968					1	1383	60|80|100	3458	120
7	9	22	weaken_deadlystrike_damage_v	81	122					1	173	60|80|100	3460	100
7	9	23	weaken_deadlystrike_v	81	122					1	173	60|80|100	3460	100
7	9	24	defense_v	81	122					1	173	60|80|100	3460	100
7	9	25	vitality_v	81	122					1	173	60|80|100	3460	100
7	9	26	energy_v	81	122					1	173	60|80|100	3460	100
7	9	27	return_resist_range_v	323	484					1	692	60|80|100	3460	120
7	9	28	return_resist_melee_v	323	484					1	692	60|80|100	3460	120
7	10	1	physical_wooddamage_v	89	134					1	190	60|80|100	3800	50
7	10	2	energy_wooddamage_v	89	134					1	190	60|80|100	3800	50
7	10	3	basic_damage_v	89	134			89	134	1	190	60|80|100	3800	50
7	10	4	deadlystrike_damage_v	89	134					1	190	60|80|100	3800	50
7	10	5	deadlystrike_v	89	134					1	190	60|80|100	3800	50
7	10	6	strength_v	89	134					1	190	60|80|100	3800	50
7	10	7	dexterity_v	89	134					1	190	60|80|100	3800	50
7	10	8	ignore_wood_resist_v	100	100	89	134			2	190	60|80|100	2000	100
7	10	9	ignore_defense_v	89	134					1	190	60|80|100	3800	50
7	10	10	rangedamage_return_v	355	532					1	760	60|80|100	3800	120
7	10	11	meleedamage_return_v	355	532					1	760	60|80|100	3800	120
7	10	12	attackrating_v	89	134					1	190	60|80|100	3800	120
7	10	13	lifemax_v	1774	2661					1	3801	60|80|100	3801	100
7	10	14	manamax_v	1774	2661					1	3801	60|80|100	3801	120
7	10	15	wood_resist_v	444	665					1	951	60|80|100	3804	100
7	10	16	stealmana_v	178	267					1	381	60|80|100	3810	120
7	10	17	steallife_v	178	267					1	381	60|80|100	3810	100
7	10	18	recover_life_v	89	134	9	9			1	190	60|80|100	3800	100
7	10	19	recover_mana_v	89	134	9	9			1	190	60|80|100	3800	120
7	10	20	lifereplenish_w	710	1065					1	1521	60|80|100	3803	100
7	10	21	manareplenish_w	710	1065					1	1521	60|80|100	3803	120
7	10	22	weaken_deadlystrike_damage_v	89	134					1	190	60|80|100	3800	100
7	10	23	weaken_deadlystrike_v	89	134					1	190	60|80|100	3800	100
7	10	24	defense_v	89	134					1	190	60|80|100	3800	100
7	10	25	vitality_v	89	134					1	190	60|80|100	3800	100
7	10	26	energy_v	89	134					1	190	60|80|100	3800	100
7	10	27	return_resist_range_v	355	532					1	760	60|80|100	3800	120
7	10	28	return_resist_melee_v	355	532					1	760	60|80|100	3800	120
7	11	1	physical_wooddamage_v	98	147					1	209	60|80|100	4180	50
7	11	2	energy_wooddamage_v	98	147					1	209	60|80|100	4180	50
7	11	3	basic_damage_v	98	147			98	147	1	209	60|80|100	4180	50
7	11	4	deadlystrike_damage_v	98	147					1	209	60|80|100	4180	50
7	11	5	deadlystrike_v	98	147					1	209	60|80|100	4180	50
7	11	6	strength_v	98	147					1	209	60|80|100	4180	50
7	11	7	dexterity_v	98	147					1	209	60|80|100	4180	50
7	11	8	ignore_wood_resist_v	100	100	98	147			2	209	60|80|100	2000	100
7	11	9	ignore_defense_v	98	147					1	209	60|80|100	4180	50
7	11	10	rangedamage_return_v	391	586					1	837	60|80|100	4185	120
7	11	11	meleedamage_return_v	391	586					1	837	60|80|100	4185	120
7	11	12	attackrating_v	98	147					1	209	60|80|100	4180	120
7	11	13	lifemax_v	1952	2927					1	4181	60|80|100	4181	100
7	11	14	manamax_v	1952	2927					1	4181	60|80|100	4181	120
7	11	15	wood_resist_v	488	732					1	1046	60|80|100	4184	100
7	11	16	stealmana_v	196	293					1	418	60|80|100	4180	120
7	11	17	steallife_v	196	293					1	418	60|80|100	4180	100
7	11	18	recover_life_v	98	147	9	9			1	209	60|80|100	4180	100
7	11	19	recover_mana_v	98	147	9	9			1	209	60|80|100	4180	120
7	11	20	lifereplenish_w	781	1172					1	1673	60|80|100	4183	100
7	11	21	manareplenish_w	781	1172					1	1673	60|80|100	4183	120
7	11	22	weaken_deadlystrike_damage_v	98	147					1	209	60|80|100	4180	100
7	11	23	weaken_deadlystrike_v	98	147					1	209	60|80|100	4180	100
7	11	24	defense_v	98	147					1	209	60|80|100	4180	100
7	11	25	vitality_v	98	147					1	209	60|80|100	4180	100
7	11	26	energy_v	98	147					1	209	60|80|100	4180	100
7	11	27	return_resist_range_v	391	586					1	837	60|80|100	4185	120
7	11	28	return_resist_melee_v	391	586					1	837	60|80|100	4185	120
7	12	1	physical_wooddamage_v	107	160					1	228	60|80|100	4560	50
7	12	2	energy_wooddamage_v	107	160					1	228	60|80|100	4560	50
7	12	3	basic_damage_v	107	160			107	160	1	228	60|80|100	4560	50
7	12	4	deadlystrike_damage_v	107	160					1	228	60|80|100	4560	50
7	12	5	deadlystrike_v	107	160					1	228	60|80|100	4560	50
7	12	6	strength_v	107	160					1	228	60|80|100	4560	50
7	12	7	dexterity_v	107	160					1	228	60|80|100	4560	50
7	12	8	ignore_wood_resist_v	100	100	107	160			2	228	60|80|100	2000	100
7	12	9	ignore_defense_v	107	160					1	228	60|80|100	4560	50
7	12	10	rangedamage_return_v	426	639					1	912	60|80|100	4560	120
7	12	11	meleedamage_return_v	426	639					1	912	60|80|100	4560	120
7	12	12	attackrating_v	107	160					1	228	60|80|100	4560	120
7	12	13	lifemax_v	2129	3194					1	4562	60|80|100	4562	100
7	12	14	manamax_v	2129	3194					1	4562	60|80|100	4562	120
7	12	15	wood_resist_v	532	798					1	1140	60|80|100	4560	100
7	12	16	stealmana_v	213	320					1	456	60|80|100	4560	120
7	12	17	steallife_v	213	320					1	456	60|80|100	4560	100
7	12	18	recover_life_v	107	160	9	9			1	228	60|80|100	4560	100
7	12	19	recover_mana_v	107	160	9	9			1	228	60|80|100	4560	120
7	12	20	lifereplenish_w	852	1277					1	1824	60|80|100	4560	100
7	12	21	manareplenish_w	852	1277					1	1824	60|80|100	4560	120
7	12	22	weaken_deadlystrike_damage_v	107	160					1	228	60|80|100	4560	100
7	12	23	weaken_deadlystrike_v	107	160					1	228	60|80|100	4560	100
7	12	24	defense_v	107	160					1	228	60|80|100	4560	100
7	12	25	vitality_v	107	160					1	228	60|80|100	4560	100
7	12	26	energy_v	107	160					1	228	60|80|100	4560	100
7	12	27	return_resist_range_v	426	639					1	912	60|80|100	4560	120
7	12	28	return_resist_melee_v	426	639					1	912	60|80|100	4560	120
7	13	1	physical_wooddamage_v	112	168					1	240	60|80|100	4800	50
7	13	2	energy_wooddamage_v	112	168					1	240	60|80|100	4800	50
7	13	3	basic_damage_v	112	168			112	168	1	240	60|80|100	4800	50
7	13	4	deadlystrike_damage_v	112	168					1	240	60|80|100	4800	50
7	13	5	deadlystrike_v	112	168					1	240	60|80|100	4800	50
7	13	6	strength_v	112	168					1	240	60|80|100	4800	50
7	13	7	dexterity_v	112	168					1	240	60|80|100	4800	50
7	13	8	ignore_wood_resist_v	100	100	112	168			2	240	60|80|100	2000	100
7	13	9	ignore_defense_v	112	168					1	240	60|80|100	4800	50
7	13	10	rangedamage_return_v	448	671					1	958	60|80|100	4790	120
7	13	11	meleedamage_return_v	448	671					1	958	60|80|100	4790	120
7	13	12	attackrating_v	112	168					1	240	60|80|100	4800	120
7	13	13	lifemax_v	2236	3353					1	4790	60|80|100	4790	100
7	13	14	manamax_v	2236	3353					1	4790	60|80|100	4790	120
7	13	15	wood_resist_v	560	839					1	1198	60|80|100	4792	100
7	13	16	stealmana_v	224	335					1	479	60|80|100	4790	120
7	13	17	steallife_v	224	335					1	479	60|80|100	4790	100
7	13	18	recover_life_v	112	168	9	9			1	240	60|80|100	4800	100
7	13	19	recover_mana_v	112	168	9	9			1	240	60|80|100	4800	120
7	13	20	lifereplenish_w	894	1341					1	1916	60|80|100	4790	100
7	13	21	manareplenish_w	894	1341					1	1916	60|80|100	4790	120
7	13	22	weaken_deadlystrike_damage_v	112	168					1	240	60|80|100	4800	100
7	13	23	weaken_deadlystrike_v	112	168					1	240	60|80|100	4800	100
7	13	24	defense_v	112	168					1	240	60|80|100	4800	100
7	13	25	vitality_v	112	168					1	240	60|80|100	4800	100
7	13	26	energy_v	112	168					1	240	60|80|100	4800	100
7	13	27	return_resist_range_v	448	671					1	958	60|80|100	4790	120
7	13	28	return_resist_melee_v	448	671					1	958	60|80|100	4790	120
7	14	1	physical_wooddamage_v	117	176					1	251	60|80|100	5020	50
7	14	2	energy_wooddamage_v	117	176					1	251	60|80|100	5020	50
7	14	3	basic_damage_v	117	176			117	176	1	251	60|80|100	5020	50
7	14	4	deadlystrike_damage_v	117	176					1	251	60|80|100	5020	50
7	14	5	deadlystrike_v	117	176					1	251	60|80|100	5020	50
7	14	6	strength_v	117	176					1	251	60|80|100	5020	50
7	14	7	dexterity_v	117	176					1	251	60|80|100	5020	50
7	14	8	ignore_wood_resist_v	100	100	117	176			2	251	60|80|100	2000	100
7	14	9	ignore_defense_v	117	176					1	251	60|80|100	5020	50
7	14	10	rangedamage_return_v	470	705					1	1006	60|80|100	5030	120
7	14	11	meleedamage_return_v	470	705					1	1006	60|80|100	5030	120
7	14	12	attackrating_v	117	176					1	251	60|80|100	5020	120
7	14	13	lifemax_v	2346	3519					1	5026	60|80|100	5026	100
7	14	14	manamax_v	2346	3519					1	5026	60|80|100	5026	120
7	14	15	wood_resist_v	587	880					1	1257	60|80|100	5028	100
7	14	16	stealmana_v	235	352					1	503	60|80|100	5030	120
7	14	17	steallife_v	235	352					1	503	60|80|100	5030	100
7	14	18	recover_life_v	117	176	9	9			1	251	60|80|100	5020	100
7	14	19	recover_mana_v	117	176	9	9			1	251	60|80|100	5020	120
7	14	20	lifereplenish_w	939	1408					1	2010	60|80|100	5025	100
7	14	21	manareplenish_w	939	1408					1	2010	60|80|100	5025	120
7	14	22	weaken_deadlystrike_damage_v	117	176					1	251	60|80|100	5020	100
7	14	23	weaken_deadlystrike_v	117	176					1	251	60|80|100	5020	100
7	14	24	defense_v	117	176					1	251	60|80|100	5020	100
7	14	25	vitality_v	117	176					1	251	60|80|100	5020	100
7	14	26	energy_v	117	176					1	251	60|80|100	5020	100
7	14	27	return_resist_range_v	470	705					1	1006	60|80|100	5030	120
7	14	28	return_resist_melee_v	470	705					1	1006	60|80|100	5030	120
7	15	1	physical_wooddamage_v	123	184					1	263	60|80|100	5260	50
7	15	2	energy_wooddamage_v	123	184					1	263	60|80|100	5260	50
7	15	3	basic_damage_v	123	184			123	184	1	263	60|80|100	5260	50
7	15	4	deadlystrike_damage_v	123	184					1	263	60|80|100	5260	50
7	15	5	deadlystrike_v	123	184					1	263	60|80|100	5260	50
7	15	6	strength_v	123	184					1	263	60|80|100	5260	50
7	15	7	dexterity_v	123	184					1	263	60|80|100	5260	50
7	15	8	ignore_wood_resist_v	100	100	123	184			2	263	60|80|100	2000	100
7	15	9	ignore_defense_v	123	184					1	263	60|80|100	5260	50
7	15	10	rangedamage_return_v	492	737					1	1053	60|80|100	5265	120
7	15	11	meleedamage_return_v	492	737					1	1053	60|80|100	5265	120
7	15	12	attackrating_v	123	184					1	263	60|80|100	5260	120
7	15	13	lifemax_v	2456	3684					1	5262	60|80|100	5262	100
7	15	14	manamax_v	2456	3684					1	5262	60|80|100	5262	120
7	15	15	wood_resist_v	614	921					1	1316	60|80|100	5264	100
7	15	16	stealmana_v	246	369					1	527	60|80|100	5270	120
7	15	17	steallife_v	246	369					1	527	60|80|100	5270	100
7	15	18	recover_life_v	123	184	9	9			1	263	60|80|100	5260	100
7	15	19	recover_mana_v	123	184	9	9			1	263	60|80|100	5260	120
7	15	20	lifereplenish_w	983	1474					1	2105	60|80|100	5263	100
7	15	21	manareplenish_w	983	1474					1	2105	60|80|100	5263	120
7	15	22	weaken_deadlystrike_damage_v	123	184					1	263	60|80|100	5260	100
7	15	23	weaken_deadlystrike_v	123	184					1	263	60|80|100	5260	100
7	15	24	defense_v	123	184					1	263	60|80|100	5260	100
7	15	25	vitality_v	123	184					1	263	60|80|100	5260	100
7	15	26	energy_v	123	184					1	263	60|80|100	5260	100
7	15	27	return_resist_range_v	492	737					1	1053	60|80|100	5265	120
7	15	28	return_resist_melee_v	492	737					1	1053	60|80|100	5265	120
7	16	1	physical_wooddamage_v	128	192					1	275	60|80|100	5500	50
7	16	2	energy_wooddamage_v	128	192					1	275	60|80|100	5500	50
7	16	3	basic_damage_v	128	192			128	192	1	275	60|80|100	5500	50
7	16	4	deadlystrike_damage_v	128	192					1	275	60|80|100	5500	50
7	16	5	deadlystrike_v	128	192					1	275	60|80|100	5500	50
7	16	6	strength_v	128	192					1	275	60|80|100	5500	50
7	16	7	dexterity_v	128	192					1	275	60|80|100	5500	50
7	16	8	ignore_wood_resist_v	100	100	128	192			2	275	60|80|100	2000	100
7	16	9	ignore_defense_v	128	192					1	275	60|80|100	5500	50
7	16	10	rangedamage_return_v	513	770					1	1100	60|80|100	5500	120
7	16	11	meleedamage_return_v	513	770					1	1100	60|80|100	5500	120
7	16	12	attackrating_v	128	192					1	275	60|80|100	5500	120
7	16	13	lifemax_v	2566	3849					1	5499	60|80|100	5499	100
7	16	14	manamax_v	2566	3849					1	5499	60|80|100	5499	120
7	16	15	wood_resist_v	642	963					1	1376	60|80|100	5504	100
7	16	16	stealmana_v	257	386					1	550	60|80|100	5500	120
7	16	17	steallife_v	257	386					1	550	60|80|100	5500	100
7	16	18	recover_life_v	128	192	9	9			1	275	60|80|100	5500	100
7	16	19	recover_mana_v	128	192	9	9			1	275	60|80|100	5500	120
7	16	20	lifereplenish_w	1027	1540					1	2200	60|80|100	5500	100
7	16	21	manareplenish_w	1027	1540					1	2200	60|80|100	5500	120
7	16	22	weaken_deadlystrike_damage_v	128	192					1	275	60|80|100	5500	100
7	16	23	weaken_deadlystrike_v	128	192					1	275	60|80|100	5500	100
7	16	24	defense_v	128	192					1	275	60|80|100	5500	100
7	16	25	vitality_v	128	192					1	275	60|80|100	5500	100
7	16	26	energy_v	128	192					1	275	60|80|100	5500	100
7	16	27	return_resist_range_v	513	770					1	1100	60|80|100	5500	120
7	16	28	return_resist_melee_v	513	770					1	1100	60|80|100	5500	120
7	17	1	physical_wooddamage_v	134	201					1	287	60|80|100	5740	50
7	17	2	energy_wooddamage_v	134	201					1	287	60|80|100	5740	50
7	17	3	basic_damage_v	134	201			134	201	1	287	60|80|100	5740	50
7	17	4	deadlystrike_damage_v	134	201					1	287	60|80|100	5740	50
7	17	5	deadlystrike_v	134	201					1	287	60|80|100	5740	50
7	17	6	strength_v	134	201					1	287	60|80|100	5740	50
7	17	7	dexterity_v	134	201					1	287	60|80|100	5740	50
7	17	8	ignore_wood_resist_v	100	100	134	201			2	287	60|80|100	2000	100
7	17	9	ignore_defense_v	134	201					1	287	60|80|100	5740	50
7	17	10	rangedamage_return_v	536	803					1	1148	60|80|100	5740	120
7	17	11	meleedamage_return_v	536	803					1	1148	60|80|100	5740	120
7	17	12	attackrating_v	134	201					1	287	60|80|100	5740	120
7	17	13	lifemax_v	2676	4014					1	5735	60|80|100	5735	100
7	17	14	manamax_v	2676	4014					1	5735	60|80|100	5735	120
7	17	15	wood_resist_v	670	1005					1	1434	60|80|100	5736	100
7	17	16	stealmana_v	268	402					1	574	60|80|100	5740	120
7	17	17	steallife_v	268	402					1	574	60|80|100	5740	100
7	17	18	recover_life_v	134	201	9	9			1	287	60|80|100	5740	100
7	17	19	recover_mana_v	134	201	9	9			1	287	60|80|100	5740	120
7	17	20	lifereplenish_w	1071	1606					1	2295	60|80|100	5738	100
7	17	21	manareplenish_w	1071	1606					1	2295	60|80|100	5738	120
7	17	22	weaken_deadlystrike_damage_v	134	201					1	287	60|80|100	5740	100
7	17	23	weaken_deadlystrike_v	134	201					1	287	60|80|100	5740	100
7	17	24	defense_v	134	201					1	287	60|80|100	5740	100
7	17	25	vitality_v	134	201					1	287	60|80|100	5740	100
7	17	26	energy_v	134	201					1	287	60|80|100	5740	100
7	17	27	return_resist_range_v	536	803					1	1148	60|80|100	5740	120
7	17	28	return_resist_melee_v	536	803					1	1148	60|80|100	5740	120
7	18	1	physical_wooddamage_v	140	209					1	299	60|80|100	5980	50
7	18	2	energy_wooddamage_v	140	209					1	299	60|80|100	5980	50
7	18	3	basic_damage_v	140	209			140	209	1	299	60|80|100	5980	50
7	18	4	deadlystrike_damage_v	140	209					1	299	60|80|100	5980	50
7	18	5	deadlystrike_v	140	209					1	299	60|80|100	5980	50
7	18	6	strength_v	140	209					1	299	60|80|100	5980	50
7	18	7	dexterity_v	140	209					1	299	60|80|100	5980	50
7	18	8	ignore_wood_resist_v	100	100	140	209			2	299	60|80|100	2000	100
7	18	9	ignore_defense_v	140	209					1	299	60|80|100	5980	50
7	18	10	rangedamage_return_v	558	837					1	1194	60|80|100	5970	120
7	18	11	meleedamage_return_v	558	837					1	1194	60|80|100	5970	120
7	18	12	attackrating_v	140	209					1	299	60|80|100	5980	120
7	18	13	lifemax_v	2788	4181					1	5973	60|80|100	5973	100
7	18	14	manamax_v	2788	4181					1	5973	60|80|100	5973	120
7	18	15	wood_resist_v	697	1046					1	1493	60|80|100	5972	100
7	18	16	stealmana_v	280	419					1	598	60|80|100	5980	120
7	18	17	steallife_v	280	419					1	598	60|80|100	5980	100
7	18	18	recover_life_v	140	209	9	9			1	299	60|80|100	5980	100
7	18	19	recover_mana_v	140	209	9	9			1	299	60|80|100	5980	120
7	18	20	lifereplenish_w	1116	1673					1	2390	60|80|100	5975	100
7	18	21	manareplenish_w	1116	1673					1	2390	60|80|100	5975	120
7	18	22	weaken_deadlystrike_damage_v	140	209					1	299	60|80|100	5980	100
7	18	23	weaken_deadlystrike_v	140	209					1	299	60|80|100	5980	100
7	18	24	defense_v	140	209					1	299	60|80|100	5980	100
7	18	25	vitality_v	140	209					1	299	60|80|100	5980	100
7	18	26	energy_v	140	209					1	299	60|80|100	5980	100
7	18	27	return_resist_range_v	558	837					1	1194	60|80|100	5970	120
7	18	28	return_resist_melee_v	558	837					1	1194	60|80|100	5970	120
7	19	1	physical_wooddamage_v	145	218					1	311	60|80|100	6220	50
7	19	2	energy_wooddamage_v	145	218					1	311	60|80|100	6220	50
7	19	3	basic_damage_v	145	218			145	218	1	311	60|80|100	6220	50
7	19	4	deadlystrike_damage_v	145	218					1	311	60|80|100	6220	50
7	19	5	deadlystrike_v	145	218					1	311	60|80|100	6220	50
7	19	6	strength_v	145	218					1	311	60|80|100	6220	50
7	19	7	dexterity_v	145	218					1	311	60|80|100	6220	50
7	19	8	ignore_wood_resist_v	100	100	145	218			2	311	60|80|100	2000	100
7	19	9	ignore_defense_v	145	218					1	311	60|80|100	6220	50
7	19	10	rangedamage_return_v	580	870					1	1242	60|80|100	6210	120
7	19	11	meleedamage_return_v	580	870					1	1242	60|80|100	6210	120
7	19	12	attackrating_v	145	218					1	311	60|80|100	6220	120
7	19	13	lifemax_v	2898	4347					1	6209	60|80|100	6209	100
7	19	14	manamax_v	2898	4347					1	6209	60|80|100	6209	120
7	19	15	wood_resist_v	724	1086					1	1552	60|80|100	6208	100
7	19	16	stealmana_v	290	435					1	621	60|80|100	6210	120
7	19	17	steallife_v	290	435					1	621	60|80|100	6210	100
7	19	18	recover_life_v	145	218	9	9			1	311	60|80|100	6220	100
7	19	19	recover_mana_v	145	218	9	9			1	311	60|80|100	6220	120
7	19	20	lifereplenish_w	1159	1738					1	2483	60|80|100	6208	100
7	19	21	manareplenish_w	1159	1738					1	2483	60|80|100	6208	120
7	19	22	weaken_deadlystrike_damage_v	145	218					1	311	60|80|100	6220	100
7	19	23	weaken_deadlystrike_v	145	218					1	311	60|80|100	6220	100
7	19	24	defense_v	145	218					1	311	60|80|100	6220	100
7	19	25	vitality_v	145	218					1	311	60|80|100	6220	100
7	19	26	energy_v	145	218					1	311	60|80|100	6220	100
7	19	27	return_resist_range_v	580	870					1	1242	60|80|100	6210	120
7	19	28	return_resist_melee_v	580	870					1	1242	60|80|100	6210	120
7	20	1	physical_wooddamage_v	151	226					1	323	60|80|100	6460	50
7	20	2	energy_wooddamage_v	151	226					1	323	60|80|100	6460	50
7	20	3	basic_damage_v	151	226			151	226	1	323	60|80|100	6460	50
7	20	4	deadlystrike_damage_v	151	226					1	323	60|80|100	6460	50
7	20	5	deadlystrike_v	151	226					1	323	60|80|100	6460	50
7	20	6	strength_v	151	226					1	323	60|80|100	6460	50
7	20	7	dexterity_v	151	226					1	323	60|80|100	6460	50
7	20	8	ignore_wood_resist_v	100	100	151	226			2	323	60|80|100	2000	100
7	20	9	ignore_defense_v	151	226					1	323	60|80|100	6460	50
7	20	10	rangedamage_return_v	602	903					1	1289	60|80|100	6445	120
7	20	11	meleedamage_return_v	602	903					1	1289	60|80|100	6445	120
7	20	12	attackrating_v	151	226					1	323	60|80|100	6460	120
7	20	13	lifemax_v	3008	4512					1	6446	60|80|100	6446	100
7	20	14	manamax_v	3008	4512					1	6446	60|80|100	6446	120
7	20	15	wood_resist_v	752	1128					1	1612	60|80|100	6448	100
7	20	16	stealmana_v	301	452					1	645	60|80|100	6450	120
7	20	17	steallife_v	301	452					1	645	60|80|100	6450	100
7	20	18	recover_life_v	151	226	9	9			1	323	60|80|100	6460	100
7	20	19	recover_mana_v	151	226	9	9			1	323	60|80|100	6460	120
7	20	20	lifereplenish_w	1204	1805					1	2578	60|80|100	6445	100
7	20	21	manareplenish_w	1204	1805					1	2578	60|80|100	6445	120
7	20	22	weaken_deadlystrike_damage_v	151	226					1	323	60|80|100	6460	100
7	20	23	weaken_deadlystrike_v	151	226					1	323	60|80|100	6460	100
7	20	24	defense_v	151	226					1	323	60|80|100	6460	100
7	20	25	vitality_v	151	226					1	323	60|80|100	6460	100
7	20	26	energy_v	151	226					1	323	60|80|100	6460	100
7	20	27	return_resist_range_v	602	903					1	1289	60|80|100	6445	120
7	20	28	return_resist_melee_v	602	903					1	1289	60|80|100	6445	120
7	21	1	physical_wooddamage_v	156	234					1	334	60|80|100	6680	50
7	21	2	energy_wooddamage_v	156	234					1	334	60|80|100	6680	50
7	21	3	basic_damage_v	156	234			156	234	1	334	60|80|100	6680	50
7	21	4	deadlystrike_damage_v	156	234					1	334	60|80|100	6680	50
7	21	5	deadlystrike_v	156	234					1	334	60|80|100	6680	50
7	21	6	strength_v	156	234					1	334	60|80|100	6680	50
7	21	7	dexterity_v	156	234					1	334	60|80|100	6680	50
7	21	8	ignore_wood_resist_v	100	100	156	234			2	334	60|80|100	2000	100
7	21	9	ignore_defense_v	156	234					1	334	60|80|100	6680	50
7	21	10	rangedamage_return_v	624	936					1	1337	60|80|100	6685	120
7	21	11	meleedamage_return_v	624	936					1	1337	60|80|100	6685	120
7	21	12	attackrating_v	156	234					1	334	60|80|100	6680	120
7	21	13	lifemax_v	3119	4678					1	6682	60|80|100	6682	100
7	21	14	manamax_v	3119	4678					1	6682	60|80|100	6682	120
7	21	15	wood_resist_v	780	1169					1	1671	60|80|100	6684	100
7	21	16	stealmana_v	312	468					1	669	60|80|100	6690	120
7	21	17	steallife_v	312	468					1	669	60|80|100	6690	100
7	21	18	recover_life_v	156	234	9	9			1	334	60|80|100	6680	100
7	21	19	recover_mana_v	156	234	9	9			1	334	60|80|100	6680	120
7	21	20	lifereplenish_w	1248	1871					1	2673	60|80|100	6683	100
7	21	21	manareplenish_w	1248	1871					1	2673	60|80|100	6683	120
7	21	22	weaken_deadlystrike_damage_v	156	234					1	334	60|80|100	6680	100
7	21	23	weaken_deadlystrike_v	156	234					1	334	60|80|100	6680	100
7	21	24	defense_v	156	234					1	334	60|80|100	6680	100
7	21	25	vitality_v	156	234					1	334	60|80|100	6680	100
7	21	26	energy_v	156	234					1	334	60|80|100	6680	100
7	21	27	return_resist_range_v	624	936					1	1337	60|80|100	6685	120
7	21	28	return_resist_melee_v	624	936					1	1337	60|80|100	6685	120
8	1	1	physical_waterdamage_v	31	46					1	65	60|80|100	1300	50
8	1	2	energy_waterdamage_v	31	46					1	65	60|80|100	1300	50
8	1	3	basic_damage_v	31	46			31	46	1	65	60|80|100	1300	50
8	1	4	deadlystrike_damage_v	31	46					1	65	60|80|100	1300	50
8	1	5	deadlystrike_v	31	46					1	65	60|80|100	1300	50
8	1	6	strength_v	31	46					1	65	60|80|100	1300	50
8	1	7	dexterity_v	31	46					1	65	60|80|100	1300	50
8	1	8	ignore_water_resist_v	100	100	31	46			2	100	60|80|100	2000	100
8	1	9	ignore_defense_v	31	46					1	65	60|80|100	1300	50
8	1	10	rangedamage_return_v	121	182					1	258	60|80|100	1290	120
8	1	11	meleedamage_return_v	121	182					1	258	60|80|100	1290	120
8	1	12	attackrating_v	31	46					1	65	60|80|100	1300	120
8	1	13	lifemax_v	603	904					1	1292	60|80|100	1292	100
8	1	14	manamax_v	603	904					1	1292	60|80|100	1292	120
8	1	15	water_resist_v	151	226					1	323	60|80|100	1292	100
8	1	16	stealmana_v	61	92					1	130	60|80|100	1300	120
8	1	17	steallife_v	61	92					1	130	60|80|100	1300	100
8	1	18	recover_life_v	31	46	9	9			1	65	60|80|100	1300	100
8	1	19	recover_mana_v	31	46	9	9			1	65	60|80|100	1300	120
8	1	20	lifereplenish_w	241	362					1	516	60|80|100	1290	100
8	1	21	manareplenish_w	241	362					1	516	60|80|100	1290	120
8	1	22	weaken_deadlystrike_damage_v	31	46					1	65	60|80|100	1300	100
8	1	23	weaken_deadlystrike_v	31	46					1	65	60|80|100	1300	100
8	1	24	defense_v	31	46					1	65	60|80|100	1300	100
8	1	25	vitality_v	31	46					1	65	60|80|100	1300	100
8	1	26	energy_v	31	46					1	65	60|80|100	1300	100
8	1	27	return_resist_range_v	121	182					1	258	60|80|100	1290	120
8	1	28	return_resist_melee_v	121	182					1	258	60|80|100	1290	120
8	2	1	physical_waterdamage_v	35	52					1	75	60|80|100	1500	50
8	2	2	energy_waterdamage_v	35	52					1	75	60|80|100	1500	50
8	2	3	basic_damage_v	35	52			35	52	1	75	60|80|100	1500	50
8	2	4	deadlystrike_damage_v	35	52					1	75	60|80|100	1500	50
8	2	5	deadlystrike_v	35	52					1	75	60|80|100	1500	50
8	2	6	strength_v	35	52					1	75	60|80|100	1500	50
8	2	7	dexterity_v	35	52					1	75	60|80|100	1500	50
8	2	8	ignore_water_resist_v	100	100	35	52			2	100	60|80|100	2000	100
8	2	9	ignore_defense_v	35	52					1	75	60|80|100	1500	50
8	2	10	rangedamage_return_v	139	208					1	297	60|80|100	1485	120
8	2	11	meleedamage_return_v	139	208					1	297	60|80|100	1485	120
8	2	12	attackrating_v	35	52					1	75	60|80|100	1500	120
8	2	13	lifemax_v	693	1040					1	1485	60|80|100	1485	100
8	2	14	manamax_v	693	1040					1	1485	60|80|100	1485	120
8	2	15	water_resist_v	173	260					1	371	60|80|100	1484	100
8	2	16	stealmana_v	70	105					1	149	60|80|100	1490	120
8	2	17	steallife_v	70	105					1	149	60|80|100	1490	100
8	2	18	recover_life_v	35	52	9	9			1	75	60|80|100	1500	100
8	2	19	recover_mana_v	35	52	9	9			1	75	60|80|100	1500	120
8	2	20	lifereplenish_w	278	417					1	594	60|80|100	1485	100
8	2	21	manareplenish_w	278	417					1	594	60|80|100	1485	120
8	2	22	weaken_deadlystrike_damage_v	35	52					1	75	60|80|100	1500	100
8	2	23	weaken_deadlystrike_v	35	52					1	75	60|80|100	1500	100
8	2	24	defense_v	35	52					1	75	60|80|100	1500	100
8	2	25	vitality_v	35	52					1	75	60|80|100	1500	100
8	2	26	energy_v	35	52					1	75	60|80|100	1500	100
8	2	27	return_resist_range_v	139	208					1	297	60|80|100	1485	120
8	2	28	return_resist_melee_v	139	208					1	297	60|80|100	1485	120
8	3	1	physical_waterdamage_v	40	60					1	86	60|80|100	1720	50
8	3	2	energy_waterdamage_v	40	60					1	86	60|80|100	1720	50
8	3	3	basic_damage_v	40	60			40	60	1	86	60|80|100	1720	50
8	3	4	deadlystrike_damage_v	40	60					1	86	60|80|100	1720	50
8	3	5	deadlystrike_v	40	60					1	86	60|80|100	1720	50
8	3	6	strength_v	40	60					1	86	60|80|100	1720	50
8	3	7	dexterity_v	40	60					1	86	60|80|100	1720	50
8	3	8	ignore_water_resist_v	100	100	40	60			2	100	60|80|100	2000	100
8	3	9	ignore_defense_v	40	60					1	86	60|80|100	1720	50
8	3	10	rangedamage_return_v	160	240					1	342	60|80|100	1710	120
8	3	11	meleedamage_return_v	160	240					1	342	60|80|100	1710	120
8	3	12	attackrating_v	40	60					1	86	60|80|100	1720	120
8	3	13	lifemax_v	797	1196					1	1708	60|80|100	1708	100
8	3	14	manamax_v	797	1196					1	1708	60|80|100	1708	120
8	3	15	water_resist_v	200	299					1	428	60|80|100	1712	100
8	3	16	stealmana_v	80	119					1	171	60|80|100	1710	120
8	3	17	steallife_v	80	119					1	171	60|80|100	1710	100
8	3	18	recover_life_v	40	60	9	9			1	86	60|80|100	1720	100
8	3	19	recover_mana_v	40	60	9	9			1	86	60|80|100	1720	120
8	3	20	lifereplenish_w	319	478					1	683	60|80|100	1708	100
8	3	21	manareplenish_w	319	478					1	683	60|80|100	1708	120
8	3	22	weaken_deadlystrike_damage_v	40	60					1	86	60|80|100	1720	100
8	3	23	weaken_deadlystrike_v	40	60					1	86	60|80|100	1720	100
8	3	24	defense_v	40	60					1	86	60|80|100	1720	100
8	3	25	vitality_v	40	60					1	86	60|80|100	1720	100
8	3	26	energy_v	40	60					1	86	60|80|100	1720	100
8	3	27	return_resist_range_v	160	240					1	342	60|80|100	1710	120
8	3	28	return_resist_melee_v	160	240					1	342	60|80|100	1710	120
8	4	1	physical_waterdamage_v	46	69					1	99	60|80|100	1980	50
8	4	2	energy_waterdamage_v	46	69					1	99	60|80|100	1980	50
8	4	3	basic_damage_v	46	69			46	69	1	99	60|80|100	1980	50
8	4	4	deadlystrike_damage_v	46	69					1	99	60|80|100	1980	50
8	4	5	deadlystrike_v	46	69					1	99	60|80|100	1980	50
8	4	6	strength_v	46	69					1	99	60|80|100	1980	50
8	4	7	dexterity_v	46	69					1	99	60|80|100	1980	50
8	4	8	ignore_water_resist_v	100	100	46	69			2	100	60|80|100	2000	100
8	4	9	ignore_defense_v	46	69					1	99	60|80|100	1980	50
8	4	10	rangedamage_return_v	184	275					1	393	60|80|100	1965	120
8	4	11	meleedamage_return_v	184	275					1	393	60|80|100	1965	120
8	4	12	attackrating_v	46	69					1	99	60|80|100	1980	120
8	4	13	lifemax_v	916	1374					1	1964	60|80|100	1964	100
8	4	14	manamax_v	916	1374					1	1964	60|80|100	1964	120
8	4	15	water_resist_v	229	344					1	491	60|80|100	1964	100
8	4	16	stealmana_v	92	138					1	197	60|80|100	1970	120
8	4	17	steallife_v	92	138					1	197	60|80|100	1970	100
8	4	18	recover_life_v	46	69	9	9			1	99	60|80|100	1980	100
8	4	19	recover_mana_v	46	69	9	9			1	99	60|80|100	1980	120
8	4	20	lifereplenish_w	367	550					1	785	60|80|100	1963	100
8	4	21	manareplenish_w	367	550					1	785	60|80|100	1963	120
8	4	22	weaken_deadlystrike_damage_v	46	69					1	99	60|80|100	1980	100
8	4	23	weaken_deadlystrike_v	46	69					1	99	60|80|100	1980	100
8	4	24	defense_v	46	69					1	99	60|80|100	1980	100
8	4	25	vitality_v	46	69					1	99	60|80|100	1980	100
8	4	26	energy_v	46	69					1	99	60|80|100	1980	100
8	4	27	return_resist_range_v	184	275					1	393	60|80|100	1965	120
8	4	28	return_resist_melee_v	184	275					1	393	60|80|100	1965	120
8	5	1	physical_waterdamage_v	53	80					1	113	60|80|100	2260	50
8	5	2	energy_waterdamage_v	53	80					1	113	60|80|100	2260	50
8	5	3	basic_damage_v	53	80			53	80	1	113	60|80|100	2260	50
8	5	4	deadlystrike_damage_v	53	80					1	113	60|80|100	2260	50
8	5	5	deadlystrike_v	53	80					1	113	60|80|100	2260	50
8	5	6	strength_v	53	80					1	113	60|80|100	2260	50
8	5	7	dexterity_v	53	80					1	113	60|80|100	2260	50
8	5	8	ignore_water_resist_v	100	100	53	80			2	113	60|80|100	2000	100
8	5	9	ignore_defense_v	53	80					1	113	60|80|100	2260	50
8	5	10	rangedamage_return_v	211	316					1	452	60|80|100	2260	120
8	5	11	meleedamage_return_v	211	316					1	452	60|80|100	2260	120
8	5	12	attackrating_v	53	80					1	113	60|80|100	2260	120
8	5	13	lifemax_v	1054	1581					1	2258	60|80|100	2258	100
8	5	14	manamax_v	1054	1581					1	2258	60|80|100	2258	120
8	5	15	water_resist_v	264	395					1	564	60|80|100	2256	100
8	5	16	stealmana_v	106	159					1	226	60|80|100	2260	120
8	5	17	steallife_v	106	159					1	226	60|80|100	2260	100
8	5	18	recover_life_v	53	80	9	9			1	113	60|80|100	2260	100
8	5	19	recover_mana_v	53	80	9	9			1	113	60|80|100	2260	120
8	5	20	lifereplenish_w	421	632					1	903	60|80|100	2258	100
8	5	21	manareplenish_w	421	632					1	903	60|80|100	2258	120
8	5	22	weaken_deadlystrike_damage_v	53	80					1	113	60|80|100	2260	100
8	5	23	weaken_deadlystrike_v	53	80					1	113	60|80|100	2260	100
8	5	24	defense_v	53	80					1	113	60|80|100	2260	100
8	5	25	vitality_v	53	80					1	113	60|80|100	2260	100
8	5	26	energy_v	53	80					1	113	60|80|100	2260	100
8	5	27	return_resist_range_v	211	316					1	452	60|80|100	2260	120
8	5	28	return_resist_melee_v	211	316					1	452	60|80|100	2260	120
8	6	1	physical_waterdamage_v	61	92					1	130	60|80|100	2600	50
8	6	2	energy_waterdamage_v	61	92					1	130	60|80|100	2600	50
8	6	3	basic_damage_v	61	92			61	92	1	130	60|80|100	2600	50
8	6	4	deadlystrike_damage_v	61	92					1	130	60|80|100	2600	50
8	6	5	deadlystrike_v	61	92					1	130	60|80|100	2600	50
8	6	6	strength_v	61	92					1	130	60|80|100	2600	50
8	6	7	dexterity_v	61	92					1	130	60|80|100	2600	50
8	6	8	ignore_water_resist_v	100	100	61	92			2	130	60|80|100	2000	100
8	6	9	ignore_defense_v	61	92					1	130	60|80|100	2600	50
8	6	10	rangedamage_return_v	243	364					1	520	60|80|100	2600	120
8	6	11	meleedamage_return_v	243	364					1	520	60|80|100	2600	120
8	6	12	attackrating_v	61	92					1	130	60|80|100	2600	120
8	6	13	lifemax_v	1212	1817					1	2596	60|80|100	2596	100
8	6	14	manamax_v	1212	1817					1	2596	60|80|100	2596	120
8	6	15	water_resist_v	304	455					1	650	60|80|100	2600	100
8	6	16	stealmana_v	121	182					1	260	60|80|100	2600	120
8	6	17	steallife_v	121	182					1	260	60|80|100	2600	100
8	6	18	recover_life_v	61	92	9	9			1	130	60|80|100	2600	100
8	6	19	recover_mana_v	61	92	9	9			1	130	60|80|100	2600	120
8	6	20	lifereplenish_w	485	728					1	1038	60|80|100	2595	100
8	6	21	manareplenish_w	485	728					1	1038	60|80|100	2595	120
8	6	22	weaken_deadlystrike_damage_v	61	92					1	130	60|80|100	2600	100
8	6	23	weaken_deadlystrike_v	61	92					1	130	60|80|100	2600	100
8	6	24	defense_v	61	92					1	130	60|80|100	2600	100
8	6	25	vitality_v	61	92					1	130	60|80|100	2600	100
8	6	26	energy_v	61	92					1	130	60|80|100	2600	100
8	6	27	return_resist_range_v	243	364					1	520	60|80|100	2600	120
8	6	28	return_resist_melee_v	243	364					1	520	60|80|100	2600	120
8	7	1	physical_waterdamage_v	67	100					1	143	60|80|100	2860	50
8	7	2	energy_waterdamage_v	67	100					1	143	60|80|100	2860	50
8	7	3	basic_damage_v	67	100			67	100	1	143	60|80|100	2860	50
8	7	4	deadlystrike_damage_v	67	100					1	143	60|80|100	2860	50
8	7	5	deadlystrike_v	67	100					1	143	60|80|100	2860	50
8	7	6	strength_v	67	100					1	143	60|80|100	2860	50
8	7	7	dexterity_v	67	100					1	143	60|80|100	2860	50
8	7	8	ignore_water_resist_v	100	100	67	100			2	143	60|80|100	2000	100
8	7	9	ignore_defense_v	67	100					1	143	60|80|100	2860	50
8	7	10	rangedamage_return_v	267	400					1	572	60|80|100	2860	120
8	7	11	meleedamage_return_v	267	400					1	572	60|80|100	2860	120
8	7	12	attackrating_v	67	100					1	143	60|80|100	2860	120
8	7	13	lifemax_v	1333	2000					1	2856	60|80|100	2856	100
8	7	14	manamax_v	1333	2000					1	2856	60|80|100	2856	120
8	7	15	water_resist_v	334	501					1	714	60|80|100	2856	100
8	7	16	stealmana_v	134	201					1	286	60|80|100	2860	120
8	7	17	steallife_v	134	201					1	286	60|80|100	2860	100
8	7	18	recover_life_v	67	100	9	9			1	143	60|80|100	2860	100
8	7	19	recover_mana_v	67	100	9	9			1	143	60|80|100	2860	120
8	7	20	lifereplenish_w	533	800					1	1143	60|80|100	2858	100
8	7	21	manareplenish_w	533	800					1	1143	60|80|100	2858	120
8	7	22	weaken_deadlystrike_damage_v	67	100					1	143	60|80|100	2860	100
8	7	23	weaken_deadlystrike_v	67	100					1	143	60|80|100	2860	100
8	7	24	defense_v	67	100					1	143	60|80|100	2860	100
8	7	25	vitality_v	67	100					1	143	60|80|100	2860	100
8	7	26	energy_v	67	100					1	143	60|80|100	2860	100
8	7	27	return_resist_range_v	267	400					1	572	60|80|100	2860	120
8	7	28	return_resist_melee_v	267	400					1	572	60|80|100	2860	120
8	8	1	physical_waterdamage_v	74	111					1	158	60|80|100	3160	50
8	8	2	energy_waterdamage_v	74	111					1	158	60|80|100	3160	50
8	8	3	basic_damage_v	74	111			74	111	1	158	60|80|100	3160	50
8	8	4	deadlystrike_damage_v	74	111					1	158	60|80|100	3160	50
8	8	5	deadlystrike_v	74	111					1	158	60|80|100	3160	50
8	8	6	strength_v	74	111					1	158	60|80|100	3160	50
8	8	7	dexterity_v	74	111					1	158	60|80|100	3160	50
8	8	8	ignore_water_resist_v	100	100	74	111			2	158	60|80|100	2000	100
8	8	9	ignore_defense_v	74	111					1	158	60|80|100	3160	50
8	8	10	rangedamage_return_v	294	441					1	629	60|80|100	3145	120
8	8	11	meleedamage_return_v	294	441					1	629	60|80|100	3145	120
8	8	12	attackrating_v	74	111					1	158	60|80|100	3160	120
8	8	13	lifemax_v	1467	2200					1	3142	60|80|100	3142	100
8	8	14	manamax_v	1467	2200					1	3142	60|80|100	3142	120
8	8	15	water_resist_v	367	550					1	785	60|80|100	3140	100
8	8	16	stealmana_v	147	220					1	315	60|80|100	3150	120
8	8	17	steallife_v	147	220					1	315	60|80|100	3150	100
8	8	18	recover_life_v	74	111	9	9			1	158	60|80|100	3160	100
8	8	19	recover_mana_v	74	111	9	9			1	158	60|80|100	3160	120
8	8	20	lifereplenish_w	587	880					1	1257	60|80|100	3143	100
8	8	21	manareplenish_w	587	880					1	1257	60|80|100	3143	120
8	8	22	weaken_deadlystrike_damage_v	74	111					1	158	60|80|100	3160	100
8	8	23	weaken_deadlystrike_v	74	111					1	158	60|80|100	3160	100
8	8	24	defense_v	74	111					1	158	60|80|100	3160	100
8	8	25	vitality_v	74	111					1	158	60|80|100	3160	100
8	8	26	energy_v	74	111					1	158	60|80|100	3160	100
8	8	27	return_resist_range_v	294	441					1	629	60|80|100	3145	120
8	8	28	return_resist_melee_v	294	441					1	629	60|80|100	3145	120
8	9	1	physical_waterdamage_v	81	122					1	173	60|80|100	3460	50
8	9	2	energy_waterdamage_v	81	122					1	173	60|80|100	3460	50
8	9	3	basic_damage_v	81	122			81	122	1	173	60|80|100	3460	50
8	9	4	deadlystrike_damage_v	81	122					1	173	60|80|100	3460	50
8	9	5	deadlystrike_v	81	122					1	173	60|80|100	3460	50
8	9	6	strength_v	81	122					1	173	60|80|100	3460	50
8	9	7	dexterity_v	81	122					1	173	60|80|100	3460	50
8	9	8	ignore_water_resist_v	100	100	81	122			2	173	60|80|100	2000	100
8	9	9	ignore_defense_v	81	122					1	173	60|80|100	3460	50
8	9	10	rangedamage_return_v	323	484					1	692	60|80|100	3460	120
8	9	11	meleedamage_return_v	323	484					1	692	60|80|100	3460	120
8	9	12	attackrating_v	81	122					1	173	60|80|100	3460	120
8	9	13	lifemax_v	1612	2418					1	3455	60|80|100	3455	100
8	9	14	manamax_v	1612	2418					1	3455	60|80|100	3455	120
8	9	15	water_resist_v	404	605					1	864	60|80|100	3456	100
8	9	16	stealmana_v	162	243					1	346	60|80|100	3460	120
8	9	17	steallife_v	162	243					1	346	60|80|100	3460	100
8	9	18	recover_life_v	81	122	9	9			1	173	60|80|100	3460	100
8	9	19	recover_mana_v	81	122	9	9			1	173	60|80|100	3460	120
8	9	20	lifereplenish_w	645	968					1	1383	60|80|100	3458	100
8	9	21	manareplenish_w	645	968					1	1383	60|80|100	3458	120
8	9	22	weaken_deadlystrike_damage_v	81	122					1	173	60|80|100	3460	100
8	9	23	weaken_deadlystrike_v	81	122					1	173	60|80|100	3460	100
8	9	24	defense_v	81	122					1	173	60|80|100	3460	100
8	9	25	vitality_v	81	122					1	173	60|80|100	3460	100
8	9	26	energy_v	81	122					1	173	60|80|100	3460	100
8	9	27	return_resist_range_v	323	484					1	692	60|80|100	3460	120
8	9	28	return_resist_melee_v	323	484					1	692	60|80|100	3460	120
8	10	1	physical_waterdamage_v	89	134					1	190	60|80|100	3800	50
8	10	2	energy_waterdamage_v	89	134					1	190	60|80|100	3800	50
8	10	3	basic_damage_v	89	134			89	134	1	190	60|80|100	3800	50
8	10	4	deadlystrike_damage_v	89	134					1	190	60|80|100	3800	50
8	10	5	deadlystrike_v	89	134					1	190	60|80|100	3800	50
8	10	6	strength_v	89	134					1	190	60|80|100	3800	50
8	10	7	dexterity_v	89	134					1	190	60|80|100	3800	50
8	10	8	ignore_water_resist_v	100	100	89	134			2	190	60|80|100	2000	100
8	10	9	ignore_defense_v	89	134					1	190	60|80|100	3800	50
8	10	10	rangedamage_return_v	355	532					1	760	60|80|100	3800	120
8	10	11	meleedamage_return_v	355	532					1	760	60|80|100	3800	120
8	10	12	attackrating_v	89	134					1	190	60|80|100	3800	120
8	10	13	lifemax_v	1774	2661					1	3801	60|80|100	3801	100
8	10	14	manamax_v	1774	2661					1	3801	60|80|100	3801	120
8	10	15	water_resist_v	444	665					1	951	60|80|100	3804	100
8	10	16	stealmana_v	178	267					1	381	60|80|100	3810	120
8	10	17	steallife_v	178	267					1	381	60|80|100	3810	100
8	10	18	recover_life_v	89	134	9	9			1	190	60|80|100	3800	100
8	10	19	recover_mana_v	89	134	9	9			1	190	60|80|100	3800	120
8	10	20	lifereplenish_w	710	1065					1	1521	60|80|100	3803	100
8	10	21	manareplenish_w	710	1065					1	1521	60|80|100	3803	120
8	10	22	weaken_deadlystrike_damage_v	89	134					1	190	60|80|100	3800	100
8	10	23	weaken_deadlystrike_v	89	134					1	190	60|80|100	3800	100
8	10	24	defense_v	89	134					1	190	60|80|100	3800	100
8	10	25	vitality_v	89	134					1	190	60|80|100	3800	100
8	10	26	energy_v	89	134					1	190	60|80|100	3800	100
8	10	27	return_resist_range_v	355	532					1	760	60|80|100	3800	120
8	10	28	return_resist_melee_v	355	532					1	760	60|80|100	3800	120
8	11	1	physical_waterdamage_v	98	147					1	209	60|80|100	4180	50
8	11	2	energy_waterdamage_v	98	147					1	209	60|80|100	4180	50
8	11	3	basic_damage_v	98	147			98	147	1	209	60|80|100	4180	50
8	11	4	deadlystrike_damage_v	98	147					1	209	60|80|100	4180	50
8	11	5	deadlystrike_v	98	147					1	209	60|80|100	4180	50
8	11	6	strength_v	98	147					1	209	60|80|100	4180	50
8	11	7	dexterity_v	98	147					1	209	60|80|100	4180	50
8	11	8	ignore_water_resist_v	100	100	98	147			2	209	60|80|100	2000	100
8	11	9	ignore_defense_v	98	147					1	209	60|80|100	4180	50
8	11	10	rangedamage_return_v	391	586					1	837	60|80|100	4185	120
8	11	11	meleedamage_return_v	391	586					1	837	60|80|100	4185	120
8	11	12	attackrating_v	98	147					1	209	60|80|100	4180	120
8	11	13	lifemax_v	1952	2927					1	4181	60|80|100	4181	100
8	11	14	manamax_v	1952	2927					1	4181	60|80|100	4181	120
8	11	15	water_resist_v	488	732					1	1046	60|80|100	4184	100
8	11	16	stealmana_v	196	293					1	418	60|80|100	4180	120
8	11	17	steallife_v	196	293					1	418	60|80|100	4180	100
8	11	18	recover_life_v	98	147	9	9			1	209	60|80|100	4180	100
8	11	19	recover_mana_v	98	147	9	9			1	209	60|80|100	4180	120
8	11	20	lifereplenish_w	781	1172					1	1673	60|80|100	4183	100
8	11	21	manareplenish_w	781	1172					1	1673	60|80|100	4183	120
8	11	22	weaken_deadlystrike_damage_v	98	147					1	209	60|80|100	4180	100
8	11	23	weaken_deadlystrike_v	98	147					1	209	60|80|100	4180	100
8	11	24	defense_v	98	147					1	209	60|80|100	4180	100
8	11	25	vitality_v	98	147					1	209	60|80|100	4180	100
8	11	26	energy_v	98	147					1	209	60|80|100	4180	100
8	11	27	return_resist_range_v	391	586					1	837	60|80|100	4185	120
8	11	28	return_resist_melee_v	391	586					1	837	60|80|100	4185	120
8	12	1	physical_waterdamage_v	107	160					1	228	60|80|100	4560	50
8	12	2	energy_waterdamage_v	107	160					1	228	60|80|100	4560	50
8	12	3	basic_damage_v	107	160			107	160	1	228	60|80|100	4560	50
8	12	4	deadlystrike_damage_v	107	160					1	228	60|80|100	4560	50
8	12	5	deadlystrike_v	107	160					1	228	60|80|100	4560	50
8	12	6	strength_v	107	160					1	228	60|80|100	4560	50
8	12	7	dexterity_v	107	160					1	228	60|80|100	4560	50
8	12	8	ignore_water_resist_v	100	100	107	160			2	228	60|80|100	2000	100
8	12	9	ignore_defense_v	107	160					1	228	60|80|100	4560	50
8	12	10	rangedamage_return_v	426	639					1	912	60|80|100	4560	120
8	12	11	meleedamage_return_v	426	639					1	912	60|80|100	4560	120
8	12	12	attackrating_v	107	160					1	228	60|80|100	4560	120
8	12	13	lifemax_v	2129	3194					1	4562	60|80|100	4562	100
8	12	14	manamax_v	2129	3194					1	4562	60|80|100	4562	120
8	12	15	water_resist_v	532	798					1	1140	60|80|100	4560	100
8	12	16	stealmana_v	213	320					1	456	60|80|100	4560	120
8	12	17	steallife_v	213	320					1	456	60|80|100	4560	100
8	12	18	recover_life_v	107	160	9	9			1	228	60|80|100	4560	100
8	12	19	recover_mana_v	107	160	9	9			1	228	60|80|100	4560	120
8	12	20	lifereplenish_w	852	1277					1	1824	60|80|100	4560	100
8	12	21	manareplenish_w	852	1277					1	1824	60|80|100	4560	120
8	12	22	weaken_deadlystrike_damage_v	107	160					1	228	60|80|100	4560	100
8	12	23	weaken_deadlystrike_v	107	160					1	228	60|80|100	4560	100
8	12	24	defense_v	107	160					1	228	60|80|100	4560	100
8	12	25	vitality_v	107	160					1	228	60|80|100	4560	100
8	12	26	energy_v	107	160					1	228	60|80|100	4560	100
8	12	27	return_resist_range_v	426	639					1	912	60|80|100	4560	120
8	12	28	return_resist_melee_v	426	639					1	912	60|80|100	4560	120
8	13	1	physical_waterdamage_v	112	168					1	240	60|80|100	4800	50
8	13	2	energy_waterdamage_v	112	168					1	240	60|80|100	4800	50
8	13	3	basic_damage_v	112	168			112	168	1	240	60|80|100	4800	50
8	13	4	deadlystrike_damage_v	112	168					1	240	60|80|100	4800	50
8	13	5	deadlystrike_v	112	168					1	240	60|80|100	4800	50
8	13	6	strength_v	112	168					1	240	60|80|100	4800	50
8	13	7	dexterity_v	112	168					1	240	60|80|100	4800	50
8	13	8	ignore_water_resist_v	100	100	112	168			2	240	60|80|100	2000	100
8	13	9	ignore_defense_v	112	168					1	240	60|80|100	4800	50
8	13	10	rangedamage_return_v	448	671					1	958	60|80|100	4790	120
8	13	11	meleedamage_return_v	448	671					1	958	60|80|100	4790	120
8	13	12	attackrating_v	112	168					1	240	60|80|100	4800	120
8	13	13	lifemax_v	2236	3353					1	4790	60|80|100	4790	100
8	13	14	manamax_v	2236	3353					1	4790	60|80|100	4790	120
8	13	15	water_resist_v	560	839					1	1198	60|80|100	4792	100
8	13	16	stealmana_v	224	335					1	479	60|80|100	4790	120
8	13	17	steallife_v	224	335					1	479	60|80|100	4790	100
8	13	18	recover_life_v	112	168	9	9			1	240	60|80|100	4800	100
8	13	19	recover_mana_v	112	168	9	9			1	240	60|80|100	4800	120
8	13	20	lifereplenish_w	894	1341					1	1916	60|80|100	4790	100
8	13	21	manareplenish_w	894	1341					1	1916	60|80|100	4790	120
8	13	22	weaken_deadlystrike_damage_v	112	168					1	240	60|80|100	4800	100
8	13	23	weaken_deadlystrike_v	112	168					1	240	60|80|100	4800	100
8	13	24	defense_v	112	168					1	240	60|80|100	4800	100
8	13	25	vitality_v	112	168					1	240	60|80|100	4800	100
8	13	26	energy_v	112	168					1	240	60|80|100	4800	100
8	13	27	return_resist_range_v	448	671					1	958	60|80|100	4790	120
8	13	28	return_resist_melee_v	448	671					1	958	60|80|100	4790	120
8	14	1	physical_waterdamage_v	117	176					1	251	60|80|100	5020	50
8	14	2	energy_waterdamage_v	117	176					1	251	60|80|100	5020	50
8	14	3	basic_damage_v	117	176			117	176	1	251	60|80|100	5020	50
8	14	4	deadlystrike_damage_v	117	176					1	251	60|80|100	5020	50
8	14	5	deadlystrike_v	117	176					1	251	60|80|100	5020	50
8	14	6	strength_v	117	176					1	251	60|80|100	5020	50
8	14	7	dexterity_v	117	176					1	251	60|80|100	5020	50
8	14	8	ignore_water_resist_v	100	100	117	176			2	251	60|80|100	2000	100
8	14	9	ignore_defense_v	117	176					1	251	60|80|100	5020	50
8	14	10	rangedamage_return_v	470	705					1	1006	60|80|100	5030	120
8	14	11	meleedamage_return_v	470	705					1	1006	60|80|100	5030	120
8	14	12	attackrating_v	117	176					1	251	60|80|100	5020	120
8	14	13	lifemax_v	2346	3519					1	5026	60|80|100	5026	100
8	14	14	manamax_v	2346	3519					1	5026	60|80|100	5026	120
8	14	15	water_resist_v	587	880					1	1257	60|80|100	5028	100
8	14	16	stealmana_v	235	352					1	503	60|80|100	5030	120
8	14	17	steallife_v	235	352					1	503	60|80|100	5030	100
8	14	18	recover_life_v	117	176	9	9			1	251	60|80|100	5020	100
8	14	19	recover_mana_v	117	176	9	9			1	251	60|80|100	5020	120
8	14	20	lifereplenish_w	939	1408					1	2010	60|80|100	5025	100
8	14	21	manareplenish_w	939	1408					1	2010	60|80|100	5025	120
8	14	22	weaken_deadlystrike_damage_v	117	176					1	251	60|80|100	5020	100
8	14	23	weaken_deadlystrike_v	117	176					1	251	60|80|100	5020	100
8	14	24	defense_v	117	176					1	251	60|80|100	5020	100
8	14	25	vitality_v	117	176					1	251	60|80|100	5020	100
8	14	26	energy_v	117	176					1	251	60|80|100	5020	100
8	14	27	return_resist_range_v	470	705					1	1006	60|80|100	5030	120
8	14	28	return_resist_melee_v	470	705					1	1006	60|80|100	5030	120
8	15	1	physical_waterdamage_v	123	184					1	263	60|80|100	5260	50
8	15	2	energy_waterdamage_v	123	184					1	263	60|80|100	5260	50
8	15	3	basic_damage_v	123	184			123	184	1	263	60|80|100	5260	50
8	15	4	deadlystrike_damage_v	123	184					1	263	60|80|100	5260	50
8	15	5	deadlystrike_v	123	184					1	263	60|80|100	5260	50
8	15	6	strength_v	123	184					1	263	60|80|100	5260	50
8	15	7	dexterity_v	123	184					1	263	60|80|100	5260	50
8	15	8	ignore_water_resist_v	100	100	123	184			2	263	60|80|100	2000	100
8	15	9	ignore_defense_v	123	184					1	263	60|80|100	5260	50
8	15	10	rangedamage_return_v	492	737					1	1053	60|80|100	5265	120
8	15	11	meleedamage_return_v	492	737					1	1053	60|80|100	5265	120
8	15	12	attackrating_v	123	184					1	263	60|80|100	5260	120
8	15	13	lifemax_v	2456	3684					1	5262	60|80|100	5262	100
8	15	14	manamax_v	2456	3684					1	5262	60|80|100	5262	120
8	15	15	water_resist_v	614	921					1	1316	60|80|100	5264	100
8	15	16	stealmana_v	246	369					1	527	60|80|100	5270	120
8	15	17	steallife_v	246	369					1	527	60|80|100	5270	100
8	15	18	recover_life_v	123	184	9	9			1	263	60|80|100	5260	100
8	15	19	recover_mana_v	123	184	9	9			1	263	60|80|100	5260	120
8	15	20	lifereplenish_w	983	1474					1	2105	60|80|100	5263	100
8	15	21	manareplenish_w	983	1474					1	2105	60|80|100	5263	120
8	15	22	weaken_deadlystrike_damage_v	123	184					1	263	60|80|100	5260	100
8	15	23	weaken_deadlystrike_v	123	184					1	263	60|80|100	5260	100
8	15	24	defense_v	123	184					1	263	60|80|100	5260	100
8	15	25	vitality_v	123	184					1	263	60|80|100	5260	100
8	15	26	energy_v	123	184					1	263	60|80|100	5260	100
8	15	27	return_resist_range_v	492	737					1	1053	60|80|100	5265	120
8	15	28	return_resist_melee_v	492	737					1	1053	60|80|100	5265	120
8	16	1	physical_waterdamage_v	128	192					1	275	60|80|100	5500	50
8	16	2	energy_waterdamage_v	128	192					1	275	60|80|100	5500	50
8	16	3	basic_damage_v	128	192			128	192	1	275	60|80|100	5500	50
8	16	4	deadlystrike_damage_v	128	192					1	275	60|80|100	5500	50
8	16	5	deadlystrike_v	128	192					1	275	60|80|100	5500	50
8	16	6	strength_v	128	192					1	275	60|80|100	5500	50
8	16	7	dexterity_v	128	192					1	275	60|80|100	5500	50
8	16	8	ignore_water_resist_v	100	100	128	192			2	275	60|80|100	2000	100
8	16	9	ignore_defense_v	128	192					1	275	60|80|100	5500	50
8	16	10	rangedamage_return_v	513	770					1	1100	60|80|100	5500	120
8	16	11	meleedamage_return_v	513	770					1	1100	60|80|100	5500	120
8	16	12	attackrating_v	128	192					1	275	60|80|100	5500	120
8	16	13	lifemax_v	2566	3849					1	5499	60|80|100	5499	100
8	16	14	manamax_v	2566	3849					1	5499	60|80|100	5499	120
8	16	15	water_resist_v	642	963					1	1376	60|80|100	5504	100
8	16	16	stealmana_v	257	386					1	550	60|80|100	5500	120
8	16	17	steallife_v	257	386					1	550	60|80|100	5500	100
8	16	18	recover_life_v	128	192	9	9			1	275	60|80|100	5500	100
8	16	19	recover_mana_v	128	192	9	9			1	275	60|80|100	5500	120
8	16	20	lifereplenish_w	1027	1540					1	2200	60|80|100	5500	100
8	16	21	manareplenish_w	1027	1540					1	2200	60|80|100	5500	120
8	16	22	weaken_deadlystrike_damage_v	128	192					1	275	60|80|100	5500	100
8	16	23	weaken_deadlystrike_v	128	192					1	275	60|80|100	5500	100
8	16	24	defense_v	128	192					1	275	60|80|100	5500	100
8	16	25	vitality_v	128	192					1	275	60|80|100	5500	100
8	16	26	energy_v	128	192					1	275	60|80|100	5500	100
8	16	27	return_resist_range_v	513	770					1	1100	60|80|100	5500	120
8	16	28	return_resist_melee_v	513	770					1	1100	60|80|100	5500	120
8	17	1	physical_waterdamage_v	134	201					1	287	60|80|100	5740	50
8	17	2	energy_waterdamage_v	134	201					1	287	60|80|100	5740	50
8	17	3	basic_damage_v	134	201			134	201	1	287	60|80|100	5740	50
8	17	4	deadlystrike_damage_v	134	201					1	287	60|80|100	5740	50
8	17	5	deadlystrike_v	134	201					1	287	60|80|100	5740	50
8	17	6	strength_v	134	201					1	287	60|80|100	5740	50
8	17	7	dexterity_v	134	201					1	287	60|80|100	5740	50
8	17	8	ignore_water_resist_v	100	100	134	201			2	287	60|80|100	2000	100
8	17	9	ignore_defense_v	134	201					1	287	60|80|100	5740	50
8	17	10	rangedamage_return_v	536	803					1	1148	60|80|100	5740	120
8	17	11	meleedamage_return_v	536	803					1	1148	60|80|100	5740	120
8	17	12	attackrating_v	134	201					1	287	60|80|100	5740	120
8	17	13	lifemax_v	2676	4014					1	5735	60|80|100	5735	100
8	17	14	manamax_v	2676	4014					1	5735	60|80|100	5735	120
8	17	15	water_resist_v	670	1005					1	1434	60|80|100	5736	100
8	17	16	stealmana_v	268	402					1	574	60|80|100	5740	120
8	17	17	steallife_v	268	402					1	574	60|80|100	5740	100
8	17	18	recover_life_v	134	201	9	9			1	287	60|80|100	5740	100
8	17	19	recover_mana_v	134	201	9	9			1	287	60|80|100	5740	120
8	17	20	lifereplenish_w	1071	1606					1	2295	60|80|100	5738	100
8	17	21	manareplenish_w	1071	1606					1	2295	60|80|100	5738	120
8	17	22	weaken_deadlystrike_damage_v	134	201					1	287	60|80|100	5740	100
8	17	23	weaken_deadlystrike_v	134	201					1	287	60|80|100	5740	100
8	17	24	defense_v	134	201					1	287	60|80|100	5740	100
8	17	25	vitality_v	134	201					1	287	60|80|100	5740	100
8	17	26	energy_v	134	201					1	287	60|80|100	5740	100
8	17	27	return_resist_range_v	536	803					1	1148	60|80|100	5740	120
8	17	28	return_resist_melee_v	536	803					1	1148	60|80|100	5740	120
8	18	1	physical_waterdamage_v	140	209					1	299	60|80|100	5980	50
8	18	2	energy_waterdamage_v	140	209					1	299	60|80|100	5980	50
8	18	3	basic_damage_v	140	209			140	209	1	299	60|80|100	5980	50
8	18	4	deadlystrike_damage_v	140	209					1	299	60|80|100	5980	50
8	18	5	deadlystrike_v	140	209					1	299	60|80|100	5980	50
8	18	6	strength_v	140	209					1	299	60|80|100	5980	50
8	18	7	dexterity_v	140	209					1	299	60|80|100	5980	50
8	18	8	ignore_water_resist_v	100	100	140	209			2	299	60|80|100	2000	100
8	18	9	ignore_defense_v	140	209					1	299	60|80|100	5980	50
8	18	10	rangedamage_return_v	558	837					1	1194	60|80|100	5970	120
8	18	11	meleedamage_return_v	558	837					1	1194	60|80|100	5970	120
8	18	12	attackrating_v	140	209					1	299	60|80|100	5980	120
8	18	13	lifemax_v	2788	4181					1	5973	60|80|100	5973	100
8	18	14	manamax_v	2788	4181					1	5973	60|80|100	5973	120
8	18	15	water_resist_v	697	1046					1	1493	60|80|100	5972	100
8	18	16	stealmana_v	280	419					1	598	60|80|100	5980	120
8	18	17	steallife_v	280	419					1	598	60|80|100	5980	100
8	18	18	recover_life_v	140	209	9	9			1	299	60|80|100	5980	100
8	18	19	recover_mana_v	140	209	9	9			1	299	60|80|100	5980	120
8	18	20	lifereplenish_w	1116	1673					1	2390	60|80|100	5975	100
8	18	21	manareplenish_w	1116	1673					1	2390	60|80|100	5975	120
8	18	22	weaken_deadlystrike_damage_v	140	209					1	299	60|80|100	5980	100
8	18	23	weaken_deadlystrike_v	140	209					1	299	60|80|100	5980	100
8	18	24	defense_v	140	209					1	299	60|80|100	5980	100
8	18	25	vitality_v	140	209					1	299	60|80|100	5980	100
8	18	26	energy_v	140	209					1	299	60|80|100	5980	100
8	18	27	return_resist_range_v	558	837					1	1194	60|80|100	5970	120
8	18	28	return_resist_melee_v	558	837					1	1194	60|80|100	5970	120
8	19	1	physical_waterdamage_v	145	218					1	311	60|80|100	6220	50
8	19	2	energy_waterdamage_v	145	218					1	311	60|80|100	6220	50
8	19	3	basic_damage_v	145	218			145	218	1	311	60|80|100	6220	50
8	19	4	deadlystrike_damage_v	145	218					1	311	60|80|100	6220	50
8	19	5	deadlystrike_v	145	218					1	311	60|80|100	6220	50
8	19	6	strength_v	145	218					1	311	60|80|100	6220	50
8	19	7	dexterity_v	145	218					1	311	60|80|100	6220	50
8	19	8	ignore_water_resist_v	100	100	145	218			2	311	60|80|100	2000	100
8	19	9	ignore_defense_v	145	218					1	311	60|80|100	6220	50
8	19	10	rangedamage_return_v	580	870					1	1242	60|80|100	6210	120
8	19	11	meleedamage_return_v	580	870					1	1242	60|80|100	6210	120
8	19	12	attackrating_v	145	218					1	311	60|80|100	6220	120
8	19	13	lifemax_v	2898	4347					1	6209	60|80|100	6209	100
8	19	14	manamax_v	2898	4347					1	6209	60|80|100	6209	120
8	19	15	water_resist_v	724	1086					1	1552	60|80|100	6208	100
8	19	16	stealmana_v	290	435					1	621	60|80|100	6210	120
8	19	17	steallife_v	290	435					1	621	60|80|100	6210	100
8	19	18	recover_life_v	145	218	9	9			1	311	60|80|100	6220	100
8	19	19	recover_mana_v	145	218	9	9			1	311	60|80|100	6220	120
8	19	20	lifereplenish_w	1159	1738					1	2483	60|80|100	6208	100
8	19	21	manareplenish_w	1159	1738					1	2483	60|80|100	6208	120
8	19	22	weaken_deadlystrike_damage_v	145	218					1	311	60|80|100	6220	100
8	19	23	weaken_deadlystrike_v	145	218					1	311	60|80|100	6220	100
8	19	24	defense_v	145	218					1	311	60|80|100	6220	100
8	19	25	vitality_v	145	218					1	311	60|80|100	6220	100
8	19	26	energy_v	145	218					1	311	60|80|100	6220	100
8	19	27	return_resist_range_v	580	870					1	1242	60|80|100	6210	120
8	19	28	return_resist_melee_v	580	870					1	1242	60|80|100	6210	120
8	20	1	physical_waterdamage_v	151	226					1	323	60|80|100	6460	50
8	20	2	energy_waterdamage_v	151	226					1	323	60|80|100	6460	50
8	20	3	basic_damage_v	151	226			151	226	1	323	60|80|100	6460	50
8	20	4	deadlystrike_damage_v	151	226					1	323	60|80|100	6460	50
8	20	5	deadlystrike_v	151	226					1	323	60|80|100	6460	50
8	20	6	strength_v	151	226					1	323	60|80|100	6460	50
8	20	7	dexterity_v	151	226					1	323	60|80|100	6460	50
8	20	8	ignore_water_resist_v	100	100	151	226			2	323	60|80|100	2000	100
8	20	9	ignore_defense_v	151	226					1	323	60|80|100	6460	50
8	20	10	rangedamage_return_v	602	903					1	1289	60|80|100	6445	120
8	20	11	meleedamage_return_v	602	903					1	1289	60|80|100	6445	120
8	20	12	attackrating_v	151	226					1	323	60|80|100	6460	120
8	20	13	lifemax_v	3008	4512					1	6446	60|80|100	6446	100
8	20	14	manamax_v	3008	4512					1	6446	60|80|100	6446	120
8	20	15	water_resist_v	752	1128					1	1612	60|80|100	6448	100
8	20	16	stealmana_v	301	452					1	645	60|80|100	6450	120
8	20	17	steallife_v	301	452					1	645	60|80|100	6450	100
8	20	18	recover_life_v	151	226	9	9			1	323	60|80|100	6460	100
8	20	19	recover_mana_v	151	226	9	9			1	323	60|80|100	6460	120
8	20	20	lifereplenish_w	1204	1805					1	2578	60|80|100	6445	100
8	20	21	manareplenish_w	1204	1805					1	2578	60|80|100	6445	120
8	20	22	weaken_deadlystrike_damage_v	151	226					1	323	60|80|100	6460	100
8	20	23	weaken_deadlystrike_v	151	226					1	323	60|80|100	6460	100
8	20	24	defense_v	151	226					1	323	60|80|100	6460	100
8	20	25	vitality_v	151	226					1	323	60|80|100	6460	100
8	20	26	energy_v	151	226					1	323	60|80|100	6460	100
8	20	27	return_resist_range_v	602	903					1	1289	60|80|100	6445	120
8	20	28	return_resist_melee_v	602	903					1	1289	60|80|100	6445	120
8	21	1	physical_waterdamage_v	156	234					1	334	60|80|100	6680	50
8	21	2	energy_waterdamage_v	156	234					1	334	60|80|100	6680	50
8	21	3	basic_damage_v	156	234			156	234	1	334	60|80|100	6680	50
8	21	4	deadlystrike_damage_v	156	234					1	334	60|80|100	6680	50
8	21	5	deadlystrike_v	156	234					1	334	60|80|100	6680	50
8	21	6	strength_v	156	234					1	334	60|80|100	6680	50
8	21	7	dexterity_v	156	234					1	334	60|80|100	6680	50
8	21	8	ignore_water_resist_v	100	100	156	234			2	334	60|80|100	2000	100
8	21	9	ignore_defense_v	156	234					1	334	60|80|100	6680	50
8	21	10	rangedamage_return_v	624	936					1	1337	60|80|100	6685	120
8	21	11	meleedamage_return_v	624	936					1	1337	60|80|100	6685	120
8	21	12	attackrating_v	156	234					1	334	60|80|100	6680	120
8	21	13	lifemax_v	3119	4678					1	6682	60|80|100	6682	100
8	21	14	manamax_v	3119	4678					1	6682	60|80|100	6682	120
8	21	15	water_resist_v	780	1169					1	1671	60|80|100	6684	100
8	21	16	stealmana_v	312	468					1	669	60|80|100	6690	120
8	21	17	steallife_v	312	468					1	669	60|80|100	6690	100
8	21	18	recover_life_v	156	234	9	9			1	334	60|80|100	6680	100
8	21	19	recover_mana_v	156	234	9	9			1	334	60|80|100	6680	120
8	21	20	lifereplenish_w	1248	1871					1	2673	60|80|100	6683	100
8	21	21	manareplenish_w	1248	1871					1	2673	60|80|100	6683	120
8	21	22	weaken_deadlystrike_damage_v	156	234					1	334	60|80|100	6680	100
8	21	23	weaken_deadlystrike_v	156	234					1	334	60|80|100	6680	100
8	21	24	defense_v	156	234					1	334	60|80|100	6680	100
8	21	25	vitality_v	156	234					1	334	60|80|100	6680	100
8	21	26	energy_v	156	234					1	334	60|80|100	6680	100
8	21	27	return_resist_range_v	624	936					1	1337	60|80|100	6685	120
8	21	28	return_resist_melee_v	624	936					1	1337	60|80|100	6685	120
9	1	1	physical_firedamage_v	31	46					1	65	60|80|100	1300	50
9	1	2	energy_firedamage_v	31	46					1	65	60|80|100	1300	50
9	1	3	basic_damage_v	31	46			31	46	1	65	60|80|100	1300	50
9	1	4	deadlystrike_damage_v	31	46					1	65	60|80|100	1300	50
9	1	5	deadlystrike_v	31	46					1	65	60|80|100	1300	50
9	1	6	strength_v	31	46					1	65	60|80|100	1300	50
9	1	7	dexterity_v	31	46					1	65	60|80|100	1300	50
9	1	8	ignore_fire_resist_v	100	100	31	46			2	100	60|80|100	2000	100
9	1	9	ignore_defense_v	31	46					1	65	60|80|100	1300	50
9	1	10	rangedamage_return_v	121	182					1	258	60|80|100	1290	120
9	1	11	meleedamage_return_v	121	182					1	258	60|80|100	1290	120
9	1	12	attackrating_v	31	46					1	65	60|80|100	1300	120
9	1	13	lifemax_v	603	904					1	1292	60|80|100	1292	100
9	1	14	manamax_v	603	904					1	1292	60|80|100	1292	120
9	1	15	fire_resist_v	151	226					1	323	60|80|100	1292	100
9	1	16	stealmana_v	61	92					1	130	60|80|100	1300	120
9	1	17	steallife_v	61	92					1	130	60|80|100	1300	100
9	1	18	recover_life_v	31	46	9	9			1	65	60|80|100	1300	100
9	1	19	recover_mana_v	31	46	9	9			1	65	60|80|100	1300	120
9	1	20	lifereplenish_w	241	362					1	516	60|80|100	1290	100
9	1	21	manareplenish_w	241	362					1	516	60|80|100	1290	120
9	1	22	weaken_deadlystrike_damage_v	31	46					1	65	60|80|100	1300	100
9	1	23	weaken_deadlystrike_v	31	46					1	65	60|80|100	1300	100
9	1	24	defense_v	31	46					1	65	60|80|100	1300	100
9	1	25	vitality_v	31	46					1	65	60|80|100	1300	100
9	1	26	energy_v	31	46					1	65	60|80|100	1300	100
9	1	27	return_resist_range_v	121	182					1	258	60|80|100	1290	120
9	1	28	return_resist_melee_v	121	182					1	258	60|80|100	1290	120
9	2	1	physical_firedamage_v	35	52					1	75	60|80|100	1500	50
9	2	2	energy_firedamage_v	35	52					1	75	60|80|100	1500	50
9	2	3	basic_damage_v	35	52			35	52	1	75	60|80|100	1500	50
9	2	4	deadlystrike_damage_v	35	52					1	75	60|80|100	1500	50
9	2	5	deadlystrike_v	35	52					1	75	60|80|100	1500	50
9	2	6	strength_v	35	52					1	75	60|80|100	1500	50
9	2	7	dexterity_v	35	52					1	75	60|80|100	1500	50
9	2	8	ignore_fire_resist_v	100	100	35	52			2	100	60|80|100	2000	100
9	2	9	ignore_defense_v	35	52					1	75	60|80|100	1500	50
9	2	10	rangedamage_return_v	139	208					1	297	60|80|100	1485	120
9	2	11	meleedamage_return_v	139	208					1	297	60|80|100	1485	120
9	2	12	attackrating_v	35	52					1	75	60|80|100	1500	120
9	2	13	lifemax_v	693	1040					1	1485	60|80|100	1485	100
9	2	14	manamax_v	693	1040					1	1485	60|80|100	1485	120
9	2	15	fire_resist_v	173	260					1	371	60|80|100	1484	100
9	2	16	stealmana_v	70	105					1	149	60|80|100	1490	120
9	2	17	steallife_v	70	105					1	149	60|80|100	1490	100
9	2	18	recover_life_v	35	52	9	9			1	75	60|80|100	1500	100
9	2	19	recover_mana_v	35	52	9	9			1	75	60|80|100	1500	120
9	2	20	lifereplenish_w	278	417					1	594	60|80|100	1485	100
9	2	21	manareplenish_w	278	417					1	594	60|80|100	1485	120
9	2	22	weaken_deadlystrike_damage_v	35	52					1	75	60|80|100	1500	100
9	2	23	weaken_deadlystrike_v	35	52					1	75	60|80|100	1500	100
9	2	24	defense_v	35	52					1	75	60|80|100	1500	100
9	2	25	vitality_v	35	52					1	75	60|80|100	1500	100
9	2	26	energy_v	35	52					1	75	60|80|100	1500	100
9	2	27	return_resist_range_v	139	208					1	297	60|80|100	1485	120
9	2	28	return_resist_melee_v	139	208					1	297	60|80|100	1485	120
9	3	1	physical_firedamage_v	40	60					1	86	60|80|100	1720	50
9	3	2	energy_firedamage_v	40	60					1	86	60|80|100	1720	50
9	3	3	basic_damage_v	40	60			40	60	1	86	60|80|100	1720	50
9	3	4	deadlystrike_damage_v	40	60					1	86	60|80|100	1720	50
9	3	5	deadlystrike_v	40	60					1	86	60|80|100	1720	50
9	3	6	strength_v	40	60					1	86	60|80|100	1720	50
9	3	7	dexterity_v	40	60					1	86	60|80|100	1720	50
9	3	8	ignore_fire_resist_v	100	100	40	60			2	100	60|80|100	2000	100
9	3	9	ignore_defense_v	40	60					1	86	60|80|100	1720	50
9	3	10	rangedamage_return_v	160	240					1	342	60|80|100	1710	120
9	3	11	meleedamage_return_v	160	240					1	342	60|80|100	1710	120
9	3	12	attackrating_v	40	60					1	86	60|80|100	1720	120
9	3	13	lifemax_v	797	1196					1	1708	60|80|100	1708	100
9	3	14	manamax_v	797	1196					1	1708	60|80|100	1708	120
9	3	15	fire_resist_v	200	299					1	428	60|80|100	1712	100
9	3	16	stealmana_v	80	119					1	171	60|80|100	1710	120
9	3	17	steallife_v	80	119					1	171	60|80|100	1710	100
9	3	18	recover_life_v	40	60	9	9			1	86	60|80|100	1720	100
9	3	19	recover_mana_v	40	60	9	9			1	86	60|80|100	1720	120
9	3	20	lifereplenish_w	319	478					1	683	60|80|100	1708	100
9	3	21	manareplenish_w	319	478					1	683	60|80|100	1708	120
9	3	22	weaken_deadlystrike_damage_v	40	60					1	86	60|80|100	1720	100
9	3	23	weaken_deadlystrike_v	40	60					1	86	60|80|100	1720	100
9	3	24	defense_v	40	60					1	86	60|80|100	1720	100
9	3	25	vitality_v	40	60					1	86	60|80|100	1720	100
9	3	26	energy_v	40	60					1	86	60|80|100	1720	100
9	3	27	return_resist_range_v	160	240					1	342	60|80|100	1710	120
9	3	28	return_resist_melee_v	160	240					1	342	60|80|100	1710	120
9	4	1	physical_firedamage_v	46	69					1	99	60|80|100	1980	50
9	4	2	energy_firedamage_v	46	69					1	99	60|80|100	1980	50
9	4	3	basic_damage_v	46	69			46	69	1	99	60|80|100	1980	50
9	4	4	deadlystrike_damage_v	46	69					1	99	60|80|100	1980	50
9	4	5	deadlystrike_v	46	69					1	99	60|80|100	1980	50
9	4	6	strength_v	46	69					1	99	60|80|100	1980	50
9	4	7	dexterity_v	46	69					1	99	60|80|100	1980	50
9	4	8	ignore_fire_resist_v	100	100	46	69			2	100	60|80|100	2000	100
9	4	9	ignore_defense_v	46	69					1	99	60|80|100	1980	50
9	4	10	rangedamage_return_v	184	275					1	393	60|80|100	1965	120
9	4	11	meleedamage_return_v	184	275					1	393	60|80|100	1965	120
9	4	12	attackrating_v	46	69					1	99	60|80|100	1980	120
9	4	13	lifemax_v	916	1374					1	1964	60|80|100	1964	100
9	4	14	manamax_v	916	1374					1	1964	60|80|100	1964	120
9	4	15	fire_resist_v	229	344					1	491	60|80|100	1964	100
9	4	16	stealmana_v	92	138					1	197	60|80|100	1970	120
9	4	17	steallife_v	92	138					1	197	60|80|100	1970	100
9	4	18	recover_life_v	46	69	9	9			1	99	60|80|100	1980	100
9	4	19	recover_mana_v	46	69	9	9			1	99	60|80|100	1980	120
9	4	20	lifereplenish_w	367	550					1	785	60|80|100	1963	100
9	4	21	manareplenish_w	367	550					1	785	60|80|100	1963	120
9	4	22	weaken_deadlystrike_damage_v	46	69					1	99	60|80|100	1980	100
9	4	23	weaken_deadlystrike_v	46	69					1	99	60|80|100	1980	100
9	4	24	defense_v	46	69					1	99	60|80|100	1980	100
9	4	25	vitality_v	46	69					1	99	60|80|100	1980	100
9	4	26	energy_v	46	69					1	99	60|80|100	1980	100
9	4	27	return_resist_range_v	184	275					1	393	60|80|100	1965	120
9	4	28	return_resist_melee_v	184	275					1	393	60|80|100	1965	120
9	5	1	physical_firedamage_v	53	80					1	113	60|80|100	2260	50
9	5	2	energy_firedamage_v	53	80					1	113	60|80|100	2260	50
9	5	3	basic_damage_v	53	80			53	80	1	113	60|80|100	2260	50
9	5	4	deadlystrike_damage_v	53	80					1	113	60|80|100	2260	50
9	5	5	deadlystrike_v	53	80					1	113	60|80|100	2260	50
9	5	6	strength_v	53	80					1	113	60|80|100	2260	50
9	5	7	dexterity_v	53	80					1	113	60|80|100	2260	50
9	5	8	ignore_fire_resist_v	100	100	53	80			2	113	60|80|100	2000	100
9	5	9	ignore_defense_v	53	80					1	113	60|80|100	2260	50
9	5	10	rangedamage_return_v	211	316					1	452	60|80|100	2260	120
9	5	11	meleedamage_return_v	211	316					1	452	60|80|100	2260	120
9	5	12	attackrating_v	53	80					1	113	60|80|100	2260	120
9	5	13	lifemax_v	1054	1581					1	2258	60|80|100	2258	100
9	5	14	manamax_v	1054	1581					1	2258	60|80|100	2258	120
9	5	15	fire_resist_v	264	395					1	564	60|80|100	2256	100
9	5	16	stealmana_v	106	159					1	226	60|80|100	2260	120
9	5	17	steallife_v	106	159					1	226	60|80|100	2260	100
9	5	18	recover_life_v	53	80	9	9			1	113	60|80|100	2260	100
9	5	19	recover_mana_v	53	80	9	9			1	113	60|80|100	2260	120
9	5	20	lifereplenish_w	421	632					1	903	60|80|100	2258	100
9	5	21	manareplenish_w	421	632					1	903	60|80|100	2258	120
9	5	22	weaken_deadlystrike_damage_v	53	80					1	113	60|80|100	2260	100
9	5	23	weaken_deadlystrike_v	53	80					1	113	60|80|100	2260	100
9	5	24	defense_v	53	80					1	113	60|80|100	2260	100
9	5	25	vitality_v	53	80					1	113	60|80|100	2260	100
9	5	26	energy_v	53	80					1	113	60|80|100	2260	100
9	5	27	return_resist_range_v	211	316					1	452	60|80|100	2260	120
9	5	28	return_resist_melee_v	211	316					1	452	60|80|100	2260	120
9	6	1	physical_firedamage_v	61	92					1	130	60|80|100	2600	50
9	6	2	energy_firedamage_v	61	92					1	130	60|80|100	2600	50
9	6	3	basic_damage_v	61	92			61	92	1	130	60|80|100	2600	50
9	6	4	deadlystrike_damage_v	61	92					1	130	60|80|100	2600	50
9	6	5	deadlystrike_v	61	92					1	130	60|80|100	2600	50
9	6	6	strength_v	61	92					1	130	60|80|100	2600	50
9	6	7	dexterity_v	61	92					1	130	60|80|100	2600	50
9	6	8	ignore_fire_resist_v	100	100	61	92			2	130	60|80|100	2000	100
9	6	9	ignore_defense_v	61	92					1	130	60|80|100	2600	50
9	6	10	rangedamage_return_v	243	364					1	520	60|80|100	2600	120
9	6	11	meleedamage_return_v	243	364					1	520	60|80|100	2600	120
9	6	12	attackrating_v	61	92					1	130	60|80|100	2600	120
9	6	13	lifemax_v	1212	1817					1	2596	60|80|100	2596	100
9	6	14	manamax_v	1212	1817					1	2596	60|80|100	2596	120
9	6	15	fire_resist_v	304	455					1	650	60|80|100	2600	100
9	6	16	stealmana_v	121	182					1	260	60|80|100	2600	120
9	6	17	steallife_v	121	182					1	260	60|80|100	2600	100
9	6	18	recover_life_v	61	92	9	9			1	130	60|80|100	2600	100
9	6	19	recover_mana_v	61	92	9	9			1	130	60|80|100	2600	120
9	6	20	lifereplenish_w	485	728					1	1038	60|80|100	2595	100
9	6	21	manareplenish_w	485	728					1	1038	60|80|100	2595	120
9	6	22	weaken_deadlystrike_damage_v	61	92					1	130	60|80|100	2600	100
9	6	23	weaken_deadlystrike_v	61	92					1	130	60|80|100	2600	100
9	6	24	defense_v	61	92					1	130	60|80|100	2600	100
9	6	25	vitality_v	61	92					1	130	60|80|100	2600	100
9	6	26	energy_v	61	92					1	130	60|80|100	2600	100
9	6	27	return_resist_range_v	243	364					1	520	60|80|100	2600	120
9	6	28	return_resist_melee_v	243	364					1	520	60|80|100	2600	120
9	7	1	physical_firedamage_v	67	100					1	143	60|80|100	2860	50
9	7	2	energy_firedamage_v	67	100					1	143	60|80|100	2860	50
9	7	3	basic_damage_v	67	100			67	100	1	143	60|80|100	2860	50
9	7	4	deadlystrike_damage_v	67	100					1	143	60|80|100	2860	50
9	7	5	deadlystrike_v	67	100					1	143	60|80|100	2860	50
9	7	6	strength_v	67	100					1	143	60|80|100	2860	50
9	7	7	dexterity_v	67	100					1	143	60|80|100	2860	50
9	7	8	ignore_fire_resist_v	100	100	67	100			2	143	60|80|100	2000	100
9	7	9	ignore_defense_v	67	100					1	143	60|80|100	2860	50
9	7	10	rangedamage_return_v	267	400					1	572	60|80|100	2860	120
9	7	11	meleedamage_return_v	267	400					1	572	60|80|100	2860	120
9	7	12	attackrating_v	67	100					1	143	60|80|100	2860	120
9	7	13	lifemax_v	1333	2000					1	2856	60|80|100	2856	100
9	7	14	manamax_v	1333	2000					1	2856	60|80|100	2856	120
9	7	15	fire_resist_v	334	501					1	714	60|80|100	2856	100
9	7	16	stealmana_v	134	201					1	286	60|80|100	2860	120
9	7	17	steallife_v	134	201					1	286	60|80|100	2860	100
9	7	18	recover_life_v	67	100	9	9			1	143	60|80|100	2860	100
9	7	19	recover_mana_v	67	100	9	9			1	143	60|80|100	2860	120
9	7	20	lifereplenish_w	533	800					1	1143	60|80|100	2858	100
9	7	21	manareplenish_w	533	800					1	1143	60|80|100	2858	120
9	7	22	weaken_deadlystrike_damage_v	67	100					1	143	60|80|100	2860	100
9	7	23	weaken_deadlystrike_v	67	100					1	143	60|80|100	2860	100
9	7	24	defense_v	67	100					1	143	60|80|100	2860	100
9	7	25	vitality_v	67	100					1	143	60|80|100	2860	100
9	7	26	energy_v	67	100					1	143	60|80|100	2860	100
9	7	27	return_resist_range_v	267	400					1	572	60|80|100	2860	120
9	7	28	return_resist_melee_v	267	400					1	572	60|80|100	2860	120
9	8	1	physical_firedamage_v	74	111					1	158	60|80|100	3160	50
9	8	2	energy_firedamage_v	74	111					1	158	60|80|100	3160	50
9	8	3	basic_damage_v	74	111			74	111	1	158	60|80|100	3160	50
9	8	4	deadlystrike_damage_v	74	111					1	158	60|80|100	3160	50
9	8	5	deadlystrike_v	74	111					1	158	60|80|100	3160	50
9	8	6	strength_v	74	111					1	158	60|80|100	3160	50
9	8	7	dexterity_v	74	111					1	158	60|80|100	3160	50
9	8	8	ignore_fire_resist_v	100	100	74	111			2	158	60|80|100	2000	100
9	8	9	ignore_defense_v	74	111					1	158	60|80|100	3160	50
9	8	10	rangedamage_return_v	294	441					1	629	60|80|100	3145	120
9	8	11	meleedamage_return_v	294	441					1	629	60|80|100	3145	120
9	8	12	attackrating_v	74	111					1	158	60|80|100	3160	120
9	8	13	lifemax_v	1467	2200					1	3142	60|80|100	3142	100
9	8	14	manamax_v	1467	2200					1	3142	60|80|100	3142	120
9	8	15	fire_resist_v	367	550					1	785	60|80|100	3140	100
9	8	16	stealmana_v	147	220					1	315	60|80|100	3150	120
9	8	17	steallife_v	147	220					1	315	60|80|100	3150	100
9	8	18	recover_life_v	74	111	9	9			1	158	60|80|100	3160	100
9	8	19	recover_mana_v	74	111	9	9			1	158	60|80|100	3160	120
9	8	20	lifereplenish_w	587	880					1	1257	60|80|100	3143	100
9	8	21	manareplenish_w	587	880					1	1257	60|80|100	3143	120
9	8	22	weaken_deadlystrike_damage_v	74	111					1	158	60|80|100	3160	100
9	8	23	weaken_deadlystrike_v	74	111					1	158	60|80|100	3160	100
9	8	24	defense_v	74	111					1	158	60|80|100	3160	100
9	8	25	vitality_v	74	111					1	158	60|80|100	3160	100
9	8	26	energy_v	74	111					1	158	60|80|100	3160	100
9	8	27	return_resist_range_v	294	441					1	629	60|80|100	3145	120
9	8	28	return_resist_melee_v	294	441					1	629	60|80|100	3145	120
9	9	1	physical_firedamage_v	81	122					1	173	60|80|100	3460	50
9	9	2	energy_firedamage_v	81	122					1	173	60|80|100	3460	50
9	9	3	basic_damage_v	81	122			81	122	1	173	60|80|100	3460	50
9	9	4	deadlystrike_damage_v	81	122					1	173	60|80|100	3460	50
9	9	5	deadlystrike_v	81	122					1	173	60|80|100	3460	50
9	9	6	strength_v	81	122					1	173	60|80|100	3460	50
9	9	7	dexterity_v	81	122					1	173	60|80|100	3460	50
9	9	8	ignore_fire_resist_v	100	100	81	122			2	173	60|80|100	2000	100
9	9	9	ignore_defense_v	81	122					1	173	60|80|100	3460	50
9	9	10	rangedamage_return_v	323	484					1	692	60|80|100	3460	120
9	9	11	meleedamage_return_v	323	484					1	692	60|80|100	3460	120
9	9	12	attackrating_v	81	122					1	173	60|80|100	3460	120
9	9	13	lifemax_v	1612	2418					1	3455	60|80|100	3455	100
9	9	14	manamax_v	1612	2418					1	3455	60|80|100	3455	120
9	9	15	fire_resist_v	404	605					1	864	60|80|100	3456	100
9	9	16	stealmana_v	162	243					1	346	60|80|100	3460	120
9	9	17	steallife_v	162	243					1	346	60|80|100	3460	100
9	9	18	recover_life_v	81	122	9	9			1	173	60|80|100	3460	100
9	9	19	recover_mana_v	81	122	9	9			1	173	60|80|100	3460	120
9	9	20	lifereplenish_w	645	968					1	1383	60|80|100	3458	100
9	9	21	manareplenish_w	645	968					1	1383	60|80|100	3458	120
9	9	22	weaken_deadlystrike_damage_v	81	122					1	173	60|80|100	3460	100
9	9	23	weaken_deadlystrike_v	81	122					1	173	60|80|100	3460	100
9	9	24	defense_v	81	122					1	173	60|80|100	3460	100
9	9	25	vitality_v	81	122					1	173	60|80|100	3460	100
9	9	26	energy_v	81	122					1	173	60|80|100	3460	100
9	9	27	return_resist_range_v	323	484					1	692	60|80|100	3460	120
9	9	28	return_resist_melee_v	323	484					1	692	60|80|100	3460	120
9	10	1	physical_firedamage_v	89	134					1	190	60|80|100	3800	50
9	10	2	energy_firedamage_v	89	134					1	190	60|80|100	3800	50
9	10	3	basic_damage_v	89	134			89	134	1	190	60|80|100	3800	50
9	10	4	deadlystrike_damage_v	89	134					1	190	60|80|100	3800	50
9	10	5	deadlystrike_v	89	134					1	190	60|80|100	3800	50
9	10	6	strength_v	89	134					1	190	60|80|100	3800	50
9	10	7	dexterity_v	89	134					1	190	60|80|100	3800	50
9	10	8	ignore_fire_resist_v	100	100	89	134			2	190	60|80|100	2000	100
9	10	9	ignore_defense_v	89	134					1	190	60|80|100	3800	50
9	10	10	rangedamage_return_v	355	532					1	760	60|80|100	3800	120
9	10	11	meleedamage_return_v	355	532					1	760	60|80|100	3800	120
9	10	12	attackrating_v	89	134					1	190	60|80|100	3800	120
9	10	13	lifemax_v	1774	2661					1	3801	60|80|100	3801	100
9	10	14	manamax_v	1774	2661					1	3801	60|80|100	3801	120
9	10	15	fire_resist_v	444	665					1	951	60|80|100	3804	100
9	10	16	stealmana_v	178	267					1	381	60|80|100	3810	120
9	10	17	steallife_v	178	267					1	381	60|80|100	3810	100
9	10	18	recover_life_v	89	134	9	9			1	190	60|80|100	3800	100
9	10	19	recover_mana_v	89	134	9	9			1	190	60|80|100	3800	120
9	10	20	lifereplenish_w	710	1065					1	1521	60|80|100	3803	100
9	10	21	manareplenish_w	710	1065					1	1521	60|80|100	3803	120
9	10	22	weaken_deadlystrike_damage_v	89	134					1	190	60|80|100	3800	100
9	10	23	weaken_deadlystrike_v	89	134					1	190	60|80|100	3800	100
9	10	24	defense_v	89	134					1	190	60|80|100	3800	100
9	10	25	vitality_v	89	134					1	190	60|80|100	3800	100
9	10	26	energy_v	89	134					1	190	60|80|100	3800	100
9	10	27	return_resist_range_v	355	532					1	760	60|80|100	3800	120
9	10	28	return_resist_melee_v	355	532					1	760	60|80|100	3800	120
9	11	1	physical_firedamage_v	98	147					1	209	60|80|100	4180	50
9	11	2	energy_firedamage_v	98	147					1	209	60|80|100	4180	50
9	11	3	basic_damage_v	98	147			98	147	1	209	60|80|100	4180	50
9	11	4	deadlystrike_damage_v	98	147					1	209	60|80|100	4180	50
9	11	5	deadlystrike_v	98	147					1	209	60|80|100	4180	50
9	11	6	strength_v	98	147					1	209	60|80|100	4180	50
9	11	7	dexterity_v	98	147					1	209	60|80|100	4180	50
9	11	8	ignore_fire_resist_v	100	100	98	147			2	209	60|80|100	2000	100
9	11	9	ignore_defense_v	98	147					1	209	60|80|100	4180	50
9	11	10	rangedamage_return_v	391	586					1	837	60|80|100	4185	120
9	11	11	meleedamage_return_v	391	586					1	837	60|80|100	4185	120
9	11	12	attackrating_v	98	147					1	209	60|80|100	4180	120
9	11	13	lifemax_v	1952	2927					1	4181	60|80|100	4181	100
9	11	14	manamax_v	1952	2927					1	4181	60|80|100	4181	120
9	11	15	fire_resist_v	488	732					1	1046	60|80|100	4184	100
9	11	16	stealmana_v	196	293					1	418	60|80|100	4180	120
9	11	17	steallife_v	196	293					1	418	60|80|100	4180	100
9	11	18	recover_life_v	98	147	9	9			1	209	60|80|100	4180	100
9	11	19	recover_mana_v	98	147	9	9			1	209	60|80|100	4180	120
9	11	20	lifereplenish_w	781	1172					1	1673	60|80|100	4183	100
9	11	21	manareplenish_w	781	1172					1	1673	60|80|100	4183	120
9	11	22	weaken_deadlystrike_damage_v	98	147					1	209	60|80|100	4180	100
9	11	23	weaken_deadlystrike_v	98	147					1	209	60|80|100	4180	100
9	11	24	defense_v	98	147					1	209	60|80|100	4180	100
9	11	25	vitality_v	98	147					1	209	60|80|100	4180	100
9	11	26	energy_v	98	147					1	209	60|80|100	4180	100
9	11	27	return_resist_range_v	391	586					1	837	60|80|100	4185	120
9	11	28	return_resist_melee_v	391	586					1	837	60|80|100	4185	120
9	12	1	physical_firedamage_v	107	160					1	228	60|80|100	4560	50
9	12	2	energy_firedamage_v	107	160					1	228	60|80|100	4560	50
9	12	3	basic_damage_v	107	160			107	160	1	228	60|80|100	4560	50
9	12	4	deadlystrike_damage_v	107	160					1	228	60|80|100	4560	50
9	12	5	deadlystrike_v	107	160					1	228	60|80|100	4560	50
9	12	6	strength_v	107	160					1	228	60|80|100	4560	50
9	12	7	dexterity_v	107	160					1	228	60|80|100	4560	50
9	12	8	ignore_fire_resist_v	100	100	107	160			2	228	60|80|100	2000	100
9	12	9	ignore_defense_v	107	160					1	228	60|80|100	4560	50
9	12	10	rangedamage_return_v	426	639					1	912	60|80|100	4560	120
9	12	11	meleedamage_return_v	426	639					1	912	60|80|100	4560	120
9	12	12	attackrating_v	107	160					1	228	60|80|100	4560	120
9	12	13	lifemax_v	2129	3194					1	4562	60|80|100	4562	100
9	12	14	manamax_v	2129	3194					1	4562	60|80|100	4562	120
9	12	15	fire_resist_v	532	798					1	1140	60|80|100	4560	100
9	12	16	stealmana_v	213	320					1	456	60|80|100	4560	120
9	12	17	steallife_v	213	320					1	456	60|80|100	4560	100
9	12	18	recover_life_v	107	160	9	9			1	228	60|80|100	4560	100
9	12	19	recover_mana_v	107	160	9	9			1	228	60|80|100	4560	120
9	12	20	lifereplenish_w	852	1277					1	1824	60|80|100	4560	100
9	12	21	manareplenish_w	852	1277					1	1824	60|80|100	4560	120
9	12	22	weaken_deadlystrike_damage_v	107	160					1	228	60|80|100	4560	100
9	12	23	weaken_deadlystrike_v	107	160					1	228	60|80|100	4560	100
9	12	24	defense_v	107	160					1	228	60|80|100	4560	100
9	12	25	vitality_v	107	160					1	228	60|80|100	4560	100
9	12	26	energy_v	107	160					1	228	60|80|100	4560	100
9	12	27	return_resist_range_v	426	639					1	912	60|80|100	4560	120
9	12	28	return_resist_melee_v	426	639					1	912	60|80|100	4560	120
9	13	1	physical_firedamage_v	112	168					1	240	60|80|100	4800	50
9	13	2	energy_firedamage_v	112	168					1	240	60|80|100	4800	50
9	13	3	basic_damage_v	112	168			112	168	1	240	60|80|100	4800	50
9	13	4	deadlystrike_damage_v	112	168					1	240	60|80|100	4800	50
9	13	5	deadlystrike_v	112	168					1	240	60|80|100	4800	50
9	13	6	strength_v	112	168					1	240	60|80|100	4800	50
9	13	7	dexterity_v	112	168					1	240	60|80|100	4800	50
9	13	8	ignore_fire_resist_v	100	100	112	168			2	240	60|80|100	2000	100
9	13	9	ignore_defense_v	112	168					1	240	60|80|100	4800	50
9	13	10	rangedamage_return_v	448	671					1	958	60|80|100	4790	120
9	13	11	meleedamage_return_v	448	671					1	958	60|80|100	4790	120
9	13	12	attackrating_v	112	168					1	240	60|80|100	4800	120
9	13	13	lifemax_v	2236	3353					1	4790	60|80|100	4790	100
9	13	14	manamax_v	2236	3353					1	4790	60|80|100	4790	120
9	13	15	fire_resist_v	560	839					1	1198	60|80|100	4792	100
9	13	16	stealmana_v	224	335					1	479	60|80|100	4790	120
9	13	17	steallife_v	224	335					1	479	60|80|100	4790	100
9	13	18	recover_life_v	112	168	9	9			1	240	60|80|100	4800	100
9	13	19	recover_mana_v	112	168	9	9			1	240	60|80|100	4800	120
9	13	20	lifereplenish_w	894	1341					1	1916	60|80|100	4790	100
9	13	21	manareplenish_w	894	1341					1	1916	60|80|100	4790	120
9	13	22	weaken_deadlystrike_damage_v	112	168					1	240	60|80|100	4800	100
9	13	23	weaken_deadlystrike_v	112	168					1	240	60|80|100	4800	100
9	13	24	defense_v	112	168					1	240	60|80|100	4800	100
9	13	25	vitality_v	112	168					1	240	60|80|100	4800	100
9	13	26	energy_v	112	168					1	240	60|80|100	4800	100
9	13	27	return_resist_range_v	448	671					1	958	60|80|100	4790	120
9	13	28	return_resist_melee_v	448	671					1	958	60|80|100	4790	120
9	14	1	physical_firedamage_v	117	176					1	251	60|80|100	5020	50
9	14	2	energy_firedamage_v	117	176					1	251	60|80|100	5020	50
9	14	3	basic_damage_v	117	176			117	176	1	251	60|80|100	5020	50
9	14	4	deadlystrike_damage_v	117	176					1	251	60|80|100	5020	50
9	14	5	deadlystrike_v	117	176					1	251	60|80|100	5020	50
9	14	6	strength_v	117	176					1	251	60|80|100	5020	50
9	14	7	dexterity_v	117	176					1	251	60|80|100	5020	50
9	14	8	ignore_fire_resist_v	100	100	117	176			2	251	60|80|100	2000	100
9	14	9	ignore_defense_v	117	176					1	251	60|80|100	5020	50
9	14	10	rangedamage_return_v	470	705					1	1006	60|80|100	5030	120
9	14	11	meleedamage_return_v	470	705					1	1006	60|80|100	5030	120
9	14	12	attackrating_v	117	176					1	251	60|80|100	5020	120
9	14	13	lifemax_v	2346	3519					1	5026	60|80|100	5026	100
9	14	14	manamax_v	2346	3519					1	5026	60|80|100	5026	120
9	14	15	fire_resist_v	587	880					1	1257	60|80|100	5028	100
9	14	16	stealmana_v	235	352					1	503	60|80|100	5030	120
9	14	17	steallife_v	235	352					1	503	60|80|100	5030	100
9	14	18	recover_life_v	117	176	9	9			1	251	60|80|100	5020	100
9	14	19	recover_mana_v	117	176	9	9			1	251	60|80|100	5020	120
9	14	20	lifereplenish_w	939	1408					1	2010	60|80|100	5025	100
9	14	21	manareplenish_w	939	1408					1	2010	60|80|100	5025	120
9	14	22	weaken_deadlystrike_damage_v	117	176					1	251	60|80|100	5020	100
9	14	23	weaken_deadlystrike_v	117	176					1	251	60|80|100	5020	100
9	14	24	defense_v	117	176					1	251	60|80|100	5020	100
9	14	25	vitality_v	117	176					1	251	60|80|100	5020	100
9	14	26	energy_v	117	176					1	251	60|80|100	5020	100
9	14	27	return_resist_range_v	470	705					1	1006	60|80|100	5030	120
9	14	28	return_resist_melee_v	470	705					1	1006	60|80|100	5030	120
9	15	1	physical_firedamage_v	123	184					1	263	60|80|100	5260	50
9	15	2	energy_firedamage_v	123	184					1	263	60|80|100	5260	50
9	15	3	basic_damage_v	123	184			123	184	1	263	60|80|100	5260	50
9	15	4	deadlystrike_damage_v	123	184					1	263	60|80|100	5260	50
9	15	5	deadlystrike_v	123	184					1	263	60|80|100	5260	50
9	15	6	strength_v	123	184					1	263	60|80|100	5260	50
9	15	7	dexterity_v	123	184					1	263	60|80|100	5260	50
9	15	8	ignore_fire_resist_v	100	100	123	184			2	263	60|80|100	2000	100
9	15	9	ignore_defense_v	123	184					1	263	60|80|100	5260	50
9	15	10	rangedamage_return_v	492	737					1	1053	60|80|100	5265	120
9	15	11	meleedamage_return_v	492	737					1	1053	60|80|100	5265	120
9	15	12	attackrating_v	123	184					1	263	60|80|100	5260	120
9	15	13	lifemax_v	2456	3684					1	5262	60|80|100	5262	100
9	15	14	manamax_v	2456	3684					1	5262	60|80|100	5262	120
9	15	15	fire_resist_v	614	921					1	1316	60|80|100	5264	100
9	15	16	stealmana_v	246	369					1	527	60|80|100	5270	120
9	15	17	steallife_v	246	369					1	527	60|80|100	5270	100
9	15	18	recover_life_v	123	184	9	9			1	263	60|80|100	5260	100
9	15	19	recover_mana_v	123	184	9	9			1	263	60|80|100	5260	120
9	15	20	lifereplenish_w	983	1474					1	2105	60|80|100	5263	100
9	15	21	manareplenish_w	983	1474					1	2105	60|80|100	5263	120
9	15	22	weaken_deadlystrike_damage_v	123	184					1	263	60|80|100	5260	100
9	15	23	weaken_deadlystrike_v	123	184					1	263	60|80|100	5260	100
9	15	24	defense_v	123	184					1	263	60|80|100	5260	100
9	15	25	vitality_v	123	184					1	263	60|80|100	5260	100
9	15	26	energy_v	123	184					1	263	60|80|100	5260	100
9	15	27	return_resist_range_v	492	737					1	1053	60|80|100	5265	120
9	15	28	return_resist_melee_v	492	737					1	1053	60|80|100	5265	120
9	16	1	physical_firedamage_v	128	192					1	275	60|80|100	5500	50
9	16	2	energy_firedamage_v	128	192					1	275	60|80|100	5500	50
9	16	3	basic_damage_v	128	192			128	192	1	275	60|80|100	5500	50
9	16	4	deadlystrike_damage_v	128	192					1	275	60|80|100	5500	50
9	16	5	deadlystrike_v	128	192					1	275	60|80|100	5500	50
9	16	6	strength_v	128	192					1	275	60|80|100	5500	50
9	16	7	dexterity_v	128	192					1	275	60|80|100	5500	50
9	16	8	ignore_fire_resist_v	100	100	128	192			2	275	60|80|100	2000	100
9	16	9	ignore_defense_v	128	192					1	275	60|80|100	5500	50
9	16	10	rangedamage_return_v	513	770					1	1100	60|80|100	5500	120
9	16	11	meleedamage_return_v	513	770					1	1100	60|80|100	5500	120
9	16	12	attackrating_v	128	192					1	275	60|80|100	5500	120
9	16	13	lifemax_v	2566	3849					1	5499	60|80|100	5499	100
9	16	14	manamax_v	2566	3849					1	5499	60|80|100	5499	120
9	16	15	fire_resist_v	642	963					1	1376	60|80|100	5504	100
9	16	16	stealmana_v	257	386					1	550	60|80|100	5500	120
9	16	17	steallife_v	257	386					1	550	60|80|100	5500	100
9	16	18	recover_life_v	128	192	9	9			1	275	60|80|100	5500	100
9	16	19	recover_mana_v	128	192	9	9			1	275	60|80|100	5500	120
9	16	20	lifereplenish_w	1027	1540					1	2200	60|80|100	5500	100
9	16	21	manareplenish_w	1027	1540					1	2200	60|80|100	5500	120
9	16	22	weaken_deadlystrike_damage_v	128	192					1	275	60|80|100	5500	100
9	16	23	weaken_deadlystrike_v	128	192					1	275	60|80|100	5500	100
9	16	24	defense_v	128	192					1	275	60|80|100	5500	100
9	16	25	vitality_v	128	192					1	275	60|80|100	5500	100
9	16	26	energy_v	128	192					1	275	60|80|100	5500	100
9	16	27	return_resist_range_v	513	770					1	1100	60|80|100	5500	120
9	16	28	return_resist_melee_v	513	770					1	1100	60|80|100	5500	120
9	17	1	physical_firedamage_v	134	201					1	287	60|80|100	5740	50
9	17	2	energy_firedamage_v	134	201					1	287	60|80|100	5740	50
9	17	3	basic_damage_v	134	201			134	201	1	287	60|80|100	5740	50
9	17	4	deadlystrike_damage_v	134	201					1	287	60|80|100	5740	50
9	17	5	deadlystrike_v	134	201					1	287	60|80|100	5740	50
9	17	6	strength_v	134	201					1	287	60|80|100	5740	50
9	17	7	dexterity_v	134	201					1	287	60|80|100	5740	50
9	17	8	ignore_fire_resist_v	100	100	134	201			2	287	60|80|100	2000	100
9	17	9	ignore_defense_v	134	201					1	287	60|80|100	5740	50
9	17	10	rangedamage_return_v	536	803					1	1148	60|80|100	5740	120
9	17	11	meleedamage_return_v	536	803					1	1148	60|80|100	5740	120
9	17	12	attackrating_v	134	201					1	287	60|80|100	5740	120
9	17	13	lifemax_v	2676	4014					1	5735	60|80|100	5735	100
9	17	14	manamax_v	2676	4014					1	5735	60|80|100	5735	120
9	17	15	fire_resist_v	670	1005					1	1434	60|80|100	5736	100
9	17	16	stealmana_v	268	402					1	574	60|80|100	5740	120
9	17	17	steallife_v	268	402					1	574	60|80|100	5740	100
9	17	18	recover_life_v	134	201	9	9			1	287	60|80|100	5740	100
9	17	19	recover_mana_v	134	201	9	9			1	287	60|80|100	5740	120
9	17	20	lifereplenish_w	1071	1606					1	2295	60|80|100	5738	100
9	17	21	manareplenish_w	1071	1606					1	2295	60|80|100	5738	120
9	17	22	weaken_deadlystrike_damage_v	134	201					1	287	60|80|100	5740	100
9	17	23	weaken_deadlystrike_v	134	201					1	287	60|80|100	5740	100
9	17	24	defense_v	134	201					1	287	60|80|100	5740	100
9	17	25	vitality_v	134	201					1	287	60|80|100	5740	100
9	17	26	energy_v	134	201					1	287	60|80|100	5740	100
9	17	27	return_resist_range_v	536	803					1	1148	60|80|100	5740	120
9	17	28	return_resist_melee_v	536	803					1	1148	60|80|100	5740	120
9	18	1	physical_firedamage_v	140	209					1	299	60|80|100	5980	50
9	18	2	energy_firedamage_v	140	209					1	299	60|80|100	5980	50
9	18	3	basic_damage_v	140	209			140	209	1	299	60|80|100	5980	50
9	18	4	deadlystrike_damage_v	140	209					1	299	60|80|100	5980	50
9	18	5	deadlystrike_v	140	209					1	299	60|80|100	5980	50
9	18	6	strength_v	140	209					1	299	60|80|100	5980	50
9	18	7	dexterity_v	140	209					1	299	60|80|100	5980	50
9	18	8	ignore_fire_resist_v	100	100	140	209			2	299	60|80|100	2000	100
9	18	9	ignore_defense_v	140	209					1	299	60|80|100	5980	50
9	18	10	rangedamage_return_v	558	837					1	1194	60|80|100	5970	120
9	18	11	meleedamage_return_v	558	837					1	1194	60|80|100	5970	120
9	18	12	attackrating_v	140	209					1	299	60|80|100	5980	120
9	18	13	lifemax_v	2788	4181					1	5973	60|80|100	5973	100
9	18	14	manamax_v	2788	4181					1	5973	60|80|100	5973	120
9	18	15	fire_resist_v	697	1046					1	1493	60|80|100	5972	100
9	18	16	stealmana_v	280	419					1	598	60|80|100	5980	120
9	18	17	steallife_v	280	419					1	598	60|80|100	5980	100
9	18	18	recover_life_v	140	209	9	9			1	299	60|80|100	5980	100
9	18	19	recover_mana_v	140	209	9	9			1	299	60|80|100	5980	120
9	18	20	lifereplenish_w	1116	1673					1	2390	60|80|100	5975	100
9	18	21	manareplenish_w	1116	1673					1	2390	60|80|100	5975	120
9	18	22	weaken_deadlystrike_damage_v	140	209					1	299	60|80|100	5980	100
9	18	23	weaken_deadlystrike_v	140	209					1	299	60|80|100	5980	100
9	18	24	defense_v	140	209					1	299	60|80|100	5980	100
9	18	25	vitality_v	140	209					1	299	60|80|100	5980	100
9	18	26	energy_v	140	209					1	299	60|80|100	5980	100
9	18	27	return_resist_range_v	558	837					1	1194	60|80|100	5970	120
9	18	28	return_resist_melee_v	558	837					1	1194	60|80|100	5970	120
9	19	1	physical_firedamage_v	145	218					1	311	60|80|100	6220	50
9	19	2	energy_firedamage_v	145	218					1	311	60|80|100	6220	50
9	19	3	basic_damage_v	145	218			145	218	1	311	60|80|100	6220	50
9	19	4	deadlystrike_damage_v	145	218					1	311	60|80|100	6220	50
9	19	5	deadlystrike_v	145	218					1	311	60|80|100	6220	50
9	19	6	strength_v	145	218					1	311	60|80|100	6220	50
9	19	7	dexterity_v	145	218					1	311	60|80|100	6220	50
9	19	8	ignore_fire_resist_v	100	100	145	218			2	311	60|80|100	2000	100
9	19	9	ignore_defense_v	145	218					1	311	60|80|100	6220	50
9	19	10	rangedamage_return_v	580	870					1	1242	60|80|100	6210	120
9	19	11	meleedamage_return_v	580	870					1	1242	60|80|100	6210	120
9	19	12	attackrating_v	145	218					1	311	60|80|100	6220	120
9	19	13	lifemax_v	2898	4347					1	6209	60|80|100	6209	100
9	19	14	manamax_v	2898	4347					1	6209	60|80|100	6209	120
9	19	15	fire_resist_v	724	1086					1	1552	60|80|100	6208	100
9	19	16	stealmana_v	290	435					1	621	60|80|100	6210	120
9	19	17	steallife_v	290	435					1	621	60|80|100	6210	100
9	19	18	recover_life_v	145	218	9	9			1	311	60|80|100	6220	100
9	19	19	recover_mana_v	145	218	9	9			1	311	60|80|100	6220	120
9	19	20	lifereplenish_w	1159	1738					1	2483	60|80|100	6208	100
9	19	21	manareplenish_w	1159	1738					1	2483	60|80|100	6208	120
9	19	22	weaken_deadlystrike_damage_v	145	218					1	311	60|80|100	6220	100
9	19	23	weaken_deadlystrike_v	145	218					1	311	60|80|100	6220	100
9	19	24	defense_v	145	218					1	311	60|80|100	6220	100
9	19	25	vitality_v	145	218					1	311	60|80|100	6220	100
9	19	26	energy_v	145	218					1	311	60|80|100	6220	100
9	19	27	return_resist_range_v	580	870					1	1242	60|80|100	6210	120
9	19	28	return_resist_melee_v	580	870					1	1242	60|80|100	6210	120
9	20	1	physical_firedamage_v	151	226					1	323	60|80|100	6460	50
9	20	2	energy_firedamage_v	151	226					1	323	60|80|100	6460	50
9	20	3	basic_damage_v	151	226			151	226	1	323	60|80|100	6460	50
9	20	4	deadlystrike_damage_v	151	226					1	323	60|80|100	6460	50
9	20	5	deadlystrike_v	151	226					1	323	60|80|100	6460	50
9	20	6	strength_v	151	226					1	323	60|80|100	6460	50
9	20	7	dexterity_v	151	226					1	323	60|80|100	6460	50
9	20	8	ignore_fire_resist_v	100	100	151	226			2	323	60|80|100	2000	100
9	20	9	ignore_defense_v	151	226					1	323	60|80|100	6460	50
9	20	10	rangedamage_return_v	602	903					1	1289	60|80|100	6445	120
9	20	11	meleedamage_return_v	602	903					1	1289	60|80|100	6445	120
9	20	12	attackrating_v	151	226					1	323	60|80|100	6460	120
9	20	13	lifemax_v	3008	4512					1	6446	60|80|100	6446	100
9	20	14	manamax_v	3008	4512					1	6446	60|80|100	6446	120
9	20	15	fire_resist_v	752	1128					1	1612	60|80|100	6448	100
9	20	16	stealmana_v	301	452					1	645	60|80|100	6450	120
9	20	17	steallife_v	301	452					1	645	60|80|100	6450	100
9	20	18	recover_life_v	151	226	9	9			1	323	60|80|100	6460	100
9	20	19	recover_mana_v	151	226	9	9			1	323	60|80|100	6460	120
9	20	20	lifereplenish_w	1204	1805					1	2578	60|80|100	6445	100
9	20	21	manareplenish_w	1204	1805					1	2578	60|80|100	6445	120
9	20	22	weaken_deadlystrike_damage_v	151	226					1	323	60|80|100	6460	100
9	20	23	weaken_deadlystrike_v	151	226					1	323	60|80|100	6460	100
9	20	24	defense_v	151	226					1	323	60|80|100	6460	100
9	20	25	vitality_v	151	226					1	323	60|80|100	6460	100
9	20	26	energy_v	151	226					1	323	60|80|100	6460	100
9	20	27	return_resist_range_v	602	903					1	1289	60|80|100	6445	120
9	20	28	return_resist_melee_v	602	903					1	1289	60|80|100	6445	120
9	21	1	physical_firedamage_v	156	234					1	334	60|80|100	6680	50
9	21	2	energy_firedamage_v	156	234					1	334	60|80|100	6680	50
9	21	3	basic_damage_v	156	234			156	234	1	334	60|80|100	6680	50
9	21	4	deadlystrike_damage_v	156	234					1	334	60|80|100	6680	50
9	21	5	deadlystrike_v	156	234					1	334	60|80|100	6680	50
9	21	6	strength_v	156	234					1	334	60|80|100	6680	50
9	21	7	dexterity_v	156	234					1	334	60|80|100	6680	50
9	21	8	ignore_fire_resist_v	100	100	156	234			2	334	60|80|100	2000	100
9	21	9	ignore_defense_v	156	234					1	334	60|80|100	6680	50
9	21	10	rangedamage_return_v	624	936					1	1337	60|80|100	6685	120
9	21	11	meleedamage_return_v	624	936					1	1337	60|80|100	6685	120
9	21	12	attackrating_v	156	234					1	334	60|80|100	6680	120
9	21	13	lifemax_v	3119	4678					1	6682	60|80|100	6682	100
9	21	14	manamax_v	3119	4678					1	6682	60|80|100	6682	120
9	21	15	fire_resist_v	780	1169					1	1671	60|80|100	6684	100
9	21	16	stealmana_v	312	468					1	669	60|80|100	6690	120
9	21	17	steallife_v	312	468					1	669	60|80|100	6690	100
9	21	18	recover_life_v	156	234	9	9			1	334	60|80|100	6680	100
9	21	19	recover_mana_v	156	234	9	9			1	334	60|80|100	6680	120
9	21	20	lifereplenish_w	1248	1871					1	2673	60|80|100	6683	100
9	21	21	manareplenish_w	1248	1871					1	2673	60|80|100	6683	120
9	21	22	weaken_deadlystrike_damage_v	156	234					1	334	60|80|100	6680	100
9	21	23	weaken_deadlystrike_v	156	234					1	334	60|80|100	6680	100
9	21	24	defense_v	156	234					1	334	60|80|100	6680	100
9	21	25	vitality_v	156	234					1	334	60|80|100	6680	100
9	21	26	energy_v	156	234					1	334	60|80|100	6680	100
9	21	27	return_resist_range_v	624	936					1	1337	60|80|100	6685	120
9	21	28	return_resist_melee_v	624	936					1	1337	60|80|100	6685	120
10	1	1	physical_earthdamage_v	31	46					1	65	60|80|100	1300	50
10	1	2	energy_earthdamage_v	31	46					1	65	60|80|100	1300	50
10	1	3	basic_damage_v	31	46			31	46	1	65	60|80|100	1300	50
10	1	4	deadlystrike_damage_v	31	46					1	65	60|80|100	1300	50
10	1	5	deadlystrike_v	31	46					1	65	60|80|100	1300	50
10	1	6	strength_v	31	46					1	65	60|80|100	1300	50
10	1	7	dexterity_v	31	46					1	65	60|80|100	1300	50
10	1	8	ignore_earth_resist_v	100	100	31	46			2	100	60|80|100	2000	100
10	1	9	ignore_defense_v	31	46					1	65	60|80|100	1300	50
10	1	10	rangedamage_return_v	121	182					1	258	60|80|100	1290	120
10	1	11	meleedamage_return_v	121	182					1	258	60|80|100	1290	120
10	1	12	attackrating_v	31	46					1	65	60|80|100	1300	120
10	1	13	lifemax_v	603	904					1	1292	60|80|100	1292	100
10	1	14	manamax_v	603	904					1	1292	60|80|100	1292	120
10	1	15	earth_resist_v	151	226					1	323	60|80|100	1292	100
10	1	16	stealmana_v	61	92					1	130	60|80|100	1300	120
10	1	17	steallife_v	61	92					1	130	60|80|100	1300	100
10	1	18	recover_life_v	31	46	9	9			1	65	60|80|100	1300	100
10	1	19	recover_mana_v	31	46	9	9			1	65	60|80|100	1300	120
10	1	20	lifereplenish_w	241	362					1	516	60|80|100	1290	100
10	1	21	manareplenish_w	241	362					1	516	60|80|100	1290	120
10	1	22	weaken_deadlystrike_damage_v	31	46					1	65	60|80|100	1300	100
10	1	23	weaken_deadlystrike_v	31	46					1	65	60|80|100	1300	100
10	1	24	defense_v	31	46					1	65	60|80|100	1300	100
10	1	25	vitality_v	31	46					1	65	60|80|100	1300	100
10	1	26	energy_v	31	46					1	65	60|80|100	1300	100
10	1	27	return_resist_range_v	121	182					1	258	60|80|100	1290	120
10	1	28	return_resist_melee_v	121	182					1	258	60|80|100	1290	120
10	2	1	physical_earthdamage_v	35	52					1	75	60|80|100	1500	50
10	2	2	energy_earthdamage_v	35	52					1	75	60|80|100	1500	50
10	2	3	basic_damage_v	35	52			35	52	1	75	60|80|100	1500	50
10	2	4	deadlystrike_damage_v	35	52					1	75	60|80|100	1500	50
10	2	5	deadlystrike_v	35	52					1	75	60|80|100	1500	50
10	2	6	strength_v	35	52					1	75	60|80|100	1500	50
10	2	7	dexterity_v	35	52					1	75	60|80|100	1500	50
10	2	8	ignore_earth_resist_v	100	100	35	52			2	100	60|80|100	2000	100
10	2	9	ignore_defense_v	35	52					1	75	60|80|100	1500	50
10	2	10	rangedamage_return_v	139	208					1	297	60|80|100	1485	120
10	2	11	meleedamage_return_v	139	208					1	297	60|80|100	1485	120
10	2	12	attackrating_v	35	52					1	75	60|80|100	1500	120
10	2	13	lifemax_v	693	1040					1	1485	60|80|100	1485	100
10	2	14	manamax_v	693	1040					1	1485	60|80|100	1485	120
10	2	15	earth_resist_v	173	260					1	371	60|80|100	1484	100
10	2	16	stealmana_v	70	105					1	149	60|80|100	1490	120
10	2	17	steallife_v	70	105					1	149	60|80|100	1490	100
10	2	18	recover_life_v	35	52	9	9			1	75	60|80|100	1500	100
10	2	19	recover_mana_v	35	52	9	9			1	75	60|80|100	1500	120
10	2	20	lifereplenish_w	278	417					1	594	60|80|100	1485	100
10	2	21	manareplenish_w	278	417					1	594	60|80|100	1485	120
10	2	22	weaken_deadlystrike_damage_v	35	52					1	75	60|80|100	1500	100
10	2	23	weaken_deadlystrike_v	35	52					1	75	60|80|100	1500	100
10	2	24	defense_v	35	52					1	75	60|80|100	1500	100
10	2	25	vitality_v	35	52					1	75	60|80|100	1500	100
10	2	26	energy_v	35	52					1	75	60|80|100	1500	100
10	2	27	return_resist_range_v	139	208					1	297	60|80|100	1485	120
10	2	28	return_resist_melee_v	139	208					1	297	60|80|100	1485	120
10	3	1	physical_earthdamage_v	40	60					1	86	60|80|100	1720	50
10	3	2	energy_earthdamage_v	40	60					1	86	60|80|100	1720	50
10	3	3	basic_damage_v	40	60			40	60	1	86	60|80|100	1720	50
10	3	4	deadlystrike_damage_v	40	60					1	86	60|80|100	1720	50
10	3	5	deadlystrike_v	40	60					1	86	60|80|100	1720	50
10	3	6	strength_v	40	60					1	86	60|80|100	1720	50
10	3	7	dexterity_v	40	60					1	86	60|80|100	1720	50
10	3	8	ignore_earth_resist_v	100	100	40	60			2	100	60|80|100	2000	100
10	3	9	ignore_defense_v	40	60					1	86	60|80|100	1720	50
10	3	10	rangedamage_return_v	160	240					1	342	60|80|100	1710	120
10	3	11	meleedamage_return_v	160	240					1	342	60|80|100	1710	120
10	3	12	attackrating_v	40	60					1	86	60|80|100	1720	120
10	3	13	lifemax_v	797	1196					1	1708	60|80|100	1708	100
10	3	14	manamax_v	797	1196					1	1708	60|80|100	1708	120
10	3	15	earth_resist_v	200	299					1	428	60|80|100	1712	100
10	3	16	stealmana_v	80	119					1	171	60|80|100	1710	120
10	3	17	steallife_v	80	119					1	171	60|80|100	1710	100
10	3	18	recover_life_v	40	60	9	9			1	86	60|80|100	1720	100
10	3	19	recover_mana_v	40	60	9	9			1	86	60|80|100	1720	120
10	3	20	lifereplenish_w	319	478					1	683	60|80|100	1708	100
10	3	21	manareplenish_w	319	478					1	683	60|80|100	1708	120
10	3	22	weaken_deadlystrike_damage_v	40	60					1	86	60|80|100	1720	100
10	3	23	weaken_deadlystrike_v	40	60					1	86	60|80|100	1720	100
10	3	24	defense_v	40	60					1	86	60|80|100	1720	100
10	3	25	vitality_v	40	60					1	86	60|80|100	1720	100
10	3	26	energy_v	40	60					1	86	60|80|100	1720	100
10	3	27	return_resist_range_v	160	240					1	342	60|80|100	1710	120
10	3	28	return_resist_melee_v	160	240					1	342	60|80|100	1710	120
10	4	1	physical_earthdamage_v	46	69					1	99	60|80|100	1980	50
10	4	2	energy_earthdamage_v	46	69					1	99	60|80|100	1980	50
10	4	3	basic_damage_v	46	69			46	69	1	99	60|80|100	1980	50
10	4	4	deadlystrike_damage_v	46	69					1	99	60|80|100	1980	50
10	4	5	deadlystrike_v	46	69					1	99	60|80|100	1980	50
10	4	6	strength_v	46	69					1	99	60|80|100	1980	50
10	4	7	dexterity_v	46	69					1	99	60|80|100	1980	50
10	4	8	ignore_earth_resist_v	100	100	46	69			2	100	60|80|100	2000	100
10	4	9	ignore_defense_v	46	69					1	99	60|80|100	1980	50
10	4	10	rangedamage_return_v	184	275					1	393	60|80|100	1965	120
10	4	11	meleedamage_return_v	184	275					1	393	60|80|100	1965	120
10	4	12	attackrating_v	46	69					1	99	60|80|100	1980	120
10	4	13	lifemax_v	916	1374					1	1964	60|80|100	1964	100
10	4	14	manamax_v	916	1374					1	1964	60|80|100	1964	120
10	4	15	earth_resist_v	229	344					1	491	60|80|100	1964	100
10	4	16	stealmana_v	92	138					1	197	60|80|100	1970	120
10	4	17	steallife_v	92	138					1	197	60|80|100	1970	100
10	4	18	recover_life_v	46	69	9	9			1	99	60|80|100	1980	100
10	4	19	recover_mana_v	46	69	9	9			1	99	60|80|100	1980	120
10	4	20	lifereplenish_w	367	550					1	785	60|80|100	1963	100
10	4	21	manareplenish_w	367	550					1	785	60|80|100	1963	120
10	4	22	weaken_deadlystrike_damage_v	46	69					1	99	60|80|100	1980	100
10	4	23	weaken_deadlystrike_v	46	69					1	99	60|80|100	1980	100
10	4	24	defense_v	46	69					1	99	60|80|100	1980	100
10	4	25	vitality_v	46	69					1	99	60|80|100	1980	100
10	4	26	energy_v	46	69					1	99	60|80|100	1980	100
10	4	27	return_resist_range_v	184	275					1	393	60|80|100	1965	120
10	4	28	return_resist_melee_v	184	275					1	393	60|80|100	1965	120
10	5	1	physical_earthdamage_v	53	80					1	113	60|80|100	2260	50
10	5	2	energy_earthdamage_v	53	80					1	113	60|80|100	2260	50
10	5	3	basic_damage_v	53	80			53	80	1	113	60|80|100	2260	50
10	5	4	deadlystrike_damage_v	53	80					1	113	60|80|100	2260	50
10	5	5	deadlystrike_v	53	80					1	113	60|80|100	2260	50
10	5	6	strength_v	53	80					1	113	60|80|100	2260	50
10	5	7	dexterity_v	53	80					1	113	60|80|100	2260	50
10	5	8	ignore_earth_resist_v	100	100	53	80			2	113	60|80|100	2000	100
10	5	9	ignore_defense_v	53	80					1	113	60|80|100	2260	50
10	5	10	rangedamage_return_v	211	316					1	452	60|80|100	2260	120
10	5	11	meleedamage_return_v	211	316					1	452	60|80|100	2260	120
10	5	12	attackrating_v	53	80					1	113	60|80|100	2260	120
10	5	13	lifemax_v	1054	1581					1	2258	60|80|100	2258	100
10	5	14	manamax_v	1054	1581					1	2258	60|80|100	2258	120
10	5	15	earth_resist_v	264	395					1	564	60|80|100	2256	100
10	5	16	stealmana_v	106	159					1	226	60|80|100	2260	120
10	5	17	steallife_v	106	159					1	226	60|80|100	2260	100
10	5	18	recover_life_v	53	80	9	9			1	113	60|80|100	2260	100
10	5	19	recover_mana_v	53	80	9	9			1	113	60|80|100	2260	120
10	5	20	lifereplenish_w	421	632					1	903	60|80|100	2258	100
10	5	21	manareplenish_w	421	632					1	903	60|80|100	2258	120
10	5	22	weaken_deadlystrike_damage_v	53	80					1	113	60|80|100	2260	100
10	5	23	weaken_deadlystrike_v	53	80					1	113	60|80|100	2260	100
10	5	24	defense_v	53	80					1	113	60|80|100	2260	100
10	5	25	vitality_v	53	80					1	113	60|80|100	2260	100
10	5	26	energy_v	53	80					1	113	60|80|100	2260	100
10	5	27	return_resist_range_v	211	316					1	452	60|80|100	2260	120
10	5	28	return_resist_melee_v	211	316					1	452	60|80|100	2260	120
10	6	1	physical_earthdamage_v	61	92					1	130	60|80|100	2600	50
10	6	2	energy_earthdamage_v	61	92					1	130	60|80|100	2600	50
10	6	3	basic_damage_v	61	92			61	92	1	130	60|80|100	2600	50
10	6	4	deadlystrike_damage_v	61	92					1	130	60|80|100	2600	50
10	6	5	deadlystrike_v	61	92					1	130	60|80|100	2600	50
10	6	6	strength_v	61	92					1	130	60|80|100	2600	50
10	6	7	dexterity_v	61	92					1	130	60|80|100	2600	50
10	6	8	ignore_earth_resist_v	100	100	61	92			2	130	60|80|100	2000	100
10	6	9	ignore_defense_v	61	92					1	130	60|80|100	2600	50
10	6	10	rangedamage_return_v	243	364					1	520	60|80|100	2600	120
10	6	11	meleedamage_return_v	243	364					1	520	60|80|100	2600	120
10	6	12	attackrating_v	61	92					1	130	60|80|100	2600	120
10	6	13	lifemax_v	1212	1817					1	2596	60|80|100	2596	100
10	6	14	manamax_v	1212	1817					1	2596	60|80|100	2596	120
10	6	15	earth_resist_v	304	455					1	650	60|80|100	2600	100
10	6	16	stealmana_v	121	182					1	260	60|80|100	2600	120
10	6	17	steallife_v	121	182					1	260	60|80|100	2600	100
10	6	18	recover_life_v	61	92	9	9			1	130	60|80|100	2600	100
10	6	19	recover_mana_v	61	92	9	9			1	130	60|80|100	2600	120
10	6	20	lifereplenish_w	485	728					1	1038	60|80|100	2595	100
10	6	21	manareplenish_w	485	728					1	1038	60|80|100	2595	120
10	6	22	weaken_deadlystrike_damage_v	61	92					1	130	60|80|100	2600	100
10	6	23	weaken_deadlystrike_v	61	92					1	130	60|80|100	2600	100
10	6	24	defense_v	61	92					1	130	60|80|100	2600	100
10	6	25	vitality_v	61	92					1	130	60|80|100	2600	100
10	6	26	energy_v	61	92					1	130	60|80|100	2600	100
10	6	27	return_resist_range_v	243	364					1	520	60|80|100	2600	120
10	6	28	return_resist_melee_v	243	364					1	520	60|80|100	2600	120
10	7	1	physical_earthdamage_v	67	100					1	143	60|80|100	2860	50
10	7	2	energy_earthdamage_v	67	100					1	143	60|80|100	2860	50
10	7	3	basic_damage_v	67	100			67	100	1	143	60|80|100	2860	50
10	7	4	deadlystrike_damage_v	67	100					1	143	60|80|100	2860	50
10	7	5	deadlystrike_v	67	100					1	143	60|80|100	2860	50
10	7	6	strength_v	67	100					1	143	60|80|100	2860	50
10	7	7	dexterity_v	67	100					1	143	60|80|100	2860	50
10	7	8	ignore_earth_resist_v	100	100	67	100			2	143	60|80|100	2000	100
10	7	9	ignore_defense_v	67	100					1	143	60|80|100	2860	50
10	7	10	rangedamage_return_v	267	400					1	572	60|80|100	2860	120
10	7	11	meleedamage_return_v	267	400					1	572	60|80|100	2860	120
10	7	12	attackrating_v	67	100					1	143	60|80|100	2860	120
10	7	13	lifemax_v	1333	2000					1	2856	60|80|100	2856	100
10	7	14	manamax_v	1333	2000					1	2856	60|80|100	2856	120
10	7	15	earth_resist_v	334	501					1	714	60|80|100	2856	100
10	7	16	stealmana_v	134	201					1	286	60|80|100	2860	120
10	7	17	steallife_v	134	201					1	286	60|80|100	2860	100
10	7	18	recover_life_v	67	100	9	9			1	143	60|80|100	2860	100
10	7	19	recover_mana_v	67	100	9	9			1	143	60|80|100	2860	120
10	7	20	lifereplenish_w	533	800					1	1143	60|80|100	2858	100
10	7	21	manareplenish_w	533	800					1	1143	60|80|100	2858	120
10	7	22	weaken_deadlystrike_damage_v	67	100					1	143	60|80|100	2860	100
10	7	23	weaken_deadlystrike_v	67	100					1	143	60|80|100	2860	100
10	7	24	defense_v	67	100					1	143	60|80|100	2860	100
10	7	25	vitality_v	67	100					1	143	60|80|100	2860	100
10	7	26	energy_v	67	100					1	143	60|80|100	2860	100
10	7	27	return_resist_range_v	267	400					1	572	60|80|100	2860	120
10	7	28	return_resist_melee_v	267	400					1	572	60|80|100	2860	120
10	8	1	physical_earthdamage_v	74	111					1	158	60|80|100	3160	50
10	8	2	energy_earthdamage_v	74	111					1	158	60|80|100	3160	50
10	8	3	basic_damage_v	74	111			74	111	1	158	60|80|100	3160	50
10	8	4	deadlystrike_damage_v	74	111					1	158	60|80|100	3160	50
10	8	5	deadlystrike_v	74	111					1	158	60|80|100	3160	50
10	8	6	strength_v	74	111					1	158	60|80|100	3160	50
10	8	7	dexterity_v	74	111					1	158	60|80|100	3160	50
10	8	8	ignore_earth_resist_v	100	100	74	111			2	158	60|80|100	2000	100
10	8	9	ignore_defense_v	74	111					1	158	60|80|100	3160	50
10	8	10	rangedamage_return_v	294	441					1	629	60|80|100	3145	120
10	8	11	meleedamage_return_v	294	441					1	629	60|80|100	3145	120
10	8	12	attackrating_v	74	111					1	158	60|80|100	3160	120
10	8	13	lifemax_v	1467	2200					1	3142	60|80|100	3142	100
10	8	14	manamax_v	1467	2200					1	3142	60|80|100	3142	120
10	8	15	earth_resist_v	367	550					1	785	60|80|100	3140	100
10	8	16	stealmana_v	147	220					1	315	60|80|100	3150	120
10	8	17	steallife_v	147	220					1	315	60|80|100	3150	100
10	8	18	recover_life_v	74	111	9	9			1	158	60|80|100	3160	100
10	8	19	recover_mana_v	74	111	9	9			1	158	60|80|100	3160	120
10	8	20	lifereplenish_w	587	880					1	1257	60|80|100	3143	100
10	8	21	manareplenish_w	587	880					1	1257	60|80|100	3143	120
10	8	22	weaken_deadlystrike_damage_v	74	111					1	158	60|80|100	3160	100
10	8	23	weaken_deadlystrike_v	74	111					1	158	60|80|100	3160	100
10	8	24	defense_v	74	111					1	158	60|80|100	3160	100
10	8	25	vitality_v	74	111					1	158	60|80|100	3160	100
10	8	26	energy_v	74	111					1	158	60|80|100	3160	100
10	8	27	return_resist_range_v	294	441					1	629	60|80|100	3145	120
10	8	28	return_resist_melee_v	294	441					1	629	60|80|100	3145	120
10	9	1	physical_earthdamage_v	81	122					1	173	60|80|100	3460	50
10	9	2	energy_earthdamage_v	81	122					1	173	60|80|100	3460	50
10	9	3	basic_damage_v	81	122			81	122	1	173	60|80|100	3460	50
10	9	4	deadlystrike_damage_v	81	122					1	173	60|80|100	3460	50
10	9	5	deadlystrike_v	81	122					1	173	60|80|100	3460	50
10	9	6	strength_v	81	122					1	173	60|80|100	3460	50
10	9	7	dexterity_v	81	122					1	173	60|80|100	3460	50
10	9	8	ignore_earth_resist_v	100	100	81	122			2	173	60|80|100	2000	100
10	9	9	ignore_defense_v	81	122					1	173	60|80|100	3460	50
10	9	10	rangedamage_return_v	323	484					1	692	60|80|100	3460	120
10	9	11	meleedamage_return_v	323	484					1	692	60|80|100	3460	120
10	9	12	attackrating_v	81	122					1	173	60|80|100	3460	120
10	9	13	lifemax_v	1612	2418					1	3455	60|80|100	3455	100
10	9	14	manamax_v	1612	2418					1	3455	60|80|100	3455	120
10	9	15	earth_resist_v	404	605					1	864	60|80|100	3456	100
10	9	16	stealmana_v	162	243					1	346	60|80|100	3460	120
10	9	17	steallife_v	162	243					1	346	60|80|100	3460	100
10	9	18	recover_life_v	81	122	9	9			1	173	60|80|100	3460	100
10	9	19	recover_mana_v	81	122	9	9			1	173	60|80|100	3460	120
10	9	20	lifereplenish_w	645	968					1	1383	60|80|100	3458	100
10	9	21	manareplenish_w	645	968					1	1383	60|80|100	3458	120
10	9	22	weaken_deadlystrike_damage_v	81	122					1	173	60|80|100	3460	100
10	9	23	weaken_deadlystrike_v	81	122					1	173	60|80|100	3460	100
10	9	24	defense_v	81	122					1	173	60|80|100	3460	100
10	9	25	vitality_v	81	122					1	173	60|80|100	3460	100
10	9	26	energy_v	81	122					1	173	60|80|100	3460	100
10	9	27	return_resist_range_v	323	484					1	692	60|80|100	3460	120
10	9	28	return_resist_melee_v	323	484					1	692	60|80|100	3460	120
10	10	1	physical_earthdamage_v	89	134					1	190	60|80|100	3800	50
10	10	2	energy_earthdamage_v	89	134					1	190	60|80|100	3800	50
10	10	3	basic_damage_v	89	134			89	134	1	190	60|80|100	3800	50
10	10	4	deadlystrike_damage_v	89	134					1	190	60|80|100	3800	50
10	10	5	deadlystrike_v	89	134					1	190	60|80|100	3800	50
10	10	6	strength_v	89	134					1	190	60|80|100	3800	50
10	10	7	dexterity_v	89	134					1	190	60|80|100	3800	50
10	10	8	ignore_earth_resist_v	100	100	89	134			2	190	60|80|100	2000	100
10	10	9	ignore_defense_v	89	134					1	190	60|80|100	3800	50
10	10	10	rangedamage_return_v	355	532					1	760	60|80|100	3800	120
10	10	11	meleedamage_return_v	355	532					1	760	60|80|100	3800	120
10	10	12	attackrating_v	89	134					1	190	60|80|100	3800	120
10	10	13	lifemax_v	1774	2661					1	3801	60|80|100	3801	100
10	10	14	manamax_v	1774	2661					1	3801	60|80|100	3801	120
10	10	15	earth_resist_v	444	665					1	951	60|80|100	3804	100
10	10	16	stealmana_v	178	267					1	381	60|80|100	3810	120
10	10	17	steallife_v	178	267					1	381	60|80|100	3810	100
10	10	18	recover_life_v	89	134	9	9			1	190	60|80|100	3800	100
10	10	19	recover_mana_v	89	134	9	9			1	190	60|80|100	3800	120
10	10	20	lifereplenish_w	710	1065					1	1521	60|80|100	3803	100
10	10	21	manareplenish_w	710	1065					1	1521	60|80|100	3803	120
10	10	22	weaken_deadlystrike_damage_v	89	134					1	190	60|80|100	3800	100
10	10	23	weaken_deadlystrike_v	89	134					1	190	60|80|100	3800	100
10	10	24	defense_v	89	134					1	190	60|80|100	3800	100
10	10	25	vitality_v	89	134					1	190	60|80|100	3800	100
10	10	26	energy_v	89	134					1	190	60|80|100	3800	100
10	10	27	return_resist_range_v	355	532					1	760	60|80|100	3800	120
10	10	28	return_resist_melee_v	355	532					1	760	60|80|100	3800	120
10	11	1	physical_earthdamage_v	98	147					1	209	60|80|100	4180	50
10	11	2	energy_earthdamage_v	98	147					1	209	60|80|100	4180	50
10	11	3	basic_damage_v	98	147			98	147	1	209	60|80|100	4180	50
10	11	4	deadlystrike_damage_v	98	147					1	209	60|80|100	4180	50
10	11	5	deadlystrike_v	98	147					1	209	60|80|100	4180	50
10	11	6	strength_v	98	147					1	209	60|80|100	4180	50
10	11	7	dexterity_v	98	147					1	209	60|80|100	4180	50
10	11	8	ignore_earth_resist_v	100	100	98	147			2	209	60|80|100	2000	100
10	11	9	ignore_defense_v	98	147					1	209	60|80|100	4180	50
10	11	10	rangedamage_return_v	391	586					1	837	60|80|100	4185	120
10	11	11	meleedamage_return_v	391	586					1	837	60|80|100	4185	120
10	11	12	attackrating_v	98	147					1	209	60|80|100	4180	120
10	11	13	lifemax_v	1952	2927					1	4181	60|80|100	4181	100
10	11	14	manamax_v	1952	2927					1	4181	60|80|100	4181	120
10	11	15	earth_resist_v	488	732					1	1046	60|80|100	4184	100
10	11	16	stealmana_v	196	293					1	418	60|80|100	4180	120
10	11	17	steallife_v	196	293					1	418	60|80|100	4180	100
10	11	18	recover_life_v	98	147	9	9			1	209	60|80|100	4180	100
10	11	19	recover_mana_v	98	147	9	9			1	209	60|80|100	4180	120
10	11	20	lifereplenish_w	781	1172					1	1673	60|80|100	4183	100
10	11	21	manareplenish_w	781	1172					1	1673	60|80|100	4183	120
10	11	22	weaken_deadlystrike_damage_v	98	147					1	209	60|80|100	4180	100
10	11	23	weaken_deadlystrike_v	98	147					1	209	60|80|100	4180	100
10	11	24	defense_v	98	147					1	209	60|80|100	4180	100
10	11	25	vitality_v	98	147					1	209	60|80|100	4180	100
10	11	26	energy_v	98	147					1	209	60|80|100	4180	100
10	11	27	return_resist_range_v	391	586					1	837	60|80|100	4185	120
10	11	28	return_resist_melee_v	391	586					1	837	60|80|100	4185	120
10	12	1	physical_earthdamage_v	107	160					1	228	60|80|100	4560	50
10	12	2	energy_earthdamage_v	107	160					1	228	60|80|100	4560	50
10	12	3	basic_damage_v	107	160			107	160	1	228	60|80|100	4560	50
10	12	4	deadlystrike_damage_v	107	160					1	228	60|80|100	4560	50
10	12	5	deadlystrike_v	107	160					1	228	60|80|100	4560	50
10	12	6	strength_v	107	160					1	228	60|80|100	4560	50
10	12	7	dexterity_v	107	160					1	228	60|80|100	4560	50
10	12	8	ignore_earth_resist_v	100	100	107	160			2	228	60|80|100	2000	100
10	12	9	ignore_defense_v	107	160					1	228	60|80|100	4560	50
10	12	10	rangedamage_return_v	426	639					1	912	60|80|100	4560	120
10	12	11	meleedamage_return_v	426	639					1	912	60|80|100	4560	120
10	12	12	attackrating_v	107	160					1	228	60|80|100	4560	120
10	12	13	lifemax_v	2129	3194					1	4562	60|80|100	4562	100
10	12	14	manamax_v	2129	3194					1	4562	60|80|100	4562	120
10	12	15	earth_resist_v	532	798					1	1140	60|80|100	4560	100
10	12	16	stealmana_v	213	320					1	456	60|80|100	4560	120
10	12	17	steallife_v	213	320					1	456	60|80|100	4560	100
10	12	18	recover_life_v	107	160	9	9			1	228	60|80|100	4560	100
10	12	19	recover_mana_v	107	160	9	9			1	228	60|80|100	4560	120
10	12	20	lifereplenish_w	852	1277					1	1824	60|80|100	4560	100
10	12	21	manareplenish_w	852	1277					1	1824	60|80|100	4560	120
10	12	22	weaken_deadlystrike_damage_v	107	160					1	228	60|80|100	4560	100
10	12	23	weaken_deadlystrike_v	107	160					1	228	60|80|100	4560	100
10	12	24	defense_v	107	160					1	228	60|80|100	4560	100
10	12	25	vitality_v	107	160					1	228	60|80|100	4560	100
10	12	26	energy_v	107	160					1	228	60|80|100	4560	100
10	12	27	return_resist_range_v	426	639					1	912	60|80|100	4560	120
10	12	28	return_resist_melee_v	426	639					1	912	60|80|100	4560	120
10	13	1	physical_earthdamage_v	112	168					1	240	60|80|100	4800	50
10	13	2	energy_earthdamage_v	112	168					1	240	60|80|100	4800	50
10	13	3	basic_damage_v	112	168			112	168	1	240	60|80|100	4800	50
10	13	4	deadlystrike_damage_v	112	168					1	240	60|80|100	4800	50
10	13	5	deadlystrike_v	112	168					1	240	60|80|100	4800	50
10	13	6	strength_v	112	168					1	240	60|80|100	4800	50
10	13	7	dexterity_v	112	168					1	240	60|80|100	4800	50
10	13	8	ignore_earth_resist_v	100	100	112	168			2	240	60|80|100	2000	100
10	13	9	ignore_defense_v	112	168					1	240	60|80|100	4800	50
10	13	10	rangedamage_return_v	448	671					1	958	60|80|100	4790	120
10	13	11	meleedamage_return_v	448	671					1	958	60|80|100	4790	120
10	13	12	attackrating_v	112	168					1	240	60|80|100	4800	120
10	13	13	lifemax_v	2236	3353					1	4790	60|80|100	4790	100
10	13	14	manamax_v	2236	3353					1	4790	60|80|100	4790	120
10	13	15	earth_resist_v	560	839					1	1198	60|80|100	4792	100
10	13	16	stealmana_v	224	335					1	479	60|80|100	4790	120
10	13	17	steallife_v	224	335					1	479	60|80|100	4790	100
10	13	18	recover_life_v	112	168	9	9			1	240	60|80|100	4800	100
10	13	19	recover_mana_v	112	168	9	9			1	240	60|80|100	4800	120
10	13	20	lifereplenish_w	894	1341					1	1916	60|80|100	4790	100
10	13	21	manareplenish_w	894	1341					1	1916	60|80|100	4790	120
10	13	22	weaken_deadlystrike_damage_v	112	168					1	240	60|80|100	4800	100
10	13	23	weaken_deadlystrike_v	112	168					1	240	60|80|100	4800	100
10	13	24	defense_v	112	168					1	240	60|80|100	4800	100
10	13	25	vitality_v	112	168					1	240	60|80|100	4800	100
10	13	26	energy_v	112	168					1	240	60|80|100	4800	100
10	13	27	return_resist_range_v	448	671					1	958	60|80|100	4790	120
10	13	28	return_resist_melee_v	448	671					1	958	60|80|100	4790	120
10	14	1	physical_earthdamage_v	117	176					1	251	60|80|100	5020	50
10	14	2	energy_earthdamage_v	117	176					1	251	60|80|100	5020	50
10	14	3	basic_damage_v	117	176			117	176	1	251	60|80|100	5020	50
10	14	4	deadlystrike_damage_v	117	176					1	251	60|80|100	5020	50
10	14	5	deadlystrike_v	117	176					1	251	60|80|100	5020	50
10	14	6	strength_v	117	176					1	251	60|80|100	5020	50
10	14	7	dexterity_v	117	176					1	251	60|80|100	5020	50
10	14	8	ignore_earth_resist_v	100	100	117	176			2	251	60|80|100	2000	100
10	14	9	ignore_defense_v	117	176					1	251	60|80|100	5020	50
10	14	10	rangedamage_return_v	470	705					1	1006	60|80|100	5030	120
10	14	11	meleedamage_return_v	470	705					1	1006	60|80|100	5030	120
10	14	12	attackrating_v	117	176					1	251	60|80|100	5020	120
10	14	13	lifemax_v	2346	3519					1	5026	60|80|100	5026	100
10	14	14	manamax_v	2346	3519					1	5026	60|80|100	5026	120
10	14	15	earth_resist_v	587	880					1	1257	60|80|100	5028	100
10	14	16	stealmana_v	235	352					1	503	60|80|100	5030	120
10	14	17	steallife_v	235	352					1	503	60|80|100	5030	100
10	14	18	recover_life_v	117	176	9	9			1	251	60|80|100	5020	100
10	14	19	recover_mana_v	117	176	9	9			1	251	60|80|100	5020	120
10	14	20	lifereplenish_w	939	1408					1	2010	60|80|100	5025	100
10	14	21	manareplenish_w	939	1408					1	2010	60|80|100	5025	120
10	14	22	weaken_deadlystrike_damage_v	117	176					1	251	60|80|100	5020	100
10	14	23	weaken_deadlystrike_v	117	176					1	251	60|80|100	5020	100
10	14	24	defense_v	117	176					1	251	60|80|100	5020	100
10	14	25	vitality_v	117	176					1	251	60|80|100	5020	100
10	14	26	energy_v	117	176					1	251	60|80|100	5020	100
10	14	27	return_resist_range_v	470	705					1	1006	60|80|100	5030	120
10	14	28	return_resist_melee_v	470	705					1	1006	60|80|100	5030	120
10	15	1	physical_earthdamage_v	123	184					1	263	60|80|100	5260	50
10	15	2	energy_earthdamage_v	123	184					1	263	60|80|100	5260	50
10	15	3	basic_damage_v	123	184			123	184	1	263	60|80|100	5260	50
10	15	4	deadlystrike_damage_v	123	184					1	263	60|80|100	5260	50
10	15	5	deadlystrike_v	123	184					1	263	60|80|100	5260	50
10	15	6	strength_v	123	184					1	263	60|80|100	5260	50
10	15	7	dexterity_v	123	184					1	263	60|80|100	5260	50
10	15	8	ignore_earth_resist_v	100	100	123	184			2	263	60|80|100	2000	100
10	15	9	ignore_defense_v	123	184					1	263	60|80|100	5260	50
10	15	10	rangedamage_return_v	492	737					1	1053	60|80|100	5265	120
10	15	11	meleedamage_return_v	492	737					1	1053	60|80|100	5265	120
10	15	12	attackrating_v	123	184					1	263	60|80|100	5260	120
10	15	13	lifemax_v	2456	3684					1	5262	60|80|100	5262	100
10	15	14	manamax_v	2456	3684					1	5262	60|80|100	5262	120
10	15	15	earth_resist_v	614	921					1	1316	60|80|100	5264	100
10	15	16	stealmana_v	246	369					1	527	60|80|100	5270	120
10	15	17	steallife_v	246	369					1	527	60|80|100	5270	100
10	15	18	recover_life_v	123	184	9	9			1	263	60|80|100	5260	100
10	15	19	recover_mana_v	123	184	9	9			1	263	60|80|100	5260	120
10	15	20	lifereplenish_w	983	1474					1	2105	60|80|100	5263	100
10	15	21	manareplenish_w	983	1474					1	2105	60|80|100	5263	120
10	15	22	weaken_deadlystrike_damage_v	123	184					1	263	60|80|100	5260	100
10	15	23	weaken_deadlystrike_v	123	184					1	263	60|80|100	5260	100
10	15	24	defense_v	123	184					1	263	60|80|100	5260	100
10	15	25	vitality_v	123	184					1	263	60|80|100	5260	100
10	15	26	energy_v	123	184					1	263	60|80|100	5260	100
10	15	27	return_resist_range_v	492	737					1	1053	60|80|100	5265	120
10	15	28	return_resist_melee_v	492	737					1	1053	60|80|100	5265	120
10	16	1	physical_earthdamage_v	128	192					1	275	60|80|100	5500	50
10	16	2	energy_earthdamage_v	128	192					1	275	60|80|100	5500	50
10	16	3	basic_damage_v	128	192			128	192	1	275	60|80|100	5500	50
10	16	4	deadlystrike_damage_v	128	192					1	275	60|80|100	5500	50
10	16	5	deadlystrike_v	128	192					1	275	60|80|100	5500	50
10	16	6	strength_v	128	192					1	275	60|80|100	5500	50
10	16	7	dexterity_v	128	192					1	275	60|80|100	5500	50
10	16	8	ignore_earth_resist_v	100	100	128	192			2	275	60|80|100	2000	100
10	16	9	ignore_defense_v	128	192					1	275	60|80|100	5500	50
10	16	10	rangedamage_return_v	513	770					1	1100	60|80|100	5500	120
10	16	11	meleedamage_return_v	513	770					1	1100	60|80|100	5500	120
10	16	12	attackrating_v	128	192					1	275	60|80|100	5500	120
10	16	13	lifemax_v	2566	3849					1	5499	60|80|100	5499	100
10	16	14	manamax_v	2566	3849					1	5499	60|80|100	5499	120
10	16	15	earth_resist_v	642	963					1	1376	60|80|100	5504	100
10	16	16	stealmana_v	257	386					1	550	60|80|100	5500	120
10	16	17	steallife_v	257	386					1	550	60|80|100	5500	100
10	16	18	recover_life_v	128	192	9	9			1	275	60|80|100	5500	100
10	16	19	recover_mana_v	128	192	9	9			1	275	60|80|100	5500	120
10	16	20	lifereplenish_w	1027	1540					1	2200	60|80|100	5500	100
10	16	21	manareplenish_w	1027	1540					1	2200	60|80|100	5500	120
10	16	22	weaken_deadlystrike_damage_v	128	192					1	275	60|80|100	5500	100
10	16	23	weaken_deadlystrike_v	128	192					1	275	60|80|100	5500	100
10	16	24	defense_v	128	192					1	275	60|80|100	5500	100
10	16	25	vitality_v	128	192					1	275	60|80|100	5500	100
10	16	26	energy_v	128	192					1	275	60|80|100	5500	100
10	16	27	return_resist_range_v	513	770					1	1100	60|80|100	5500	120
10	16	28	return_resist_melee_v	513	770					1	1100	60|80|100	5500	120
10	17	1	physical_earthdamage_v	134	201					1	287	60|80|100	5740	50
10	17	2	energy_earthdamage_v	134	201					1	287	60|80|100	5740	50
10	17	3	basic_damage_v	134	201			134	201	1	287	60|80|100	5740	50
10	17	4	deadlystrike_damage_v	134	201					1	287	60|80|100	5740	50
10	17	5	deadlystrike_v	134	201					1	287	60|80|100	5740	50
10	17	6	strength_v	134	201					1	287	60|80|100	5740	50
10	17	7	dexterity_v	134	201					1	287	60|80|100	5740	50
10	17	8	ignore_earth_resist_v	100	100	134	201			2	287	60|80|100	2000	100
10	17	9	ignore_defense_v	134	201					1	287	60|80|100	5740	50
10	17	10	rangedamage_return_v	536	803					1	1148	60|80|100	5740	120
10	17	11	meleedamage_return_v	536	803					1	1148	60|80|100	5740	120
10	17	12	attackrating_v	134	201					1	287	60|80|100	5740	120
10	17	13	lifemax_v	2676	4014					1	5735	60|80|100	5735	100
10	17	14	manamax_v	2676	4014					1	5735	60|80|100	5735	120
10	17	15	earth_resist_v	670	1005					1	1434	60|80|100	5736	100
10	17	16	stealmana_v	268	402					1	574	60|80|100	5740	120
10	17	17	steallife_v	268	402					1	574	60|80|100	5740	100
10	17	18	recover_life_v	134	201	9	9			1	287	60|80|100	5740	100
10	17	19	recover_mana_v	134	201	9	9			1	287	60|80|100	5740	120
10	17	20	lifereplenish_w	1071	1606					1	2295	60|80|100	5738	100
10	17	21	manareplenish_w	1071	1606					1	2295	60|80|100	5738	120
10	17	22	weaken_deadlystrike_damage_v	134	201					1	287	60|80|100	5740	100
10	17	23	weaken_deadlystrike_v	134	201					1	287	60|80|100	5740	100
10	17	24	defense_v	134	201					1	287	60|80|100	5740	100
10	17	25	vitality_v	134	201					1	287	60|80|100	5740	100
10	17	26	energy_v	134	201					1	287	60|80|100	5740	100
10	17	27	return_resist_range_v	536	803					1	1148	60|80|100	5740	120
10	17	28	return_resist_melee_v	536	803					1	1148	60|80|100	5740	120
10	18	1	physical_earthdamage_v	140	209					1	299	60|80|100	5980	50
10	18	2	energy_earthdamage_v	140	209					1	299	60|80|100	5980	50
10	18	3	basic_damage_v	140	209			140	209	1	299	60|80|100	5980	50
10	18	4	deadlystrike_damage_v	140	209					1	299	60|80|100	5980	50
10	18	5	deadlystrike_v	140	209					1	299	60|80|100	5980	50
10	18	6	strength_v	140	209					1	299	60|80|100	5980	50
10	18	7	dexterity_v	140	209					1	299	60|80|100	5980	50
10	18	8	ignore_earth_resist_v	100	100	140	209			2	299	60|80|100	2000	100
10	18	9	ignore_defense_v	140	209					1	299	60|80|100	5980	50
10	18	10	rangedamage_return_v	558	837					1	1194	60|80|100	5970	120
10	18	11	meleedamage_return_v	558	837					1	1194	60|80|100	5970	120
10	18	12	attackrating_v	140	209					1	299	60|80|100	5980	120
10	18	13	lifemax_v	2788	4181					1	5973	60|80|100	5973	100
10	18	14	manamax_v	2788	4181					1	5973	60|80|100	5973	120
10	18	15	earth_resist_v	697	1046					1	1493	60|80|100	5972	100
10	18	16	stealmana_v	280	419					1	598	60|80|100	5980	120
10	18	17	steallife_v	280	419					1	598	60|80|100	5980	100
10	18	18	recover_life_v	140	209	9	9			1	299	60|80|100	5980	100
10	18	19	recover_mana_v	140	209	9	9			1	299	60|80|100	5980	120
10	18	20	lifereplenish_w	1116	1673					1	2390	60|80|100	5975	100
10	18	21	manareplenish_w	1116	1673					1	2390	60|80|100	5975	120
10	18	22	weaken_deadlystrike_damage_v	140	209					1	299	60|80|100	5980	100
10	18	23	weaken_deadlystrike_v	140	209					1	299	60|80|100	5980	100
10	18	24	defense_v	140	209					1	299	60|80|100	5980	100
10	18	25	vitality_v	140	209					1	299	60|80|100	5980	100
10	18	26	energy_v	140	209					1	299	60|80|100	5980	100
10	18	27	return_resist_range_v	558	837					1	1194	60|80|100	5970	120
10	18	28	return_resist_melee_v	558	837					1	1194	60|80|100	5970	120
10	19	1	physical_earthdamage_v	145	218					1	311	60|80|100	6220	50
10	19	2	energy_earthdamage_v	145	218					1	311	60|80|100	6220	50
10	19	3	basic_damage_v	145	218			145	218	1	311	60|80|100	6220	50
10	19	4	deadlystrike_damage_v	145	218					1	311	60|80|100	6220	50
10	19	5	deadlystrike_v	145	218					1	311	60|80|100	6220	50
10	19	6	strength_v	145	218					1	311	60|80|100	6220	50
10	19	7	dexterity_v	145	218					1	311	60|80|100	6220	50
10	19	8	ignore_earth_resist_v	100	100	145	218			2	311	60|80|100	2000	100
10	19	9	ignore_defense_v	145	218					1	311	60|80|100	6220	50
10	19	10	rangedamage_return_v	580	870					1	1242	60|80|100	6210	120
10	19	11	meleedamage_return_v	580	870					1	1242	60|80|100	6210	120
10	19	12	attackrating_v	145	218					1	311	60|80|100	6220	120
10	19	13	lifemax_v	2898	4347					1	6209	60|80|100	6209	100
10	19	14	manamax_v	2898	4347					1	6209	60|80|100	6209	120
10	19	15	earth_resist_v	724	1086					1	1552	60|80|100	6208	100
10	19	16	stealmana_v	290	435					1	621	60|80|100	6210	120
10	19	17	steallife_v	290	435					1	621	60|80|100	6210	100
10	19	18	recover_life_v	145	218	9	9			1	311	60|80|100	6220	100
10	19	19	recover_mana_v	145	218	9	9			1	311	60|80|100	6220	120
10	19	20	lifereplenish_w	1159	1738					1	2483	60|80|100	6208	100
10	19	21	manareplenish_w	1159	1738					1	2483	60|80|100	6208	120
10	19	22	weaken_deadlystrike_damage_v	145	218					1	311	60|80|100	6220	100
10	19	23	weaken_deadlystrike_v	145	218					1	311	60|80|100	6220	100
10	19	24	defense_v	145	218					1	311	60|80|100	6220	100
10	19	25	vitality_v	145	218					1	311	60|80|100	6220	100
10	19	26	energy_v	145	218					1	311	60|80|100	6220	100
10	19	27	return_resist_range_v	580	870					1	1242	60|80|100	6210	120
10	19	28	return_resist_melee_v	580	870					1	1242	60|80|100	6210	120
10	20	1	physical_earthdamage_v	151	226					1	323	60|80|100	6460	50
10	20	2	energy_earthdamage_v	151	226					1	323	60|80|100	6460	50
10	20	3	basic_damage_v	151	226			151	226	1	323	60|80|100	6460	50
10	20	4	deadlystrike_damage_v	151	226					1	323	60|80|100	6460	50
10	20	5	deadlystrike_v	151	226					1	323	60|80|100	6460	50
10	20	6	strength_v	151	226					1	323	60|80|100	6460	50
10	20	7	dexterity_v	151	226					1	323	60|80|100	6460	50
10	20	8	ignore_earth_resist_v	100	100	151	226			2	323	60|80|100	2000	100
10	20	9	ignore_defense_v	151	226					1	323	60|80|100	6460	50
10	20	10	rangedamage_return_v	602	903					1	1289	60|80|100	6445	120
10	20	11	meleedamage_return_v	602	903					1	1289	60|80|100	6445	120
10	20	12	attackrating_v	151	226					1	323	60|80|100	6460	120
10	20	13	lifemax_v	3008	4512					1	6446	60|80|100	6446	100
10	20	14	manamax_v	3008	4512					1	6446	60|80|100	6446	120
10	20	15	earth_resist_v	752	1128					1	1612	60|80|100	6448	100
10	20	16	stealmana_v	301	452					1	645	60|80|100	6450	120
10	20	17	steallife_v	301	452					1	645	60|80|100	6450	100
10	20	18	recover_life_v	151	226	9	9			1	323	60|80|100	6460	100
10	20	19	recover_mana_v	151	226	9	9			1	323	60|80|100	6460	120
10	20	20	lifereplenish_w	1204	1805					1	2578	60|80|100	6445	100
10	20	21	manareplenish_w	1204	1805					1	2578	60|80|100	6445	120
10	20	22	weaken_deadlystrike_damage_v	151	226					1	323	60|80|100	6460	100
10	20	23	weaken_deadlystrike_v	151	226					1	323	60|80|100	6460	100
10	20	24	defense_v	151	226					1	323	60|80|100	6460	100
10	20	25	vitality_v	151	226					1	323	60|80|100	6460	100
10	20	26	energy_v	151	226					1	323	60|80|100	6460	100
10	20	27	return_resist_range_v	602	903					1	1289	60|80|100	6445	120
10	20	28	return_resist_melee_v	602	903					1	1289	60|80|100	6445	120
10	21	1	physical_earthdamage_v	156	234					1	334	60|80|100	6680	50
10	21	2	energy_earthdamage_v	156	234					1	334	60|80|100	6680	50
10	21	3	basic_damage_v	156	234			156	234	1	334	60|80|100	6680	50
10	21	4	deadlystrike_damage_v	156	234					1	334	60|80|100	6680	50
10	21	5	deadlystrike_v	156	234					1	334	60|80|100	6680	50
10	21	6	strength_v	156	234					1	334	60|80|100	6680	50
10	21	7	dexterity_v	156	234					1	334	60|80|100	6680	50
10	21	8	ignore_earth_resist_v	100	100	156	234			2	334	60|80|100	2000	100
10	21	9	ignore_defense_v	156	234					1	334	60|80|100	6680	50
10	21	10	rangedamage_return_v	624	936					1	1337	60|80|100	6685	120
10	21	11	meleedamage_return_v	624	936					1	1337	60|80|100	6685	120
10	21	12	attackrating_v	156	234					1	334	60|80|100	6680	120
10	21	13	lifemax_v	3119	4678					1	6682	60|80|100	6682	100
10	21	14	manamax_v	3119	4678					1	6682	60|80|100	6682	120
10	21	15	earth_resist_v	780	1169					1	1671	60|80|100	6684	100
10	21	16	stealmana_v	312	468					1	669	60|80|100	6690	120
10	21	17	steallife_v	312	468					1	669	60|80|100	6690	100
10	21	18	recover_life_v	156	234	9	9			1	334	60|80|100	6680	100
10	21	19	recover_mana_v	156	234	9	9			1	334	60|80|100	6680	120
10	21	20	lifereplenish_w	1248	1871					1	2673	60|80|100	6683	100
10	21	21	manareplenish_w	1248	1871					1	2673	60|80|100	6683	120
10	21	22	weaken_deadlystrike_damage_v	156	234					1	334	60|80|100	6680	100
10	21	23	weaken_deadlystrike_v	156	234					1	334	60|80|100	6680	100
10	21	24	defense_v	156	234					1	334	60|80|100	6680	100
10	21	25	vitality_v	156	234					1	334	60|80|100	6680	100
10	21	26	energy_v	156	234					1	334	60|80|100	6680	100
10	21	27	return_resist_range_v	624	936					1	1337	60|80|100	6685	120
10	21	28	return_resist_melee_v	624	936					1	1337	60|80|100	6685	120
11	1	1	physical_metaldamage_v	22	33					1	65	60|80|100	1300	50
11	1	2	energy_metaldamage_v	22	33					1	65	60|80|100	1300	50
11	1	3	basic_damage_v	22	33			22	33	1	65	60|80|100	1300	50
11	1	4	deadlystrike_damage_v	22	33					1	65	60|80|100	1300	50
11	1	5	deadlystrike_v	22	33					1	65	60|80|100	1300	50
11	1	6	strength_v	22	33					1	65	60|80|100	1300	50
11	1	7	dexterity_v	22	33					1	65	60|80|100	1300	50
11	1	8	ignore_metal_resist_v	100	100	22	33			2	100	60|80|100	2000	100
11	1	9	ignore_defense_v	22	33					1	65	60|80|100	1300	50
11	1	10	rangedamage_return_v	85	128					1	258	60|80|100	1290	120
11	1	11	meleedamage_return_v	85	128					1	258	60|80|100	1290	120
11	1	12	attackrating_v	22	33					1	65	60|80|100	1300	120
11	1	13	lifemax_v	422	633					1	1292	60|80|100	1292	100
11	1	14	manamax_v	422	633					1	1292	60|80|100	1292	120
11	1	15	metal_resist_v	106	159					1	323	60|80|100	1292	100
11	1	16	stealmana_v	43	64					1	130	60|80|100	1300	120
11	1	17	steallife_v	43	64					1	130	60|80|100	1300	100
11	1	18	recover_life_v	22	33	9	9			1	65	60|80|100	1300	100
11	1	19	recover_mana_v	22	33	9	9			1	65	60|80|100	1300	120
11	1	20	lifereplenish_w	169	254					1	516	60|80|100	1290	100
11	1	21	manareplenish_w	169	254					1	516	60|80|100	1290	120
11	1	22	weaken_deadlystrike_damage_v	22	33					1	65	60|80|100	1300	100
11	1	23	weaken_deadlystrike_v	22	33					1	65	60|80|100	1300	100
11	1	24	defense_v	22	33					1	65	60|80|100	1300	100
11	1	25	vitality_v	22	33					1	65	60|80|100	1300	100
11	1	26	energy_v	22	33					1	65	60|80|100	1300	100
11	1	27	return_resist_range_v	85	128					1	258	60|80|100	1290	120
11	1	28	return_resist_melee_v	85	128					1	258	60|80|100	1290	120
11	2	1	physical_metaldamage_v	24	36					1	75	60|80|100	1500	50
11	2	2	energy_metaldamage_v	24	36					1	75	60|80|100	1500	50
11	2	3	basic_damage_v	24	36			24	36	1	75	60|80|100	1500	50
11	2	4	deadlystrike_damage_v	24	36					1	75	60|80|100	1500	50
11	2	5	deadlystrike_v	24	36					1	75	60|80|100	1500	50
11	2	6	strength_v	24	36					1	75	60|80|100	1500	50
11	2	7	dexterity_v	24	36					1	75	60|80|100	1500	50
11	2	8	ignore_metal_resist_v	100	100	24	36			2	100	60|80|100	2000	100
11	2	9	ignore_defense_v	24	36					1	75	60|80|100	1500	50
11	2	10	rangedamage_return_v	97	146					1	297	60|80|100	1485	120
11	2	11	meleedamage_return_v	97	146					1	297	60|80|100	1485	120
11	2	12	attackrating_v	24	36					1	75	60|80|100	1500	120
11	2	13	lifemax_v	485	728					1	1485	60|80|100	1485	100
11	2	14	manamax_v	485	728					1	1485	60|80|100	1485	120
11	2	15	metal_resist_v	121	182					1	371	60|80|100	1484	100
11	2	16	stealmana_v	49	74					1	149	60|80|100	1490	120
11	2	17	steallife_v	49	74					1	149	60|80|100	1490	100
11	2	18	recover_life_v	24	36	9	9			1	75	60|80|100	1500	100
11	2	19	recover_mana_v	24	36	9	9			1	75	60|80|100	1500	120
11	2	20	lifereplenish_w	195	292					1	594	60|80|100	1485	100
11	2	21	manareplenish_w	195	292					1	594	60|80|100	1485	120
11	2	22	weaken_deadlystrike_damage_v	24	36					1	75	60|80|100	1500	100
11	2	23	weaken_deadlystrike_v	24	36					1	75	60|80|100	1500	100
11	2	24	defense_v	24	36					1	75	60|80|100	1500	100
11	2	25	vitality_v	24	36					1	75	60|80|100	1500	100
11	2	26	energy_v	24	36					1	75	60|80|100	1500	100
11	2	27	return_resist_range_v	97	146					1	297	60|80|100	1485	120
11	2	28	return_resist_melee_v	97	146					1	297	60|80|100	1485	120
11	3	1	physical_metaldamage_v	28	42					1	86	60|80|100	1720	50
11	3	2	energy_metaldamage_v	28	42					1	86	60|80|100	1720	50
11	3	3	basic_damage_v	28	42			28	42	1	86	60|80|100	1720	50
11	3	4	deadlystrike_damage_v	28	42					1	86	60|80|100	1720	50
11	3	5	deadlystrike_v	28	42					1	86	60|80|100	1720	50
11	3	6	strength_v	28	42					1	86	60|80|100	1720	50
11	3	7	dexterity_v	28	42					1	86	60|80|100	1720	50
11	3	8	ignore_metal_resist_v	100	100	28	42			2	100	60|80|100	2000	100
11	3	9	ignore_defense_v	28	42					1	86	60|80|100	1720	50
11	3	10	rangedamage_return_v	112	168					1	342	60|80|100	1710	120
11	3	11	meleedamage_return_v	112	168					1	342	60|80|100	1710	120
11	3	12	attackrating_v	28	42					1	86	60|80|100	1720	120
11	3	13	lifemax_v	558	837					1	1708	60|80|100	1708	100
11	3	14	manamax_v	558	837					1	1708	60|80|100	1708	120
11	3	15	metal_resist_v	140	209					1	428	60|80|100	1712	100
11	3	16	stealmana_v	56	83					1	171	60|80|100	1710	120
11	3	17	steallife_v	56	83					1	171	60|80|100	1710	100
11	3	18	recover_life_v	28	42	9	9			1	86	60|80|100	1720	100
11	3	19	recover_mana_v	28	42	9	9			1	86	60|80|100	1720	120
11	3	20	lifereplenish_w	224	335					1	683	60|80|100	1708	100
11	3	21	manareplenish_w	224	335					1	683	60|80|100	1708	120
11	3	22	weaken_deadlystrike_damage_v	28	42					1	86	60|80|100	1720	100
11	3	23	weaken_deadlystrike_v	28	42					1	86	60|80|100	1720	100
11	3	24	defense_v	28	42					1	86	60|80|100	1720	100
11	3	25	vitality_v	28	42					1	86	60|80|100	1720	100
11	3	26	energy_v	28	42					1	86	60|80|100	1720	100
11	3	27	return_resist_range_v	112	168					1	342	60|80|100	1710	120
11	3	28	return_resist_melee_v	112	168					1	342	60|80|100	1710	120
11	4	1	physical_metaldamage_v	32	48					1	99	60|80|100	1980	50
11	4	2	energy_metaldamage_v	32	48					1	99	60|80|100	1980	50
11	4	3	basic_damage_v	32	48			32	48	1	99	60|80|100	1980	50
11	4	4	deadlystrike_damage_v	32	48					1	99	60|80|100	1980	50
11	4	5	deadlystrike_v	32	48					1	99	60|80|100	1980	50
11	4	6	strength_v	32	48					1	99	60|80|100	1980	50
11	4	7	dexterity_v	32	48					1	99	60|80|100	1980	50
11	4	8	ignore_metal_resist_v	100	100	32	48			2	100	60|80|100	2000	100
11	4	9	ignore_defense_v	32	48					1	99	60|80|100	1980	50
11	4	10	rangedamage_return_v	128	192					1	393	60|80|100	1965	120
11	4	11	meleedamage_return_v	128	192					1	393	60|80|100	1965	120
11	4	12	attackrating_v	32	48					1	99	60|80|100	1980	120
11	4	13	lifemax_v	642	963					1	1964	60|80|100	1964	100
11	4	14	manamax_v	642	963					1	1964	60|80|100	1964	120
11	4	15	metal_resist_v	160	240					1	491	60|80|100	1964	100
11	4	16	stealmana_v	65	98					1	197	60|80|100	1970	120
11	4	17	steallife_v	65	98					1	197	60|80|100	1970	100
11	4	18	recover_life_v	32	48	9	9			1	99	60|80|100	1980	100
11	4	19	recover_mana_v	32	48	9	9			1	99	60|80|100	1980	120
11	4	20	lifereplenish_w	257	386					1	785	60|80|100	1963	100
11	4	21	manareplenish_w	257	386					1	785	60|80|100	1963	120
11	4	22	weaken_deadlystrike_damage_v	32	48					1	99	60|80|100	1980	100
11	4	23	weaken_deadlystrike_v	32	48					1	99	60|80|100	1980	100
11	4	24	defense_v	32	48					1	99	60|80|100	1980	100
11	4	25	vitality_v	32	48					1	99	60|80|100	1980	100
11	4	26	energy_v	32	48					1	99	60|80|100	1980	100
11	4	27	return_resist_range_v	128	192					1	393	60|80|100	1965	120
11	4	28	return_resist_melee_v	128	192					1	393	60|80|100	1965	120
11	5	1	physical_metaldamage_v	37	56					1	113	60|80|100	2260	50
11	5	2	energy_metaldamage_v	37	56					1	113	60|80|100	2260	50
11	5	3	basic_damage_v	37	56			37	56	1	113	60|80|100	2260	50
11	5	4	deadlystrike_damage_v	37	56					1	113	60|80|100	2260	50
11	5	5	deadlystrike_v	37	56					1	113	60|80|100	2260	50
11	5	6	strength_v	37	56					1	113	60|80|100	2260	50
11	5	7	dexterity_v	37	56					1	113	60|80|100	2260	50
11	5	8	ignore_metal_resist_v	100	100	37	56			2	113	60|80|100	2000	100
11	5	9	ignore_defense_v	37	56					1	113	60|80|100	2260	50
11	5	10	rangedamage_return_v	148	221					1	452	60|80|100	2260	120
11	5	11	meleedamage_return_v	148	221					1	452	60|80|100	2260	120
11	5	12	attackrating_v	37	56					1	113	60|80|100	2260	120
11	5	13	lifemax_v	738	1107					1	2258	60|80|100	2258	100
11	5	14	manamax_v	738	1107					1	2258	60|80|100	2258	120
11	5	15	metal_resist_v	184	276					1	564	60|80|100	2256	100
11	5	16	stealmana_v	74	111					1	226	60|80|100	2260	120
11	5	17	steallife_v	74	111					1	226	60|80|100	2260	100
11	5	18	recover_life_v	37	56	9	9			1	113	60|80|100	2260	100
11	5	19	recover_mana_v	37	56	9	9			1	113	60|80|100	2260	120
11	5	20	lifereplenish_w	295	442					1	903	60|80|100	2258	100
11	5	21	manareplenish_w	295	442					1	903	60|80|100	2258	120
11	5	22	weaken_deadlystrike_damage_v	37	56					1	113	60|80|100	2260	100
11	5	23	weaken_deadlystrike_v	37	56					1	113	60|80|100	2260	100
11	5	24	defense_v	37	56					1	113	60|80|100	2260	100
11	5	25	vitality_v	37	56					1	113	60|80|100	2260	100
11	5	26	energy_v	37	56					1	113	60|80|100	2260	100
11	5	27	return_resist_range_v	148	221					1	452	60|80|100	2260	120
11	5	28	return_resist_melee_v	148	221					1	452	60|80|100	2260	120
11	6	1	physical_metaldamage_v	43	64					1	130	60|80|100	2600	50
11	6	2	energy_metaldamage_v	43	64					1	130	60|80|100	2600	50
11	6	3	basic_damage_v	43	64			43	64	1	130	60|80|100	2600	50
11	6	4	deadlystrike_damage_v	43	64					1	130	60|80|100	2600	50
11	6	5	deadlystrike_v	43	64					1	130	60|80|100	2600	50
11	6	6	strength_v	43	64					1	130	60|80|100	2600	50
11	6	7	dexterity_v	43	64					1	130	60|80|100	2600	50
11	6	8	ignore_metal_resist_v	100	100	43	64			2	130	60|80|100	2000	100
11	6	9	ignore_defense_v	43	64					1	130	60|80|100	2600	50
11	6	10	rangedamage_return_v	170	255					1	520	60|80|100	2600	120
11	6	11	meleedamage_return_v	170	255					1	520	60|80|100	2600	120
11	6	12	attackrating_v	43	64					1	130	60|80|100	2600	120
11	6	13	lifemax_v	848	1272					1	2596	60|80|100	2596	100
11	6	14	manamax_v	848	1272					1	2596	60|80|100	2596	120
11	6	15	metal_resist_v	212	318					1	650	60|80|100	2600	100
11	6	16	stealmana_v	85	128					1	260	60|80|100	2600	120
11	6	17	steallife_v	85	128					1	260	60|80|100	2600	100
11	6	18	recover_life_v	43	64	9	9			1	130	60|80|100	2600	100
11	6	19	recover_mana_v	43	64	9	9			1	130	60|80|100	2600	120
11	6	20	lifereplenish_w	340	509					1	1038	60|80|100	2595	100
11	6	21	manareplenish_w	340	509					1	1038	60|80|100	2595	120
11	6	22	weaken_deadlystrike_damage_v	43	64					1	130	60|80|100	2600	100
11	6	23	weaken_deadlystrike_v	43	64					1	130	60|80|100	2600	100
11	6	24	defense_v	43	64					1	130	60|80|100	2600	100
11	6	25	vitality_v	43	64					1	130	60|80|100	2600	100
11	6	26	energy_v	43	64					1	130	60|80|100	2600	100
11	6	27	return_resist_range_v	170	255					1	520	60|80|100	2600	120
11	6	28	return_resist_melee_v	170	255					1	520	60|80|100	2600	120
11	7	1	physical_metaldamage_v	47	70					1	143	60|80|100	2860	50
11	7	2	energy_metaldamage_v	47	70					1	143	60|80|100	2860	50
11	7	3	basic_damage_v	47	70			47	70	1	143	60|80|100	2860	50
11	7	4	deadlystrike_damage_v	47	70					1	143	60|80|100	2860	50
11	7	5	deadlystrike_v	47	70					1	143	60|80|100	2860	50
11	7	6	strength_v	47	70					1	143	60|80|100	2860	50
11	7	7	dexterity_v	47	70					1	143	60|80|100	2860	50
11	7	8	ignore_metal_resist_v	100	100	47	70			2	143	60|80|100	2000	100
11	7	9	ignore_defense_v	47	70					1	143	60|80|100	2860	50
11	7	10	rangedamage_return_v	187	280					1	572	60|80|100	2860	120
11	7	11	meleedamage_return_v	187	280					1	572	60|80|100	2860	120
11	7	12	attackrating_v	47	70					1	143	60|80|100	2860	120
11	7	13	lifemax_v	933	1400					1	2856	60|80|100	2856	100
11	7	14	manamax_v	933	1400					1	2856	60|80|100	2856	120
11	7	15	metal_resist_v	234	351					1	714	60|80|100	2856	100
11	7	16	stealmana_v	94	141	9	9			1	286	60|80|100	2860	120
11	7	17	steallife_v	94	141	9	9			1	286	60|80|100	2860	100
11	7	18	recover_life_v	47	70	9	9			1	143	60|80|100	2860	100
11	7	19	recover_mana_v	47	70	9	9			1	143	60|80|100	2860	120
11	7	20	lifereplenish_w	373	560					1	1143	60|80|100	2858	100
11	7	21	manareplenish_w	373	560					1	1143	60|80|100	2858	120
11	7	22	weaken_deadlystrike_damage_v	47	70					1	143	60|80|100	2860	100
11	7	23	weaken_deadlystrike_v	47	70					1	143	60|80|100	2860	100
11	7	24	defense_v	47	70					1	143	60|80|100	2860	100
11	7	25	vitality_v	47	70					1	143	60|80|100	2860	100
11	7	26	energy_v	47	70					1	143	60|80|100	2860	100
11	7	27	return_resist_range_v	187	280					1	572	60|80|100	2860	120
11	7	28	return_resist_melee_v	187	280					1	572	60|80|100	2860	120
11	8	1	physical_metaldamage_v	52	77					1	158	60|80|100	3160	50
11	8	2	energy_metaldamage_v	52	77					1	158	60|80|100	3160	50
11	8	3	basic_damage_v	52	77			52	77	1	158	60|80|100	3160	50
11	8	4	deadlystrike_damage_v	52	77					1	158	60|80|100	3160	50
11	8	5	deadlystrike_v	52	77					1	158	60|80|100	3160	50
11	8	6	strength_v	52	77					1	158	60|80|100	3160	50
11	8	7	dexterity_v	52	77					1	158	60|80|100	3160	50
11	8	8	ignore_metal_resist_v	100	100	52	77			2	158	60|80|100	2000	100
11	8	9	ignore_defense_v	52	77					1	158	60|80|100	3160	50
11	8	10	rangedamage_return_v	206	309					1	629	60|80|100	3145	120
11	8	11	meleedamage_return_v	206	309					1	629	60|80|100	3145	120
11	8	12	attackrating_v	52	77					1	158	60|80|100	3160	120
11	8	13	lifemax_v	1027	1540					1	3142	60|80|100	3142	100
11	8	14	manamax_v	1027	1540					1	3142	60|80|100	3142	120
11	8	15	metal_resist_v	257	386					1	785	60|80|100	3140	100
11	8	16	stealmana_v	103	154					1	315	60|80|100	3150	120
11	8	17	steallife_v	103	154					1	315	60|80|100	3150	100
11	8	18	recover_life_v	52	77	9	9			1	158	60|80|100	3160	100
11	8	19	recover_mana_v	52	77	9	9			1	158	60|80|100	3160	120
11	8	20	lifereplenish_w	411	616					1	1257	60|80|100	3143	100
11	8	21	manareplenish_w	411	616					1	1257	60|80|100	3143	120
11	8	22	weaken_deadlystrike_damage_v	52	77					1	158	60|80|100	3160	100
11	8	23	weaken_deadlystrike_v	52	77					1	158	60|80|100	3160	100
11	8	24	defense_v	52	77					1	158	60|80|100	3160	100
11	8	25	vitality_v	52	77					1	158	60|80|100	3160	100
11	8	26	energy_v	52	77					1	158	60|80|100	3160	100
11	8	27	return_resist_range_v	206	309					1	629	60|80|100	3145	120
11	8	28	return_resist_melee_v	206	309					1	629	60|80|100	3145	120
11	9	1	physical_metaldamage_v	57	86					1	173	60|80|100	3460	50
11	9	2	energy_metaldamage_v	57	86					1	173	60|80|100	3460	50
11	9	3	basic_damage_v	57	86			57	86	1	173	60|80|100	3460	50
11	9	4	deadlystrike_damage_v	57	86					1	173	60|80|100	3460	50
11	9	5	deadlystrike_v	57	86					1	173	60|80|100	3460	50
11	9	6	strength_v	57	86					1	173	60|80|100	3460	50
11	9	7	dexterity_v	57	86					1	173	60|80|100	3460	50
11	9	8	ignore_metal_resist_v	100	100	57	86			2	173	60|80|100	2000	100
11	9	9	ignore_defense_v	57	86					1	173	60|80|100	3460	50
11	9	10	rangedamage_return_v	226	339					1	692	60|80|100	3460	120
11	9	11	meleedamage_return_v	226	339					1	692	60|80|100	3460	120
11	9	12	attackrating_v	57	86					1	173	60|80|100	3460	120
11	9	13	lifemax_v	1129	1694					1	3455	60|80|100	3455	100
11	9	14	manamax_v	1129	1694					1	3455	60|80|100	3455	120
11	9	15	metal_resist_v	283	424					1	864	60|80|100	3456	100
11	9	16	stealmana_v	113	170					1	346	60|80|100	3460	120
11	9	17	steallife_v	113	170					1	346	60|80|100	3460	100
11	9	18	recover_life_v	57	86	9	9			1	173	60|80|100	3460	100
11	9	19	recover_mana_v	57	86	9	9			1	173	60|80|100	3460	120
11	9	20	lifereplenish_w	452	677					1	1383	60|80|100	3458	100
11	9	21	manareplenish_w	452	677					1	1383	60|80|100	3458	120
11	9	22	weaken_deadlystrike_damage_v	57	86					1	173	60|80|100	3460	100
11	9	23	weaken_deadlystrike_v	57	86					1	173	60|80|100	3460	100
11	9	24	defense_v	57	86					1	173	60|80|100	3460	100
11	9	25	vitality_v	57	86					1	173	60|80|100	3460	100
11	9	26	energy_v	57	86					1	173	60|80|100	3460	100
11	9	27	return_resist_range_v	226	339					1	692	60|80|100	3460	120
11	9	28	return_resist_melee_v	226	339					1	692	60|80|100	3460	120
11	10	1	physical_metaldamage_v	63	94					1	190	60|80|100	3800	50
11	10	2	energy_metaldamage_v	63	94					1	190	60|80|100	3800	50
11	10	3	basic_damage_v	63	94			63	94	1	190	60|80|100	3800	50
11	10	4	deadlystrike_damage_v	63	94					1	190	60|80|100	3800	50
11	10	5	deadlystrike_v	63	94					1	190	60|80|100	3800	50
11	10	6	strength_v	63	94					1	190	60|80|100	3800	50
11	10	7	dexterity_v	63	94					1	190	60|80|100	3800	50
11	10	8	ignore_metal_resist_v	100	100	63	94			2	190	60|80|100	2000	100
11	10	9	ignore_defense_v	63	94					1	190	60|80|100	3800	50
11	10	10	rangedamage_return_v	248	372					1	760	60|80|100	3800	120
11	10	11	meleedamage_return_v	248	372					1	760	60|80|100	3800	120
11	10	12	attackrating_v	63	94					1	190	60|80|100	3800	120
11	10	13	lifemax_v	1242	1863					1	3801	60|80|100	3801	100
11	10	14	manamax_v	1242	1863					1	3801	60|80|100	3801	120
11	10	15	metal_resist_v	311	466					1	951	60|80|100	3804	100
11	10	16	stealmana_v	124	186					1	381	60|80|100	3810	120
11	10	17	steallife_v	124	186					1	381	60|80|100	3810	100
11	10	18	recover_life_v	63	94	9	9			1	190	60|80|100	3800	100
11	10	19	recover_mana_v	63	94	9	9			1	190	60|80|100	3800	120
11	10	20	lifereplenish_w	497	746					1	1521	60|80|100	3803	100
11	10	21	manareplenish_w	497	746					1	1521	60|80|100	3803	120
11	10	22	weaken_deadlystrike_damage_v	63	94					1	190	60|80|100	3800	100
11	10	23	weaken_deadlystrike_v	63	94					1	190	60|80|100	3800	100
11	10	24	defense_v	63	94					1	190	60|80|100	3800	100
11	10	25	vitality_v	63	94					1	190	60|80|100	3800	100
11	10	26	energy_v	63	94					1	190	60|80|100	3800	100
11	10	27	return_resist_range_v	248	372					1	760	60|80|100	3800	120
11	10	28	return_resist_melee_v	248	372					1	760	60|80|100	3800	120
11	11	1	physical_metaldamage_v	68	102					1	209	60|80|100	4180	50
11	11	2	energy_metaldamage_v	68	102					1	209	60|80|100	4180	50
11	11	3	basic_damage_v	68	102			68	102	1	209	60|80|100	4180	50
11	11	4	deadlystrike_damage_v	68	102					1	209	60|80|100	4180	50
11	11	5	deadlystrike_v	68	102					1	209	60|80|100	4180	50
11	11	6	strength_v	68	102					1	209	60|80|100	4180	50
11	11	7	dexterity_v	68	102					1	209	60|80|100	4180	50
11	11	8	ignore_metal_resist_v	100	100	68	102			2	209	60|80|100	2000	100
11	11	9	ignore_defense_v	68	102					1	209	60|80|100	4180	50
11	11	10	rangedamage_return_v	274	411					1	837	60|80|100	4185	120
11	11	11	meleedamage_return_v	274	411					1	837	60|80|100	4185	120
11	11	12	attackrating_v	68	102					1	209	60|80|100	4180	120
11	11	13	lifemax_v	1366	2049					1	4181	60|80|100	4181	100
11	11	14	manamax_v	1366	2049					1	4181	60|80|100	4181	120
11	11	15	metal_resist_v	342	513					1	1046	60|80|100	4184	100
11	11	16	stealmana_v	137	206					1	418	60|80|100	4180	120
11	11	17	steallife_v	137	206					1	418	60|80|100	4180	100
11	11	18	recover_life_v	68	102	9	9			1	209	60|80|100	4180	100
11	11	19	recover_mana_v	68	102	9	9			1	209	60|80|100	4180	120
11	11	20	lifereplenish_w	547	820					1	1673	60|80|100	4183	100
11	11	21	manareplenish_w	547	820					1	1673	60|80|100	4183	120
11	11	22	weaken_deadlystrike_damage_v	68	102					1	209	60|80|100	4180	100
11	11	23	weaken_deadlystrike_v	68	102					1	209	60|80|100	4180	100
11	11	24	defense_v	68	102					1	209	60|80|100	4180	100
11	11	25	vitality_v	68	102					1	209	60|80|100	4180	100
11	11	26	energy_v	68	102					1	209	60|80|100	4180	100
11	11	27	return_resist_range_v	274	411					1	837	60|80|100	4185	120
11	11	28	return_resist_melee_v	274	411					1	837	60|80|100	4185	120
11	12	1	physical_metaldamage_v	75	112					1	228	60|80|100	4560	50
11	12	2	energy_metaldamage_v	75	112					1	228	60|80|100	4560	50
11	12	3	basic_damage_v	75	112			75	112	1	228	60|80|100	4560	50
11	12	4	deadlystrike_damage_v	75	112					1	228	60|80|100	4560	50
11	12	5	deadlystrike_v	75	112					1	228	60|80|100	4560	50
11	12	6	strength_v	75	112					1	228	60|80|100	4560	50
11	12	7	dexterity_v	75	112					1	228	60|80|100	4560	50
11	12	8	ignore_metal_resist_v	100	100	75	112			2	228	60|80|100	2000	100
11	12	9	ignore_defense_v	75	112					1	228	60|80|100	4560	50
11	12	10	rangedamage_return_v	298	447					1	912	60|80|100	4560	120
11	12	11	meleedamage_return_v	298	447					1	912	60|80|100	4560	120
11	12	12	attackrating_v	75	112					1	228	60|80|100	4560	120
11	12	13	lifemax_v	1491	2236					1	4562	60|80|100	4562	100
11	12	14	manamax_v	1491	2236					1	4562	60|80|100	4562	120
11	12	15	metal_resist_v	373	560					1	1140	60|80|100	4560	100
11	12	16	stealmana_v	149	224					1	456	60|80|100	4560	120
11	12	17	steallife_v	149	224					1	456	60|80|100	4560	100
11	12	18	recover_life_v	75	112	9	9			1	228	60|80|100	4560	100
11	12	19	recover_mana_v	75	112	9	9			1	228	60|80|100	4560	120
11	12	20	lifereplenish_w	596	894					1	1824	60|80|100	4560	100
11	12	21	manareplenish_w	596	894					1	1824	60|80|100	4560	120
11	12	22	weaken_deadlystrike_damage_v	75	112					1	228	60|80|100	4560	100
11	12	23	weaken_deadlystrike_v	75	112					1	228	60|80|100	4560	100
11	12	24	defense_v	75	112					1	228	60|80|100	4560	100
11	12	25	vitality_v	75	112					1	228	60|80|100	4560	100
11	12	26	energy_v	75	112					1	228	60|80|100	4560	100
11	12	27	return_resist_range_v	298	447					1	912	60|80|100	4560	120
11	12	28	return_resist_melee_v	298	447					1	912	60|80|100	4560	120
11	13	1	physical_metaldamage_v	79	118					1	240	60|80|100	4800	50
11	13	2	energy_metaldamage_v	79	118					1	240	60|80|100	4800	50
11	13	3	basic_damage_v	79	118			79	118	1	240	60|80|100	4800	50
11	13	4	deadlystrike_damage_v	79	118					1	240	60|80|100	4800	50
11	13	5	deadlystrike_v	79	118					1	240	60|80|100	4800	50
11	13	6	strength_v	79	118					1	240	60|80|100	4800	50
11	13	7	dexterity_v	79	118					1	240	60|80|100	4800	50
11	13	8	ignore_metal_resist_v	100	100	79	118			2	240	60|80|100	2000	100
11	13	9	ignore_defense_v	79	118					1	240	60|80|100	4800	50
11	13	10	rangedamage_return_v	313	470					1	958	60|80|100	4790	120
11	13	11	meleedamage_return_v	313	470					1	958	60|80|100	4790	120
11	13	12	attackrating_v	79	118					1	240	60|80|100	4800	120
11	13	13	lifemax_v	1565	2348					1	4790	60|80|100	4790	100
11	13	14	manamax_v	1565	2348					1	4790	60|80|100	4790	120
11	13	15	metal_resist_v	392	587					1	1198	60|80|100	4792	100
11	13	16	stealmana_v	156	234					1	479	60|80|100	4790	120
11	13	17	steallife_v	156	234					1	479	60|80|100	4790	100
11	13	18	recover_life_v	79	118	9	9			1	240	60|80|100	4800	100
11	13	19	recover_mana_v	79	118	9	9			1	240	60|80|100	4800	120
11	13	20	lifereplenish_w	626	939					1	1916	60|80|100	4790	100
11	13	21	manareplenish_w	626	939					1	1916	60|80|100	4790	120
11	13	22	weaken_deadlystrike_damage_v	79	118					1	240	60|80|100	4800	100
11	13	23	weaken_deadlystrike_v	79	118					1	240	60|80|100	4800	100
11	13	24	defense_v	79	118					1	240	60|80|100	4800	100
11	13	25	vitality_v	79	118					1	240	60|80|100	4800	100
11	13	26	energy_v	79	118					1	240	60|80|100	4800	100
11	13	27	return_resist_range_v	313	470					1	958	60|80|100	4790	120
11	13	28	return_resist_melee_v	313	470					1	958	60|80|100	4790	120
11	14	1	physical_metaldamage_v	82	123					1	251	60|80|100	5020	50
11	14	2	energy_metaldamage_v	82	123					1	251	60|80|100	5020	50
11	14	3	basic_damage_v	82	123			82	123	1	251	60|80|100	5020	50
11	14	4	deadlystrike_damage_v	82	123					1	251	60|80|100	5020	50
11	14	5	deadlystrike_v	82	123					1	251	60|80|100	5020	50
11	14	6	strength_v	82	123					1	251	60|80|100	5020	50
11	14	7	dexterity_v	82	123					1	251	60|80|100	5020	50
11	14	8	ignore_metal_resist_v	100	100	82	123			2	251	60|80|100	2000	100
11	14	9	ignore_defense_v	82	123					1	251	60|80|100	5020	50
11	14	10	rangedamage_return_v	329	494					1	1006	60|80|100	5030	120
11	14	11	meleedamage_return_v	329	494					1	1006	60|80|100	5030	120
11	14	12	attackrating_v	82	123					1	251	60|80|100	5020	120
11	14	13	lifemax_v	1642	2463					1	5026	60|80|100	5026	100
11	14	14	manamax_v	1642	2463					1	5026	60|80|100	5026	120
11	14	15	metal_resist_v	411	616					1	1257	60|80|100	5028	100
11	14	16	stealmana_v	164	246					1	503	60|80|100	5030	120
11	14	17	steallife_v	164	246					1	503	60|80|100	5030	100
11	14	18	recover_life_v	82	123	9	9			1	251	60|80|100	5020	100
11	14	19	recover_mana_v	82	123	9	9			1	251	60|80|100	5020	120
11	14	20	lifereplenish_w	657	986					1	2010	60|80|100	5025	100
11	14	21	manareplenish_w	657	986					1	2010	60|80|100	5025	120
11	14	22	weaken_deadlystrike_damage_v	82	123					1	251	60|80|100	5020	100
11	14	23	weaken_deadlystrike_v	82	123					1	251	60|80|100	5020	100
11	14	24	defense_v	82	123					1	251	60|80|100	5020	100
11	14	25	vitality_v	82	123					1	251	60|80|100	5020	100
11	14	26	energy_v	82	123					1	251	60|80|100	5020	100
11	14	27	return_resist_range_v	329	494					1	1006	60|80|100	5030	120
11	14	28	return_resist_melee_v	329	494					1	1006	60|80|100	5030	120
11	15	1	physical_metaldamage_v	86	129					1	263	60|80|100	5260	50
11	15	2	energy_metaldamage_v	86	129					1	263	60|80|100	5260	50
11	15	3	basic_damage_v	86	129			86	129	1	263	60|80|100	5260	50
11	15	4	deadlystrike_damage_v	86	129					1	263	60|80|100	5260	50
11	15	5	deadlystrike_v	86	129					1	263	60|80|100	5260	50
11	15	6	strength_v	86	129					1	263	60|80|100	5260	50
11	15	7	dexterity_v	86	129					1	263	60|80|100	5260	50
11	15	8	ignore_metal_resist_v	100	100	86	129			2	263	60|80|100	2000	100
11	15	9	ignore_defense_v	86	129					1	263	60|80|100	5260	50
11	15	10	rangedamage_return_v	344	516					1	1053	60|80|100	5265	120
11	15	11	meleedamage_return_v	344	516					1	1053	60|80|100	5265	120
11	15	12	attackrating_v	86	129					1	263	60|80|100	5260	120
11	15	13	lifemax_v	1720	2579					1	5262	60|80|100	5262	100
11	15	14	manamax_v	1720	2579					1	5262	60|80|100	5262	120
11	15	15	metal_resist_v	430	645					1	1316	60|80|100	5264	100
11	15	16	stealmana_v	172	258					1	527	60|80|100	5270	120
11	15	17	steallife_v	172	258					1	527	60|80|100	5270	100
11	15	18	recover_life_v	86	129	9	9			1	263	60|80|100	5260	100
11	15	19	recover_mana_v	86	129	9	9			1	263	60|80|100	5260	120
11	15	20	lifereplenish_w	688	1032					1	2105	60|80|100	5263	100
11	15	21	manareplenish_w	688	1032					1	2105	60|80|100	5263	120
11	15	22	weaken_deadlystrike_damage_v	86	129					1	263	60|80|100	5260	100
11	15	23	weaken_deadlystrike_v	86	129					1	263	60|80|100	5260	100
11	15	24	defense_v	86	129					1	263	60|80|100	5260	100
11	15	25	vitality_v	86	129					1	263	60|80|100	5260	100
11	15	26	energy_v	86	129					1	263	60|80|100	5260	100
11	15	27	return_resist_range_v	344	516					1	1053	60|80|100	5265	120
11	15	28	return_resist_melee_v	344	516					1	1053	60|80|100	5265	120
11	16	1	physical_metaldamage_v	90	135					1	275	60|80|100	5500	50
11	16	2	energy_metaldamage_v	90	135					1	275	60|80|100	5500	50
11	16	3	basic_damage_v	90	135			90	135	1	275	60|80|100	5500	50
11	16	4	deadlystrike_damage_v	90	135					1	275	60|80|100	5500	50
11	16	5	deadlystrike_v	90	135					1	275	60|80|100	5500	50
11	16	6	strength_v	90	135					1	275	60|80|100	5500	50
11	16	7	dexterity_v	90	135					1	275	60|80|100	5500	50
11	16	8	ignore_metal_resist_v	100	100	90	135			2	275	60|80|100	2000	100
11	16	9	ignore_defense_v	90	135					1	275	60|80|100	5500	50
11	16	10	rangedamage_return_v	360	539					1	1100	60|80|100	5500	120
11	16	11	meleedamage_return_v	360	539					1	1100	60|80|100	5500	120
11	16	12	attackrating_v	90	135					1	275	60|80|100	5500	120
11	16	13	lifemax_v	1796	2694					1	5499	60|80|100	5499	100
11	16	14	manamax_v	1796	2694					1	5499	60|80|100	5499	120
11	16	15	metal_resist_v	449	674					1	1376	60|80|100	5504	100
11	16	16	stealmana_v	180	270					1	550	60|80|100	5500	120
11	16	17	steallife_v	180	270					1	550	60|80|100	5500	100
11	16	18	recover_life_v	90	135	9	9			1	275	60|80|100	5500	100
11	16	19	recover_mana_v	90	135	9	9			1	275	60|80|100	5500	120
11	16	20	lifereplenish_w	719	1078					1	2200	60|80|100	5500	100
11	16	21	manareplenish_w	719	1078					1	2200	60|80|100	5500	120
11	16	22	weaken_deadlystrike_damage_v	90	135					1	275	60|80|100	5500	100
11	16	23	weaken_deadlystrike_v	90	135					1	275	60|80|100	5500	100
11	16	24	defense_v	90	135					1	275	60|80|100	5500	100
11	16	25	vitality_v	90	135					1	275	60|80|100	5500	100
11	16	26	energy_v	90	135					1	275	60|80|100	5500	100
11	16	27	return_resist_range_v	360	539					1	1100	60|80|100	5500	120
11	16	28	return_resist_melee_v	360	539					1	1100	60|80|100	5500	120
11	17	1	physical_metaldamage_v	94	141					1	287	60|80|100	5740	50
11	17	2	energy_metaldamage_v	94	141					1	287	60|80|100	5740	50
11	17	3	basic_damage_v	94	141			94	141	1	287	60|80|100	5740	50
11	17	4	deadlystrike_damage_v	94	141					1	287	60|80|100	5740	50
11	17	5	deadlystrike_v	94	141					1	287	60|80|100	5740	50
11	17	6	strength_v	94	141					1	287	60|80|100	5740	50
11	17	7	dexterity_v	94	141					1	287	60|80|100	5740	50
11	17	8	ignore_metal_resist_v	100	100	94	141			2	287	60|80|100	2000	100
11	17	9	ignore_defense_v	94	141					1	287	60|80|100	5740	50
11	17	10	rangedamage_return_v	375	562					1	1148	60|80|100	5740	120
11	17	11	meleedamage_return_v	375	562					1	1148	60|80|100	5740	120
11	17	12	attackrating_v	94	141					1	287	60|80|100	5740	120
11	17	13	lifemax_v	1874	2811					1	5735	60|80|100	5735	100
11	17	14	manamax_v	1874	2811					1	5735	60|80|100	5735	120
11	17	15	metal_resist_v	469	704					1	1434	60|80|100	5736	100
11	17	16	stealmana_v	188	282					1	574	60|80|100	5740	120
11	17	17	steallife_v	188	282					1	574	60|80|100	5740	100
11	17	18	recover_life_v	94	141	9	9			1	287	60|80|100	5740	100
11	17	19	recover_mana_v	94	141	9	9			1	287	60|80|100	5740	120
11	17	20	lifereplenish_w	750	1125					1	2295	60|80|100	5738	100
11	17	21	manareplenish_w	750	1125					1	2295	60|80|100	5738	120
11	17	22	weaken_deadlystrike_damage_v	94	141					1	287	60|80|100	5740	100
11	17	23	weaken_deadlystrike_v	94	141					1	287	60|80|100	5740	100
11	17	24	defense_v	94	141					1	287	60|80|100	5740	100
11	17	25	vitality_v	94	141					1	287	60|80|100	5740	100
11	17	26	energy_v	94	141					1	287	60|80|100	5740	100
11	17	27	return_resist_range_v	375	562					1	1148	60|80|100	5740	120
11	17	28	return_resist_melee_v	375	562					1	1148	60|80|100	5740	120
11	18	1	physical_metaldamage_v	98	147					1	299	60|80|100	5980	50
11	18	2	energy_metaldamage_v	98	147					1	299	60|80|100	5980	50
11	18	3	basic_damage_v	98	147			98	147	1	299	60|80|100	5980	50
11	18	4	deadlystrike_damage_v	98	147					1	299	60|80|100	5980	50
11	18	5	deadlystrike_v	98	147					1	299	60|80|100	5980	50
11	18	6	strength_v	98	147					1	299	60|80|100	5980	50
11	18	7	dexterity_v	98	147					1	299	60|80|100	5980	50
11	18	8	ignore_metal_resist_v	100	100	98	147			2	299	60|80|100	2000	100
11	18	9	ignore_defense_v	98	147					1	299	60|80|100	5980	50
11	18	10	rangedamage_return_v	391	586					1	1194	60|80|100	5970	120
11	18	11	meleedamage_return_v	391	586					1	1194	60|80|100	5970	120
11	18	12	attackrating_v	98	147					1	299	60|80|100	5980	120
11	18	13	lifemax_v	1952	2927					1	5973	60|80|100	5973	100
11	18	14	manamax_v	1952	2927					1	5973	60|80|100	5973	120
11	18	15	metal_resist_v	488	732					1	1493	60|80|100	5972	100
11	18	16	stealmana_v	196	293	9	9			1	598	60|80|100	5980	120
11	18	17	steallife_v	196	293	9	9			1	598	60|80|100	5980	100
11	18	18	recover_life_v	98	147	9	9			1	299	60|80|100	5980	100
11	18	19	recover_mana_v	98	147	9	9			1	299	60|80|100	5980	120
11	18	20	lifereplenish_w	781	1172					1	2390	60|80|100	5975	100
11	18	21	manareplenish_w	781	1172					1	2390	60|80|100	5975	120
11	18	22	weaken_deadlystrike_damage_v	98	147					1	299	60|80|100	5980	100
11	18	23	weaken_deadlystrike_v	98	147					1	299	60|80|100	5980	100
11	18	24	defense_v	98	147					1	299	60|80|100	5980	100
11	18	25	vitality_v	98	147					1	299	60|80|100	5980	100
11	18	26	energy_v	98	147					1	299	60|80|100	5980	100
11	18	27	return_resist_range_v	391	586					1	1194	60|80|100	5970	120
11	18	28	return_resist_melee_v	391	586					1	1194	60|80|100	5970	120
11	19	1	physical_metaldamage_v	102	153					1	311	60|80|100	6220	50
11	19	2	energy_metaldamage_v	102	153					1	311	60|80|100	6220	50
11	19	3	basic_damage_v	102	153			102	153	1	311	60|80|100	6220	50
11	19	4	deadlystrike_damage_v	102	153					1	311	60|80|100	6220	50
11	19	5	deadlystrike_v	102	153					1	311	60|80|100	6220	50
11	19	6	strength_v	102	153					1	311	60|80|100	6220	50
11	19	7	dexterity_v	102	153					1	311	60|80|100	6220	50
11	19	8	ignore_metal_resist_v	100	100	102	153			2	311	60|80|100	2000	100
11	19	9	ignore_defense_v	102	153					1	311	60|80|100	6220	50
11	19	10	rangedamage_return_v	407	610					1	1242	60|80|100	6210	120
11	19	11	meleedamage_return_v	407	610					1	1242	60|80|100	6210	120
11	19	12	attackrating_v	102	153					1	311	60|80|100	6220	120
11	19	13	lifemax_v	2028	3042					1	6209	60|80|100	6209	100
11	19	14	manamax_v	2028	3042					1	6209	60|80|100	6209	120
11	19	15	metal_resist_v	508	761					1	1552	60|80|100	6208	100
11	19	16	stealmana_v	203	304					1	621	60|80|100	6210	120
11	19	17	steallife_v	203	304					1	621	60|80|100	6210	100
11	19	18	recover_life_v	102	153	9	9			1	311	60|80|100	6220	100
11	19	19	recover_mana_v	102	153	9	9			1	311	60|80|100	6220	120
11	19	20	lifereplenish_w	812	1217					1	2483	60|80|100	6208	100
11	19	21	manareplenish_w	812	1217					1	2483	60|80|100	6208	120
11	19	22	weaken_deadlystrike_damage_v	102	153					1	311	60|80|100	6220	100
11	19	23	weaken_deadlystrike_v	102	153					1	311	60|80|100	6220	100
11	19	24	defense_v	102	153					1	311	60|80|100	6220	100
11	19	25	vitality_v	102	153					1	311	60|80|100	6220	100
11	19	26	energy_v	102	153					1	311	60|80|100	6220	100
11	19	27	return_resist_range_v	407	610					1	1242	60|80|100	6210	120
11	19	28	return_resist_melee_v	407	610					1	1242	60|80|100	6210	120
11	20	1	physical_metaldamage_v	106	159					1	323	60|80|100	6460	50
11	20	2	energy_metaldamage_v	106	159					1	323	60|80|100	6460	50
11	20	3	basic_damage_v	106	159			106	159	1	323	60|80|100	6460	50
11	20	4	deadlystrike_damage_v	106	159					1	323	60|80|100	6460	50
11	20	5	deadlystrike_v	106	159					1	323	60|80|100	6460	50
11	20	6	strength_v	106	159					1	323	60|80|100	6460	50
11	20	7	dexterity_v	106	159					1	323	60|80|100	6460	50
11	20	8	ignore_metal_resist_v	100	100	106	159			2	323	60|80|100	2000	100
11	20	9	ignore_defense_v	106	159					1	323	60|80|100	6460	50
11	20	10	rangedamage_return_v	421	632					1	1289	60|80|100	6445	120
11	20	11	meleedamage_return_v	421	632					1	1289	60|80|100	6445	120
11	20	12	attackrating_v	106	159					1	323	60|80|100	6460	120
11	20	13	lifemax_v	2106	3159					1	6446	60|80|100	6446	100
11	20	14	manamax_v	2106	3159					1	6446	60|80|100	6446	120
11	20	15	metal_resist_v	527	790					1	1612	60|80|100	6448	100
11	20	16	stealmana_v	211	316					1	645	60|80|100	6450	120
11	20	17	steallife_v	211	316					1	645	60|80|100	6450	100
11	20	18	recover_life_v	106	159	9	9			1	323	60|80|100	6460	100
11	20	19	recover_mana_v	106	159	9	9			1	323	60|80|100	6460	120
11	20	20	lifereplenish_w	843	1264					1	2578	60|80|100	6445	100
11	20	21	manareplenish_w	843	1264					1	2578	60|80|100	6445	120
11	20	22	weaken_deadlystrike_damage_v	106	159					1	323	60|80|100	6460	100
11	20	23	weaken_deadlystrike_v	106	159					1	323	60|80|100	6460	100
11	20	24	defense_v	106	159					1	323	60|80|100	6460	100
11	20	25	vitality_v	106	159					1	323	60|80|100	6460	100
11	20	26	energy_v	106	159					1	323	60|80|100	6460	100
11	20	27	return_resist_range_v	421	632					1	1289	60|80|100	6445	120
11	20	28	return_resist_melee_v	421	632					1	1289	60|80|100	6445	120
11	21	1	physical_metaldamage_v	110	165					1	334	60|80|100	6680	50
11	21	2	energy_metaldamage_v	110	165					1	334	60|80|100	6680	50
11	21	3	basic_damage_v	110	165			110	165	1	334	60|80|100	6680	50
11	21	4	deadlystrike_damage_v	110	165					1	334	60|80|100	6680	50
11	21	5	deadlystrike_v	110	165					1	334	60|80|100	6680	50
11	21	6	strength_v	110	165					1	334	60|80|100	6680	50
11	21	7	dexterity_v	110	165					1	334	60|80|100	6680	50
11	21	8	ignore_metal_resist_v	100	100	110	165			2	334	60|80|100	2000	100
11	21	9	ignore_defense_v	110	165					1	334	60|80|100	6680	50
11	21	10	rangedamage_return_v	437	656					1	1337	60|80|100	6685	120
11	21	11	meleedamage_return_v	437	656					1	1337	60|80|100	6685	120
11	21	12	attackrating_v	110	165					1	334	60|80|100	6680	120
11	21	13	lifemax_v	2184	3275					1	6682	60|80|100	6682	100
11	21	14	manamax_v	2184	3275					1	6682	60|80|100	6682	120
11	21	15	metal_resist_v	546	819					1	1671	60|80|100	6684	100
11	21	16	stealmana_v	219	328					1	669	60|80|100	6690	120
11	21	17	steallife_v	219	328					1	669	60|80|100	6690	100
11	21	18	recover_life_v	110	165	9	9			1	334	60|80|100	6680	100
11	21	19	recover_mana_v	110	165	9	9			1	334	60|80|100	6680	120
11	21	20	lifereplenish_w	873	1310					1	2673	60|80|100	6683	100
11	21	21	manareplenish_w	873	1310					1	2673	60|80|100	6683	120
11	21	22	weaken_deadlystrike_damage_v	110	165					1	334	60|80|100	6680	100
11	21	23	weaken_deadlystrike_v	110	165					1	334	60|80|100	6680	100
11	21	24	defense_v	110	165					1	334	60|80|100	6680	100
11	21	25	vitality_v	110	165					1	334	60|80|100	6680	100
11	21	26	energy_v	110	165					1	334	60|80|100	6680	100
11	21	27	return_resist_range_v	437	656					1	1337	60|80|100	6685	120
11	21	28	return_resist_melee_v	437	656					1	1337	60|80|100	6685	120
12	1	1	physical_wooddamage_v	22	33					1	65	60|80|100	1300	50
12	1	2	energy_wooddamage_v	22	33					1	65	60|80|100	1300	50
12	1	3	basic_damage_v	22	33			22	33	1	65	60|80|100	1300	50
12	1	4	deadlystrike_damage_v	22	33					1	65	60|80|100	1300	50
12	1	5	deadlystrike_v	22	33					1	65	60|80|100	1300	50
12	1	6	strength_v	22	33					1	65	60|80|100	1300	50
12	1	7	dexterity_v	22	33					1	65	60|80|100	1300	50
12	1	8	ignore_wood_resist_v	100	100	22	33			2	100	60|80|100	2000	100
12	1	9	ignore_defense_v	22	33					1	65	60|80|100	1300	50
12	1	10	rangedamage_return_v	85	128					1	258	60|80|100	1290	120
12	1	11	meleedamage_return_v	85	128					1	258	60|80|100	1290	120
12	1	12	attackrating_v	22	33					1	65	60|80|100	1300	120
12	1	13	lifemax_v	422	633					1	1292	60|80|100	1292	100
12	1	14	manamax_v	422	633					1	1292	60|80|100	1292	120
12	1	15	wood_resist_v	106	159					1	323	60|80|100	1292	100
12	1	16	stealmana_v	43	64					1	130	60|80|100	1300	120
12	1	17	steallife_v	43	64					1	130	60|80|100	1300	100
12	1	18	recover_life_v	22	33	9	9			1	65	60|80|100	1300	100
12	1	19	recover_mana_v	22	33	9	9			1	65	60|80|100	1300	120
12	1	20	lifereplenish_w	169	254					1	516	60|80|100	1290	100
12	1	21	manareplenish_w	169	254					1	516	60|80|100	1290	120
12	1	22	weaken_deadlystrike_damage_v	22	33					1	65	60|80|100	1300	100
12	1	23	weaken_deadlystrike_v	22	33					1	65	60|80|100	1300	100
12	1	24	defense_v	22	33					1	65	60|80|100	1300	100
12	1	25	vitality_v	22	33					1	65	60|80|100	1300	100
12	1	26	energy_v	22	33					1	65	60|80|100	1300	100
12	1	27	return_resist_range_v	85	128					1	258	60|80|100	1290	120
12	1	28	return_resist_melee_v	85	128					1	258	60|80|100	1290	120
12	2	1	physical_wooddamage_v	24	36					1	75	60|80|100	1500	50
12	2	2	energy_wooddamage_v	24	36					1	75	60|80|100	1500	50
12	2	3	basic_damage_v	24	36			24	36	1	75	60|80|100	1500	50
12	2	4	deadlystrike_damage_v	24	36					1	75	60|80|100	1500	50
12	2	5	deadlystrike_v	24	36					1	75	60|80|100	1500	50
12	2	6	strength_v	24	36					1	75	60|80|100	1500	50
12	2	7	dexterity_v	24	36					1	75	60|80|100	1500	50
12	2	8	ignore_wood_resist_v	100	100	24	36			2	100	60|80|100	2000	100
12	2	9	ignore_defense_v	24	36					1	75	60|80|100	1500	50
12	2	10	rangedamage_return_v	97	146					1	297	60|80|100	1485	120
12	2	11	meleedamage_return_v	97	146					1	297	60|80|100	1485	120
12	2	12	attackrating_v	24	36					1	75	60|80|100	1500	120
12	2	13	lifemax_v	485	728					1	1485	60|80|100	1485	100
12	2	14	manamax_v	485	728					1	1485	60|80|100	1485	120
12	2	15	wood_resist_v	121	182					1	371	60|80|100	1484	100
12	2	16	stealmana_v	49	74					1	149	60|80|100	1490	120
12	2	17	steallife_v	49	74					1	149	60|80|100	1490	100
12	2	18	recover_life_v	24	36	9	9			1	75	60|80|100	1500	100
12	2	19	recover_mana_v	24	36	9	9			1	75	60|80|100	1500	120
12	2	20	lifereplenish_w	195	292					1	594	60|80|100	1485	100
12	2	21	manareplenish_w	195	292					1	594	60|80|100	1485	120
12	2	22	weaken_deadlystrike_damage_v	24	36					1	75	60|80|100	1500	100
12	2	23	weaken_deadlystrike_v	24	36					1	75	60|80|100	1500	100
12	2	24	defense_v	24	36					1	75	60|80|100	1500	100
12	2	25	vitality_v	24	36					1	75	60|80|100	1500	100
12	2	26	energy_v	24	36					1	75	60|80|100	1500	100
12	2	27	return_resist_range_v	97	146					1	297	60|80|100	1485	120
12	2	28	return_resist_melee_v	97	146					1	297	60|80|100	1485	120
12	3	1	physical_wooddamage_v	28	42					1	86	60|80|100	1720	50
12	3	2	energy_wooddamage_v	28	42					1	86	60|80|100	1720	50
12	3	3	basic_damage_v	28	42			28	42	1	86	60|80|100	1720	50
12	3	4	deadlystrike_damage_v	28	42					1	86	60|80|100	1720	50
12	3	5	deadlystrike_v	28	42					1	86	60|80|100	1720	50
12	3	6	strength_v	28	42					1	86	60|80|100	1720	50
12	3	7	dexterity_v	28	42					1	86	60|80|100	1720	50
12	3	8	ignore_wood_resist_v	100	100	28	42			2	100	60|80|100	2000	100
12	3	9	ignore_defense_v	28	42					1	86	60|80|100	1720	50
12	3	10	rangedamage_return_v	112	168					1	342	60|80|100	1710	120
12	3	11	meleedamage_return_v	112	168					1	342	60|80|100	1710	120
12	3	12	attackrating_v	28	42					1	86	60|80|100	1720	120
12	3	13	lifemax_v	558	837					1	1708	60|80|100	1708	100
12	3	14	manamax_v	558	837					1	1708	60|80|100	1708	120
12	3	15	wood_resist_v	140	209					1	428	60|80|100	1712	100
12	3	16	stealmana_v	56	83					1	171	60|80|100	1710	120
12	3	17	steallife_v	56	83					1	171	60|80|100	1710	100
12	3	18	recover_life_v	28	42	9	9			1	86	60|80|100	1720	100
12	3	19	recover_mana_v	28	42	9	9			1	86	60|80|100	1720	120
12	3	20	lifereplenish_w	224	335					1	683	60|80|100	1708	100
12	3	21	manareplenish_w	224	335					1	683	60|80|100	1708	120
12	3	22	weaken_deadlystrike_damage_v	28	42					1	86	60|80|100	1720	100
12	3	23	weaken_deadlystrike_v	28	42					1	86	60|80|100	1720	100
12	3	24	defense_v	28	42					1	86	60|80|100	1720	100
12	3	25	vitality_v	28	42					1	86	60|80|100	1720	100
12	3	26	energy_v	28	42					1	86	60|80|100	1720	100
12	3	27	return_resist_range_v	112	168					1	342	60|80|100	1710	120
12	3	28	return_resist_melee_v	112	168					1	342	60|80|100	1710	120
12	4	1	physical_wooddamage_v	32	48					1	99	60|80|100	1980	50
12	4	2	energy_wooddamage_v	32	48					1	99	60|80|100	1980	50
12	4	3	basic_damage_v	32	48			32	48	1	99	60|80|100	1980	50
12	4	4	deadlystrike_damage_v	32	48					1	99	60|80|100	1980	50
12	4	5	deadlystrike_v	32	48					1	99	60|80|100	1980	50
12	4	6	strength_v	32	48					1	99	60|80|100	1980	50
12	4	7	dexterity_v	32	48					1	99	60|80|100	1980	50
12	4	8	ignore_wood_resist_v	100	100	32	48			2	100	60|80|100	2000	100
12	4	9	ignore_defense_v	32	48					1	99	60|80|100	1980	50
12	4	10	rangedamage_return_v	128	192					1	393	60|80|100	1965	120
12	4	11	meleedamage_return_v	128	192					1	393	60|80|100	1965	120
12	4	12	attackrating_v	32	48					1	99	60|80|100	1980	120
12	4	13	lifemax_v	642	963					1	1964	60|80|100	1964	100
12	4	14	manamax_v	642	963					1	1964	60|80|100	1964	120
12	4	15	wood_resist_v	160	240					1	491	60|80|100	1964	100
12	4	16	stealmana_v	65	98					1	197	60|80|100	1970	120
12	4	17	steallife_v	65	98					1	197	60|80|100	1970	100
12	4	18	recover_life_v	32	48	9	9			1	99	60|80|100	1980	100
12	4	19	recover_mana_v	32	48	9	9			1	99	60|80|100	1980	120
12	4	20	lifereplenish_w	257	386					1	785	60|80|100	1963	100
12	4	21	manareplenish_w	257	386					1	785	60|80|100	1963	120
12	4	22	weaken_deadlystrike_damage_v	32	48					1	99	60|80|100	1980	100
12	4	23	weaken_deadlystrike_v	32	48					1	99	60|80|100	1980	100
12	4	24	defense_v	32	48					1	99	60|80|100	1980	100
12	4	25	vitality_v	32	48					1	99	60|80|100	1980	100
12	4	26	energy_v	32	48					1	99	60|80|100	1980	100
12	4	27	return_resist_range_v	128	192					1	393	60|80|100	1965	120
12	4	28	return_resist_melee_v	128	192					1	393	60|80|100	1965	120
12	5	1	physical_wooddamage_v	37	56					1	113	60|80|100	2260	50
12	5	2	energy_wooddamage_v	37	56					1	113	60|80|100	2260	50
12	5	3	basic_damage_v	37	56			37	56	1	113	60|80|100	2260	50
12	5	4	deadlystrike_damage_v	37	56					1	113	60|80|100	2260	50
12	5	5	deadlystrike_v	37	56					1	113	60|80|100	2260	50
12	5	6	strength_v	37	56					1	113	60|80|100	2260	50
12	5	7	dexterity_v	37	56					1	113	60|80|100	2260	50
12	5	8	ignore_wood_resist_v	100	100	37	56			2	113	60|80|100	2000	100
12	5	9	ignore_defense_v	37	56					1	113	60|80|100	2260	50
12	5	10	rangedamage_return_v	148	221					1	452	60|80|100	2260	120
12	5	11	meleedamage_return_v	148	221					1	452	60|80|100	2260	120
12	5	12	attackrating_v	37	56					1	113	60|80|100	2260	120
12	5	13	lifemax_v	738	1107					1	2258	60|80|100	2258	100
12	5	14	manamax_v	738	1107					1	2258	60|80|100	2258	120
12	5	15	wood_resist_v	184	276					1	564	60|80|100	2256	100
12	5	16	stealmana_v	74	111					1	226	60|80|100	2260	120
12	5	17	steallife_v	74	111					1	226	60|80|100	2260	100
12	5	18	recover_life_v	37	56	9	9			1	113	60|80|100	2260	100
12	5	19	recover_mana_v	37	56	9	9			1	113	60|80|100	2260	120
12	5	20	lifereplenish_w	295	442					1	903	60|80|100	2258	100
12	5	21	manareplenish_w	295	442					1	903	60|80|100	2258	120
12	5	22	weaken_deadlystrike_damage_v	37	56					1	113	60|80|100	2260	100
12	5	23	weaken_deadlystrike_v	37	56					1	113	60|80|100	2260	100
12	5	24	defense_v	37	56					1	113	60|80|100	2260	100
12	5	25	vitality_v	37	56					1	113	60|80|100	2260	100
12	5	26	energy_v	37	56					1	113	60|80|100	2260	100
12	5	27	return_resist_range_v	148	221					1	452	60|80|100	2260	120
12	5	28	return_resist_melee_v	148	221					1	452	60|80|100	2260	120
12	6	1	physical_wooddamage_v	43	64					1	130	60|80|100	2600	50
12	6	2	energy_wooddamage_v	43	64					1	130	60|80|100	2600	50
12	6	3	basic_damage_v	43	64			43	64	1	130	60|80|100	2600	50
12	6	4	deadlystrike_damage_v	43	64					1	130	60|80|100	2600	50
12	6	5	deadlystrike_v	43	64					1	130	60|80|100	2600	50
12	6	6	strength_v	43	64					1	130	60|80|100	2600	50
12	6	7	dexterity_v	43	64					1	130	60|80|100	2600	50
12	6	8	ignore_wood_resist_v	100	100	43	64			2	130	60|80|100	2000	100
12	6	9	ignore_defense_v	43	64					1	130	60|80|100	2600	50
12	6	10	rangedamage_return_v	170	255					1	520	60|80|100	2600	120
12	6	11	meleedamage_return_v	170	255					1	520	60|80|100	2600	120
12	6	12	attackrating_v	43	64					1	130	60|80|100	2600	120
12	6	13	lifemax_v	848	1272					1	2596	60|80|100	2596	100
12	6	14	manamax_v	848	1272					1	2596	60|80|100	2596	120
12	6	15	wood_resist_v	212	318					1	650	60|80|100	2600	100
12	6	16	stealmana_v	85	128					1	260	60|80|100	2600	120
12	6	17	steallife_v	85	128					1	260	60|80|100	2600	100
12	6	18	recover_life_v	43	64	9	9			1	130	60|80|100	2600	100
12	6	19	recover_mana_v	43	64	9	9			1	130	60|80|100	2600	120
12	6	20	lifereplenish_w	340	509					1	1038	60|80|100	2595	100
12	6	21	manareplenish_w	340	509					1	1038	60|80|100	2595	120
12	6	22	weaken_deadlystrike_damage_v	43	64					1	130	60|80|100	2600	100
12	6	23	weaken_deadlystrike_v	43	64					1	130	60|80|100	2600	100
12	6	24	defense_v	43	64					1	130	60|80|100	2600	100
12	6	25	vitality_v	43	64					1	130	60|80|100	2600	100
12	6	26	energy_v	43	64					1	130	60|80|100	2600	100
12	6	27	return_resist_range_v	170	255					1	520	60|80|100	2600	120
12	6	28	return_resist_melee_v	170	255					1	520	60|80|100	2600	120
12	7	1	physical_wooddamage_v	47	70					1	143	60|80|100	2860	50
12	7	2	energy_wooddamage_v	47	70					1	143	60|80|100	2860	50
12	7	3	basic_damage_v	47	70			47	70	1	143	60|80|100	2860	50
12	7	4	deadlystrike_damage_v	47	70					1	143	60|80|100	2860	50
12	7	5	deadlystrike_v	47	70					1	143	60|80|100	2860	50
12	7	6	strength_v	47	70					1	143	60|80|100	2860	50
12	7	7	dexterity_v	47	70					1	143	60|80|100	2860	50
12	7	8	ignore_wood_resist_v	100	100	47	70			2	143	60|80|100	2000	100
12	7	9	ignore_defense_v	47	70					1	143	60|80|100	2860	50
12	7	10	rangedamage_return_v	187	280					1	572	60|80|100	2860	120
12	7	11	meleedamage_return_v	187	280					1	572	60|80|100	2860	120
12	7	12	attackrating_v	47	70					1	143	60|80|100	2860	120
12	7	13	lifemax_v	933	1400					1	2856	60|80|100	2856	100
12	7	14	manamax_v	933	1400					1	2856	60|80|100	2856	120
12	7	15	wood_resist_v	234	351					1	714	60|80|100	2856	100
12	7	16	stealmana_v	94	141	9	9			1	286	60|80|100	2860	120
12	7	17	steallife_v	94	141	9	9			1	286	60|80|100	2860	100
12	7	18	recover_life_v	47	70	9	9			1	143	60|80|100	2860	100
12	7	19	recover_mana_v	47	70	9	9			1	143	60|80|100	2860	120
12	7	20	lifereplenish_w	373	560					1	1143	60|80|100	2858	100
12	7	21	manareplenish_w	373	560					1	1143	60|80|100	2858	120
12	7	22	weaken_deadlystrike_damage_v	47	70					1	143	60|80|100	2860	100
12	7	23	weaken_deadlystrike_v	47	70					1	143	60|80|100	2860	100
12	7	24	defense_v	47	70					1	143	60|80|100	2860	100
12	7	25	vitality_v	47	70					1	143	60|80|100	2860	100
12	7	26	energy_v	47	70					1	143	60|80|100	2860	100
12	7	27	return_resist_range_v	187	280					1	572	60|80|100	2860	120
12	7	28	return_resist_melee_v	187	280					1	572	60|80|100	2860	120
12	8	1	physical_wooddamage_v	52	77					1	158	60|80|100	3160	50
12	8	2	energy_wooddamage_v	52	77					1	158	60|80|100	3160	50
12	8	3	basic_damage_v	52	77			52	77	1	158	60|80|100	3160	50
12	8	4	deadlystrike_damage_v	52	77					1	158	60|80|100	3160	50
12	8	5	deadlystrike_v	52	77					1	158	60|80|100	3160	50
12	8	6	strength_v	52	77					1	158	60|80|100	3160	50
12	8	7	dexterity_v	52	77					1	158	60|80|100	3160	50
12	8	8	ignore_wood_resist_v	100	100	52	77			2	158	60|80|100	2000	100
12	8	9	ignore_defense_v	52	77					1	158	60|80|100	3160	50
12	8	10	rangedamage_return_v	206	309					1	629	60|80|100	3145	120
12	8	11	meleedamage_return_v	206	309					1	629	60|80|100	3145	120
12	8	12	attackrating_v	52	77					1	158	60|80|100	3160	120
12	8	13	lifemax_v	1027	1540					1	3142	60|80|100	3142	100
12	8	14	manamax_v	1027	1540					1	3142	60|80|100	3142	120
12	8	15	wood_resist_v	257	386					1	785	60|80|100	3140	100
12	8	16	stealmana_v	103	154					1	315	60|80|100	3150	120
12	8	17	steallife_v	103	154					1	315	60|80|100	3150	100
12	8	18	recover_life_v	52	77	9	9			1	158	60|80|100	3160	100
12	8	19	recover_mana_v	52	77	9	9			1	158	60|80|100	3160	120
12	8	20	lifereplenish_w	411	616					1	1257	60|80|100	3143	100
12	8	21	manareplenish_w	411	616					1	1257	60|80|100	3143	120
12	8	22	weaken_deadlystrike_damage_v	52	77					1	158	60|80|100	3160	100
12	8	23	weaken_deadlystrike_v	52	77					1	158	60|80|100	3160	100
12	8	24	defense_v	52	77					1	158	60|80|100	3160	100
12	8	25	vitality_v	52	77					1	158	60|80|100	3160	100
12	8	26	energy_v	52	77					1	158	60|80|100	3160	100
12	8	27	return_resist_range_v	206	309					1	629	60|80|100	3145	120
12	8	28	return_resist_melee_v	206	309					1	629	60|80|100	3145	120
12	9	1	physical_wooddamage_v	57	86					1	173	60|80|100	3460	50
12	9	2	energy_wooddamage_v	57	86					1	173	60|80|100	3460	50
12	9	3	basic_damage_v	57	86			57	86	1	173	60|80|100	3460	50
12	9	4	deadlystrike_damage_v	57	86					1	173	60|80|100	3460	50
12	9	5	deadlystrike_v	57	86					1	173	60|80|100	3460	50
12	9	6	strength_v	57	86					1	173	60|80|100	3460	50
12	9	7	dexterity_v	57	86					1	173	60|80|100	3460	50
12	9	8	ignore_wood_resist_v	100	100	57	86			2	173	60|80|100	2000	100
12	9	9	ignore_defense_v	57	86					1	173	60|80|100	3460	50
12	9	10	rangedamage_return_v	226	339					1	692	60|80|100	3460	120
12	9	11	meleedamage_return_v	226	339					1	692	60|80|100	3460	120
12	9	12	attackrating_v	57	86					1	173	60|80|100	3460	120
12	9	13	lifemax_v	1129	1694					1	3455	60|80|100	3455	100
12	9	14	manamax_v	1129	1694					1	3455	60|80|100	3455	120
12	9	15	wood_resist_v	283	424					1	864	60|80|100	3456	100
12	9	16	stealmana_v	113	170					1	346	60|80|100	3460	120
12	9	17	steallife_v	113	170					1	346	60|80|100	3460	100
12	9	18	recover_life_v	57	86	9	9			1	173	60|80|100	3460	100
12	9	19	recover_mana_v	57	86	9	9			1	173	60|80|100	3460	120
12	9	20	lifereplenish_w	452	677					1	1383	60|80|100	3458	100
12	9	21	manareplenish_w	452	677					1	1383	60|80|100	3458	120
12	9	22	weaken_deadlystrike_damage_v	57	86					1	173	60|80|100	3460	100
12	9	23	weaken_deadlystrike_v	57	86					1	173	60|80|100	3460	100
12	9	24	defense_v	57	86					1	173	60|80|100	3460	100
12	9	25	vitality_v	57	86					1	173	60|80|100	3460	100
12	9	26	energy_v	57	86					1	173	60|80|100	3460	100
12	9	27	return_resist_range_v	226	339					1	692	60|80|100	3460	120
12	9	28	return_resist_melee_v	226	339					1	692	60|80|100	3460	120
12	10	1	physical_wooddamage_v	63	94					1	190	60|80|100	3800	50
12	10	2	energy_wooddamage_v	63	94					1	190	60|80|100	3800	50
12	10	3	basic_damage_v	63	94			63	94	1	190	60|80|100	3800	50
12	10	4	deadlystrike_damage_v	63	94					1	190	60|80|100	3800	50
12	10	5	deadlystrike_v	63	94					1	190	60|80|100	3800	50
12	10	6	strength_v	63	94					1	190	60|80|100	3800	50
12	10	7	dexterity_v	63	94					1	190	60|80|100	3800	50
12	10	8	ignore_wood_resist_v	100	100	63	94			2	190	60|80|100	2000	100
12	10	9	ignore_defense_v	63	94					1	190	60|80|100	3800	50
12	10	10	rangedamage_return_v	248	372					1	760	60|80|100	3800	120
12	10	11	meleedamage_return_v	248	372					1	760	60|80|100	3800	120
12	10	12	attackrating_v	63	94					1	190	60|80|100	3800	120
12	10	13	lifemax_v	1242	1863					1	3801	60|80|100	3801	100
12	10	14	manamax_v	1242	1863					1	3801	60|80|100	3801	120
12	10	15	wood_resist_v	311	466					1	951	60|80|100	3804	100
12	10	16	stealmana_v	124	186					1	381	60|80|100	3810	120
12	10	17	steallife_v	124	186					1	381	60|80|100	3810	100
12	10	18	recover_life_v	63	94	9	9			1	190	60|80|100	3800	100
12	10	19	recover_mana_v	63	94	9	9			1	190	60|80|100	3800	120
12	10	20	lifereplenish_w	497	746					1	1521	60|80|100	3803	100
12	10	21	manareplenish_w	497	746					1	1521	60|80|100	3803	120
12	10	22	weaken_deadlystrike_damage_v	63	94					1	190	60|80|100	3800	100
12	10	23	weaken_deadlystrike_v	63	94					1	190	60|80|100	3800	100
12	10	24	defense_v	63	94					1	190	60|80|100	3800	100
12	10	25	vitality_v	63	94					1	190	60|80|100	3800	100
12	10	26	energy_v	63	94					1	190	60|80|100	3800	100
12	10	27	return_resist_range_v	248	372					1	760	60|80|100	3800	120
12	10	28	return_resist_melee_v	248	372					1	760	60|80|100	3800	120
12	11	1	physical_wooddamage_v	68	102					1	209	60|80|100	4180	50
12	11	2	energy_wooddamage_v	68	102					1	209	60|80|100	4180	50
12	11	3	basic_damage_v	68	102			68	102	1	209	60|80|100	4180	50
12	11	4	deadlystrike_damage_v	68	102					1	209	60|80|100	4180	50
12	11	5	deadlystrike_v	68	102					1	209	60|80|100	4180	50
12	11	6	strength_v	68	102					1	209	60|80|100	4180	50
12	11	7	dexterity_v	68	102					1	209	60|80|100	4180	50
12	11	8	ignore_wood_resist_v	100	100	68	102			2	209	60|80|100	2000	100
12	11	9	ignore_defense_v	68	102					1	209	60|80|100	4180	50
12	11	10	rangedamage_return_v	274	411					1	837	60|80|100	4185	120
12	11	11	meleedamage_return_v	274	411					1	837	60|80|100	4185	120
12	11	12	attackrating_v	68	102					1	209	60|80|100	4180	120
12	11	13	lifemax_v	1366	2049					1	4181	60|80|100	4181	100
12	11	14	manamax_v	1366	2049					1	4181	60|80|100	4181	120
12	11	15	wood_resist_v	342	513					1	1046	60|80|100	4184	100
12	11	16	stealmana_v	137	206					1	418	60|80|100	4180	120
12	11	17	steallife_v	137	206					1	418	60|80|100	4180	100
12	11	18	recover_life_v	68	102	9	9			1	209	60|80|100	4180	100
12	11	19	recover_mana_v	68	102	9	9			1	209	60|80|100	4180	120
12	11	20	lifereplenish_w	547	820					1	1673	60|80|100	4183	100
12	11	21	manareplenish_w	547	820					1	1673	60|80|100	4183	120
12	11	22	weaken_deadlystrike_damage_v	68	102					1	209	60|80|100	4180	100
12	11	23	weaken_deadlystrike_v	68	102					1	209	60|80|100	4180	100
12	11	24	defense_v	68	102					1	209	60|80|100	4180	100
12	11	25	vitality_v	68	102					1	209	60|80|100	4180	100
12	11	26	energy_v	68	102					1	209	60|80|100	4180	100
12	11	27	return_resist_range_v	274	411					1	837	60|80|100	4185	120
12	11	28	return_resist_melee_v	274	411					1	837	60|80|100	4185	120
12	12	1	physical_wooddamage_v	75	112					1	228	60|80|100	4560	50
12	12	2	energy_wooddamage_v	75	112					1	228	60|80|100	4560	50
12	12	3	basic_damage_v	75	112			75	112	1	228	60|80|100	4560	50
12	12	4	deadlystrike_damage_v	75	112					1	228	60|80|100	4560	50
12	12	5	deadlystrike_v	75	112					1	228	60|80|100	4560	50
12	12	6	strength_v	75	112					1	228	60|80|100	4560	50
12	12	7	dexterity_v	75	112					1	228	60|80|100	4560	50
12	12	8	ignore_wood_resist_v	100	100	75	112			2	228	60|80|100	2000	100
12	12	9	ignore_defense_v	75	112					1	228	60|80|100	4560	50
12	12	10	rangedamage_return_v	298	447					1	912	60|80|100	4560	120
12	12	11	meleedamage_return_v	298	447					1	912	60|80|100	4560	120
12	12	12	attackrating_v	75	112					1	228	60|80|100	4560	120
12	12	13	lifemax_v	1491	2236					1	4562	60|80|100	4562	100
12	12	14	manamax_v	1491	2236					1	4562	60|80|100	4562	120
12	12	15	wood_resist_v	373	560					1	1140	60|80|100	4560	100
12	12	16	stealmana_v	149	224					1	456	60|80|100	4560	120
12	12	17	steallife_v	149	224					1	456	60|80|100	4560	100
12	12	18	recover_life_v	75	112	9	9			1	228	60|80|100	4560	100
12	12	19	recover_mana_v	75	112	9	9			1	228	60|80|100	4560	120
12	12	20	lifereplenish_w	596	894					1	1824	60|80|100	4560	100
12	12	21	manareplenish_w	596	894					1	1824	60|80|100	4560	120
12	12	22	weaken_deadlystrike_damage_v	75	112					1	228	60|80|100	4560	100
12	12	23	weaken_deadlystrike_v	75	112					1	228	60|80|100	4560	100
12	12	24	defense_v	75	112					1	228	60|80|100	4560	100
12	12	25	vitality_v	75	112					1	228	60|80|100	4560	100
12	12	26	energy_v	75	112					1	228	60|80|100	4560	100
12	12	27	return_resist_range_v	298	447					1	912	60|80|100	4560	120
12	12	28	return_resist_melee_v	298	447					1	912	60|80|100	4560	120
12	13	1	physical_wooddamage_v	79	118					1	240	60|80|100	4800	50
12	13	2	energy_wooddamage_v	79	118					1	240	60|80|100	4800	50
12	13	3	basic_damage_v	79	118			79	118	1	240	60|80|100	4800	50
12	13	4	deadlystrike_damage_v	79	118					1	240	60|80|100	4800	50
12	13	5	deadlystrike_v	79	118					1	240	60|80|100	4800	50
12	13	6	strength_v	79	118					1	240	60|80|100	4800	50
12	13	7	dexterity_v	79	118					1	240	60|80|100	4800	50
12	13	8	ignore_wood_resist_v	100	100	79	118			2	240	60|80|100	2000	100
12	13	9	ignore_defense_v	79	118					1	240	60|80|100	4800	50
12	13	10	rangedamage_return_v	313	470					1	958	60|80|100	4790	120
12	13	11	meleedamage_return_v	313	470					1	958	60|80|100	4790	120
12	13	12	attackrating_v	79	118					1	240	60|80|100	4800	120
12	13	13	lifemax_v	1565	2348					1	4790	60|80|100	4790	100
12	13	14	manamax_v	1565	2348					1	4790	60|80|100	4790	120
12	13	15	wood_resist_v	392	587					1	1198	60|80|100	4792	100
12	13	16	stealmana_v	156	234					1	479	60|80|100	4790	120
12	13	17	steallife_v	156	234					1	479	60|80|100	4790	100
12	13	18	recover_life_v	79	118	9	9			1	240	60|80|100	4800	100
12	13	19	recover_mana_v	79	118	9	9			1	240	60|80|100	4800	120
12	13	20	lifereplenish_w	626	939					1	1916	60|80|100	4790	100
12	13	21	manareplenish_w	626	939					1	1916	60|80|100	4790	120
12	13	22	weaken_deadlystrike_damage_v	79	118					1	240	60|80|100	4800	100
12	13	23	weaken_deadlystrike_v	79	118					1	240	60|80|100	4800	100
12	13	24	defense_v	79	118					1	240	60|80|100	4800	100
12	13	25	vitality_v	79	118					1	240	60|80|100	4800	100
12	13	26	energy_v	79	118					1	240	60|80|100	4800	100
12	13	27	return_resist_range_v	313	470					1	958	60|80|100	4790	120
12	13	28	return_resist_melee_v	313	470					1	958	60|80|100	4790	120
12	14	1	physical_wooddamage_v	82	123					1	251	60|80|100	5020	50
12	14	2	energy_wooddamage_v	82	123					1	251	60|80|100	5020	50
12	14	3	basic_damage_v	82	123			82	123	1	251	60|80|100	5020	50
12	14	4	deadlystrike_damage_v	82	123					1	251	60|80|100	5020	50
12	14	5	deadlystrike_v	82	123					1	251	60|80|100	5020	50
12	14	6	strength_v	82	123					1	251	60|80|100	5020	50
12	14	7	dexterity_v	82	123					1	251	60|80|100	5020	50
12	14	8	ignore_wood_resist_v	100	100	82	123			2	251	60|80|100	2000	100
12	14	9	ignore_defense_v	82	123					1	251	60|80|100	5020	50
12	14	10	rangedamage_return_v	329	494					1	1006	60|80|100	5030	120
12	14	11	meleedamage_return_v	329	494					1	1006	60|80|100	5030	120
12	14	12	attackrating_v	82	123					1	251	60|80|100	5020	120
12	14	13	lifemax_v	1642	2463					1	5026	60|80|100	5026	100
12	14	14	manamax_v	1642	2463					1	5026	60|80|100	5026	120
12	14	15	wood_resist_v	411	616					1	1257	60|80|100	5028	100
12	14	16	stealmana_v	164	246					1	503	60|80|100	5030	120
12	14	17	steallife_v	164	246					1	503	60|80|100	5030	100
12	14	18	recover_life_v	82	123	9	9			1	251	60|80|100	5020	100
12	14	19	recover_mana_v	82	123	9	9			1	251	60|80|100	5020	120
12	14	20	lifereplenish_w	657	986					1	2010	60|80|100	5025	100
12	14	21	manareplenish_w	657	986					1	2010	60|80|100	5025	120
12	14	22	weaken_deadlystrike_damage_v	82	123					1	251	60|80|100	5020	100
12	14	23	weaken_deadlystrike_v	82	123					1	251	60|80|100	5020	100
12	14	24	defense_v	82	123					1	251	60|80|100	5020	100
12	14	25	vitality_v	82	123					1	251	60|80|100	5020	100
12	14	26	energy_v	82	123					1	251	60|80|100	5020	100
12	14	27	return_resist_range_v	329	494					1	1006	60|80|100	5030	120
12	14	28	return_resist_melee_v	329	494					1	1006	60|80|100	5030	120
12	15	1	physical_wooddamage_v	86	129					1	263	60|80|100	5260	50
12	15	2	energy_wooddamage_v	86	129					1	263	60|80|100	5260	50
12	15	3	basic_damage_v	86	129			86	129	1	263	60|80|100	5260	50
12	15	4	deadlystrike_damage_v	86	129					1	263	60|80|100	5260	50
12	15	5	deadlystrike_v	86	129					1	263	60|80|100	5260	50
12	15	6	strength_v	86	129					1	263	60|80|100	5260	50
12	15	7	dexterity_v	86	129					1	263	60|80|100	5260	50
12	15	8	ignore_wood_resist_v	100	100	86	129			2	263	60|80|100	2000	100
12	15	9	ignore_defense_v	86	129					1	263	60|80|100	5260	50
12	15	10	rangedamage_return_v	344	516					1	1053	60|80|100	5265	120
12	15	11	meleedamage_return_v	344	516					1	1053	60|80|100	5265	120
12	15	12	attackrating_v	86	129					1	263	60|80|100	5260	120
12	15	13	lifemax_v	1720	2579					1	5262	60|80|100	5262	100
12	15	14	manamax_v	1720	2579					1	5262	60|80|100	5262	120
12	15	15	wood_resist_v	430	645					1	1316	60|80|100	5264	100
12	15	16	stealmana_v	172	258					1	527	60|80|100	5270	120
12	15	17	steallife_v	172	258					1	527	60|80|100	5270	100
12	15	18	recover_life_v	86	129	9	9			1	263	60|80|100	5260	100
12	15	19	recover_mana_v	86	129	9	9			1	263	60|80|100	5260	120
12	15	20	lifereplenish_w	688	1032					1	2105	60|80|100	5263	100
12	15	21	manareplenish_w	688	1032					1	2105	60|80|100	5263	120
12	15	22	weaken_deadlystrike_damage_v	86	129					1	263	60|80|100	5260	100
12	15	23	weaken_deadlystrike_v	86	129					1	263	60|80|100	5260	100
12	15	24	defense_v	86	129					1	263	60|80|100	5260	100
12	15	25	vitality_v	86	129					1	263	60|80|100	5260	100
12	15	26	energy_v	86	129					1	263	60|80|100	5260	100
12	15	27	return_resist_range_v	344	516					1	1053	60|80|100	5265	120
12	15	28	return_resist_melee_v	344	516					1	1053	60|80|100	5265	120
12	16	1	physical_wooddamage_v	90	135					1	275	60|80|100	5500	50
12	16	2	energy_wooddamage_v	90	135					1	275	60|80|100	5500	50
12	16	3	basic_damage_v	90	135			90	135	1	275	60|80|100	5500	50
12	16	4	deadlystrike_damage_v	90	135					1	275	60|80|100	5500	50
12	16	5	deadlystrike_v	90	135					1	275	60|80|100	5500	50
12	16	6	strength_v	90	135					1	275	60|80|100	5500	50
12	16	7	dexterity_v	90	135					1	275	60|80|100	5500	50
12	16	8	ignore_wood_resist_v	100	100	90	135			2	275	60|80|100	2000	100
12	16	9	ignore_defense_v	90	135					1	275	60|80|100	5500	50
12	16	10	rangedamage_return_v	360	539					1	1100	60|80|100	5500	120
12	16	11	meleedamage_return_v	360	539					1	1100	60|80|100	5500	120
12	16	12	attackrating_v	90	135					1	275	60|80|100	5500	120
12	16	13	lifemax_v	1796	2694					1	5499	60|80|100	5499	100
12	16	14	manamax_v	1796	2694					1	5499	60|80|100	5499	120
12	16	15	wood_resist_v	449	674					1	1376	60|80|100	5504	100
12	16	16	stealmana_v	180	270					1	550	60|80|100	5500	120
12	16	17	steallife_v	180	270					1	550	60|80|100	5500	100
12	16	18	recover_life_v	90	135	9	9			1	275	60|80|100	5500	100
12	16	19	recover_mana_v	90	135	9	9			1	275	60|80|100	5500	120
12	16	20	lifereplenish_w	719	1078					1	2200	60|80|100	5500	100
12	16	21	manareplenish_w	719	1078					1	2200	60|80|100	5500	120
12	16	22	weaken_deadlystrike_damage_v	90	135					1	275	60|80|100	5500	100
12	16	23	weaken_deadlystrike_v	90	135					1	275	60|80|100	5500	100
12	16	24	defense_v	90	135					1	275	60|80|100	5500	100
12	16	25	vitality_v	90	135					1	275	60|80|100	5500	100
12	16	26	energy_v	90	135					1	275	60|80|100	5500	100
12	16	27	return_resist_range_v	360	539					1	1100	60|80|100	5500	120
12	16	28	return_resist_melee_v	360	539					1	1100	60|80|100	5500	120
12	17	1	physical_wooddamage_v	94	141					1	287	60|80|100	5740	50
12	17	2	energy_wooddamage_v	94	141					1	287	60|80|100	5740	50
12	17	3	basic_damage_v	94	141			94	141	1	287	60|80|100	5740	50
12	17	4	deadlystrike_damage_v	94	141					1	287	60|80|100	5740	50
12	17	5	deadlystrike_v	94	141					1	287	60|80|100	5740	50
12	17	6	strength_v	94	141					1	287	60|80|100	5740	50
12	17	7	dexterity_v	94	141					1	287	60|80|100	5740	50
12	17	8	ignore_wood_resist_v	100	100	94	141			2	287	60|80|100	2000	100
12	17	9	ignore_defense_v	94	141					1	287	60|80|100	5740	50
12	17	10	rangedamage_return_v	375	562					1	1148	60|80|100	5740	120
12	17	11	meleedamage_return_v	375	562					1	1148	60|80|100	5740	120
12	17	12	attackrating_v	94	141					1	287	60|80|100	5740	120
12	17	13	lifemax_v	1874	2811					1	5735	60|80|100	5735	100
12	17	14	manamax_v	1874	2811					1	5735	60|80|100	5735	120
12	17	15	wood_resist_v	469	704					1	1434	60|80|100	5736	100
12	17	16	stealmana_v	188	282					1	574	60|80|100	5740	120
12	17	17	steallife_v	188	282					1	574	60|80|100	5740	100
12	17	18	recover_life_v	94	141	9	9			1	287	60|80|100	5740	100
12	17	19	recover_mana_v	94	141	9	9			1	287	60|80|100	5740	120
12	17	20	lifereplenish_w	750	1125					1	2295	60|80|100	5738	100
12	17	21	manareplenish_w	750	1125					1	2295	60|80|100	5738	120
12	17	22	weaken_deadlystrike_damage_v	94	141					1	287	60|80|100	5740	100
12	17	23	weaken_deadlystrike_v	94	141					1	287	60|80|100	5740	100
12	17	24	defense_v	94	141					1	287	60|80|100	5740	100
12	17	25	vitality_v	94	141					1	287	60|80|100	5740	100
12	17	26	energy_v	94	141					1	287	60|80|100	5740	100
12	17	27	return_resist_range_v	375	562					1	1148	60|80|100	5740	120
12	17	28	return_resist_melee_v	375	562					1	1148	60|80|100	5740	120
12	18	1	physical_wooddamage_v	98	147					1	299	60|80|100	5980	50
12	18	2	energy_wooddamage_v	98	147					1	299	60|80|100	5980	50
12	18	3	basic_damage_v	98	147			98	147	1	299	60|80|100	5980	50
12	18	4	deadlystrike_damage_v	98	147					1	299	60|80|100	5980	50
12	18	5	deadlystrike_v	98	147					1	299	60|80|100	5980	50
12	18	6	strength_v	98	147					1	299	60|80|100	5980	50
12	18	7	dexterity_v	98	147					1	299	60|80|100	5980	50
12	18	8	ignore_wood_resist_v	100	100	98	147			2	299	60|80|100	2000	100
12	18	9	ignore_defense_v	98	147					1	299	60|80|100	5980	50
12	18	10	rangedamage_return_v	391	586					1	1194	60|80|100	5970	120
12	18	11	meleedamage_return_v	391	586					1	1194	60|80|100	5970	120
12	18	12	attackrating_v	98	147					1	299	60|80|100	5980	120
12	18	13	lifemax_v	1952	2927					1	5973	60|80|100	5973	100
12	18	14	manamax_v	1952	2927					1	5973	60|80|100	5973	120
12	18	15	wood_resist_v	488	732					1	1493	60|80|100	5972	100
12	18	16	stealmana_v	196	293	9	9			1	598	60|80|100	5980	120
12	18	17	steallife_v	196	293	9	9			1	598	60|80|100	5980	100
12	18	18	recover_life_v	98	147	9	9			1	299	60|80|100	5980	100
12	18	19	recover_mana_v	98	147	9	9			1	299	60|80|100	5980	120
12	18	20	lifereplenish_w	781	1172					1	2390	60|80|100	5975	100
12	18	21	manareplenish_w	781	1172					1	2390	60|80|100	5975	120
12	18	22	weaken_deadlystrike_damage_v	98	147					1	299	60|80|100	5980	100
12	18	23	weaken_deadlystrike_v	98	147					1	299	60|80|100	5980	100
12	18	24	defense_v	98	147					1	299	60|80|100	5980	100
12	18	25	vitality_v	98	147					1	299	60|80|100	5980	100
12	18	26	energy_v	98	147					1	299	60|80|100	5980	100
12	18	27	return_resist_range_v	391	586					1	1194	60|80|100	5970	120
12	18	28	return_resist_melee_v	391	586					1	1194	60|80|100	5970	120
12	19	1	physical_wooddamage_v	102	153					1	311	60|80|100	6220	50
12	19	2	energy_wooddamage_v	102	153					1	311	60|80|100	6220	50
12	19	3	basic_damage_v	102	153			102	153	1	311	60|80|100	6220	50
12	19	4	deadlystrike_damage_v	102	153					1	311	60|80|100	6220	50
12	19	5	deadlystrike_v	102	153					1	311	60|80|100	6220	50
12	19	6	strength_v	102	153					1	311	60|80|100	6220	50
12	19	7	dexterity_v	102	153					1	311	60|80|100	6220	50
12	19	8	ignore_wood_resist_v	100	100	102	153			2	311	60|80|100	2000	100
12	19	9	ignore_defense_v	102	153					1	311	60|80|100	6220	50
12	19	10	rangedamage_return_v	407	610					1	1242	60|80|100	6210	120
12	19	11	meleedamage_return_v	407	610					1	1242	60|80|100	6210	120
12	19	12	attackrating_v	102	153					1	311	60|80|100	6220	120
12	19	13	lifemax_v	2028	3042					1	6209	60|80|100	6209	100
12	19	14	manamax_v	2028	3042					1	6209	60|80|100	6209	120
12	19	15	wood_resist_v	508	761					1	1552	60|80|100	6208	100
12	19	16	stealmana_v	203	304					1	621	60|80|100	6210	120
12	19	17	steallife_v	203	304					1	621	60|80|100	6210	100
12	19	18	recover_life_v	102	153	9	9			1	311	60|80|100	6220	100
12	19	19	recover_mana_v	102	153	9	9			1	311	60|80|100	6220	120
12	19	20	lifereplenish_w	812	1217					1	2483	60|80|100	6208	100
12	19	21	manareplenish_w	812	1217					1	2483	60|80|100	6208	120
12	19	22	weaken_deadlystrike_damage_v	102	153					1	311	60|80|100	6220	100
12	19	23	weaken_deadlystrike_v	102	153					1	311	60|80|100	6220	100
12	19	24	defense_v	102	153					1	311	60|80|100	6220	100
12	19	25	vitality_v	102	153					1	311	60|80|100	6220	100
12	19	26	energy_v	102	153					1	311	60|80|100	6220	100
12	19	27	return_resist_range_v	407	610					1	1242	60|80|100	6210	120
12	19	28	return_resist_melee_v	407	610					1	1242	60|80|100	6210	120
12	20	1	physical_wooddamage_v	106	159					1	323	60|80|100	6460	50
12	20	2	energy_wooddamage_v	106	159					1	323	60|80|100	6460	50
12	20	3	basic_damage_v	106	159			106	159	1	323	60|80|100	6460	50
12	20	4	deadlystrike_damage_v	106	159					1	323	60|80|100	6460	50
12	20	5	deadlystrike_v	106	159					1	323	60|80|100	6460	50
12	20	6	strength_v	106	159					1	323	60|80|100	6460	50
12	20	7	dexterity_v	106	159					1	323	60|80|100	6460	50
12	20	8	ignore_wood_resist_v	100	100	106	159			2	323	60|80|100	2000	100
12	20	9	ignore_defense_v	106	159					1	323	60|80|100	6460	50
12	20	10	rangedamage_return_v	421	632					1	1289	60|80|100	6445	120
12	20	11	meleedamage_return_v	421	632					1	1289	60|80|100	6445	120
12	20	12	attackrating_v	106	159					1	323	60|80|100	6460	120
12	20	13	lifemax_v	2106	3159					1	6446	60|80|100	6446	100
12	20	14	manamax_v	2106	3159					1	6446	60|80|100	6446	120
12	20	15	wood_resist_v	527	790					1	1612	60|80|100	6448	100
12	20	16	stealmana_v	211	316					1	645	60|80|100	6450	120
12	20	17	steallife_v	211	316					1	645	60|80|100	6450	100
12	20	18	recover_life_v	106	159	9	9			1	323	60|80|100	6460	100
12	20	19	recover_mana_v	106	159	9	9			1	323	60|80|100	6460	120
12	20	20	lifereplenish_w	843	1264					1	2578	60|80|100	6445	100
12	20	21	manareplenish_w	843	1264					1	2578	60|80|100	6445	120
12	20	22	weaken_deadlystrike_damage_v	106	159					1	323	60|80|100	6460	100
12	20	23	weaken_deadlystrike_v	106	159					1	323	60|80|100	6460	100
12	20	24	defense_v	106	159					1	323	60|80|100	6460	100
12	20	25	vitality_v	106	159					1	323	60|80|100	6460	100
12	20	26	energy_v	106	159					1	323	60|80|100	6460	100
12	20	27	return_resist_range_v	421	632					1	1289	60|80|100	6445	120
12	20	28	return_resist_melee_v	421	632					1	1289	60|80|100	6445	120
12	21	1	physical_wooddamage_v	110	165					1	334	60|80|100	6680	50
12	21	2	energy_wooddamage_v	110	165					1	334	60|80|100	6680	50
12	21	3	basic_damage_v	110	165			110	165	1	334	60|80|100	6680	50
12	21	4	deadlystrike_damage_v	110	165					1	334	60|80|100	6680	50
12	21	5	deadlystrike_v	110	165					1	334	60|80|100	6680	50
12	21	6	strength_v	110	165					1	334	60|80|100	6680	50
12	21	7	dexterity_v	110	165					1	334	60|80|100	6680	50
12	21	8	ignore_wood_resist_v	100	100	110	165			2	334	60|80|100	2000	100
12	21	9	ignore_defense_v	110	165					1	334	60|80|100	6680	50
12	21	10	rangedamage_return_v	437	656					1	1337	60|80|100	6685	120
12	21	11	meleedamage_return_v	437	656					1	1337	60|80|100	6685	120
12	21	12	attackrating_v	110	165					1	334	60|80|100	6680	120
12	21	13	lifemax_v	2184	3275					1	6682	60|80|100	6682	100
12	21	14	manamax_v	2184	3275					1	6682	60|80|100	6682	120
12	21	15	wood_resist_v	546	819					1	1671	60|80|100	6684	100
12	21	16	stealmana_v	219	328					1	669	60|80|100	6690	120
12	21	17	steallife_v	219	328					1	669	60|80|100	6690	100
12	21	18	recover_life_v	110	165	9	9			1	334	60|80|100	6680	100
12	21	19	recover_mana_v	110	165	9	9			1	334	60|80|100	6680	120
12	21	20	lifereplenish_w	873	1310					1	2673	60|80|100	6683	100
12	21	21	manareplenish_w	873	1310					1	2673	60|80|100	6683	120
12	21	22	weaken_deadlystrike_damage_v	110	165					1	334	60|80|100	6680	100
12	21	23	weaken_deadlystrike_v	110	165					1	334	60|80|100	6680	100
12	21	24	defense_v	110	165					1	334	60|80|100	6680	100
12	21	25	vitality_v	110	165					1	334	60|80|100	6680	100
12	21	26	energy_v	110	165					1	334	60|80|100	6680	100
12	21	27	return_resist_range_v	437	656					1	1337	60|80|100	6685	120
12	21	28	return_resist_melee_v	437	656					1	1337	60|80|100	6685	120
13	1	1	physical_waterdamage_v	22	33					1	65	60|80|100	1300	50
13	1	2	energy_waterdamage_v	22	33					1	65	60|80|100	1300	50
13	1	3	basic_damage_v	22	33			22	33	1	65	60|80|100	1300	50
13	1	4	deadlystrike_damage_v	22	33					1	65	60|80|100	1300	50
13	1	5	deadlystrike_v	22	33					1	65	60|80|100	1300	50
13	1	6	strength_v	22	33					1	65	60|80|100	1300	50
13	1	7	dexterity_v	22	33					1	65	60|80|100	1300	50
13	1	8	ignore_water_resist_v	100	100	22	33			2	100	60|80|100	2000	100
13	1	9	ignore_defense_v	22	33					1	65	60|80|100	1300	50
13	1	10	rangedamage_return_v	85	128					1	258	60|80|100	1290	120
13	1	11	meleedamage_return_v	85	128					1	258	60|80|100	1290	120
13	1	12	attackrating_v	22	33					1	65	60|80|100	1300	120
13	1	13	lifemax_v	422	633					1	1292	60|80|100	1292	100
13	1	14	manamax_v	422	633					1	1292	60|80|100	1292	120
13	1	15	water_resist_v	106	159					1	323	60|80|100	1292	100
13	1	16	stealmana_v	43	64					1	130	60|80|100	1300	120
13	1	17	steallife_v	43	64					1	130	60|80|100	1300	100
13	1	18	recover_life_v	22	33	9	9			1	65	60|80|100	1300	100
13	1	19	recover_mana_v	22	33	9	9			1	65	60|80|100	1300	120
13	1	20	lifereplenish_w	169	254					1	516	60|80|100	1290	100
13	1	21	manareplenish_w	169	254					1	516	60|80|100	1290	120
13	1	22	weaken_deadlystrike_damage_v	22	33					1	65	60|80|100	1300	100
13	1	23	weaken_deadlystrike_v	22	33					1	65	60|80|100	1300	100
13	1	24	defense_v	22	33					1	65	60|80|100	1300	100
13	1	25	vitality_v	22	33					1	65	60|80|100	1300	100
13	1	26	energy_v	22	33					1	65	60|80|100	1300	100
13	1	27	return_resist_range_v	85	128					1	258	60|80|100	1290	120
13	1	28	return_resist_melee_v	85	128					1	258	60|80|100	1290	120
13	2	1	physical_waterdamage_v	24	36					1	75	60|80|100	1500	50
13	2	2	energy_waterdamage_v	24	36					1	75	60|80|100	1500	50
13	2	3	basic_damage_v	24	36			24	36	1	75	60|80|100	1500	50
13	2	4	deadlystrike_damage_v	24	36					1	75	60|80|100	1500	50
13	2	5	deadlystrike_v	24	36					1	75	60|80|100	1500	50
13	2	6	strength_v	24	36					1	75	60|80|100	1500	50
13	2	7	dexterity_v	24	36					1	75	60|80|100	1500	50
13	2	8	ignore_water_resist_v	100	100	24	36			2	100	60|80|100	2000	100
13	2	9	ignore_defense_v	24	36					1	75	60|80|100	1500	50
13	2	10	rangedamage_return_v	97	146					1	297	60|80|100	1485	120
13	2	11	meleedamage_return_v	97	146					1	297	60|80|100	1485	120
13	2	12	attackrating_v	24	36					1	75	60|80|100	1500	120
13	2	13	lifemax_v	485	728					1	1485	60|80|100	1485	100
13	2	14	manamax_v	485	728					1	1485	60|80|100	1485	120
13	2	15	water_resist_v	121	182					1	371	60|80|100	1484	100
13	2	16	stealmana_v	49	74					1	149	60|80|100	1490	120
13	2	17	steallife_v	49	74					1	149	60|80|100	1490	100
13	2	18	recover_life_v	24	36	9	9			1	75	60|80|100	1500	100
13	2	19	recover_mana_v	24	36	9	9			1	75	60|80|100	1500	120
13	2	20	lifereplenish_w	195	292					1	594	60|80|100	1485	100
13	2	21	manareplenish_w	195	292					1	594	60|80|100	1485	120
13	2	22	weaken_deadlystrike_damage_v	24	36					1	75	60|80|100	1500	100
13	2	23	weaken_deadlystrike_v	24	36					1	75	60|80|100	1500	100
13	2	24	defense_v	24	36					1	75	60|80|100	1500	100
13	2	25	vitality_v	24	36					1	75	60|80|100	1500	100
13	2	26	energy_v	24	36					1	75	60|80|100	1500	100
13	2	27	return_resist_range_v	97	146					1	297	60|80|100	1485	120
13	2	28	return_resist_melee_v	97	146					1	297	60|80|100	1485	120
13	3	1	physical_waterdamage_v	28	42					1	86	60|80|100	1720	50
13	3	2	energy_waterdamage_v	28	42					1	86	60|80|100	1720	50
13	3	3	basic_damage_v	28	42			28	42	1	86	60|80|100	1720	50
13	3	4	deadlystrike_damage_v	28	42					1	86	60|80|100	1720	50
13	3	5	deadlystrike_v	28	42					1	86	60|80|100	1720	50
13	3	6	strength_v	28	42					1	86	60|80|100	1720	50
13	3	7	dexterity_v	28	42					1	86	60|80|100	1720	50
13	3	8	ignore_water_resist_v	100	100	28	42			2	100	60|80|100	2000	100
13	3	9	ignore_defense_v	28	42					1	86	60|80|100	1720	50
13	3	10	rangedamage_return_v	112	168					1	342	60|80|100	1710	120
13	3	11	meleedamage_return_v	112	168					1	342	60|80|100	1710	120
13	3	12	attackrating_v	28	42					1	86	60|80|100	1720	120
13	3	13	lifemax_v	558	837					1	1708	60|80|100	1708	100
13	3	14	manamax_v	558	837					1	1708	60|80|100	1708	120
13	3	15	water_resist_v	140	209					1	428	60|80|100	1712	100
13	3	16	stealmana_v	56	83					1	171	60|80|100	1710	120
13	3	17	steallife_v	56	83					1	171	60|80|100	1710	100
13	3	18	recover_life_v	28	42	9	9			1	86	60|80|100	1720	100
13	3	19	recover_mana_v	28	42	9	9			1	86	60|80|100	1720	120
13	3	20	lifereplenish_w	224	335					1	683	60|80|100	1708	100
13	3	21	manareplenish_w	224	335					1	683	60|80|100	1708	120
13	3	22	weaken_deadlystrike_damage_v	28	42					1	86	60|80|100	1720	100
13	3	23	weaken_deadlystrike_v	28	42					1	86	60|80|100	1720	100
13	3	24	defense_v	28	42					1	86	60|80|100	1720	100
13	3	25	vitality_v	28	42					1	86	60|80|100	1720	100
13	3	26	energy_v	28	42					1	86	60|80|100	1720	100
13	3	27	return_resist_range_v	112	168					1	342	60|80|100	1710	120
13	3	28	return_resist_melee_v	112	168					1	342	60|80|100	1710	120
13	4	1	physical_waterdamage_v	32	48					1	99	60|80|100	1980	50
13	4	2	energy_waterdamage_v	32	48					1	99	60|80|100	1980	50
13	4	3	basic_damage_v	32	48			32	48	1	99	60|80|100	1980	50
13	4	4	deadlystrike_damage_v	32	48					1	99	60|80|100	1980	50
13	4	5	deadlystrike_v	32	48					1	99	60|80|100	1980	50
13	4	6	strength_v	32	48					1	99	60|80|100	1980	50
13	4	7	dexterity_v	32	48					1	99	60|80|100	1980	50
13	4	8	ignore_water_resist_v	100	100	32	48			2	100	60|80|100	2000	100
13	4	9	ignore_defense_v	32	48					1	99	60|80|100	1980	50
13	4	10	rangedamage_return_v	128	192					1	393	60|80|100	1965	120
13	4	11	meleedamage_return_v	128	192					1	393	60|80|100	1965	120
13	4	12	attackrating_v	32	48					1	99	60|80|100	1980	120
13	4	13	lifemax_v	642	963					1	1964	60|80|100	1964	100
13	4	14	manamax_v	642	963					1	1964	60|80|100	1964	120
13	4	15	water_resist_v	160	240					1	491	60|80|100	1964	100
13	4	16	stealmana_v	65	98					1	197	60|80|100	1970	120
13	4	17	steallife_v	65	98					1	197	60|80|100	1970	100
13	4	18	recover_life_v	32	48	9	9			1	99	60|80|100	1980	100
13	4	19	recover_mana_v	32	48	9	9			1	99	60|80|100	1980	120
13	4	20	lifereplenish_w	257	386					1	785	60|80|100	1963	100
13	4	21	manareplenish_w	257	386					1	785	60|80|100	1963	120
13	4	22	weaken_deadlystrike_damage_v	32	48					1	99	60|80|100	1980	100
13	4	23	weaken_deadlystrike_v	32	48					1	99	60|80|100	1980	100
13	4	24	defense_v	32	48					1	99	60|80|100	1980	100
13	4	25	vitality_v	32	48					1	99	60|80|100	1980	100
13	4	26	energy_v	32	48					1	99	60|80|100	1980	100
13	4	27	return_resist_range_v	128	192					1	393	60|80|100	1965	120
13	4	28	return_resist_melee_v	128	192					1	393	60|80|100	1965	120
13	5	1	physical_waterdamage_v	37	56					1	113	60|80|100	2260	50
13	5	2	energy_waterdamage_v	37	56					1	113	60|80|100	2260	50
13	5	3	basic_damage_v	37	56			37	56	1	113	60|80|100	2260	50
13	5	4	deadlystrike_damage_v	37	56					1	113	60|80|100	2260	50
13	5	5	deadlystrike_v	37	56					1	113	60|80|100	2260	50
13	5	6	strength_v	37	56					1	113	60|80|100	2260	50
13	5	7	dexterity_v	37	56					1	113	60|80|100	2260	50
13	5	8	ignore_water_resist_v	100	100	37	56			2	113	60|80|100	2000	100
13	5	9	ignore_defense_v	37	56					1	113	60|80|100	2260	50
13	5	10	rangedamage_return_v	148	221					1	452	60|80|100	2260	120
13	5	11	meleedamage_return_v	148	221					1	452	60|80|100	2260	120
13	5	12	attackrating_v	37	56					1	113	60|80|100	2260	120
13	5	13	lifemax_v	738	1107					1	2258	60|80|100	2258	100
13	5	14	manamax_v	738	1107					1	2258	60|80|100	2258	120
13	5	15	water_resist_v	184	276					1	564	60|80|100	2256	100
13	5	16	stealmana_v	74	111					1	226	60|80|100	2260	120
13	5	17	steallife_v	74	111					1	226	60|80|100	2260	100
13	5	18	recover_life_v	37	56	9	9			1	113	60|80|100	2260	100
13	5	19	recover_mana_v	37	56	9	9			1	113	60|80|100	2260	120
13	5	20	lifereplenish_w	295	442					1	903	60|80|100	2258	100
13	5	21	manareplenish_w	295	442					1	903	60|80|100	2258	120
13	5	22	weaken_deadlystrike_damage_v	37	56					1	113	60|80|100	2260	100
13	5	23	weaken_deadlystrike_v	37	56					1	113	60|80|100	2260	100
13	5	24	defense_v	37	56					1	113	60|80|100	2260	100
13	5	25	vitality_v	37	56					1	113	60|80|100	2260	100
13	5	26	energy_v	37	56					1	113	60|80|100	2260	100
13	5	27	return_resist_range_v	148	221					1	452	60|80|100	2260	120
13	5	28	return_resist_melee_v	148	221					1	452	60|80|100	2260	120
13	6	1	physical_waterdamage_v	43	64					1	130	60|80|100	2600	50
13	6	2	energy_waterdamage_v	43	64					1	130	60|80|100	2600	50
13	6	3	basic_damage_v	43	64			43	64	1	130	60|80|100	2600	50
13	6	4	deadlystrike_damage_v	43	64					1	130	60|80|100	2600	50
13	6	5	deadlystrike_v	43	64					1	130	60|80|100	2600	50
13	6	6	strength_v	43	64					1	130	60|80|100	2600	50
13	6	7	dexterity_v	43	64					1	130	60|80|100	2600	50
13	6	8	ignore_water_resist_v	100	100	43	64			2	130	60|80|100	2000	100
13	6	9	ignore_defense_v	43	64					1	130	60|80|100	2600	50
13	6	10	rangedamage_return_v	170	255					1	520	60|80|100	2600	120
13	6	11	meleedamage_return_v	170	255					1	520	60|80|100	2600	120
13	6	12	attackrating_v	43	64					1	130	60|80|100	2600	120
13	6	13	lifemax_v	848	1272					1	2596	60|80|100	2596	100
13	6	14	manamax_v	848	1272					1	2596	60|80|100	2596	120
13	6	15	water_resist_v	212	318					1	650	60|80|100	2600	100
13	6	16	stealmana_v	85	128					1	260	60|80|100	2600	120
13	6	17	steallife_v	85	128					1	260	60|80|100	2600	100
13	6	18	recover_life_v	43	64	9	9			1	130	60|80|100	2600	100
13	6	19	recover_mana_v	43	64	9	9			1	130	60|80|100	2600	120
13	6	20	lifereplenish_w	340	509					1	1038	60|80|100	2595	100
13	6	21	manareplenish_w	340	509					1	1038	60|80|100	2595	120
13	6	22	weaken_deadlystrike_damage_v	43	64					1	130	60|80|100	2600	100
13	6	23	weaken_deadlystrike_v	43	64					1	130	60|80|100	2600	100
13	6	24	defense_v	43	64					1	130	60|80|100	2600	100
13	6	25	vitality_v	43	64					1	130	60|80|100	2600	100
13	6	26	energy_v	43	64					1	130	60|80|100	2600	100
13	6	27	return_resist_range_v	170	255					1	520	60|80|100	2600	120
13	6	28	return_resist_melee_v	170	255					1	520	60|80|100	2600	120
13	7	1	physical_waterdamage_v	47	70					1	143	60|80|100	2860	50
13	7	2	energy_waterdamage_v	47	70					1	143	60|80|100	2860	50
13	7	3	basic_damage_v	47	70			47	70	1	143	60|80|100	2860	50
13	7	4	deadlystrike_damage_v	47	70					1	143	60|80|100	2860	50
13	7	5	deadlystrike_v	47	70					1	143	60|80|100	2860	50
13	7	6	strength_v	47	70					1	143	60|80|100	2860	50
13	7	7	dexterity_v	47	70					1	143	60|80|100	2860	50
13	7	8	ignore_water_resist_v	100	100	47	70			2	143	60|80|100	2000	100
13	7	9	ignore_defense_v	47	70					1	143	60|80|100	2860	50
13	7	10	rangedamage_return_v	187	280					1	572	60|80|100	2860	120
13	7	11	meleedamage_return_v	187	280					1	572	60|80|100	2860	120
13	7	12	attackrating_v	47	70					1	143	60|80|100	2860	120
13	7	13	lifemax_v	933	1400					1	2856	60|80|100	2856	100
13	7	14	manamax_v	933	1400					1	2856	60|80|100	2856	120
13	7	15	water_resist_v	234	351					1	714	60|80|100	2856	100
13	7	16	stealmana_v	94	141	9	9			1	286	60|80|100	2860	120
13	7	17	steallife_v	94	141	9	9			1	286	60|80|100	2860	100
13	7	18	recover_life_v	47	70	9	9			1	143	60|80|100	2860	100
13	7	19	recover_mana_v	47	70	9	9			1	143	60|80|100	2860	120
13	7	20	lifereplenish_w	373	560					1	1143	60|80|100	2858	100
13	7	21	manareplenish_w	373	560					1	1143	60|80|100	2858	120
13	7	22	weaken_deadlystrike_damage_v	47	70					1	143	60|80|100	2860	100
13	7	23	weaken_deadlystrike_v	47	70					1	143	60|80|100	2860	100
13	7	24	defense_v	47	70					1	143	60|80|100	2860	100
13	7	25	vitality_v	47	70					1	143	60|80|100	2860	100
13	7	26	energy_v	47	70					1	143	60|80|100	2860	100
13	7	27	return_resist_range_v	187	280					1	572	60|80|100	2860	120
13	7	28	return_resist_melee_v	187	280					1	572	60|80|100	2860	120
13	8	1	physical_waterdamage_v	52	77					1	158	60|80|100	3160	50
13	8	2	energy_waterdamage_v	52	77					1	158	60|80|100	3160	50
13	8	3	basic_damage_v	52	77			52	77	1	158	60|80|100	3160	50
13	8	4	deadlystrike_damage_v	52	77					1	158	60|80|100	3160	50
13	8	5	deadlystrike_v	52	77					1	158	60|80|100	3160	50
13	8	6	strength_v	52	77					1	158	60|80|100	3160	50
13	8	7	dexterity_v	52	77					1	158	60|80|100	3160	50
13	8	8	ignore_water_resist_v	100	100	52	77			2	158	60|80|100	2000	100
13	8	9	ignore_defense_v	52	77					1	158	60|80|100	3160	50
13	8	10	rangedamage_return_v	206	309					1	629	60|80|100	3145	120
13	8	11	meleedamage_return_v	206	309					1	629	60|80|100	3145	120
13	8	12	attackrating_v	52	77					1	158	60|80|100	3160	120
13	8	13	lifemax_v	1027	1540					1	3142	60|80|100	3142	100
13	8	14	manamax_v	1027	1540					1	3142	60|80|100	3142	120
13	8	15	water_resist_v	257	386					1	785	60|80|100	3140	100
13	8	16	stealmana_v	103	154					1	315	60|80|100	3150	120
13	8	17	steallife_v	103	154					1	315	60|80|100	3150	100
13	8	18	recover_life_v	52	77	9	9			1	158	60|80|100	3160	100
13	8	19	recover_mana_v	52	77	9	9			1	158	60|80|100	3160	120
13	8	20	lifereplenish_w	411	616					1	1257	60|80|100	3143	100
13	8	21	manareplenish_w	411	616					1	1257	60|80|100	3143	120
13	8	22	weaken_deadlystrike_damage_v	52	77					1	158	60|80|100	3160	100
13	8	23	weaken_deadlystrike_v	52	77					1	158	60|80|100	3160	100
13	8	24	defense_v	52	77					1	158	60|80|100	3160	100
13	8	25	vitality_v	52	77					1	158	60|80|100	3160	100
13	8	26	energy_v	52	77					1	158	60|80|100	3160	100
13	8	27	return_resist_range_v	206	309					1	629	60|80|100	3145	120
13	8	28	return_resist_melee_v	206	309					1	629	60|80|100	3145	120
13	9	1	physical_waterdamage_v	57	86					1	173	60|80|100	3460	50
13	9	2	energy_waterdamage_v	57	86					1	173	60|80|100	3460	50
13	9	3	basic_damage_v	57	86			57	86	1	173	60|80|100	3460	50
13	9	4	deadlystrike_damage_v	57	86					1	173	60|80|100	3460	50
13	9	5	deadlystrike_v	57	86					1	173	60|80|100	3460	50
13	9	6	strength_v	57	86					1	173	60|80|100	3460	50
13	9	7	dexterity_v	57	86					1	173	60|80|100	3460	50
13	9	8	ignore_water_resist_v	100	100	57	86			2	173	60|80|100	2000	100
13	9	9	ignore_defense_v	57	86					1	173	60|80|100	3460	50
13	9	10	rangedamage_return_v	226	339					1	692	60|80|100	3460	120
13	9	11	meleedamage_return_v	226	339					1	692	60|80|100	3460	120
13	9	12	attackrating_v	57	86					1	173	60|80|100	3460	120
13	9	13	lifemax_v	1129	1694					1	3455	60|80|100	3455	100
13	9	14	manamax_v	1129	1694					1	3455	60|80|100	3455	120
13	9	15	water_resist_v	283	424					1	864	60|80|100	3456	100
13	9	16	stealmana_v	113	170					1	346	60|80|100	3460	120
13	9	17	steallife_v	113	170					1	346	60|80|100	3460	100
13	9	18	recover_life_v	57	86	9	9			1	173	60|80|100	3460	100
13	9	19	recover_mana_v	57	86	9	9			1	173	60|80|100	3460	120
13	9	20	lifereplenish_w	452	677					1	1383	60|80|100	3458	100
13	9	21	manareplenish_w	452	677					1	1383	60|80|100	3458	120
13	9	22	weaken_deadlystrike_damage_v	57	86					1	173	60|80|100	3460	100
13	9	23	weaken_deadlystrike_v	57	86					1	173	60|80|100	3460	100
13	9	24	defense_v	57	86					1	173	60|80|100	3460	100
13	9	25	vitality_v	57	86					1	173	60|80|100	3460	100
13	9	26	energy_v	57	86					1	173	60|80|100	3460	100
13	9	27	return_resist_range_v	226	339					1	692	60|80|100	3460	120
13	9	28	return_resist_melee_v	226	339					1	692	60|80|100	3460	120
13	10	1	physical_waterdamage_v	63	94					1	190	60|80|100	3800	50
13	10	2	energy_waterdamage_v	63	94					1	190	60|80|100	3800	50
13	10	3	basic_damage_v	63	94			63	94	1	190	60|80|100	3800	50
13	10	4	deadlystrike_damage_v	63	94					1	190	60|80|100	3800	50
13	10	5	deadlystrike_v	63	94					1	190	60|80|100	3800	50
13	10	6	strength_v	63	94					1	190	60|80|100	3800	50
13	10	7	dexterity_v	63	94					1	190	60|80|100	3800	50
13	10	8	ignore_water_resist_v	100	100	63	94			2	190	60|80|100	2000	100
13	10	9	ignore_defense_v	63	94					1	190	60|80|100	3800	50
13	10	10	rangedamage_return_v	248	372					1	760	60|80|100	3800	120
13	10	11	meleedamage_return_v	248	372					1	760	60|80|100	3800	120
13	10	12	attackrating_v	63	94					1	190	60|80|100	3800	120
13	10	13	lifemax_v	1242	1863					1	3801	60|80|100	3801	100
13	10	14	manamax_v	1242	1863					1	3801	60|80|100	3801	120
13	10	15	water_resist_v	311	466					1	951	60|80|100	3804	100
13	10	16	stealmana_v	124	186					1	381	60|80|100	3810	120
13	10	17	steallife_v	124	186					1	381	60|80|100	3810	100
13	10	18	recover_life_v	63	94	9	9			1	190	60|80|100	3800	100
13	10	19	recover_mana_v	63	94	9	9			1	190	60|80|100	3800	120
13	10	20	lifereplenish_w	497	746					1	1521	60|80|100	3803	100
13	10	21	manareplenish_w	497	746					1	1521	60|80|100	3803	120
13	10	22	weaken_deadlystrike_damage_v	63	94					1	190	60|80|100	3800	100
13	10	23	weaken_deadlystrike_v	63	94					1	190	60|80|100	3800	100
13	10	24	defense_v	63	94					1	190	60|80|100	3800	100
13	10	25	vitality_v	63	94					1	190	60|80|100	3800	100
13	10	26	energy_v	63	94					1	190	60|80|100	3800	100
13	10	27	return_resist_range_v	248	372					1	760	60|80|100	3800	120
13	10	28	return_resist_melee_v	248	372					1	760	60|80|100	3800	120
13	11	1	physical_waterdamage_v	68	102					1	209	60|80|100	4180	50
13	11	2	energy_waterdamage_v	68	102					1	209	60|80|100	4180	50
13	11	3	basic_damage_v	68	102			68	102	1	209	60|80|100	4180	50
13	11	4	deadlystrike_damage_v	68	102					1	209	60|80|100	4180	50
13	11	5	deadlystrike_v	68	102					1	209	60|80|100	4180	50
13	11	6	strength_v	68	102					1	209	60|80|100	4180	50
13	11	7	dexterity_v	68	102					1	209	60|80|100	4180	50
13	11	8	ignore_water_resist_v	100	100	68	102			2	209	60|80|100	2000	100
13	11	9	ignore_defense_v	68	102					1	209	60|80|100	4180	50
13	11	10	rangedamage_return_v	274	411					1	837	60|80|100	4185	120
13	11	11	meleedamage_return_v	274	411					1	837	60|80|100	4185	120
13	11	12	attackrating_v	68	102					1	209	60|80|100	4180	120
13	11	13	lifemax_v	1366	2049					1	4181	60|80|100	4181	100
13	11	14	manamax_v	1366	2049					1	4181	60|80|100	4181	120
13	11	15	water_resist_v	342	513					1	1046	60|80|100	4184	100
13	11	16	stealmana_v	137	206					1	418	60|80|100	4180	120
13	11	17	steallife_v	137	206					1	418	60|80|100	4180	100
13	11	18	recover_life_v	68	102	9	9			1	209	60|80|100	4180	100
13	11	19	recover_mana_v	68	102	9	9			1	209	60|80|100	4180	120
13	11	20	lifereplenish_w	547	820					1	1673	60|80|100	4183	100
13	11	21	manareplenish_w	547	820					1	1673	60|80|100	4183	120
13	11	22	weaken_deadlystrike_damage_v	68	102					1	209	60|80|100	4180	100
13	11	23	weaken_deadlystrike_v	68	102					1	209	60|80|100	4180	100
13	11	24	defense_v	68	102					1	209	60|80|100	4180	100
13	11	25	vitality_v	68	102					1	209	60|80|100	4180	100
13	11	26	energy_v	68	102					1	209	60|80|100	4180	100
13	11	27	return_resist_range_v	274	411					1	837	60|80|100	4185	120
13	11	28	return_resist_melee_v	274	411					1	837	60|80|100	4185	120
13	12	1	physical_waterdamage_v	75	112					1	228	60|80|100	4560	50
13	12	2	energy_waterdamage_v	75	112					1	228	60|80|100	4560	50
13	12	3	basic_damage_v	75	112			75	112	1	228	60|80|100	4560	50
13	12	4	deadlystrike_damage_v	75	112					1	228	60|80|100	4560	50
13	12	5	deadlystrike_v	75	112					1	228	60|80|100	4560	50
13	12	6	strength_v	75	112					1	228	60|80|100	4560	50
13	12	7	dexterity_v	75	112					1	228	60|80|100	4560	50
13	12	8	ignore_water_resist_v	100	100	75	112			2	228	60|80|100	2000	100
13	12	9	ignore_defense_v	75	112					1	228	60|80|100	4560	50
13	12	10	rangedamage_return_v	298	447					1	912	60|80|100	4560	120
13	12	11	meleedamage_return_v	298	447					1	912	60|80|100	4560	120
13	12	12	attackrating_v	75	112					1	228	60|80|100	4560	120
13	12	13	lifemax_v	1491	2236					1	4562	60|80|100	4562	100
13	12	14	manamax_v	1491	2236					1	4562	60|80|100	4562	120
13	12	15	water_resist_v	373	560					1	1140	60|80|100	4560	100
13	12	16	stealmana_v	149	224					1	456	60|80|100	4560	120
13	12	17	steallife_v	149	224					1	456	60|80|100	4560	100
13	12	18	recover_life_v	75	112	9	9			1	228	60|80|100	4560	100
13	12	19	recover_mana_v	75	112	9	9			1	228	60|80|100	4560	120
13	12	20	lifereplenish_w	596	894					1	1824	60|80|100	4560	100
13	12	21	manareplenish_w	596	894					1	1824	60|80|100	4560	120
13	12	22	weaken_deadlystrike_damage_v	75	112					1	228	60|80|100	4560	100
13	12	23	weaken_deadlystrike_v	75	112					1	228	60|80|100	4560	100
13	12	24	defense_v	75	112					1	228	60|80|100	4560	100
13	12	25	vitality_v	75	112					1	228	60|80|100	4560	100
13	12	26	energy_v	75	112					1	228	60|80|100	4560	100
13	12	27	return_resist_range_v	298	447					1	912	60|80|100	4560	120
13	12	28	return_resist_melee_v	298	447					1	912	60|80|100	4560	120
13	13	1	physical_waterdamage_v	79	118					1	240	60|80|100	4800	50
13	13	2	energy_waterdamage_v	79	118					1	240	60|80|100	4800	50
13	13	3	basic_damage_v	79	118			79	118	1	240	60|80|100	4800	50
13	13	4	deadlystrike_damage_v	79	118					1	240	60|80|100	4800	50
13	13	5	deadlystrike_v	79	118					1	240	60|80|100	4800	50
13	13	6	strength_v	79	118					1	240	60|80|100	4800	50
13	13	7	dexterity_v	79	118					1	240	60|80|100	4800	50
13	13	8	ignore_water_resist_v	100	100	79	118			2	240	60|80|100	2000	100
13	13	9	ignore_defense_v	79	118					1	240	60|80|100	4800	50
13	13	10	rangedamage_return_v	313	470					1	958	60|80|100	4790	120
13	13	11	meleedamage_return_v	313	470					1	958	60|80|100	4790	120
13	13	12	attackrating_v	79	118					1	240	60|80|100	4800	120
13	13	13	lifemax_v	1565	2348					1	4790	60|80|100	4790	100
13	13	14	manamax_v	1565	2348					1	4790	60|80|100	4790	120
13	13	15	water_resist_v	392	587					1	1198	60|80|100	4792	100
13	13	16	stealmana_v	156	234					1	479	60|80|100	4790	120
13	13	17	steallife_v	156	234					1	479	60|80|100	4790	100
13	13	18	recover_life_v	79	118	9	9			1	240	60|80|100	4800	100
13	13	19	recover_mana_v	79	118	9	9			1	240	60|80|100	4800	120
13	13	20	lifereplenish_w	626	939					1	1916	60|80|100	4790	100
13	13	21	manareplenish_w	626	939					1	1916	60|80|100	4790	120
13	13	22	weaken_deadlystrike_damage_v	79	118					1	240	60|80|100	4800	100
13	13	23	weaken_deadlystrike_v	79	118					1	240	60|80|100	4800	100
13	13	24	defense_v	79	118					1	240	60|80|100	4800	100
13	13	25	vitality_v	79	118					1	240	60|80|100	4800	100
13	13	26	energy_v	79	118					1	240	60|80|100	4800	100
13	13	27	return_resist_range_v	313	470					1	958	60|80|100	4790	120
13	13	28	return_resist_melee_v	313	470					1	958	60|80|100	4790	120
13	14	1	physical_waterdamage_v	82	123					1	251	60|80|100	5020	50
13	14	2	energy_waterdamage_v	82	123					1	251	60|80|100	5020	50
13	14	3	basic_damage_v	82	123			82	123	1	251	60|80|100	5020	50
13	14	4	deadlystrike_damage_v	82	123					1	251	60|80|100	5020	50
13	14	5	deadlystrike_v	82	123					1	251	60|80|100	5020	50
13	14	6	strength_v	82	123					1	251	60|80|100	5020	50
13	14	7	dexterity_v	82	123					1	251	60|80|100	5020	50
13	14	8	ignore_water_resist_v	100	100	82	123			2	251	60|80|100	2000	100
13	14	9	ignore_defense_v	82	123					1	251	60|80|100	5020	50
13	14	10	rangedamage_return_v	329	494					1	1006	60|80|100	5030	120
13	14	11	meleedamage_return_v	329	494					1	1006	60|80|100	5030	120
13	14	12	attackrating_v	82	123					1	251	60|80|100	5020	120
13	14	13	lifemax_v	1642	2463					1	5026	60|80|100	5026	100
13	14	14	manamax_v	1642	2463					1	5026	60|80|100	5026	120
13	14	15	water_resist_v	411	616					1	1257	60|80|100	5028	100
13	14	16	stealmana_v	164	246					1	503	60|80|100	5030	120
13	14	17	steallife_v	164	246					1	503	60|80|100	5030	100
13	14	18	recover_life_v	82	123	9	9			1	251	60|80|100	5020	100
13	14	19	recover_mana_v	82	123	9	9			1	251	60|80|100	5020	120
13	14	20	lifereplenish_w	657	986					1	2010	60|80|100	5025	100
13	14	21	manareplenish_w	657	986					1	2010	60|80|100	5025	120
13	14	22	weaken_deadlystrike_damage_v	82	123					1	251	60|80|100	5020	100
13	14	23	weaken_deadlystrike_v	82	123					1	251	60|80|100	5020	100
13	14	24	defense_v	82	123					1	251	60|80|100	5020	100
13	14	25	vitality_v	82	123					1	251	60|80|100	5020	100
13	14	26	energy_v	82	123					1	251	60|80|100	5020	100
13	14	27	return_resist_range_v	329	494					1	1006	60|80|100	5030	120
13	14	28	return_resist_melee_v	329	494					1	1006	60|80|100	5030	120
13	15	1	physical_waterdamage_v	86	129					1	263	60|80|100	5260	50
13	15	2	energy_waterdamage_v	86	129					1	263	60|80|100	5260	50
13	15	3	basic_damage_v	86	129			86	129	1	263	60|80|100	5260	50
13	15	4	deadlystrike_damage_v	86	129					1	263	60|80|100	5260	50
13	15	5	deadlystrike_v	86	129					1	263	60|80|100	5260	50
13	15	6	strength_v	86	129					1	263	60|80|100	5260	50
13	15	7	dexterity_v	86	129					1	263	60|80|100	5260	50
13	15	8	ignore_water_resist_v	100	100	86	129			2	263	60|80|100	2000	100
13	15	9	ignore_defense_v	86	129					1	263	60|80|100	5260	50
13	15	10	rangedamage_return_v	344	516					1	1053	60|80|100	5265	120
13	15	11	meleedamage_return_v	344	516					1	1053	60|80|100	5265	120
13	15	12	attackrating_v	86	129					1	263	60|80|100	5260	120
13	15	13	lifemax_v	1720	2579					1	5262	60|80|100	5262	100
13	15	14	manamax_v	1720	2579					1	5262	60|80|100	5262	120
13	15	15	water_resist_v	430	645					1	1316	60|80|100	5264	100
13	15	16	stealmana_v	172	258					1	527	60|80|100	5270	120
13	15	17	steallife_v	172	258					1	527	60|80|100	5270	100
13	15	18	recover_life_v	86	129	9	9			1	263	60|80|100	5260	100
13	15	19	recover_mana_v	86	129	9	9			1	263	60|80|100	5260	120
13	15	20	lifereplenish_w	688	1032					1	2105	60|80|100	5263	100
13	15	21	manareplenish_w	688	1032					1	2105	60|80|100	5263	120
13	15	22	weaken_deadlystrike_damage_v	86	129					1	263	60|80|100	5260	100
13	15	23	weaken_deadlystrike_v	86	129					1	263	60|80|100	5260	100
13	15	24	defense_v	86	129					1	263	60|80|100	5260	100
13	15	25	vitality_v	86	129					1	263	60|80|100	5260	100
13	15	26	energy_v	86	129					1	263	60|80|100	5260	100
13	15	27	return_resist_range_v	344	516					1	1053	60|80|100	5265	120
13	15	28	return_resist_melee_v	344	516					1	1053	60|80|100	5265	120
13	16	1	physical_waterdamage_v	90	135					1	275	60|80|100	5500	50
13	16	2	energy_waterdamage_v	90	135					1	275	60|80|100	5500	50
13	16	3	basic_damage_v	90	135			90	135	1	275	60|80|100	5500	50
13	16	4	deadlystrike_damage_v	90	135					1	275	60|80|100	5500	50
13	16	5	deadlystrike_v	90	135					1	275	60|80|100	5500	50
13	16	6	strength_v	90	135					1	275	60|80|100	5500	50
13	16	7	dexterity_v	90	135					1	275	60|80|100	5500	50
13	16	8	ignore_water_resist_v	100	100	90	135			2	275	60|80|100	2000	100
13	16	9	ignore_defense_v	90	135					1	275	60|80|100	5500	50
13	16	10	rangedamage_return_v	360	539					1	1100	60|80|100	5500	120
13	16	11	meleedamage_return_v	360	539					1	1100	60|80|100	5500	120
13	16	12	attackrating_v	90	135					1	275	60|80|100	5500	120
13	16	13	lifemax_v	1796	2694					1	5499	60|80|100	5499	100
13	16	14	manamax_v	1796	2694					1	5499	60|80|100	5499	120
13	16	15	water_resist_v	449	674					1	1376	60|80|100	5504	100
13	16	16	stealmana_v	180	270					1	550	60|80|100	5500	120
13	16	17	steallife_v	180	270					1	550	60|80|100	5500	100
13	16	18	recover_life_v	90	135	9	9			1	275	60|80|100	5500	100
13	16	19	recover_mana_v	90	135	9	9			1	275	60|80|100	5500	120
13	16	20	lifereplenish_w	719	1078					1	2200	60|80|100	5500	100
13	16	21	manareplenish_w	719	1078					1	2200	60|80|100	5500	120
13	16	22	weaken_deadlystrike_damage_v	90	135					1	275	60|80|100	5500	100
13	16	23	weaken_deadlystrike_v	90	135					1	275	60|80|100	5500	100
13	16	24	defense_v	90	135					1	275	60|80|100	5500	100
13	16	25	vitality_v	90	135					1	275	60|80|100	5500	100
13	16	26	energy_v	90	135					1	275	60|80|100	5500	100
13	16	27	return_resist_range_v	360	539					1	1100	60|80|100	5500	120
13	16	28	return_resist_melee_v	360	539					1	1100	60|80|100	5500	120
13	17	1	physical_waterdamage_v	94	141					1	287	60|80|100	5740	50
13	17	2	energy_waterdamage_v	94	141					1	287	60|80|100	5740	50
13	17	3	basic_damage_v	94	141			94	141	1	287	60|80|100	5740	50
13	17	4	deadlystrike_damage_v	94	141					1	287	60|80|100	5740	50
13	17	5	deadlystrike_v	94	141					1	287	60|80|100	5740	50
13	17	6	strength_v	94	141					1	287	60|80|100	5740	50
13	17	7	dexterity_v	94	141					1	287	60|80|100	5740	50
13	17	8	ignore_water_resist_v	100	100	94	141			2	287	60|80|100	2000	100
13	17	9	ignore_defense_v	94	141					1	287	60|80|100	5740	50
13	17	10	rangedamage_return_v	375	562					1	1148	60|80|100	5740	120
13	17	11	meleedamage_return_v	375	562					1	1148	60|80|100	5740	120
13	17	12	attackrating_v	94	141					1	287	60|80|100	5740	120
13	17	13	lifemax_v	1874	2811					1	5735	60|80|100	5735	100
13	17	14	manamax_v	1874	2811					1	5735	60|80|100	5735	120
13	17	15	water_resist_v	469	704					1	1434	60|80|100	5736	100
13	17	16	stealmana_v	188	282					1	574	60|80|100	5740	120
13	17	17	steallife_v	188	282					1	574	60|80|100	5740	100
13	17	18	recover_life_v	94	141	9	9			1	287	60|80|100	5740	100
13	17	19	recover_mana_v	94	141	9	9			1	287	60|80|100	5740	120
13	17	20	lifereplenish_w	750	1125					1	2295	60|80|100	5738	100
13	17	21	manareplenish_w	750	1125					1	2295	60|80|100	5738	120
13	17	22	weaken_deadlystrike_damage_v	94	141					1	287	60|80|100	5740	100
13	17	23	weaken_deadlystrike_v	94	141					1	287	60|80|100	5740	100
13	17	24	defense_v	94	141					1	287	60|80|100	5740	100
13	17	25	vitality_v	94	141					1	287	60|80|100	5740	100
13	17	26	energy_v	94	141					1	287	60|80|100	5740	100
13	17	27	return_resist_range_v	375	562					1	1148	60|80|100	5740	120
13	17	28	return_resist_melee_v	375	562					1	1148	60|80|100	5740	120
13	18	1	physical_waterdamage_v	98	147					1	299	60|80|100	5980	50
13	18	2	energy_waterdamage_v	98	147					1	299	60|80|100	5980	50
13	18	3	basic_damage_v	98	147			98	147	1	299	60|80|100	5980	50
13	18	4	deadlystrike_damage_v	98	147					1	299	60|80|100	5980	50
13	18	5	deadlystrike_v	98	147					1	299	60|80|100	5980	50
13	18	6	strength_v	98	147					1	299	60|80|100	5980	50
13	18	7	dexterity_v	98	147					1	299	60|80|100	5980	50
13	18	8	ignore_water_resist_v	100	100	98	147			2	299	60|80|100	2000	100
13	18	9	ignore_defense_v	98	147					1	299	60|80|100	5980	50
13	18	10	rangedamage_return_v	391	586					1	1194	60|80|100	5970	120
13	18	11	meleedamage_return_v	391	586					1	1194	60|80|100	5970	120
13	18	12	attackrating_v	98	147					1	299	60|80|100	5980	120
13	18	13	lifemax_v	1952	2927					1	5973	60|80|100	5973	100
13	18	14	manamax_v	1952	2927					1	5973	60|80|100	5973	120
13	18	15	water_resist_v	488	732					1	1493	60|80|100	5972	100
13	18	16	stealmana_v	196	293	9	9			1	598	60|80|100	5980	120
13	18	17	steallife_v	196	293	9	9			1	598	60|80|100	5980	100
13	18	18	recover_life_v	98	147	9	9			1	299	60|80|100	5980	100
13	18	19	recover_mana_v	98	147	9	9			1	299	60|80|100	5980	120
13	18	20	lifereplenish_w	781	1172					1	2390	60|80|100	5975	100
13	18	21	manareplenish_w	781	1172					1	2390	60|80|100	5975	120
13	18	22	weaken_deadlystrike_damage_v	98	147					1	299	60|80|100	5980	100
13	18	23	weaken_deadlystrike_v	98	147					1	299	60|80|100	5980	100
13	18	24	defense_v	98	147					1	299	60|80|100	5980	100
13	18	25	vitality_v	98	147					1	299	60|80|100	5980	100
13	18	26	energy_v	98	147					1	299	60|80|100	5980	100
13	18	27	return_resist_range_v	391	586					1	1194	60|80|100	5970	120
13	18	28	return_resist_melee_v	391	586					1	1194	60|80|100	5970	120
13	19	1	physical_waterdamage_v	102	153					1	311	60|80|100	6220	50
13	19	2	energy_waterdamage_v	102	153					1	311	60|80|100	6220	50
13	19	3	basic_damage_v	102	153			102	153	1	311	60|80|100	6220	50
13	19	4	deadlystrike_damage_v	102	153					1	311	60|80|100	6220	50
13	19	5	deadlystrike_v	102	153					1	311	60|80|100	6220	50
13	19	6	strength_v	102	153					1	311	60|80|100	6220	50
13	19	7	dexterity_v	102	153					1	311	60|80|100	6220	50
13	19	8	ignore_water_resist_v	100	100	102	153			2	311	60|80|100	2000	100
13	19	9	ignore_defense_v	102	153					1	311	60|80|100	6220	50
13	19	10	rangedamage_return_v	407	610					1	1242	60|80|100	6210	120
13	19	11	meleedamage_return_v	407	610					1	1242	60|80|100	6210	120
13	19	12	attackrating_v	102	153					1	311	60|80|100	6220	120
13	19	13	lifemax_v	2028	3042					1	6209	60|80|100	6209	100
13	19	14	manamax_v	2028	3042					1	6209	60|80|100	6209	120
13	19	15	water_resist_v	508	761					1	1552	60|80|100	6208	100
13	19	16	stealmana_v	203	304					1	621	60|80|100	6210	120
13	19	17	steallife_v	203	304					1	621	60|80|100	6210	100
13	19	18	recover_life_v	102	153	9	9			1	311	60|80|100	6220	100
13	19	19	recover_mana_v	102	153	9	9			1	311	60|80|100	6220	120
13	19	20	lifereplenish_w	812	1217					1	2483	60|80|100	6208	100
13	19	21	manareplenish_w	812	1217					1	2483	60|80|100	6208	120
13	19	22	weaken_deadlystrike_damage_v	102	153					1	311	60|80|100	6220	100
13	19	23	weaken_deadlystrike_v	102	153					1	311	60|80|100	6220	100
13	19	24	defense_v	102	153					1	311	60|80|100	6220	100
13	19	25	vitality_v	102	153					1	311	60|80|100	6220	100
13	19	26	energy_v	102	153					1	311	60|80|100	6220	100
13	19	27	return_resist_range_v	407	610					1	1242	60|80|100	6210	120
13	19	28	return_resist_melee_v	407	610					1	1242	60|80|100	6210	120
13	20	1	physical_waterdamage_v	106	159					1	323	60|80|100	6460	50
13	20	2	energy_waterdamage_v	106	159					1	323	60|80|100	6460	50
13	20	3	basic_damage_v	106	159			106	159	1	323	60|80|100	6460	50
13	20	4	deadlystrike_damage_v	106	159					1	323	60|80|100	6460	50
13	20	5	deadlystrike_v	106	159					1	323	60|80|100	6460	50
13	20	6	strength_v	106	159					1	323	60|80|100	6460	50
13	20	7	dexterity_v	106	159					1	323	60|80|100	6460	50
13	20	8	ignore_water_resist_v	100	100	106	159			2	323	60|80|100	2000	100
13	20	9	ignore_defense_v	106	159					1	323	60|80|100	6460	50
13	20	10	rangedamage_return_v	421	632					1	1289	60|80|100	6445	120
13	20	11	meleedamage_return_v	421	632					1	1289	60|80|100	6445	120
13	20	12	attackrating_v	106	159					1	323	60|80|100	6460	120
13	20	13	lifemax_v	2106	3159					1	6446	60|80|100	6446	100
13	20	14	manamax_v	2106	3159					1	6446	60|80|100	6446	120
13	20	15	water_resist_v	527	790					1	1612	60|80|100	6448	100
13	20	16	stealmana_v	211	316					1	645	60|80|100	6450	120
13	20	17	steallife_v	211	316					1	645	60|80|100	6450	100
13	20	18	recover_life_v	106	159	9	9			1	323	60|80|100	6460	100
13	20	19	recover_mana_v	106	159	9	9			1	323	60|80|100	6460	120
13	20	20	lifereplenish_w	843	1264					1	2578	60|80|100	6445	100
13	20	21	manareplenish_w	843	1264					1	2578	60|80|100	6445	120
13	20	22	weaken_deadlystrike_damage_v	106	159					1	323	60|80|100	6460	100
13	20	23	weaken_deadlystrike_v	106	159					1	323	60|80|100	6460	100
13	20	24	defense_v	106	159					1	323	60|80|100	6460	100
13	20	25	vitality_v	106	159					1	323	60|80|100	6460	100
13	20	26	energy_v	106	159					1	323	60|80|100	6460	100
13	20	27	return_resist_range_v	421	632					1	1289	60|80|100	6445	120
13	20	28	return_resist_melee_v	421	632					1	1289	60|80|100	6445	120
13	21	1	physical_waterdamage_v	110	165					1	334	60|80|100	6680	50
13	21	2	energy_waterdamage_v	110	165					1	334	60|80|100	6680	50
13	21	3	basic_damage_v	110	165			110	165	1	334	60|80|100	6680	50
13	21	4	deadlystrike_damage_v	110	165					1	334	60|80|100	6680	50
13	21	5	deadlystrike_v	110	165					1	334	60|80|100	6680	50
13	21	6	strength_v	110	165					1	334	60|80|100	6680	50
13	21	7	dexterity_v	110	165					1	334	60|80|100	6680	50
13	21	8	ignore_water_resist_v	100	100	110	165			2	334	60|80|100	2000	100
13	21	9	ignore_defense_v	110	165					1	334	60|80|100	6680	50
13	21	10	rangedamage_return_v	437	656					1	1337	60|80|100	6685	120
13	21	11	meleedamage_return_v	437	656					1	1337	60|80|100	6685	120
13	21	12	attackrating_v	110	165					1	334	60|80|100	6680	120
13	21	13	lifemax_v	2184	3275					1	6682	60|80|100	6682	100
13	21	14	manamax_v	2184	3275					1	6682	60|80|100	6682	120
13	21	15	water_resist_v	546	819					1	1671	60|80|100	6684	100
13	21	16	stealmana_v	219	328					1	669	60|80|100	6690	120
13	21	17	steallife_v	219	328					1	669	60|80|100	6690	100
13	21	18	recover_life_v	110	165	9	9			1	334	60|80|100	6680	100
13	21	19	recover_mana_v	110	165	9	9			1	334	60|80|100	6680	120
13	21	20	lifereplenish_w	873	1310					1	2673	60|80|100	6683	100
13	21	21	manareplenish_w	873	1310					1	2673	60|80|100	6683	120
13	21	22	weaken_deadlystrike_damage_v	110	165					1	334	60|80|100	6680	100
13	21	23	weaken_deadlystrike_v	110	165					1	334	60|80|100	6680	100
13	21	24	defense_v	110	165					1	334	60|80|100	6680	100
13	21	25	vitality_v	110	165					1	334	60|80|100	6680	100
13	21	26	energy_v	110	165					1	334	60|80|100	6680	100
13	21	27	return_resist_range_v	437	656					1	1337	60|80|100	6685	120
13	21	28	return_resist_melee_v	437	656					1	1337	60|80|100	6685	120
14	1	1	physical_firedamage_v	22	33					1	65	60|80|100	1300	50
14	1	2	energy_firedamage_v	22	33					1	65	60|80|100	1300	50
14	1	3	basic_damage_v	22	33			22	33	1	65	60|80|100	1300	50
14	1	4	deadlystrike_damage_v	22	33					1	65	60|80|100	1300	50
14	1	5	deadlystrike_v	22	33					1	65	60|80|100	1300	50
14	1	6	strength_v	22	33					1	65	60|80|100	1300	50
14	1	7	dexterity_v	22	33					1	65	60|80|100	1300	50
14	1	8	ignore_fire_resist_v	100	100	22	33			2	100	60|80|100	2000	100
14	1	9	ignore_defense_v	22	33					1	65	60|80|100	1300	50
14	1	10	rangedamage_return_v	85	128					1	258	60|80|100	1290	120
14	1	11	meleedamage_return_v	85	128					1	258	60|80|100	1290	120
14	1	12	attackrating_v	22	33					1	65	60|80|100	1300	120
14	1	13	lifemax_v	422	633					1	1292	60|80|100	1292	100
14	1	14	manamax_v	422	633					1	1292	60|80|100	1292	120
14	1	15	fire_resist_v	106	159					1	323	60|80|100	1292	100
14	1	16	stealmana_v	43	64					1	130	60|80|100	1300	120
14	1	17	steallife_v	43	64					1	130	60|80|100	1300	100
14	1	18	recover_life_v	22	33	9	9			1	65	60|80|100	1300	100
14	1	19	recover_mana_v	22	33	9	9			1	65	60|80|100	1300	120
14	1	20	lifereplenish_w	169	254					1	516	60|80|100	1290	100
14	1	21	manareplenish_w	169	254					1	516	60|80|100	1290	120
14	1	22	weaken_deadlystrike_damage_v	22	33					1	65	60|80|100	1300	100
14	1	23	weaken_deadlystrike_v	22	33					1	65	60|80|100	1300	100
14	1	24	defense_v	22	33					1	65	60|80|100	1300	100
14	1	25	vitality_v	22	33					1	65	60|80|100	1300	100
14	1	26	energy_v	22	33					1	65	60|80|100	1300	100
14	1	27	return_resist_range_v	85	128					1	258	60|80|100	1290	120
14	1	28	return_resist_melee_v	85	128					1	258	60|80|100	1290	120
14	2	1	physical_firedamage_v	24	36					1	75	60|80|100	1500	50
14	2	2	energy_firedamage_v	24	36					1	75	60|80|100	1500	50
14	2	3	basic_damage_v	24	36			24	36	1	75	60|80|100	1500	50
14	2	4	deadlystrike_damage_v	24	36					1	75	60|80|100	1500	50
14	2	5	deadlystrike_v	24	36					1	75	60|80|100	1500	50
14	2	6	strength_v	24	36					1	75	60|80|100	1500	50
14	2	7	dexterity_v	24	36					1	75	60|80|100	1500	50
14	2	8	ignore_fire_resist_v	100	100	24	36			2	100	60|80|100	2000	100
14	2	9	ignore_defense_v	24	36					1	75	60|80|100	1500	50
14	2	10	rangedamage_return_v	97	146					1	297	60|80|100	1485	120
14	2	11	meleedamage_return_v	97	146					1	297	60|80|100	1485	120
14	2	12	attackrating_v	24	36					1	75	60|80|100	1500	120
14	2	13	lifemax_v	485	728					1	1485	60|80|100	1485	100
14	2	14	manamax_v	485	728					1	1485	60|80|100	1485	120
14	2	15	fire_resist_v	121	182					1	371	60|80|100	1484	100
14	2	16	stealmana_v	49	74					1	149	60|80|100	1490	120
14	2	17	steallife_v	49	74					1	149	60|80|100	1490	100
14	2	18	recover_life_v	24	36	9	9			1	75	60|80|100	1500	100
14	2	19	recover_mana_v	24	36	9	9			1	75	60|80|100	1500	120
14	2	20	lifereplenish_w	195	292					1	594	60|80|100	1485	100
14	2	21	manareplenish_w	195	292					1	594	60|80|100	1485	120
14	2	22	weaken_deadlystrike_damage_v	24	36					1	75	60|80|100	1500	100
14	2	23	weaken_deadlystrike_v	24	36					1	75	60|80|100	1500	100
14	2	24	defense_v	24	36					1	75	60|80|100	1500	100
14	2	25	vitality_v	24	36					1	75	60|80|100	1500	100
14	2	26	energy_v	24	36					1	75	60|80|100	1500	100
14	2	27	return_resist_range_v	97	146					1	297	60|80|100	1485	120
14	2	28	return_resist_melee_v	97	146					1	297	60|80|100	1485	120
14	3	1	physical_firedamage_v	28	42					1	86	60|80|100	1720	50
14	3	2	energy_firedamage_v	28	42					1	86	60|80|100	1720	50
14	3	3	basic_damage_v	28	42			28	42	1	86	60|80|100	1720	50
14	3	4	deadlystrike_damage_v	28	42					1	86	60|80|100	1720	50
14	3	5	deadlystrike_v	28	42					1	86	60|80|100	1720	50
14	3	6	strength_v	28	42					1	86	60|80|100	1720	50
14	3	7	dexterity_v	28	42					1	86	60|80|100	1720	50
14	3	8	ignore_fire_resist_v	100	100	28	42			2	100	60|80|100	2000	100
14	3	9	ignore_defense_v	28	42					1	86	60|80|100	1720	50
14	3	10	rangedamage_return_v	112	168					1	342	60|80|100	1710	120
14	3	11	meleedamage_return_v	112	168					1	342	60|80|100	1710	120
14	3	12	attackrating_v	28	42					1	86	60|80|100	1720	120
14	3	13	lifemax_v	558	837					1	1708	60|80|100	1708	100
14	3	14	manamax_v	558	837					1	1708	60|80|100	1708	120
14	3	15	fire_resist_v	140	209					1	428	60|80|100	1712	100
14	3	16	stealmana_v	56	83					1	171	60|80|100	1710	120
14	3	17	steallife_v	56	83					1	171	60|80|100	1710	100
14	3	18	recover_life_v	28	42	9	9			1	86	60|80|100	1720	100
14	3	19	recover_mana_v	28	42	9	9			1	86	60|80|100	1720	120
14	3	20	lifereplenish_w	224	335					1	683	60|80|100	1708	100
14	3	21	manareplenish_w	224	335					1	683	60|80|100	1708	120
14	3	22	weaken_deadlystrike_damage_v	28	42					1	86	60|80|100	1720	100
14	3	23	weaken_deadlystrike_v	28	42					1	86	60|80|100	1720	100
14	3	24	defense_v	28	42					1	86	60|80|100	1720	100
14	3	25	vitality_v	28	42					1	86	60|80|100	1720	100
14	3	26	energy_v	28	42					1	86	60|80|100	1720	100
14	3	27	return_resist_range_v	112	168					1	342	60|80|100	1710	120
14	3	28	return_resist_melee_v	112	168					1	342	60|80|100	1710	120
14	4	1	physical_firedamage_v	32	48					1	99	60|80|100	1980	50
14	4	2	energy_firedamage_v	32	48					1	99	60|80|100	1980	50
14	4	3	basic_damage_v	32	48			32	48	1	99	60|80|100	1980	50
14	4	4	deadlystrike_damage_v	32	48					1	99	60|80|100	1980	50
14	4	5	deadlystrike_v	32	48					1	99	60|80|100	1980	50
14	4	6	strength_v	32	48					1	99	60|80|100	1980	50
14	4	7	dexterity_v	32	48					1	99	60|80|100	1980	50
14	4	8	ignore_fire_resist_v	100	100	32	48			2	100	60|80|100	2000	100
14	4	9	ignore_defense_v	32	48					1	99	60|80|100	1980	50
14	4	10	rangedamage_return_v	128	192					1	393	60|80|100	1965	120
14	4	11	meleedamage_return_v	128	192					1	393	60|80|100	1965	120
14	4	12	attackrating_v	32	48					1	99	60|80|100	1980	120
14	4	13	lifemax_v	642	963					1	1964	60|80|100	1964	100
14	4	14	manamax_v	642	963					1	1964	60|80|100	1964	120
14	4	15	fire_resist_v	160	240					1	491	60|80|100	1964	100
14	4	16	stealmana_v	65	98					1	197	60|80|100	1970	120
14	4	17	steallife_v	65	98					1	197	60|80|100	1970	100
14	4	18	recover_life_v	32	48	9	9			1	99	60|80|100	1980	100
14	4	19	recover_mana_v	32	48	9	9			1	99	60|80|100	1980	120
14	4	20	lifereplenish_w	257	386					1	785	60|80|100	1963	100
14	4	21	manareplenish_w	257	386					1	785	60|80|100	1963	120
14	4	22	weaken_deadlystrike_damage_v	32	48					1	99	60|80|100	1980	100
14	4	23	weaken_deadlystrike_v	32	48					1	99	60|80|100	1980	100
14	4	24	defense_v	32	48					1	99	60|80|100	1980	100
14	4	25	vitality_v	32	48					1	99	60|80|100	1980	100
14	4	26	energy_v	32	48					1	99	60|80|100	1980	100
14	4	27	return_resist_range_v	128	192					1	393	60|80|100	1965	120
14	4	28	return_resist_melee_v	128	192					1	393	60|80|100	1965	120
14	5	1	physical_firedamage_v	37	56					1	113	60|80|100	2260	50
14	5	2	energy_firedamage_v	37	56					1	113	60|80|100	2260	50
14	5	3	basic_damage_v	37	56			37	56	1	113	60|80|100	2260	50
14	5	4	deadlystrike_damage_v	37	56					1	113	60|80|100	2260	50
14	5	5	deadlystrike_v	37	56					1	113	60|80|100	2260	50
14	5	6	strength_v	37	56					1	113	60|80|100	2260	50
14	5	7	dexterity_v	37	56					1	113	60|80|100	2260	50
14	5	8	ignore_fire_resist_v	100	100	37	56			2	113	60|80|100	2000	100
14	5	9	ignore_defense_v	37	56					1	113	60|80|100	2260	50
14	5	10	rangedamage_return_v	148	221					1	452	60|80|100	2260	120
14	5	11	meleedamage_return_v	148	221					1	452	60|80|100	2260	120
14	5	12	attackrating_v	37	56					1	113	60|80|100	2260	120
14	5	13	lifemax_v	738	1107					1	2258	60|80|100	2258	100
14	5	14	manamax_v	738	1107					1	2258	60|80|100	2258	120
14	5	15	fire_resist_v	184	276					1	564	60|80|100	2256	100
14	5	16	stealmana_v	74	111					1	226	60|80|100	2260	120
14	5	17	steallife_v	74	111					1	226	60|80|100	2260	100
14	5	18	recover_life_v	37	56	9	9			1	113	60|80|100	2260	100
14	5	19	recover_mana_v	37	56	9	9			1	113	60|80|100	2260	120
14	5	20	lifereplenish_w	295	442					1	903	60|80|100	2258	100
14	5	21	manareplenish_w	295	442					1	903	60|80|100	2258	120
14	5	22	weaken_deadlystrike_damage_v	37	56					1	113	60|80|100	2260	100
14	5	23	weaken_deadlystrike_v	37	56					1	113	60|80|100	2260	100
14	5	24	defense_v	37	56					1	113	60|80|100	2260	100
14	5	25	vitality_v	37	56					1	113	60|80|100	2260	100
14	5	26	energy_v	37	56					1	113	60|80|100	2260	100
14	5	27	return_resist_range_v	148	221					1	452	60|80|100	2260	120
14	5	28	return_resist_melee_v	148	221					1	452	60|80|100	2260	120
14	6	1	physical_firedamage_v	43	64					1	130	60|80|100	2600	50
14	6	2	energy_firedamage_v	43	64					1	130	60|80|100	2600	50
14	6	3	basic_damage_v	43	64			43	64	1	130	60|80|100	2600	50
14	6	4	deadlystrike_damage_v	43	64					1	130	60|80|100	2600	50
14	6	5	deadlystrike_v	43	64					1	130	60|80|100	2600	50
14	6	6	strength_v	43	64					1	130	60|80|100	2600	50
14	6	7	dexterity_v	43	64					1	130	60|80|100	2600	50
14	6	8	ignore_fire_resist_v	100	100	43	64			2	130	60|80|100	2000	100
14	6	9	ignore_defense_v	43	64					1	130	60|80|100	2600	50
14	6	10	rangedamage_return_v	170	255					1	520	60|80|100	2600	120
14	6	11	meleedamage_return_v	170	255					1	520	60|80|100	2600	120
14	6	12	attackrating_v	43	64					1	130	60|80|100	2600	120
14	6	13	lifemax_v	848	1272					1	2596	60|80|100	2596	100
14	6	14	manamax_v	848	1272					1	2596	60|80|100	2596	120
14	6	15	fire_resist_v	212	318					1	650	60|80|100	2600	100
14	6	16	stealmana_v	85	128					1	260	60|80|100	2600	120
14	6	17	steallife_v	85	128					1	260	60|80|100	2600	100
14	6	18	recover_life_v	43	64	9	9			1	130	60|80|100	2600	100
14	6	19	recover_mana_v	43	64	9	9			1	130	60|80|100	2600	120
14	6	20	lifereplenish_w	340	509					1	1038	60|80|100	2595	100
14	6	21	manareplenish_w	340	509					1	1038	60|80|100	2595	120
14	6	22	weaken_deadlystrike_damage_v	43	64					1	130	60|80|100	2600	100
14	6	23	weaken_deadlystrike_v	43	64					1	130	60|80|100	2600	100
14	6	24	defense_v	43	64					1	130	60|80|100	2600	100
14	6	25	vitality_v	43	64					1	130	60|80|100	2600	100
14	6	26	energy_v	43	64					1	130	60|80|100	2600	100
14	6	27	return_resist_range_v	170	255					1	520	60|80|100	2600	120
14	6	28	return_resist_melee_v	170	255					1	520	60|80|100	2600	120
14	7	1	physical_firedamage_v	47	70					1	143	60|80|100	2860	50
14	7	2	energy_firedamage_v	47	70					1	143	60|80|100	2860	50
14	7	3	basic_damage_v	47	70			47	70	1	143	60|80|100	2860	50
14	7	4	deadlystrike_damage_v	47	70					1	143	60|80|100	2860	50
14	7	5	deadlystrike_v	47	70					1	143	60|80|100	2860	50
14	7	6	strength_v	47	70					1	143	60|80|100	2860	50
14	7	7	dexterity_v	47	70					1	143	60|80|100	2860	50
14	7	8	ignore_fire_resist_v	100	100	47	70			2	143	60|80|100	2000	100
14	7	9	ignore_defense_v	47	70					1	143	60|80|100	2860	50
14	7	10	rangedamage_return_v	187	280					1	572	60|80|100	2860	120
14	7	11	meleedamage_return_v	187	280					1	572	60|80|100	2860	120
14	7	12	attackrating_v	47	70					1	143	60|80|100	2860	120
14	7	13	lifemax_v	933	1400					1	2856	60|80|100	2856	100
14	7	14	manamax_v	933	1400					1	2856	60|80|100	2856	120
14	7	15	fire_resist_v	234	351					1	714	60|80|100	2856	100
14	7	16	stealmana_v	94	141	9	9			1	286	60|80|100	2860	120
14	7	17	steallife_v	94	141	9	9			1	286	60|80|100	2860	100
14	7	18	recover_life_v	47	70	9	9			1	143	60|80|100	2860	100
14	7	19	recover_mana_v	47	70	9	9			1	143	60|80|100	2860	120
14	7	20	lifereplenish_w	373	560					1	1143	60|80|100	2858	100
14	7	21	manareplenish_w	373	560					1	1143	60|80|100	2858	120
14	7	22	weaken_deadlystrike_damage_v	47	70					1	143	60|80|100	2860	100
14	7	23	weaken_deadlystrike_v	47	70					1	143	60|80|100	2860	100
14	7	24	defense_v	47	70					1	143	60|80|100	2860	100
14	7	25	vitality_v	47	70					1	143	60|80|100	2860	100
14	7	26	energy_v	47	70					1	143	60|80|100	2860	100
14	7	27	return_resist_range_v	187	280					1	572	60|80|100	2860	120
14	7	28	return_resist_melee_v	187	280					1	572	60|80|100	2860	120
14	8	1	physical_firedamage_v	52	77					1	158	60|80|100	3160	50
14	8	2	energy_firedamage_v	52	77					1	158	60|80|100	3160	50
14	8	3	basic_damage_v	52	77			52	77	1	158	60|80|100	3160	50
14	8	4	deadlystrike_damage_v	52	77					1	158	60|80|100	3160	50
14	8	5	deadlystrike_v	52	77					1	158	60|80|100	3160	50
14	8	6	strength_v	52	77					1	158	60|80|100	3160	50
14	8	7	dexterity_v	52	77					1	158	60|80|100	3160	50
14	8	8	ignore_fire_resist_v	100	100	52	77			2	158	60|80|100	2000	100
14	8	9	ignore_defense_v	52	77					1	158	60|80|100	3160	50
14	8	10	rangedamage_return_v	206	309					1	629	60|80|100	3145	120
14	8	11	meleedamage_return_v	206	309					1	629	60|80|100	3145	120
14	8	12	attackrating_v	52	77					1	158	60|80|100	3160	120
14	8	13	lifemax_v	1027	1540					1	3142	60|80|100	3142	100
14	8	14	manamax_v	1027	1540					1	3142	60|80|100	3142	120
14	8	15	fire_resist_v	257	386					1	785	60|80|100	3140	100
14	8	16	stealmana_v	103	154					1	315	60|80|100	3150	120
14	8	17	steallife_v	103	154					1	315	60|80|100	3150	100
14	8	18	recover_life_v	52	77	9	9			1	158	60|80|100	3160	100
14	8	19	recover_mana_v	52	77	9	9			1	158	60|80|100	3160	120
14	8	20	lifereplenish_w	411	616					1	1257	60|80|100	3143	100
14	8	21	manareplenish_w	411	616					1	1257	60|80|100	3143	120
14	8	22	weaken_deadlystrike_damage_v	52	77					1	158	60|80|100	3160	100
14	8	23	weaken_deadlystrike_v	52	77					1	158	60|80|100	3160	100
14	8	24	defense_v	52	77					1	158	60|80|100	3160	100
14	8	25	vitality_v	52	77					1	158	60|80|100	3160	100
14	8	26	energy_v	52	77					1	158	60|80|100	3160	100
14	8	27	return_resist_range_v	206	309					1	629	60|80|100	3145	120
14	8	28	return_resist_melee_v	206	309					1	629	60|80|100	3145	120
14	9	1	physical_firedamage_v	57	86					1	173	60|80|100	3460	50
14	9	2	energy_firedamage_v	57	86					1	173	60|80|100	3460	50
14	9	3	basic_damage_v	57	86			57	86	1	173	60|80|100	3460	50
14	9	4	deadlystrike_damage_v	57	86					1	173	60|80|100	3460	50
14	9	5	deadlystrike_v	57	86					1	173	60|80|100	3460	50
14	9	6	strength_v	57	86					1	173	60|80|100	3460	50
14	9	7	dexterity_v	57	86					1	173	60|80|100	3460	50
14	9	8	ignore_fire_resist_v	100	100	57	86			2	173	60|80|100	2000	100
14	9	9	ignore_defense_v	57	86					1	173	60|80|100	3460	50
14	9	10	rangedamage_return_v	226	339					1	692	60|80|100	3460	120
14	9	11	meleedamage_return_v	226	339					1	692	60|80|100	3460	120
14	9	12	attackrating_v	57	86					1	173	60|80|100	3460	120
14	9	13	lifemax_v	1129	1694					1	3455	60|80|100	3455	100
14	9	14	manamax_v	1129	1694					1	3455	60|80|100	3455	120
14	9	15	fire_resist_v	283	424					1	864	60|80|100	3456	100
14	9	16	stealmana_v	113	170					1	346	60|80|100	3460	120
14	9	17	steallife_v	113	170					1	346	60|80|100	3460	100
14	9	18	recover_life_v	57	86	9	9			1	173	60|80|100	3460	100
14	9	19	recover_mana_v	57	86	9	9			1	173	60|80|100	3460	120
14	9	20	lifereplenish_w	452	677					1	1383	60|80|100	3458	100
14	9	21	manareplenish_w	452	677					1	1383	60|80|100	3458	120
14	9	22	weaken_deadlystrike_damage_v	57	86					1	173	60|80|100	3460	100
14	9	23	weaken_deadlystrike_v	57	86					1	173	60|80|100	3460	100
14	9	24	defense_v	57	86					1	173	60|80|100	3460	100
14	9	25	vitality_v	57	86					1	173	60|80|100	3460	100
14	9	26	energy_v	57	86					1	173	60|80|100	3460	100
14	9	27	return_resist_range_v	226	339					1	692	60|80|100	3460	120
14	9	28	return_resist_melee_v	226	339					1	692	60|80|100	3460	120
14	10	1	physical_firedamage_v	63	94					1	190	60|80|100	3800	50
14	10	2	energy_firedamage_v	63	94					1	190	60|80|100	3800	50
14	10	3	basic_damage_v	63	94			63	94	1	190	60|80|100	3800	50
14	10	4	deadlystrike_damage_v	63	94					1	190	60|80|100	3800	50
14	10	5	deadlystrike_v	63	94					1	190	60|80|100	3800	50
14	10	6	strength_v	63	94					1	190	60|80|100	3800	50
14	10	7	dexterity_v	63	94					1	190	60|80|100	3800	50
14	10	8	ignore_fire_resist_v	100	100	63	94			2	190	60|80|100	2000	100
14	10	9	ignore_defense_v	63	94					1	190	60|80|100	3800	50
14	10	10	rangedamage_return_v	248	372					1	760	60|80|100	3800	120
14	10	11	meleedamage_return_v	248	372					1	760	60|80|100	3800	120
14	10	12	attackrating_v	63	94					1	190	60|80|100	3800	120
14	10	13	lifemax_v	1242	1863					1	3801	60|80|100	3801	100
14	10	14	manamax_v	1242	1863					1	3801	60|80|100	3801	120
14	10	15	fire_resist_v	311	466					1	951	60|80|100	3804	100
14	10	16	stealmana_v	124	186					1	381	60|80|100	3810	120
14	10	17	steallife_v	124	186					1	381	60|80|100	3810	100
14	10	18	recover_life_v	63	94	9	9			1	190	60|80|100	3800	100
14	10	19	recover_mana_v	63	94	9	9			1	190	60|80|100	3800	120
14	10	20	lifereplenish_w	497	746					1	1521	60|80|100	3803	100
14	10	21	manareplenish_w	497	746					1	1521	60|80|100	3803	120
14	10	22	weaken_deadlystrike_damage_v	63	94					1	190	60|80|100	3800	100
14	10	23	weaken_deadlystrike_v	63	94					1	190	60|80|100	3800	100
14	10	24	defense_v	63	94					1	190	60|80|100	3800	100
14	10	25	vitality_v	63	94					1	190	60|80|100	3800	100
14	10	26	energy_v	63	94					1	190	60|80|100	3800	100
14	10	27	return_resist_range_v	248	372					1	760	60|80|100	3800	120
14	10	28	return_resist_melee_v	248	372					1	760	60|80|100	3800	120
14	11	1	physical_firedamage_v	68	102					1	209	60|80|100	4180	50
14	11	2	energy_firedamage_v	68	102					1	209	60|80|100	4180	50
14	11	3	basic_damage_v	68	102			68	102	1	209	60|80|100	4180	50
14	11	4	deadlystrike_damage_v	68	102					1	209	60|80|100	4180	50
14	11	5	deadlystrike_v	68	102					1	209	60|80|100	4180	50
14	11	6	strength_v	68	102					1	209	60|80|100	4180	50
14	11	7	dexterity_v	68	102					1	209	60|80|100	4180	50
14	11	8	ignore_fire_resist_v	100	100	68	102			2	209	60|80|100	2000	100
14	11	9	ignore_defense_v	68	102					1	209	60|80|100	4180	50
14	11	10	rangedamage_return_v	274	411					1	837	60|80|100	4185	120
14	11	11	meleedamage_return_v	274	411					1	837	60|80|100	4185	120
14	11	12	attackrating_v	68	102					1	209	60|80|100	4180	120
14	11	13	lifemax_v	1366	2049					1	4181	60|80|100	4181	100
14	11	14	manamax_v	1366	2049					1	4181	60|80|100	4181	120
14	11	15	fire_resist_v	342	513					1	1046	60|80|100	4184	100
14	11	16	stealmana_v	137	206					1	418	60|80|100	4180	120
14	11	17	steallife_v	137	206					1	418	60|80|100	4180	100
14	11	18	recover_life_v	68	102	9	9			1	209	60|80|100	4180	100
14	11	19	recover_mana_v	68	102	9	9			1	209	60|80|100	4180	120
14	11	20	lifereplenish_w	547	820					1	1673	60|80|100	4183	100
14	11	21	manareplenish_w	547	820					1	1673	60|80|100	4183	120
14	11	22	weaken_deadlystrike_damage_v	68	102					1	209	60|80|100	4180	100
14	11	23	weaken_deadlystrike_v	68	102					1	209	60|80|100	4180	100
14	11	24	defense_v	68	102					1	209	60|80|100	4180	100
14	11	25	vitality_v	68	102					1	209	60|80|100	4180	100
14	11	26	energy_v	68	102					1	209	60|80|100	4180	100
14	11	27	return_resist_range_v	274	411					1	837	60|80|100	4185	120
14	11	28	return_resist_melee_v	274	411					1	837	60|80|100	4185	120
14	12	1	physical_firedamage_v	75	112					1	228	60|80|100	4560	50
14	12	2	energy_firedamage_v	75	112					1	228	60|80|100	4560	50
14	12	3	basic_damage_v	75	112			75	112	1	228	60|80|100	4560	50
14	12	4	deadlystrike_damage_v	75	112					1	228	60|80|100	4560	50
14	12	5	deadlystrike_v	75	112					1	228	60|80|100	4560	50
14	12	6	strength_v	75	112					1	228	60|80|100	4560	50
14	12	7	dexterity_v	75	112					1	228	60|80|100	4560	50
14	12	8	ignore_fire_resist_v	100	100	75	112			2	228	60|80|100	2000	100
14	12	9	ignore_defense_v	75	112					1	228	60|80|100	4560	50
14	12	10	rangedamage_return_v	298	447					1	912	60|80|100	4560	120
14	12	11	meleedamage_return_v	298	447					1	912	60|80|100	4560	120
14	12	12	attackrating_v	75	112					1	228	60|80|100	4560	120
14	12	13	lifemax_v	1491	2236					1	4562	60|80|100	4562	100
14	12	14	manamax_v	1491	2236					1	4562	60|80|100	4562	120
14	12	15	fire_resist_v	373	560					1	1140	60|80|100	4560	100
14	12	16	stealmana_v	149	224					1	456	60|80|100	4560	120
14	12	17	steallife_v	149	224					1	456	60|80|100	4560	100
14	12	18	recover_life_v	75	112	9	9			1	228	60|80|100	4560	100
14	12	19	recover_mana_v	75	112	9	9			1	228	60|80|100	4560	120
14	12	20	lifereplenish_w	596	894					1	1824	60|80|100	4560	100
14	12	21	manareplenish_w	596	894					1	1824	60|80|100	4560	120
14	12	22	weaken_deadlystrike_damage_v	75	112					1	228	60|80|100	4560	100
14	12	23	weaken_deadlystrike_v	75	112					1	228	60|80|100	4560	100
14	12	24	defense_v	75	112					1	228	60|80|100	4560	100
14	12	25	vitality_v	75	112					1	228	60|80|100	4560	100
14	12	26	energy_v	75	112					1	228	60|80|100	4560	100
14	12	27	return_resist_range_v	298	447					1	912	60|80|100	4560	120
14	12	28	return_resist_melee_v	298	447					1	912	60|80|100	4560	120
14	13	1	physical_firedamage_v	79	118					1	240	60|80|100	4800	50
14	13	2	energy_firedamage_v	79	118					1	240	60|80|100	4800	50
14	13	3	basic_damage_v	79	118			79	118	1	240	60|80|100	4800	50
14	13	4	deadlystrike_damage_v	79	118					1	240	60|80|100	4800	50
14	13	5	deadlystrike_v	79	118					1	240	60|80|100	4800	50
14	13	6	strength_v	79	118					1	240	60|80|100	4800	50
14	13	7	dexterity_v	79	118					1	240	60|80|100	4800	50
14	13	8	ignore_fire_resist_v	100	100	79	118			2	240	60|80|100	2000	100
14	13	9	ignore_defense_v	79	118					1	240	60|80|100	4800	50
14	13	10	rangedamage_return_v	313	470					1	958	60|80|100	4790	120
14	13	11	meleedamage_return_v	313	470					1	958	60|80|100	4790	120
14	13	12	attackrating_v	79	118					1	240	60|80|100	4800	120
14	13	13	lifemax_v	1565	2348					1	4790	60|80|100	4790	100
14	13	14	manamax_v	1565	2348					1	4790	60|80|100	4790	120
14	13	15	fire_resist_v	392	587					1	1198	60|80|100	4792	100
14	13	16	stealmana_v	156	234					1	479	60|80|100	4790	120
14	13	17	steallife_v	156	234					1	479	60|80|100	4790	100
14	13	18	recover_life_v	79	118	9	9			1	240	60|80|100	4800	100
14	13	19	recover_mana_v	79	118	9	9			1	240	60|80|100	4800	120
14	13	20	lifereplenish_w	626	939					1	1916	60|80|100	4790	100
14	13	21	manareplenish_w	626	939					1	1916	60|80|100	4790	120
14	13	22	weaken_deadlystrike_damage_v	79	118					1	240	60|80|100	4800	100
14	13	23	weaken_deadlystrike_v	79	118					1	240	60|80|100	4800	100
14	13	24	defense_v	79	118					1	240	60|80|100	4800	100
14	13	25	vitality_v	79	118					1	240	60|80|100	4800	100
14	13	26	energy_v	79	118					1	240	60|80|100	4800	100
14	13	27	return_resist_range_v	313	470					1	958	60|80|100	4790	120
14	13	28	return_resist_melee_v	313	470					1	958	60|80|100	4790	120
14	14	1	physical_firedamage_v	82	123					1	251	60|80|100	5020	50
14	14	2	energy_firedamage_v	82	123					1	251	60|80|100	5020	50
14	14	3	basic_damage_v	82	123			82	123	1	251	60|80|100	5020	50
14	14	4	deadlystrike_damage_v	82	123					1	251	60|80|100	5020	50
14	14	5	deadlystrike_v	82	123					1	251	60|80|100	5020	50
14	14	6	strength_v	82	123					1	251	60|80|100	5020	50
14	14	7	dexterity_v	82	123					1	251	60|80|100	5020	50
14	14	8	ignore_fire_resist_v	100	100	82	123			2	251	60|80|100	2000	100
14	14	9	ignore_defense_v	82	123					1	251	60|80|100	5020	50
14	14	10	rangedamage_return_v	329	494					1	1006	60|80|100	5030	120
14	14	11	meleedamage_return_v	329	494					1	1006	60|80|100	5030	120
14	14	12	attackrating_v	82	123					1	251	60|80|100	5020	120
14	14	13	lifemax_v	1642	2463					1	5026	60|80|100	5026	100
14	14	14	manamax_v	1642	2463					1	5026	60|80|100	5026	120
14	14	15	fire_resist_v	411	616					1	1257	60|80|100	5028	100
14	14	16	stealmana_v	164	246					1	503	60|80|100	5030	120
14	14	17	steallife_v	164	246					1	503	60|80|100	5030	100
14	14	18	recover_life_v	82	123	9	9			1	251	60|80|100	5020	100
14	14	19	recover_mana_v	82	123	9	9			1	251	60|80|100	5020	120
14	14	20	lifereplenish_w	657	986					1	2010	60|80|100	5025	100
14	14	21	manareplenish_w	657	986					1	2010	60|80|100	5025	120
14	14	22	weaken_deadlystrike_damage_v	82	123					1	251	60|80|100	5020	100
14	14	23	weaken_deadlystrike_v	82	123					1	251	60|80|100	5020	100
14	14	24	defense_v	82	123					1	251	60|80|100	5020	100
14	14	25	vitality_v	82	123					1	251	60|80|100	5020	100
14	14	26	energy_v	82	123					1	251	60|80|100	5020	100
14	14	27	return_resist_range_v	329	494					1	1006	60|80|100	5030	120
14	14	28	return_resist_melee_v	329	494					1	1006	60|80|100	5030	120
14	15	1	physical_firedamage_v	86	129					1	263	60|80|100	5260	50
14	15	2	energy_firedamage_v	86	129					1	263	60|80|100	5260	50
14	15	3	basic_damage_v	86	129			86	129	1	263	60|80|100	5260	50
14	15	4	deadlystrike_damage_v	86	129					1	263	60|80|100	5260	50
14	15	5	deadlystrike_v	86	129					1	263	60|80|100	5260	50
14	15	6	strength_v	86	129					1	263	60|80|100	5260	50
14	15	7	dexterity_v	86	129					1	263	60|80|100	5260	50
14	15	8	ignore_fire_resist_v	100	100	86	129			2	263	60|80|100	2000	100
14	15	9	ignore_defense_v	86	129					1	263	60|80|100	5260	50
14	15	10	rangedamage_return_v	344	516					1	1053	60|80|100	5265	120
14	15	11	meleedamage_return_v	344	516					1	1053	60|80|100	5265	120
14	15	12	attackrating_v	86	129					1	263	60|80|100	5260	120
14	15	13	lifemax_v	1720	2579					1	5262	60|80|100	5262	100
14	15	14	manamax_v	1720	2579					1	5262	60|80|100	5262	120
14	15	15	fire_resist_v	430	645					1	1316	60|80|100	5264	100
14	15	16	stealmana_v	172	258					1	527	60|80|100	5270	120
14	15	17	steallife_v	172	258					1	527	60|80|100	5270	100
14	15	18	recover_life_v	86	129	9	9			1	263	60|80|100	5260	100
14	15	19	recover_mana_v	86	129	9	9			1	263	60|80|100	5260	120
14	15	20	lifereplenish_w	688	1032					1	2105	60|80|100	5263	100
14	15	21	manareplenish_w	688	1032					1	2105	60|80|100	5263	120
14	15	22	weaken_deadlystrike_damage_v	86	129					1	263	60|80|100	5260	100
14	15	23	weaken_deadlystrike_v	86	129					1	263	60|80|100	5260	100
14	15	24	defense_v	86	129					1	263	60|80|100	5260	100
14	15	25	vitality_v	86	129					1	263	60|80|100	5260	100
14	15	26	energy_v	86	129					1	263	60|80|100	5260	100
14	15	27	return_resist_range_v	344	516					1	1053	60|80|100	5265	120
14	15	28	return_resist_melee_v	344	516					1	1053	60|80|100	5265	120
14	16	1	physical_firedamage_v	90	135					1	275	60|80|100	5500	50
14	16	2	energy_firedamage_v	90	135					1	275	60|80|100	5500	50
14	16	3	basic_damage_v	90	135			90	135	1	275	60|80|100	5500	50
14	16	4	deadlystrike_damage_v	90	135					1	275	60|80|100	5500	50
14	16	5	deadlystrike_v	90	135					1	275	60|80|100	5500	50
14	16	6	strength_v	90	135					1	275	60|80|100	5500	50
14	16	7	dexterity_v	90	135					1	275	60|80|100	5500	50
14	16	8	ignore_fire_resist_v	100	100	90	135			2	275	60|80|100	2000	100
14	16	9	ignore_defense_v	90	135					1	275	60|80|100	5500	50
14	16	10	rangedamage_return_v	360	539					1	1100	60|80|100	5500	120
14	16	11	meleedamage_return_v	360	539					1	1100	60|80|100	5500	120
14	16	12	attackrating_v	90	135					1	275	60|80|100	5500	120
14	16	13	lifemax_v	1796	2694					1	5499	60|80|100	5499	100
14	16	14	manamax_v	1796	2694					1	5499	60|80|100	5499	120
14	16	15	fire_resist_v	449	674					1	1376	60|80|100	5504	100
14	16	16	stealmana_v	180	270					1	550	60|80|100	5500	120
14	16	17	steallife_v	180	270					1	550	60|80|100	5500	100
14	16	18	recover_life_v	90	135	9	9			1	275	60|80|100	5500	100
14	16	19	recover_mana_v	90	135	9	9			1	275	60|80|100	5500	120
14	16	20	lifereplenish_w	719	1078					1	2200	60|80|100	5500	100
14	16	21	manareplenish_w	719	1078					1	2200	60|80|100	5500	120
14	16	22	weaken_deadlystrike_damage_v	90	135					1	275	60|80|100	5500	100
14	16	23	weaken_deadlystrike_v	90	135					1	275	60|80|100	5500	100
14	16	24	defense_v	90	135					1	275	60|80|100	5500	100
14	16	25	vitality_v	90	135					1	275	60|80|100	5500	100
14	16	26	energy_v	90	135					1	275	60|80|100	5500	100
14	16	27	return_resist_range_v	360	539					1	1100	60|80|100	5500	120
14	16	28	return_resist_melee_v	360	539					1	1100	60|80|100	5500	120
14	17	1	physical_firedamage_v	94	141					1	287	60|80|100	5740	50
14	17	2	energy_firedamage_v	94	141					1	287	60|80|100	5740	50
14	17	3	basic_damage_v	94	141			94	141	1	287	60|80|100	5740	50
14	17	4	deadlystrike_damage_v	94	141					1	287	60|80|100	5740	50
14	17	5	deadlystrike_v	94	141					1	287	60|80|100	5740	50
14	17	6	strength_v	94	141					1	287	60|80|100	5740	50
14	17	7	dexterity_v	94	141					1	287	60|80|100	5740	50
14	17	8	ignore_fire_resist_v	100	100	94	141			2	287	60|80|100	2000	100
14	17	9	ignore_defense_v	94	141					1	287	60|80|100	5740	50
14	17	10	rangedamage_return_v	375	562					1	1148	60|80|100	5740	120
14	17	11	meleedamage_return_v	375	562					1	1148	60|80|100	5740	120
14	17	12	attackrating_v	94	141					1	287	60|80|100	5740	120
14	17	13	lifemax_v	1874	2811					1	5735	60|80|100	5735	100
14	17	14	manamax_v	1874	2811					1	5735	60|80|100	5735	120
14	17	15	fire_resist_v	469	704					1	1434	60|80|100	5736	100
14	17	16	stealmana_v	188	282					1	574	60|80|100	5740	120
14	17	17	steallife_v	188	282					1	574	60|80|100	5740	100
14	17	18	recover_life_v	94	141	9	9			1	287	60|80|100	5740	100
14	17	19	recover_mana_v	94	141	9	9			1	287	60|80|100	5740	120
14	17	20	lifereplenish_w	750	1125					1	2295	60|80|100	5738	100
14	17	21	manareplenish_w	750	1125					1	2295	60|80|100	5738	120
14	17	22	weaken_deadlystrike_damage_v	94	141					1	287	60|80|100	5740	100
14	17	23	weaken_deadlystrike_v	94	141					1	287	60|80|100	5740	100
14	17	24	defense_v	94	141					1	287	60|80|100	5740	100
14	17	25	vitality_v	94	141					1	287	60|80|100	5740	100
14	17	26	energy_v	94	141					1	287	60|80|100	5740	100
14	17	27	return_resist_range_v	375	562					1	1148	60|80|100	5740	120
14	17	28	return_resist_melee_v	375	562					1	1148	60|80|100	5740	120
14	18	1	physical_firedamage_v	98	147					1	299	60|80|100	5980	50
14	18	2	energy_firedamage_v	98	147					1	299	60|80|100	5980	50
14	18	3	basic_damage_v	98	147			98	147	1	299	60|80|100	5980	50
14	18	4	deadlystrike_damage_v	98	147					1	299	60|80|100	5980	50
14	18	5	deadlystrike_v	98	147					1	299	60|80|100	5980	50
14	18	6	strength_v	98	147					1	299	60|80|100	5980	50
14	18	7	dexterity_v	98	147					1	299	60|80|100	5980	50
14	18	8	ignore_fire_resist_v	100	100	98	147			2	299	60|80|100	2000	100
14	18	9	ignore_defense_v	98	147					1	299	60|80|100	5980	50
14	18	10	rangedamage_return_v	391	586					1	1194	60|80|100	5970	120
14	18	11	meleedamage_return_v	391	586					1	1194	60|80|100	5970	120
14	18	12	attackrating_v	98	147					1	299	60|80|100	5980	120
14	18	13	lifemax_v	1952	2927					1	5973	60|80|100	5973	100
14	18	14	manamax_v	1952	2927					1	5973	60|80|100	5973	120
14	18	15	fire_resist_v	488	732					1	1493	60|80|100	5972	100
14	18	16	stealmana_v	196	293	9	9			1	598	60|80|100	5980	120
14	18	17	steallife_v	196	293	9	9			1	598	60|80|100	5980	100
14	18	18	recover_life_v	98	147	9	9			1	299	60|80|100	5980	100
14	18	19	recover_mana_v	98	147	9	9			1	299	60|80|100	5980	120
14	18	20	lifereplenish_w	781	1172					1	2390	60|80|100	5975	100
14	18	21	manareplenish_w	781	1172					1	2390	60|80|100	5975	120
14	18	22	weaken_deadlystrike_damage_v	98	147					1	299	60|80|100	5980	100
14	18	23	weaken_deadlystrike_v	98	147					1	299	60|80|100	5980	100
14	18	24	defense_v	98	147					1	299	60|80|100	5980	100
14	18	25	vitality_v	98	147					1	299	60|80|100	5980	100
14	18	26	energy_v	98	147					1	299	60|80|100	5980	100
14	18	27	return_resist_range_v	391	586					1	1194	60|80|100	5970	120
14	18	28	return_resist_melee_v	391	586					1	1194	60|80|100	5970	120
14	19	1	physical_firedamage_v	102	153					1	311	60|80|100	6220	50
14	19	2	energy_firedamage_v	102	153					1	311	60|80|100	6220	50
14	19	3	basic_damage_v	102	153			102	153	1	311	60|80|100	6220	50
14	19	4	deadlystrike_damage_v	102	153					1	311	60|80|100	6220	50
14	19	5	deadlystrike_v	102	153					1	311	60|80|100	6220	50
14	19	6	strength_v	102	153					1	311	60|80|100	6220	50
14	19	7	dexterity_v	102	153					1	311	60|80|100	6220	50
14	19	8	ignore_fire_resist_v	100	100	102	153			2	311	60|80|100	2000	100
14	19	9	ignore_defense_v	102	153					1	311	60|80|100	6220	50
14	19	10	rangedamage_return_v	407	610					1	1242	60|80|100	6210	120
14	19	11	meleedamage_return_v	407	610					1	1242	60|80|100	6210	120
14	19	12	attackrating_v	102	153					1	311	60|80|100	6220	120
14	19	13	lifemax_v	2028	3042					1	6209	60|80|100	6209	100
14	19	14	manamax_v	2028	3042					1	6209	60|80|100	6209	120
14	19	15	fire_resist_v	508	761					1	1552	60|80|100	6208	100
14	19	16	stealmana_v	203	304					1	621	60|80|100	6210	120
14	19	17	steallife_v	203	304					1	621	60|80|100	6210	100
14	19	18	recover_life_v	102	153	9	9			1	311	60|80|100	6220	100
14	19	19	recover_mana_v	102	153	9	9			1	311	60|80|100	6220	120
14	19	20	lifereplenish_w	812	1217					1	2483	60|80|100	6208	100
14	19	21	manareplenish_w	812	1217					1	2483	60|80|100	6208	120
14	19	22	weaken_deadlystrike_damage_v	102	153					1	311	60|80|100	6220	100
14	19	23	weaken_deadlystrike_v	102	153					1	311	60|80|100	6220	100
14	19	24	defense_v	102	153					1	311	60|80|100	6220	100
14	19	25	vitality_v	102	153					1	311	60|80|100	6220	100
14	19	26	energy_v	102	153					1	311	60|80|100	6220	100
14	19	27	return_resist_range_v	407	610					1	1242	60|80|100	6210	120
14	19	28	return_resist_melee_v	407	610					1	1242	60|80|100	6210	120
14	20	1	physical_firedamage_v	106	159					1	323	60|80|100	6460	50
14	20	2	energy_firedamage_v	106	159					1	323	60|80|100	6460	50
14	20	3	basic_damage_v	106	159			106	159	1	323	60|80|100	6460	50
14	20	4	deadlystrike_damage_v	106	159					1	323	60|80|100	6460	50
14	20	5	deadlystrike_v	106	159					1	323	60|80|100	6460	50
14	20	6	strength_v	106	159					1	323	60|80|100	6460	50
14	20	7	dexterity_v	106	159					1	323	60|80|100	6460	50
14	20	8	ignore_fire_resist_v	100	100	106	159			2	323	60|80|100	2000	100
14	20	9	ignore_defense_v	106	159					1	323	60|80|100	6460	50
14	20	10	rangedamage_return_v	421	632					1	1289	60|80|100	6445	120
14	20	11	meleedamage_return_v	421	632					1	1289	60|80|100	6445	120
14	20	12	attackrating_v	106	159					1	323	60|80|100	6460	120
14	20	13	lifemax_v	2106	3159					1	6446	60|80|100	6446	100
14	20	14	manamax_v	2106	3159					1	6446	60|80|100	6446	120
14	20	15	fire_resist_v	527	790					1	1612	60|80|100	6448	100
14	20	16	stealmana_v	211	316					1	645	60|80|100	6450	120
14	20	17	steallife_v	211	316					1	645	60|80|100	6450	100
14	20	18	recover_life_v	106	159	9	9			1	323	60|80|100	6460	100
14	20	19	recover_mana_v	106	159	9	9			1	323	60|80|100	6460	120
14	20	20	lifereplenish_w	843	1264					1	2578	60|80|100	6445	100
14	20	21	manareplenish_w	843	1264					1	2578	60|80|100	6445	120
14	20	22	weaken_deadlystrike_damage_v	106	159					1	323	60|80|100	6460	100
14	20	23	weaken_deadlystrike_v	106	159					1	323	60|80|100	6460	100
14	20	24	defense_v	106	159					1	323	60|80|100	6460	100
14	20	25	vitality_v	106	159					1	323	60|80|100	6460	100
14	20	26	energy_v	106	159					1	323	60|80|100	6460	100
14	20	27	return_resist_range_v	421	632					1	1289	60|80|100	6445	120
14	20	28	return_resist_melee_v	421	632					1	1289	60|80|100	6445	120
14	21	1	physical_firedamage_v	110	165					1	334	60|80|100	6680	50
14	21	2	energy_firedamage_v	110	165					1	334	60|80|100	6680	50
14	21	3	basic_damage_v	110	165			110	165	1	334	60|80|100	6680	50
14	21	4	deadlystrike_damage_v	110	165					1	334	60|80|100	6680	50
14	21	5	deadlystrike_v	110	165					1	334	60|80|100	6680	50
14	21	6	strength_v	110	165					1	334	60|80|100	6680	50
14	21	7	dexterity_v	110	165					1	334	60|80|100	6680	50
14	21	8	ignore_fire_resist_v	100	100	110	165			2	334	60|80|100	2000	100
14	21	9	ignore_defense_v	110	165					1	334	60|80|100	6680	50
14	21	10	rangedamage_return_v	437	656					1	1337	60|80|100	6685	120
14	21	11	meleedamage_return_v	437	656					1	1337	60|80|100	6685	120
14	21	12	attackrating_v	110	165					1	334	60|80|100	6680	120
14	21	13	lifemax_v	2184	3275					1	6682	60|80|100	6682	100
14	21	14	manamax_v	2184	3275					1	6682	60|80|100	6682	120
14	21	15	fire_resist_v	546	819					1	1671	60|80|100	6684	100
14	21	16	stealmana_v	219	328					1	669	60|80|100	6690	120
14	21	17	steallife_v	219	328					1	669	60|80|100	6690	100
14	21	18	recover_life_v	110	165	9	9			1	334	60|80|100	6680	100
14	21	19	recover_mana_v	110	165	9	9			1	334	60|80|100	6680	120
14	21	20	lifereplenish_w	873	1310					1	2673	60|80|100	6683	100
14	21	21	manareplenish_w	873	1310					1	2673	60|80|100	6683	120
14	21	22	weaken_deadlystrike_damage_v	110	165					1	334	60|80|100	6680	100
14	21	23	weaken_deadlystrike_v	110	165					1	334	60|80|100	6680	100
14	21	24	defense_v	110	165					1	334	60|80|100	6680	100
14	21	25	vitality_v	110	165					1	334	60|80|100	6680	100
14	21	26	energy_v	110	165					1	334	60|80|100	6680	100
14	21	27	return_resist_range_v	437	656					1	1337	60|80|100	6685	120
14	21	28	return_resist_melee_v	437	656					1	1337	60|80|100	6685	120
15	1	1	physical_earthdamage_v	22	33					1	65	60|80|100	1300	50
15	1	2	energy_earthdamage_v	22	33					1	65	60|80|100	1300	50
15	1	3	basic_damage_v	22	33			22	33	1	65	60|80|100	1300	50
15	1	4	deadlystrike_damage_v	22	33					1	65	60|80|100	1300	50
15	1	5	deadlystrike_v	22	33					1	65	60|80|100	1300	50
15	1	6	strength_v	22	33					1	65	60|80|100	1300	50
15	1	7	dexterity_v	22	33					1	65	60|80|100	1300	50
15	1	8	ignore_earth_resist_v	100	100	22	33			2	100	60|80|100	2000	100
15	1	9	ignore_defense_v	22	33					1	65	60|80|100	1300	50
15	1	10	rangedamage_return_v	85	128					1	258	60|80|100	1290	120
15	1	11	meleedamage_return_v	85	128					1	258	60|80|100	1290	120
15	1	12	attackrating_v	22	33					1	65	60|80|100	1300	120
15	1	13	lifemax_v	422	633					1	1292	60|80|100	1292	100
15	1	14	manamax_v	422	633					1	1292	60|80|100	1292	120
15	1	15	earth_resist_v	106	159					1	323	60|80|100	1292	100
15	1	16	stealmana_v	43	64					1	130	60|80|100	1300	120
15	1	17	steallife_v	43	64					1	130	60|80|100	1300	100
15	1	18	recover_life_v	22	33	9	9			1	65	60|80|100	1300	100
15	1	19	recover_mana_v	22	33	9	9			1	65	60|80|100	1300	120
15	1	20	lifereplenish_w	169	254					1	516	60|80|100	1290	100
15	1	21	manareplenish_w	169	254					1	516	60|80|100	1290	120
15	1	22	weaken_deadlystrike_damage_v	22	33					1	65	60|80|100	1300	100
15	1	23	weaken_deadlystrike_v	22	33					1	65	60|80|100	1300	100
15	1	24	defense_v	22	33					1	65	60|80|100	1300	100
15	1	25	vitality_v	22	33					1	65	60|80|100	1300	100
15	1	26	energy_v	22	33					1	65	60|80|100	1300	100
15	1	27	return_resist_range_v	85	128					1	258	60|80|100	1290	120
15	1	28	return_resist_melee_v	85	128					1	258	60|80|100	1290	120
15	2	1	physical_earthdamage_v	24	36					1	75	60|80|100	1500	50
15	2	2	energy_earthdamage_v	24	36					1	75	60|80|100	1500	50
15	2	3	basic_damage_v	24	36			24	36	1	75	60|80|100	1500	50
15	2	4	deadlystrike_damage_v	24	36					1	75	60|80|100	1500	50
15	2	5	deadlystrike_v	24	36					1	75	60|80|100	1500	50
15	2	6	strength_v	24	36					1	75	60|80|100	1500	50
15	2	7	dexterity_v	24	36					1	75	60|80|100	1500	50
15	2	8	ignore_earth_resist_v	100	100	24	36			2	100	60|80|100	2000	100
15	2	9	ignore_defense_v	24	36					1	75	60|80|100	1500	50
15	2	10	rangedamage_return_v	97	146					1	297	60|80|100	1485	120
15	2	11	meleedamage_return_v	97	146					1	297	60|80|100	1485	120
15	2	12	attackrating_v	24	36					1	75	60|80|100	1500	120
15	2	13	lifemax_v	485	728					1	1485	60|80|100	1485	100
15	2	14	manamax_v	485	728					1	1485	60|80|100	1485	120
15	2	15	earth_resist_v	121	182					1	371	60|80|100	1484	100
15	2	16	stealmana_v	49	74					1	149	60|80|100	1490	120
15	2	17	steallife_v	49	74					1	149	60|80|100	1490	100
15	2	18	recover_life_v	24	36	9	9			1	75	60|80|100	1500	100
15	2	19	recover_mana_v	24	36	9	9			1	75	60|80|100	1500	120
15	2	20	lifereplenish_w	195	292					1	594	60|80|100	1485	100
15	2	21	manareplenish_w	195	292					1	594	60|80|100	1485	120
15	2	22	weaken_deadlystrike_damage_v	24	36					1	75	60|80|100	1500	100
15	2	23	weaken_deadlystrike_v	24	36					1	75	60|80|100	1500	100
15	2	24	defense_v	24	36					1	75	60|80|100	1500	100
15	2	25	vitality_v	24	36					1	75	60|80|100	1500	100
15	2	26	energy_v	24	36					1	75	60|80|100	1500	100
15	2	27	return_resist_range_v	97	146					1	297	60|80|100	1485	120
15	2	28	return_resist_melee_v	97	146					1	297	60|80|100	1485	120
15	3	1	physical_earthdamage_v	28	42					1	86	60|80|100	1720	50
15	3	2	energy_earthdamage_v	28	42					1	86	60|80|100	1720	50
15	3	3	basic_damage_v	28	42			28	42	1	86	60|80|100	1720	50
15	3	4	deadlystrike_damage_v	28	42					1	86	60|80|100	1720	50
15	3	5	deadlystrike_v	28	42					1	86	60|80|100	1720	50
15	3	6	strength_v	28	42					1	86	60|80|100	1720	50
15	3	7	dexterity_v	28	42					1	86	60|80|100	1720	50
15	3	8	ignore_earth_resist_v	100	100	28	42			2	100	60|80|100	2000	100
15	3	9	ignore_defense_v	28	42					1	86	60|80|100	1720	50
15	3	10	rangedamage_return_v	112	168					1	342	60|80|100	1710	120
15	3	11	meleedamage_return_v	112	168					1	342	60|80|100	1710	120
15	3	12	attackrating_v	28	42					1	86	60|80|100	1720	120
15	3	13	lifemax_v	558	837					1	1708	60|80|100	1708	100
15	3	14	manamax_v	558	837					1	1708	60|80|100	1708	120
15	3	15	earth_resist_v	140	209					1	428	60|80|100	1712	100
15	3	16	stealmana_v	56	83					1	171	60|80|100	1710	120
15	3	17	steallife_v	56	83					1	171	60|80|100	1710	100
15	3	18	recover_life_v	28	42	9	9			1	86	60|80|100	1720	100
15	3	19	recover_mana_v	28	42	9	9			1	86	60|80|100	1720	120
15	3	20	lifereplenish_w	224	335					1	683	60|80|100	1708	100
15	3	21	manareplenish_w	224	335					1	683	60|80|100	1708	120
15	3	22	weaken_deadlystrike_damage_v	28	42					1	86	60|80|100	1720	100
15	3	23	weaken_deadlystrike_v	28	42					1	86	60|80|100	1720	100
15	3	24	defense_v	28	42					1	86	60|80|100	1720	100
15	3	25	vitality_v	28	42					1	86	60|80|100	1720	100
15	3	26	energy_v	28	42					1	86	60|80|100	1720	100
15	3	27	return_resist_range_v	112	168					1	342	60|80|100	1710	120
15	3	28	return_resist_melee_v	112	168					1	342	60|80|100	1710	120
15	4	1	physical_earthdamage_v	32	48					1	99	60|80|100	1980	50
15	4	2	energy_earthdamage_v	32	48					1	99	60|80|100	1980	50
15	4	3	basic_damage_v	32	48			32	48	1	99	60|80|100	1980	50
15	4	4	deadlystrike_damage_v	32	48					1	99	60|80|100	1980	50
15	4	5	deadlystrike_v	32	48					1	99	60|80|100	1980	50
15	4	6	strength_v	32	48					1	99	60|80|100	1980	50
15	4	7	dexterity_v	32	48					1	99	60|80|100	1980	50
15	4	8	ignore_earth_resist_v	100	100	32	48			2	100	60|80|100	2000	100
15	4	9	ignore_defense_v	32	48					1	99	60|80|100	1980	50
15	4	10	rangedamage_return_v	128	192					1	393	60|80|100	1965	120
15	4	11	meleedamage_return_v	128	192					1	393	60|80|100	1965	120
15	4	12	attackrating_v	32	48					1	99	60|80|100	1980	120
15	4	13	lifemax_v	642	963					1	1964	60|80|100	1964	100
15	4	14	manamax_v	642	963					1	1964	60|80|100	1964	120
15	4	15	earth_resist_v	160	240					1	491	60|80|100	1964	100
15	4	16	stealmana_v	65	98					1	197	60|80|100	1970	120
15	4	17	steallife_v	65	98					1	197	60|80|100	1970	100
15	4	18	recover_life_v	32	48	9	9			1	99	60|80|100	1980	100
15	4	19	recover_mana_v	32	48	9	9			1	99	60|80|100	1980	120
15	4	20	lifereplenish_w	257	386					1	785	60|80|100	1963	100
15	4	21	manareplenish_w	257	386					1	785	60|80|100	1963	120
15	4	22	weaken_deadlystrike_damage_v	32	48					1	99	60|80|100	1980	100
15	4	23	weaken_deadlystrike_v	32	48					1	99	60|80|100	1980	100
15	4	24	defense_v	32	48					1	99	60|80|100	1980	100
15	4	25	vitality_v	32	48					1	99	60|80|100	1980	100
15	4	26	energy_v	32	48					1	99	60|80|100	1980	100
15	4	27	return_resist_range_v	128	192					1	393	60|80|100	1965	120
15	4	28	return_resist_melee_v	128	192					1	393	60|80|100	1965	120
15	5	1	physical_earthdamage_v	37	56					1	113	60|80|100	2260	50
15	5	2	energy_earthdamage_v	37	56					1	113	60|80|100	2260	50
15	5	3	basic_damage_v	37	56			37	56	1	113	60|80|100	2260	50
15	5	4	deadlystrike_damage_v	37	56					1	113	60|80|100	2260	50
15	5	5	deadlystrike_v	37	56					1	113	60|80|100	2260	50
15	5	6	strength_v	37	56					1	113	60|80|100	2260	50
15	5	7	dexterity_v	37	56					1	113	60|80|100	2260	50
15	5	8	ignore_earth_resist_v	100	100	37	56			2	113	60|80|100	2000	100
15	5	9	ignore_defense_v	37	56					1	113	60|80|100	2260	50
15	5	10	rangedamage_return_v	148	221					1	452	60|80|100	2260	120
15	5	11	meleedamage_return_v	148	221					1	452	60|80|100	2260	120
15	5	12	attackrating_v	37	56					1	113	60|80|100	2260	120
15	5	13	lifemax_v	738	1107					1	2258	60|80|100	2258	100
15	5	14	manamax_v	738	1107					1	2258	60|80|100	2258	120
15	5	15	earth_resist_v	184	276					1	564	60|80|100	2256	100
15	5	16	stealmana_v	74	111					1	226	60|80|100	2260	120
15	5	17	steallife_v	74	111					1	226	60|80|100	2260	100
15	5	18	recover_life_v	37	56	9	9			1	113	60|80|100	2260	100
15	5	19	recover_mana_v	37	56	9	9			1	113	60|80|100	2260	120
15	5	20	lifereplenish_w	295	442					1	903	60|80|100	2258	100
15	5	21	manareplenish_w	295	442					1	903	60|80|100	2258	120
15	5	22	weaken_deadlystrike_damage_v	37	56					1	113	60|80|100	2260	100
15	5	23	weaken_deadlystrike_v	37	56					1	113	60|80|100	2260	100
15	5	24	defense_v	37	56					1	113	60|80|100	2260	100
15	5	25	vitality_v	37	56					1	113	60|80|100	2260	100
15	5	26	energy_v	37	56					1	113	60|80|100	2260	100
15	5	27	return_resist_range_v	148	221					1	452	60|80|100	2260	120
15	5	28	return_resist_melee_v	148	221					1	452	60|80|100	2260	120
15	6	1	physical_earthdamage_v	43	64					1	130	60|80|100	2600	50
15	6	2	energy_earthdamage_v	43	64					1	130	60|80|100	2600	50
15	6	3	basic_damage_v	43	64			43	64	1	130	60|80|100	2600	50
15	6	4	deadlystrike_damage_v	43	64					1	130	60|80|100	2600	50
15	6	5	deadlystrike_v	43	64					1	130	60|80|100	2600	50
15	6	6	strength_v	43	64					1	130	60|80|100	2600	50
15	6	7	dexterity_v	43	64					1	130	60|80|100	2600	50
15	6	8	ignore_earth_resist_v	100	100	43	64			2	130	60|80|100	2000	100
15	6	9	ignore_defense_v	43	64					1	130	60|80|100	2600	50
15	6	10	rangedamage_return_v	170	255					1	520	60|80|100	2600	120
15	6	11	meleedamage_return_v	170	255					1	520	60|80|100	2600	120
15	6	12	attackrating_v	43	64					1	130	60|80|100	2600	120
15	6	13	lifemax_v	848	1272					1	2596	60|80|100	2596	100
15	6	14	manamax_v	848	1272					1	2596	60|80|100	2596	120
15	6	15	earth_resist_v	212	318					1	650	60|80|100	2600	100
15	6	16	stealmana_v	85	128					1	260	60|80|100	2600	120
15	6	17	steallife_v	85	128					1	260	60|80|100	2600	100
15	6	18	recover_life_v	43	64	9	9			1	130	60|80|100	2600	100
15	6	19	recover_mana_v	43	64	9	9			1	130	60|80|100	2600	120
15	6	20	lifereplenish_w	340	509					1	1038	60|80|100	2595	100
15	6	21	manareplenish_w	340	509					1	1038	60|80|100	2595	120
15	6	22	weaken_deadlystrike_damage_v	43	64					1	130	60|80|100	2600	100
15	6	23	weaken_deadlystrike_v	43	64					1	130	60|80|100	2600	100
15	6	24	defense_v	43	64					1	130	60|80|100	2600	100
15	6	25	vitality_v	43	64					1	130	60|80|100	2600	100
15	6	26	energy_v	43	64					1	130	60|80|100	2600	100
15	6	27	return_resist_range_v	170	255					1	520	60|80|100	2600	120
15	6	28	return_resist_melee_v	170	255					1	520	60|80|100	2600	120
15	7	1	physical_earthdamage_v	47	70					1	143	60|80|100	2860	50
15	7	2	energy_earthdamage_v	47	70					1	143	60|80|100	2860	50
15	7	3	basic_damage_v	47	70			47	70	1	143	60|80|100	2860	50
15	7	4	deadlystrike_damage_v	47	70					1	143	60|80|100	2860	50
15	7	5	deadlystrike_v	47	70					1	143	60|80|100	2860	50
15	7	6	strength_v	47	70					1	143	60|80|100	2860	50
15	7	7	dexterity_v	47	70					1	143	60|80|100	2860	50
15	7	8	ignore_earth_resist_v	100	100	47	70			2	143	60|80|100	2000	100
15	7	9	ignore_defense_v	47	70					1	143	60|80|100	2860	50
15	7	10	rangedamage_return_v	187	280					1	572	60|80|100	2860	120
15	7	11	meleedamage_return_v	187	280					1	572	60|80|100	2860	120
15	7	12	attackrating_v	47	70					1	143	60|80|100	2860	120
15	7	13	lifemax_v	933	1400					1	2856	60|80|100	2856	100
15	7	14	manamax_v	933	1400					1	2856	60|80|100	2856	120
15	7	15	earth_resist_v	234	351					1	714	60|80|100	2856	100
15	7	16	stealmana_v	94	141	9	9			1	286	60|80|100	2860	120
15	7	17	steallife_v	94	141	9	9			1	286	60|80|100	2860	100
15	7	18	recover_life_v	47	70	9	9			1	143	60|80|100	2860	100
15	7	19	recover_mana_v	47	70	9	9			1	143	60|80|100	2860	120
15	7	20	lifereplenish_w	373	560					1	1143	60|80|100	2858	100
15	7	21	manareplenish_w	373	560					1	1143	60|80|100	2858	120
15	7	22	weaken_deadlystrike_damage_v	47	70					1	143	60|80|100	2860	100
15	7	23	weaken_deadlystrike_v	47	70					1	143	60|80|100	2860	100
15	7	24	defense_v	47	70					1	143	60|80|100	2860	100
15	7	25	vitality_v	47	70					1	143	60|80|100	2860	100
15	7	26	energy_v	47	70					1	143	60|80|100	2860	100
15	7	27	return_resist_range_v	187	280					1	572	60|80|100	2860	120
15	7	28	return_resist_melee_v	187	280					1	572	60|80|100	2860	120
15	8	1	physical_earthdamage_v	52	77					1	158	60|80|100	3160	50
15	8	2	energy_earthdamage_v	52	77					1	158	60|80|100	3160	50
15	8	3	basic_damage_v	52	77			52	77	1	158	60|80|100	3160	50
15	8	4	deadlystrike_damage_v	52	77					1	158	60|80|100	3160	50
15	8	5	deadlystrike_v	52	77					1	158	60|80|100	3160	50
15	8	6	strength_v	52	77					1	158	60|80|100	3160	50
15	8	7	dexterity_v	52	77					1	158	60|80|100	3160	50
15	8	8	ignore_earth_resist_v	100	100	52	77			2	158	60|80|100	2000	100
15	8	9	ignore_defense_v	52	77					1	158	60|80|100	3160	50
15	8	10	rangedamage_return_v	206	309					1	629	60|80|100	3145	120
15	8	11	meleedamage_return_v	206	309					1	629	60|80|100	3145	120
15	8	12	attackrating_v	52	77					1	158	60|80|100	3160	120
15	8	13	lifemax_v	1027	1540					1	3142	60|80|100	3142	100
15	8	14	manamax_v	1027	1540					1	3142	60|80|100	3142	120
15	8	15	earth_resist_v	257	386					1	785	60|80|100	3140	100
15	8	16	stealmana_v	103	154					1	315	60|80|100	3150	120
15	8	17	steallife_v	103	154					1	315	60|80|100	3150	100
15	8	18	recover_life_v	52	77	9	9			1	158	60|80|100	3160	100
15	8	19	recover_mana_v	52	77	9	9			1	158	60|80|100	3160	120
15	8	20	lifereplenish_w	411	616					1	1257	60|80|100	3143	100
15	8	21	manareplenish_w	411	616					1	1257	60|80|100	3143	120
15	8	22	weaken_deadlystrike_damage_v	52	77					1	158	60|80|100	3160	100
15	8	23	weaken_deadlystrike_v	52	77					1	158	60|80|100	3160	100
15	8	24	defense_v	52	77					1	158	60|80|100	3160	100
15	8	25	vitality_v	52	77					1	158	60|80|100	3160	100
15	8	26	energy_v	52	77					1	158	60|80|100	3160	100
15	8	27	return_resist_range_v	206	309					1	629	60|80|100	3145	120
15	8	28	return_resist_melee_v	206	309					1	629	60|80|100	3145	120
15	9	1	physical_earthdamage_v	57	86					1	173	60|80|100	3460	50
15	9	2	energy_earthdamage_v	57	86					1	173	60|80|100	3460	50
15	9	3	basic_damage_v	57	86			57	86	1	173	60|80|100	3460	50
15	9	4	deadlystrike_damage_v	57	86					1	173	60|80|100	3460	50
15	9	5	deadlystrike_v	57	86					1	173	60|80|100	3460	50
15	9	6	strength_v	57	86					1	173	60|80|100	3460	50
15	9	7	dexterity_v	57	86					1	173	60|80|100	3460	50
15	9	8	ignore_earth_resist_v	100	100	57	86			2	173	60|80|100	2000	100
15	9	9	ignore_defense_v	57	86					1	173	60|80|100	3460	50
15	9	10	rangedamage_return_v	226	339					1	692	60|80|100	3460	120
15	9	11	meleedamage_return_v	226	339					1	692	60|80|100	3460	120
15	9	12	attackrating_v	57	86					1	173	60|80|100	3460	120
15	9	13	lifemax_v	1129	1694					1	3455	60|80|100	3455	100
15	9	14	manamax_v	1129	1694					1	3455	60|80|100	3455	120
15	9	15	earth_resist_v	283	424					1	864	60|80|100	3456	100
15	9	16	stealmana_v	113	170					1	346	60|80|100	3460	120
15	9	17	steallife_v	113	170					1	346	60|80|100	3460	100
15	9	18	recover_life_v	57	86	9	9			1	173	60|80|100	3460	100
15	9	19	recover_mana_v	57	86	9	9			1	173	60|80|100	3460	120
15	9	20	lifereplenish_w	452	677					1	1383	60|80|100	3458	100
15	9	21	manareplenish_w	452	677					1	1383	60|80|100	3458	120
15	9	22	weaken_deadlystrike_damage_v	57	86					1	173	60|80|100	3460	100
15	9	23	weaken_deadlystrike_v	57	86					1	173	60|80|100	3460	100
15	9	24	defense_v	57	86					1	173	60|80|100	3460	100
15	9	25	vitality_v	57	86					1	173	60|80|100	3460	100
15	9	26	energy_v	57	86					1	173	60|80|100	3460	100
15	9	27	return_resist_range_v	226	339					1	692	60|80|100	3460	120
15	9	28	return_resist_melee_v	226	339					1	692	60|80|100	3460	120
15	10	1	physical_earthdamage_v	63	94					1	190	60|80|100	3800	50
15	10	2	energy_earthdamage_v	63	94					1	190	60|80|100	3800	50
15	10	3	basic_damage_v	63	94			63	94	1	190	60|80|100	3800	50
15	10	4	deadlystrike_damage_v	63	94					1	190	60|80|100	3800	50
15	10	5	deadlystrike_v	63	94					1	190	60|80|100	3800	50
15	10	6	strength_v	63	94					1	190	60|80|100	3800	50
15	10	7	dexterity_v	63	94					1	190	60|80|100	3800	50
15	10	8	ignore_earth_resist_v	100	100	63	94			2	190	60|80|100	2000	100
15	10	9	ignore_defense_v	63	94					1	190	60|80|100	3800	50
15	10	10	rangedamage_return_v	248	372					1	760	60|80|100	3800	120
15	10	11	meleedamage_return_v	248	372					1	760	60|80|100	3800	120
15	10	12	attackrating_v	63	94					1	190	60|80|100	3800	120
15	10	13	lifemax_v	1242	1863					1	3801	60|80|100	3801	100
15	10	14	manamax_v	1242	1863					1	3801	60|80|100	3801	120
15	10	15	earth_resist_v	311	466					1	951	60|80|100	3804	100
15	10	16	stealmana_v	124	186					1	381	60|80|100	3810	120
15	10	17	steallife_v	124	186					1	381	60|80|100	3810	100
15	10	18	recover_life_v	63	94	9	9			1	190	60|80|100	3800	100
15	10	19	recover_mana_v	63	94	9	9			1	190	60|80|100	3800	120
15	10	20	lifereplenish_w	497	746					1	1521	60|80|100	3803	100
15	10	21	manareplenish_w	497	746					1	1521	60|80|100	3803	120
15	10	22	weaken_deadlystrike_damage_v	63	94					1	190	60|80|100	3800	100
15	10	23	weaken_deadlystrike_v	63	94					1	190	60|80|100	3800	100
15	10	24	defense_v	63	94					1	190	60|80|100	3800	100
15	10	25	vitality_v	63	94					1	190	60|80|100	3800	100
15	10	26	energy_v	63	94					1	190	60|80|100	3800	100
15	10	27	return_resist_range_v	248	372					1	760	60|80|100	3800	120
15	10	28	return_resist_melee_v	248	372					1	760	60|80|100	3800	120
15	11	1	physical_earthdamage_v	68	102					1	209	60|80|100	4180	50
15	11	2	energy_earthdamage_v	68	102					1	209	60|80|100	4180	50
15	11	3	basic_damage_v	68	102			68	102	1	209	60|80|100	4180	50
15	11	4	deadlystrike_damage_v	68	102					1	209	60|80|100	4180	50
15	11	5	deadlystrike_v	68	102					1	209	60|80|100	4180	50
15	11	6	strength_v	68	102					1	209	60|80|100	4180	50
15	11	7	dexterity_v	68	102					1	209	60|80|100	4180	50
15	11	8	ignore_earth_resist_v	100	100	68	102			2	209	60|80|100	2000	100
15	11	9	ignore_defense_v	68	102					1	209	60|80|100	4180	50
15	11	10	rangedamage_return_v	274	411					1	837	60|80|100	4185	120
15	11	11	meleedamage_return_v	274	411					1	837	60|80|100	4185	120
15	11	12	attackrating_v	68	102					1	209	60|80|100	4180	120
15	11	13	lifemax_v	1366	2049					1	4181	60|80|100	4181	100
15	11	14	manamax_v	1366	2049					1	4181	60|80|100	4181	120
15	11	15	earth_resist_v	342	513					1	1046	60|80|100	4184	100
15	11	16	stealmana_v	137	206					1	418	60|80|100	4180	120
15	11	17	steallife_v	137	206					1	418	60|80|100	4180	100
15	11	18	recover_life_v	68	102	9	9			1	209	60|80|100	4180	100
15	11	19	recover_mana_v	68	102	9	9			1	209	60|80|100	4180	120
15	11	20	lifereplenish_w	547	820					1	1673	60|80|100	4183	100
15	11	21	manareplenish_w	547	820					1	1673	60|80|100	4183	120
15	11	22	weaken_deadlystrike_damage_v	68	102					1	209	60|80|100	4180	100
15	11	23	weaken_deadlystrike_v	68	102					1	209	60|80|100	4180	100
15	11	24	defense_v	68	102					1	209	60|80|100	4180	100
15	11	25	vitality_v	68	102					1	209	60|80|100	4180	100
15	11	26	energy_v	68	102					1	209	60|80|100	4180	100
15	11	27	return_resist_range_v	274	411					1	837	60|80|100	4185	120
15	11	28	return_resist_melee_v	274	411					1	837	60|80|100	4185	120
15	12	1	physical_earthdamage_v	75	112					1	228	60|80|100	4560	50
15	12	2	energy_earthdamage_v	75	112					1	228	60|80|100	4560	50
15	12	3	basic_damage_v	75	112			75	112	1	228	60|80|100	4560	50
15	12	4	deadlystrike_damage_v	75	112					1	228	60|80|100	4560	50
15	12	5	deadlystrike_v	75	112					1	228	60|80|100	4560	50
15	12	6	strength_v	75	112					1	228	60|80|100	4560	50
15	12	7	dexterity_v	75	112					1	228	60|80|100	4560	50
15	12	8	ignore_earth_resist_v	100	100	75	112			2	228	60|80|100	2000	100
15	12	9	ignore_defense_v	75	112					1	228	60|80|100	4560	50
15	12	10	rangedamage_return_v	298	447					1	912	60|80|100	4560	120
15	12	11	meleedamage_return_v	298	447					1	912	60|80|100	4560	120
15	12	12	attackrating_v	75	112					1	228	60|80|100	4560	120
15	12	13	lifemax_v	1491	2236					1	4562	60|80|100	4562	100
15	12	14	manamax_v	1491	2236					1	4562	60|80|100	4562	120
15	12	15	earth_resist_v	373	560					1	1140	60|80|100	4560	100
15	12	16	stealmana_v	149	224					1	456	60|80|100	4560	120
15	12	17	steallife_v	149	224					1	456	60|80|100	4560	100
15	12	18	recover_life_v	75	112	9	9			1	228	60|80|100	4560	100
15	12	19	recover_mana_v	75	112	9	9			1	228	60|80|100	4560	120
15	12	20	lifereplenish_w	596	894					1	1824	60|80|100	4560	100
15	12	21	manareplenish_w	596	894					1	1824	60|80|100	4560	120
15	12	22	weaken_deadlystrike_damage_v	75	112					1	228	60|80|100	4560	100
15	12	23	weaken_deadlystrike_v	75	112					1	228	60|80|100	4560	100
15	12	24	defense_v	75	112					1	228	60|80|100	4560	100
15	12	25	vitality_v	75	112					1	228	60|80|100	4560	100
15	12	26	energy_v	75	112					1	228	60|80|100	4560	100
15	12	27	return_resist_range_v	298	447					1	912	60|80|100	4560	120
15	12	28	return_resist_melee_v	298	447					1	912	60|80|100	4560	120
15	13	1	physical_earthdamage_v	79	118					1	240	60|80|100	4800	50
15	13	2	energy_earthdamage_v	79	118					1	240	60|80|100	4800	50
15	13	3	basic_damage_v	79	118			79	118	1	240	60|80|100	4800	50
15	13	4	deadlystrike_damage_v	79	118					1	240	60|80|100	4800	50
15	13	5	deadlystrike_v	79	118					1	240	60|80|100	4800	50
15	13	6	strength_v	79	118					1	240	60|80|100	4800	50
15	13	7	dexterity_v	79	118					1	240	60|80|100	4800	50
15	13	8	ignore_earth_resist_v	100	100	79	118			2	240	60|80|100	2000	100
15	13	9	ignore_defense_v	79	118					1	240	60|80|100	4800	50
15	13	10	rangedamage_return_v	313	470					1	958	60|80|100	4790	120
15	13	11	meleedamage_return_v	313	470					1	958	60|80|100	4790	120
15	13	12	attackrating_v	79	118					1	240	60|80|100	4800	120
15	13	13	lifemax_v	1565	2348					1	4790	60|80|100	4790	100
15	13	14	manamax_v	1565	2348					1	4790	60|80|100	4790	120
15	13	15	earth_resist_v	392	587					1	1198	60|80|100	4792	100
15	13	16	stealmana_v	156	234					1	479	60|80|100	4790	120
15	13	17	steallife_v	156	234					1	479	60|80|100	4790	100
15	13	18	recover_life_v	79	118	9	9			1	240	60|80|100	4800	100
15	13	19	recover_mana_v	79	118	9	9			1	240	60|80|100	4800	120
15	13	20	lifereplenish_w	626	939					1	1916	60|80|100	4790	100
15	13	21	manareplenish_w	626	939					1	1916	60|80|100	4790	120
15	13	22	weaken_deadlystrike_damage_v	79	118					1	240	60|80|100	4800	100
15	13	23	weaken_deadlystrike_v	79	118					1	240	60|80|100	4800	100
15	13	24	defense_v	79	118					1	240	60|80|100	4800	100
15	13	25	vitality_v	79	118					1	240	60|80|100	4800	100
15	13	26	energy_v	79	118					1	240	60|80|100	4800	100
15	13	27	return_resist_range_v	313	470					1	958	60|80|100	4790	120
15	13	28	return_resist_melee_v	313	470					1	958	60|80|100	4790	120
15	14	1	physical_earthdamage_v	82	123					1	251	60|80|100	5020	50
15	14	2	energy_earthdamage_v	82	123					1	251	60|80|100	5020	50
15	14	3	basic_damage_v	82	123			82	123	1	251	60|80|100	5020	50
15	14	4	deadlystrike_damage_v	82	123					1	251	60|80|100	5020	50
15	14	5	deadlystrike_v	82	123					1	251	60|80|100	5020	50
15	14	6	strength_v	82	123					1	251	60|80|100	5020	50
15	14	7	dexterity_v	82	123					1	251	60|80|100	5020	50
15	14	8	ignore_earth_resist_v	100	100	82	123			2	251	60|80|100	2000	100
15	14	9	ignore_defense_v	82	123					1	251	60|80|100	5020	50
15	14	10	rangedamage_return_v	329	494					1	1006	60|80|100	5030	120
15	14	11	meleedamage_return_v	329	494					1	1006	60|80|100	5030	120
15	14	12	attackrating_v	82	123					1	251	60|80|100	5020	120
15	14	13	lifemax_v	1642	2463					1	5026	60|80|100	5026	100
15	14	14	manamax_v	1642	2463					1	5026	60|80|100	5026	120
15	14	15	earth_resist_v	411	616					1	1257	60|80|100	5028	100
15	14	16	stealmana_v	164	246					1	503	60|80|100	5030	120
15	14	17	steallife_v	164	246					1	503	60|80|100	5030	100
15	14	18	recover_life_v	82	123	9	9			1	251	60|80|100	5020	100
15	14	19	recover_mana_v	82	123	9	9			1	251	60|80|100	5020	120
15	14	20	lifereplenish_w	657	986					1	2010	60|80|100	5025	100
15	14	21	manareplenish_w	657	986					1	2010	60|80|100	5025	120
15	14	22	weaken_deadlystrike_damage_v	82	123					1	251	60|80|100	5020	100
15	14	23	weaken_deadlystrike_v	82	123					1	251	60|80|100	5020	100
15	14	24	defense_v	82	123					1	251	60|80|100	5020	100
15	14	25	vitality_v	82	123					1	251	60|80|100	5020	100
15	14	26	energy_v	82	123					1	251	60|80|100	5020	100
15	14	27	return_resist_range_v	329	494					1	1006	60|80|100	5030	120
15	14	28	return_resist_melee_v	329	494					1	1006	60|80|100	5030	120
15	15	1	physical_earthdamage_v	86	129					1	263	60|80|100	5260	50
15	15	2	energy_earthdamage_v	86	129					1	263	60|80|100	5260	50
15	15	3	basic_damage_v	86	129			86	129	1	263	60|80|100	5260	50
15	15	4	deadlystrike_damage_v	86	129					1	263	60|80|100	5260	50
15	15	5	deadlystrike_v	86	129					1	263	60|80|100	5260	50
15	15	6	strength_v	86	129					1	263	60|80|100	5260	50
15	15	7	dexterity_v	86	129					1	263	60|80|100	5260	50
15	15	8	ignore_earth_resist_v	100	100	86	129			2	263	60|80|100	2000	100
15	15	9	ignore_defense_v	86	129					1	263	60|80|100	5260	50
15	15	10	rangedamage_return_v	344	516					1	1053	60|80|100	5265	120
15	15	11	meleedamage_return_v	344	516					1	1053	60|80|100	5265	120
15	15	12	attackrating_v	86	129					1	263	60|80|100	5260	120
15	15	13	lifemax_v	1720	2579					1	5262	60|80|100	5262	100
15	15	14	manamax_v	1720	2579					1	5262	60|80|100	5262	120
15	15	15	earth_resist_v	430	645					1	1316	60|80|100	5264	100
15	15	16	stealmana_v	172	258					1	527	60|80|100	5270	120
15	15	17	steallife_v	172	258					1	527	60|80|100	5270	100
15	15	18	recover_life_v	86	129	9	9			1	263	60|80|100	5260	100
15	15	19	recover_mana_v	86	129	9	9			1	263	60|80|100	5260	120
15	15	20	lifereplenish_w	688	1032					1	2105	60|80|100	5263	100
15	15	21	manareplenish_w	688	1032					1	2105	60|80|100	5263	120
15	15	22	weaken_deadlystrike_damage_v	86	129					1	263	60|80|100	5260	100
15	15	23	weaken_deadlystrike_v	86	129					1	263	60|80|100	5260	100
15	15	24	defense_v	86	129					1	263	60|80|100	5260	100
15	15	25	vitality_v	86	129					1	263	60|80|100	5260	100
15	15	26	energy_v	86	129					1	263	60|80|100	5260	100
15	15	27	return_resist_range_v	344	516					1	1053	60|80|100	5265	120
15	15	28	return_resist_melee_v	344	516					1	1053	60|80|100	5265	120
15	16	1	physical_earthdamage_v	90	135					1	275	60|80|100	5500	50
15	16	2	energy_earthdamage_v	90	135					1	275	60|80|100	5500	50
15	16	3	basic_damage_v	90	135			90	135	1	275	60|80|100	5500	50
15	16	4	deadlystrike_damage_v	90	135					1	275	60|80|100	5500	50
15	16	5	deadlystrike_v	90	135					1	275	60|80|100	5500	50
15	16	6	strength_v	90	135					1	275	60|80|100	5500	50
15	16	7	dexterity_v	90	135					1	275	60|80|100	5500	50
15	16	8	ignore_earth_resist_v	100	100	90	135			2	275	60|80|100	2000	100
15	16	9	ignore_defense_v	90	135					1	275	60|80|100	5500	50
15	16	10	rangedamage_return_v	360	539					1	1100	60|80|100	5500	120
15	16	11	meleedamage_return_v	360	539					1	1100	60|80|100	5500	120
15	16	12	attackrating_v	90	135					1	275	60|80|100	5500	120
15	16	13	lifemax_v	1796	2694					1	5499	60|80|100	5499	100
15	16	14	manamax_v	1796	2694					1	5499	60|80|100	5499	120
15	16	15	earth_resist_v	449	674					1	1376	60|80|100	5504	100
15	16	16	stealmana_v	180	270					1	550	60|80|100	5500	120
15	16	17	steallife_v	180	270					1	550	60|80|100	5500	100
15	16	18	recover_life_v	90	135	9	9			1	275	60|80|100	5500	100
15	16	19	recover_mana_v	90	135	9	9			1	275	60|80|100	5500	120
15	16	20	lifereplenish_w	719	1078					1	2200	60|80|100	5500	100
15	16	21	manareplenish_w	719	1078					1	2200	60|80|100	5500	120
15	16	22	weaken_deadlystrike_damage_v	90	135					1	275	60|80|100	5500	100
15	16	23	weaken_deadlystrike_v	90	135					1	275	60|80|100	5500	100
15	16	24	defense_v	90	135					1	275	60|80|100	5500	100
15	16	25	vitality_v	90	135					1	275	60|80|100	5500	100
15	16	26	energy_v	90	135					1	275	60|80|100	5500	100
15	16	27	return_resist_range_v	360	539					1	1100	60|80|100	5500	120
15	16	28	return_resist_melee_v	360	539					1	1100	60|80|100	5500	120
15	17	1	physical_earthdamage_v	94	141					1	287	60|80|100	5740	50
15	17	2	energy_earthdamage_v	94	141					1	287	60|80|100	5740	50
15	17	3	basic_damage_v	94	141			94	141	1	287	60|80|100	5740	50
15	17	4	deadlystrike_damage_v	94	141					1	287	60|80|100	5740	50
15	17	5	deadlystrike_v	94	141					1	287	60|80|100	5740	50
15	17	6	strength_v	94	141					1	287	60|80|100	5740	50
15	17	7	dexterity_v	94	141					1	287	60|80|100	5740	50
15	17	8	ignore_earth_resist_v	100	100	94	141			2	287	60|80|100	2000	100
15	17	9	ignore_defense_v	94	141					1	287	60|80|100	5740	50
15	17	10	rangedamage_return_v	375	562					1	1148	60|80|100	5740	120
15	17	11	meleedamage_return_v	375	562					1	1148	60|80|100	5740	120
15	17	12	attackrating_v	94	141					1	287	60|80|100	5740	120
15	17	13	lifemax_v	1874	2811					1	5735	60|80|100	5735	100
15	17	14	manamax_v	1874	2811					1	5735	60|80|100	5735	120
15	17	15	earth_resist_v	469	704					1	1434	60|80|100	5736	100
15	17	16	stealmana_v	188	282					1	574	60|80|100	5740	120
15	17	17	steallife_v	188	282					1	574	60|80|100	5740	100
15	17	18	recover_life_v	94	141	9	9			1	287	60|80|100	5740	100
15	17	19	recover_mana_v	94	141	9	9			1	287	60|80|100	5740	120
15	17	20	lifereplenish_w	750	1125					1	2295	60|80|100	5738	100
15	17	21	manareplenish_w	750	1125					1	2295	60|80|100	5738	120
15	17	22	weaken_deadlystrike_damage_v	94	141					1	287	60|80|100	5740	100
15	17	23	weaken_deadlystrike_v	94	141					1	287	60|80|100	5740	100
15	17	24	defense_v	94	141					1	287	60|80|100	5740	100
15	17	25	vitality_v	94	141					1	287	60|80|100	5740	100
15	17	26	energy_v	94	141					1	287	60|80|100	5740	100
15	17	27	return_resist_range_v	375	562					1	1148	60|80|100	5740	120
15	17	28	return_resist_melee_v	375	562					1	1148	60|80|100	5740	120
15	18	1	physical_earthdamage_v	98	147					1	299	60|80|100	5980	50
15	18	2	energy_earthdamage_v	98	147					1	299	60|80|100	5980	50
15	18	3	basic_damage_v	98	147			98	147	1	299	60|80|100	5980	50
15	18	4	deadlystrike_damage_v	98	147					1	299	60|80|100	5980	50
15	18	5	deadlystrike_v	98	147					1	299	60|80|100	5980	50
15	18	6	strength_v	98	147					1	299	60|80|100	5980	50
15	18	7	dexterity_v	98	147					1	299	60|80|100	5980	50
15	18	8	ignore_earth_resist_v	100	100	98	147			2	299	60|80|100	2000	100
15	18	9	ignore_defense_v	98	147					1	299	60|80|100	5980	50
15	18	10	rangedamage_return_v	391	586					1	1194	60|80|100	5970	120
15	18	11	meleedamage_return_v	391	586					1	1194	60|80|100	5970	120
15	18	12	attackrating_v	98	147					1	299	60|80|100	5980	120
15	18	13	lifemax_v	1952	2927					1	5973	60|80|100	5973	100
15	18	14	manamax_v	1952	2927					1	5973	60|80|100	5973	120
15	18	15	earth_resist_v	488	732					1	1493	60|80|100	5972	100
15	18	16	stealmana_v	196	293	9	9			1	598	60|80|100	5980	120
15	18	17	steallife_v	196	293	9	9			1	598	60|80|100	5980	100
15	18	18	recover_life_v	98	147	9	9			1	299	60|80|100	5980	100
15	18	19	recover_mana_v	98	147	9	9			1	299	60|80|100	5980	120
15	18	20	lifereplenish_w	781	1172					1	2390	60|80|100	5975	100
15	18	21	manareplenish_w	781	1172					1	2390	60|80|100	5975	120
15	18	22	weaken_deadlystrike_damage_v	98	147					1	299	60|80|100	5980	100
15	18	23	weaken_deadlystrike_v	98	147					1	299	60|80|100	5980	100
15	18	24	defense_v	98	147					1	299	60|80|100	5980	100
15	18	25	vitality_v	98	147					1	299	60|80|100	5980	100
15	18	26	energy_v	98	147					1	299	60|80|100	5980	100
15	18	27	return_resist_range_v	391	586					1	1194	60|80|100	5970	120
15	18	28	return_resist_melee_v	391	586					1	1194	60|80|100	5970	120
15	19	1	physical_earthdamage_v	102	153					1	311	60|80|100	6220	50
15	19	2	energy_earthdamage_v	102	153					1	311	60|80|100	6220	50
15	19	3	basic_damage_v	102	153			102	153	1	311	60|80|100	6220	50
15	19	4	deadlystrike_damage_v	102	153					1	311	60|80|100	6220	50
15	19	5	deadlystrike_v	102	153					1	311	60|80|100	6220	50
15	19	6	strength_v	102	153					1	311	60|80|100	6220	50
15	19	7	dexterity_v	102	153					1	311	60|80|100	6220	50
15	19	8	ignore_earth_resist_v	100	100	102	153			2	311	60|80|100	2000	100
15	19	9	ignore_defense_v	102	153					1	311	60|80|100	6220	50
15	19	10	rangedamage_return_v	407	610					1	1242	60|80|100	6210	120
15	19	11	meleedamage_return_v	407	610					1	1242	60|80|100	6210	120
15	19	12	attackrating_v	102	153					1	311	60|80|100	6220	120
15	19	13	lifemax_v	2028	3042					1	6209	60|80|100	6209	100
15	19	14	manamax_v	2028	3042					1	6209	60|80|100	6209	120
15	19	15	earth_resist_v	508	761					1	1552	60|80|100	6208	100
15	19	16	stealmana_v	203	304					1	621	60|80|100	6210	120
15	19	17	steallife_v	203	304					1	621	60|80|100	6210	100
15	19	18	recover_life_v	102	153	9	9			1	311	60|80|100	6220	100
15	19	19	recover_mana_v	102	153	9	9			1	311	60|80|100	6220	120
15	19	20	lifereplenish_w	812	1217					1	2483	60|80|100	6208	100
15	19	21	manareplenish_w	812	1217					1	2483	60|80|100	6208	120
15	19	22	weaken_deadlystrike_damage_v	102	153					1	311	60|80|100	6220	100
15	19	23	weaken_deadlystrike_v	102	153					1	311	60|80|100	6220	100
15	19	24	defense_v	102	153					1	311	60|80|100	6220	100
15	19	25	vitality_v	102	153					1	311	60|80|100	6220	100
15	19	26	energy_v	102	153					1	311	60|80|100	6220	100
15	19	27	return_resist_range_v	407	610					1	1242	60|80|100	6210	120
15	19	28	return_resist_melee_v	407	610					1	1242	60|80|100	6210	120
15	20	1	physical_earthdamage_v	106	159					1	323	60|80|100	6460	50
15	20	2	energy_earthdamage_v	106	159					1	323	60|80|100	6460	50
15	20	3	basic_damage_v	106	159			106	159	1	323	60|80|100	6460	50
15	20	4	deadlystrike_damage_v	106	159					1	323	60|80|100	6460	50
15	20	5	deadlystrike_v	106	159					1	323	60|80|100	6460	50
15	20	6	strength_v	106	159					1	323	60|80|100	6460	50
15	20	7	dexterity_v	106	159					1	323	60|80|100	6460	50
15	20	8	ignore_earth_resist_v	100	100	106	159			2	323	60|80|100	2000	100
15	20	9	ignore_defense_v	106	159					1	323	60|80|100	6460	50
15	20	10	rangedamage_return_v	421	632					1	1289	60|80|100	6445	120
15	20	11	meleedamage_return_v	421	632					1	1289	60|80|100	6445	120
15	20	12	attackrating_v	106	159					1	323	60|80|100	6460	120
15	20	13	lifemax_v	2106	3159					1	6446	60|80|100	6446	100
15	20	14	manamax_v	2106	3159					1	6446	60|80|100	6446	120
15	20	15	earth_resist_v	527	790					1	1612	60|80|100	6448	100
15	20	16	stealmana_v	211	316					1	645	60|80|100	6450	120
15	20	17	steallife_v	211	316					1	645	60|80|100	6450	100
15	20	18	recover_life_v	106	159	9	9			1	323	60|80|100	6460	100
15	20	19	recover_mana_v	106	159	9	9			1	323	60|80|100	6460	120
15	20	20	lifereplenish_w	843	1264					1	2578	60|80|100	6445	100
15	20	21	manareplenish_w	843	1264					1	2578	60|80|100	6445	120
15	20	22	weaken_deadlystrike_damage_v	106	159					1	323	60|80|100	6460	100
15	20	23	weaken_deadlystrike_v	106	159					1	323	60|80|100	6460	100
15	20	24	defense_v	106	159					1	323	60|80|100	6460	100
15	20	25	vitality_v	106	159					1	323	60|80|100	6460	100
15	20	26	energy_v	106	159					1	323	60|80|100	6460	100
15	20	27	return_resist_range_v	421	632					1	1289	60|80|100	6445	120
15	20	28	return_resist_melee_v	421	632					1	1289	60|80|100	6445	120
15	21	1	physical_earthdamage_v	110	165					1	334	60|80|100	6680	50
15	21	2	energy_earthdamage_v	110	165					1	334	60|80|100	6680	50
15	21	3	basic_damage_v	110	165			110	165	1	334	60|80|100	6680	50
15	21	4	deadlystrike_damage_v	110	165					1	334	60|80|100	6680	50
15	21	5	deadlystrike_v	110	165					1	334	60|80|100	6680	50
15	21	6	strength_v	110	165					1	334	60|80|100	6680	50
15	21	7	dexterity_v	110	165					1	334	60|80|100	6680	50
15	21	8	ignore_earth_resist_v	100	100	110	165			2	334	60|80|100	2000	100
15	21	9	ignore_defense_v	110	165					1	334	60|80|100	6680	50
15	21	10	rangedamage_return_v	437	656					1	1337	60|80|100	6685	120
15	21	11	meleedamage_return_v	437	656					1	1337	60|80|100	6685	120
15	21	12	attackrating_v	110	165					1	334	60|80|100	6680	120
15	21	13	lifemax_v	2184	3275					1	6682	60|80|100	6682	100
15	21	14	manamax_v	2184	3275					1	6682	60|80|100	6682	120
15	21	15	earth_resist_v	546	819					1	1671	60|80|100	6684	100
15	21	16	stealmana_v	219	328					1	669	60|80|100	6690	120
15	21	17	steallife_v	219	328					1	669	60|80|100	6690	100
15	21	18	recover_life_v	110	165	9	9			1	334	60|80|100	6680	100
15	21	19	recover_mana_v	110	165	9	9			1	334	60|80|100	6680	120
15	21	20	lifereplenish_w	873	1310					1	2673	60|80|100	6683	100
15	21	21	manareplenish_w	873	1310					1	2673	60|80|100	6683	120
15	21	22	weaken_deadlystrike_damage_v	110	165					1	334	60|80|100	6680	100
15	21	23	weaken_deadlystrike_v	110	165					1	334	60|80|100	6680	100
15	21	24	defense_v	110	165					1	334	60|80|100	6680	100
15	21	25	vitality_v	110	165					1	334	60|80|100	6680	100
15	21	26	energy_v	110	165					1	334	60|80|100	6680	100
15	21	27	return_resist_range_v	437	656					1	1337	60|80|100	6685	120
15	21	28	return_resist_melee_v	437	656					1	1337	60|80|100	6685	120
