TemplateId	Name	ItemType	Icon	BigIcon	CDType	ClassName	DetailType	Intro	ItemValue	Grade	Level	ObjID	Price	Quality	RequireLevel	Sellable	Stack	ExtParam1	ExtParam2	ExtParam3	ExtParam4	ExtParam5	ExtParam6	ExtParam7	ExtParam8	ExtParam9	ExtParam10	bForbidToBox
301011	<i18n=10655>	37	607	601		Stone	226		440	1	1	2	220	1		1	99999											
301012	<i18n=2854>	37	617	601		Stone	215		660	1	2	2	330	2		1	99999											
301013	<i18n=10409>	37	627	601		Stone	204		960	1	3	2	480	3		1	99999											
301014	<i18n=9145>	37	617	601		Stone	215		700	2	2	2	350	2		1	99999
301015	<i18n=11910>	37	627	601		Stone	204		1040	2	3	2	520	3		1	99999
301016	<i18n=14248>	37	637	601		Stone	193		1560	2	4	2	780	4		1	99999
301017	<i18n=14543>	37	627	601		Stone	204		1080	3	3	2	540	3		1	99999
301018	<i18n=4347>	37	637	601		Stone	193		1600	3	4	2	800	4		1	99999
301019	<i18n=10775>	37	647	601		Stone	182		2380	3	5	2	1190	5		1	99999
301020	<i18n=625>	37	637	601		Stone	193		1740	4	4	2	870	4		1	99999
301021	<i18n=7120>	37	647	601		Stone	182		2600	4	5	2	1300	5		1	99999
301022	<i18n=5667>	37	657	601		Stone	171		3900	4	6	2	1950	6		1	99999
301023	<i18n=14042>	37	647	601		Stone	182		2780	5	5	2	1390	5		1	99999
301024	<i18n=726>	37	657	601		Stone	171		4160	5	6	2	2080	6		1	99999
301025	<i18n=3542>	37	667	601		Stone	160		6240	5	7	2	3120	7		1	99999
301026	<i18n=35124>	37	657	601		Stone	171		4400	6	6	2	2200	6		1	99999
301027	<i18n=35539>	37	667	601		Stone	160		5800	6	7	2	2900	7		1	99999
301028	<i18n=35309>	37	677	601		Stone	149		7040	6	8	2	3520	7		1	99999
301029	<i18n=35128>	37	667	601		Stone	160		5960	7	7	2	2980	7		1	99999
301030	<i18n=35408>	37	677	601		Stone	149		7360	7	8	2	3680	7		1	99999
301031	<i18n=35640>	37	687	601		Stone	138		8560	7	9	2	4280	7		1	99999
301111	<i18n=6983>	37	601	602		Stone	216		440	1	1	2	220	1		1	99999											
301112	<i18n=4450>	37	611	602		Stone	205		660	1	2	2	330	2		1	99999											
301113	<i18n=5192>	37	621	602		Stone	194		960	1	3	2	480	3		1	99999											
301114	<i18n=12289>	37	611	602		Stone	205		700	2	2	2	350	2		1	99999
301115	<i18n=3586>	37	621	602		Stone	194		1040	2	3	2	520	3		1	99999
301116	<i18n=15394>	37	631	602		Stone	183		1560	2	4	2	780	4		1	99999
301117	<i18n=2582>	37	621	602		Stone	194		1080	3	3	2	540	3		1	99999
301118	<i18n=1194>	37	631	602		Stone	183		1600	3	4	2	800	4		1	99999
301119	<i18n=13908>	37	641	602		Stone	172		2380	3	5	2	1190	5		1	99999
301120	<i18n=13134>	37	631	602		Stone	183		1740	4	4	2	870	4		1	99999
301121	<i18n=2001>	37	641	602		Stone	172		2600	4	5	2	1300	5		1	99999
301122	<i18n=9605>	37	651	602		Stone	161		3900	4	6	2	1950	6		1	99999
301123	<i18n=12267>	37	641	602		Stone	172		2780	5	5	2	1390	5		1	99999
301124	<i18n=9538>	37	651	602		Stone	161		4160	5	6	2	2080	6		1	99999
301125	<i18n=12049>	37	661	602		Stone	150		6240	5	7	2	3120	7		1	99999
301126	<i18n=35179>	37	651	602		Stone	161		4400	6	6	2	2200	6		1	99999
301127	<i18n=35548>	37	661	602		Stone	150		5800	6	7	2	2900	7		1	99999
301128	<i18n=35489>	37	671	602		Stone	139		7040	6	8	2	3520	7		1	99999
301129	<i18n=35631>	37	661	602		Stone	150		5960	7	7	2	2980	7		1	99999
301130	<i18n=35611>	37	671	602		Stone	139		7360	7	8	2	3680	7		1	99999
301131	<i18n=35585>	37	681	602		Stone	128		8560	7	9	2	4280	7		1	99999
301211	<i18n=14511>	37	608	603		Stone	226		440	1	1	2	220	1		1	99999											
301212	<i18n=16109>	37	618	603		Stone	215		660	1	2	2	330	2		1	99999											
301213	<i18n=5393>	37	628	603		Stone	204		960	1	3	2	480	3		1	99999											
301214	<i18n=7884>	37	618	603		Stone	215		700	2	2	2	350	2		1	99999
301215	<i18n=2858>	37	628	603		Stone	204		1040	2	3	2	520	3		1	99999
301216	<i18n=13899>	37	638	603		Stone	193		1560	2	4	2	780	4		1	99999
301217	<i18n=5510>	37	628	603		Stone	204		1080	3	3	2	540	3		1	99999
301218	<i18n=14981>	37	638	603		Stone	193		1600	3	4	2	800	4		1	99999
301219	<i18n=7663>	37	648	603		Stone	182		2380	3	5	2	1190	5		1	99999
301220	<i18n=860>	37	638	603		Stone	193		1740	4	4	2	870	4		1	99999
301221	<i18n=14496>	37	648	603		Stone	182		2600	4	5	2	1300	5		1	99999
301222	<i18n=7229>	37	658	603		Stone	171		3900	4	6	2	1950	6		1	99999
301223	<i18n=3139>	37	648	603		Stone	182		2780	5	5	2	1390	5		1	99999
301224	<i18n=4308>	37	658	603		Stone	171		4160	5	6	2	2080	6		1	99999
301225	<i18n=10903>	37	668	603		Stone	160		6240	5	7	2	3120	7		1	99999
301226	<i18n=35433>	37	658	603		Stone	171		4400	6	6	2	2200	6		1	99999
301227	<i18n=35336>	37	668	603		Stone	160		5800	6	7	2	2900	7		1	99999
301228	<i18n=35379>	37	678	603		Stone	149		7040	6	8	2	3520	7		1	99999
301229	<i18n=35643>	37	668	603		Stone	160		5960	7	7	2	2980	7		1	99999
301230	<i18n=35593>	37	678	603		Stone	149		7360	7	8	2	3680	7		1	99999
301231	<i18n=35266>	37	688	603		Stone	138		8560	7	9	2	4280	7		1	99999
301311	<i18n=10774>	37	601	604		Stone	221		440	1	1	2	220	1		1	99999											
301312	<i18n=16060>	37	611	604		Stone	210		660	1	2	2	330	2		1	99999											
301313	<i18n=9468>	37	621	604		Stone	199		960	1	3	2	480	3		1	99999											
301314	<i18n=9755>	37	611	604		Stone	210		700	2	2	2	350	2		1	99999
301315	<i18n=3192>	37	621	604		Stone	199		1040	2	3	2	520	3		1	99999
301316	<i18n=9084>	37	631	604		Stone	188		1560	2	4	2	780	4		1	99999
301317	<i18n=14383>	37	621	604		Stone	199		1080	3	3	2	540	3		1	99999
301318	<i18n=5397>	37	631	604		Stone	188		1600	3	4	2	800	4		1	99999
301319	<i18n=4728>	37	641	604		Stone	177		2380	3	5	2	1190	5		1	99999
301320	<i18n=4197>	37	631	604		Stone	188		1740	4	4	2	870	4		1	99999
301321	<i18n=13290>	37	641	604		Stone	177		2600	4	5	2	1300	5		1	99999
301322	<i18n=15300>	37	651	604		Stone	166		3900	4	6	2	1950	6		1	99999
301323	<i18n=10160>	37	641	604		Stone	177		2780	5	5	2	1390	5		1	99999
301324	<i18n=471>	37	651	604		Stone	166		4160	5	6	2	2080	6		1	99999
301325	<i18n=11112>	37	661	604		Stone	155		6240	5	7	2	3120	7		1	99999
301326	<i18n=35328>	37	651	604		Stone	166		4400	6	6	2	2200	6		1	99999
301327	<i18n=35471>	37	661	604		Stone	155		5800	6	7	2	2900	7		1	99999
301328	<i18n=35623>	37	671	604		Stone	144		7040	6	8	2	3520	7		1	99999
301329	<i18n=35327>	37	661	604		Stone	155		5960	7	7	2	2980	7		1	99999
301330	<i18n=35271>	37	671	604		Stone	144		7360	7	8	2	3680	7		1	99999
301331	<i18n=35376>	37	681	604		Stone	133		8560	7	9	2	4280	7		1	99999
301411	<i18n=13764>	37	602	605		Stone	216		440	1	1	2	220	1		1	99999											
301412	<i18n=14582>	37	612	605		Stone	205		660	1	2	2	330	2		1	99999											
301413	<i18n=5326>	37	622	605		Stone	194		960	1	3	2	480	3		1	99999											
301414	<i18n=6528>	37	612	605		Stone	205		700	2	2	2	350	2		1	99999
301415	<i18n=13943>	37	622	605		Stone	194		1040	2	3	2	520	3		1	99999
301416	<i18n=9774>	37	632	605		Stone	183		1560	2	4	2	780	4		1	99999
301417	<i18n=3813>	37	622	605		Stone	194		1080	3	3	2	540	3		1	99999
301418	<i18n=11272>	37	632	605		Stone	183		1600	3	4	2	800	4		1	99999
301419	<i18n=734>	37	642	605		Stone	172		2380	3	5	2	1190	5		1	99999
301420	<i18n=593>	37	632	605		Stone	183		1740	4	4	2	870	4		1	99999
301421	<i18n=13520>	37	642	605		Stone	172		2600	4	5	2	1300	5		1	99999
301422	<i18n=939>	37	652	605		Stone	161		3900	4	6	2	1950	6		1	99999
301423	<i18n=2496>	37	642	605		Stone	172		2780	5	5	2	1390	5		1	99999
301424	<i18n=5638>	37	652	605		Stone	161		4160	5	6	2	2080	6		1	99999
301425	<i18n=6352>	37	662	605		Stone	150		6240	5	7	2	3120	7		1	99999
301426	<i18n=35295>	37	652	605		Stone	161		4400	6	6	2	2200	6		1	99999
301427	<i18n=35561>	37	662	605		Stone	150		5800	6	7	2	2900	7		1	99999
301428	<i18n=35649>	37	672	605		Stone	139		7040	6	8	2	3520	7		1	99999
301429	<i18n=35329>	37	662	605		Stone	150		5960	7	7	2	2980	7		1	99999
301430	<i18n=35137>	37	672	605		Stone	139		7360	7	8	2	3680	7		1	99999
301431	<i18n=35492>	37	682	605		Stone	128		8560	7	9	2	4280	7		1	99999
301511	<i18n=4506>	37	602	606		Stone	221		440	1	1	2	220	1		1	99999											
301512	<i18n=978>	37	612	606		Stone	210		660	1	2	2	330	2		1	99999											
301513	<i18n=6825>	37	622	606		Stone	199		960	1	3	2	480	3		1	99999											
301514	<i18n=8767>	37	612	606		Stone	210		700	2	2	2	350	2		1	99999
301515	<i18n=1158>	37	622	606		Stone	199		1040	2	3	2	520	3		1	99999
301516	<i18n=13864>	37	632	606		Stone	188		1560	2	4	2	780	4		1	99999
301517	<i18n=5623>	37	622	606		Stone	199		1080	3	3	2	540	3		1	99999
301518	<i18n=9745>	37	632	606		Stone	188		1600	3	4	2	800	4		1	99999
301519	<i18n=9125>	37	642	606		Stone	177		2380	3	5	2	1190	5		1	99999
301520	<i18n=12935>	37	632	606		Stone	188		1740	4	4	2	870	4		1	99999
301521	<i18n=8031>	37	642	606		Stone	177		2600	4	5	2	1300	5		1	99999
301522	<i18n=7218>	37	652	606		Stone	166		3900	4	6	2	1950	6		1	99999
301523	<i18n=8820>	37	642	606		Stone	177		2780	5	5	2	1390	5		1	99999
301524	<i18n=9643>	37	652	606		Stone	166		4160	5	6	2	2080	6		1	99999
301525	<i18n=1128>	37	662	606		Stone	155		6240	5	7	2	3120	7		1	99999
301526	<i18n=35352>	37	652	606		Stone	166		4400	6	6	2	2200	6		1	99999
301527	<i18n=35133>	37	662	606		Stone	155		5800	6	7	2	2900	7		1	99999
301528	<i18n=35226>	37	672	606		Stone	144		7040	6	8	2	3520	7		1	99999
301529	<i18n=35536>	37	662	606		Stone	155		5960	7	7	2	2980	7		1	99999
301530	<i18n=35452>	37	672	606		Stone	144		7360	7	8	2	3680	7		1	99999
301531	<i18n=35140>	37	682	606		Stone	133		8560	7	9	2	4280	7		1	99999
301611	<i18n=7917>	37	607	607		Stone	226		440	1	1	2	220	1		1	99999											
301612	<i18n=11749>	37	617	607		Stone	215		660	1	2	2	330	2		1	99999											
301613	<i18n=3900>	37	627	607		Stone	204		960	1	3	2	480	3		1	99999											
301614	<i18n=13515>	37	617	607		Stone	215		700	2	2	2	350	2		1	99999
301615	<i18n=11977>	37	627	607		Stone	204		1040	2	3	2	520	3		1	99999
301616	<i18n=15555>	37	637	607		Stone	193		1560	2	4	2	780	4		1	99999
301617	<i18n=11139>	37	627	607		Stone	204		1080	3	3	2	540	3		1	99999
301618	<i18n=7153>	37	637	607		Stone	193		1600	3	4	2	800	4		1	99999
301619	<i18n=8117>	37	647	607		Stone	182		2380	3	5	2	1190	5		1	99999
301620	<i18n=15820>	37	637	607		Stone	193		1740	4	4	2	870	4		1	99999
301621	<i18n=4666>	37	647	607		Stone	182		2600	4	5	2	1300	5		1	99999
301622	<i18n=13727>	37	657	607		Stone	171		3900	4	6	2	1950	6		1	99999
301623	<i18n=7997>	37	647	607		Stone	182		2780	5	5	2	1390	5		1	99999
301624	<i18n=9592>	37	657	607		Stone	171		4160	5	6	2	2080	6		1	99999
301625	<i18n=15361>	37	667	607		Stone	160		6240	5	7	2	3120	7		1	99999
301626	<i18n=35482>	37	657	607		Stone	171		4400	6	6	2	2200	6		1	99999
301627	<i18n=35183>	37	667	607		Stone	160		5800	6	7	2	2900	7		1	99999
301628	<i18n=35243>	37	677	607		Stone	149		7040	6	8	2	3520	7		1	99999
301629	<i18n=35185>	37	667	607		Stone	160		5960	7	7	2	2980	7		1	99999
301630	<i18n=35657>	37	677	607		Stone	149		7360	7	8	2	3680	7		1	99999
301631	<i18n=35182>	37	687	607		Stone	138		8560	7	9	2	4280	7		1	99999
301711	<i18n=10433>	37	608	608		Stone	226		440	1	1	2	220	1		1	99999											
301712	<i18n=15011>	37	618	608		Stone	215		660	1	2	2	330	2		1	99999											
301713	<i18n=13860>	37	628	608		Stone	204		960	1	3	2	480	3		1	99999											
301714	<i18n=16426>	37	618	608		Stone	215		700	2	2	2	350	2		1	99999
301715	<i18n=858>	37	628	608		Stone	204		1040	2	3	2	520	3		1	99999
301716	<i18n=7089>	37	638	608		Stone	193		1560	2	4	2	780	4		1	99999
301717	<i18n=3487>	37	628	608		Stone	204		1080	3	3	2	540	3		1	99999
301718	<i18n=15836>	37	638	608		Stone	193		1600	3	4	2	800	4		1	99999
301719	<i18n=10681>	37	648	608		Stone	182		2380	3	5	2	1190	5		1	99999
301720	<i18n=12408>	37	638	608		Stone	193		1740	4	4	2	870	4		1	99999
301721	<i18n=8353>	37	648	608		Stone	182		2600	4	5	2	1300	5		1	99999
301722	<i18n=10504>	37	658	608		Stone	171		3900	4	6	2	1950	6		1	99999
301723	<i18n=216>	37	648	608		Stone	182		2780	5	5	2	1390	5		1	99999
301724	<i18n=2703>	37	658	608		Stone	171		4160	5	6	2	2080	6		1	99999
301725	<i18n=6414>	37	668	608		Stone	160		6240	5	7	2	3120	7		1	99999
301726	<i18n=35287>	37	658	608		Stone	171		4400	6	6	2	2200	6		1	99999
301727	<i18n=35281>	37	668	608		Stone	160		5800	6	7	2	2900	7		1	99999
301728	<i18n=35495>	37	678	608		Stone	149		7040	6	8	2	3520	7		1	99999
301729	<i18n=35587>	37	668	608		Stone	160		5960	7	7	2	2980	7		1	99999
301730	<i18n=35545>	37	678	608		Stone	149		7360	7	8	2	3680	7		1	99999
301731	<i18n=35229>	37	688	608		Stone	138		8560	7	9	2	4280	7		1	99999
301811	<i18n=7928>	37	609	609		Stone	226		440	1	1	2	220	1		1	99999											
301812	<i18n=15853>	37	619	609		Stone	215		660	1	2	2	330	2		1	99999											
301813	<i18n=16035>	37	629	609		Stone	204		960	1	3	2	480	3		1	99999											
301814	<i18n=15615>	37	619	609		Stone	215		700	2	2	2	350	2		1	99999
301815	<i18n=1483>	37	629	609		Stone	204		1040	2	3	2	520	3		1	99999
301816	<i18n=9160>	37	639	609		Stone	193		1560	2	4	2	780	4		1	99999
301817	<i18n=14627>	37	629	609		Stone	204		1080	3	3	2	540	3		1	99999
301818	<i18n=10995>	37	639	609		Stone	193		1600	3	4	2	800	4		1	99999
301819	<i18n=11066>	37	649	609		Stone	182		2380	3	5	2	1190	5		1	99999
301820	<i18n=10087>	37	639	609		Stone	193		1740	4	4	2	870	4		1	99999
301821	<i18n=11366>	37	649	609		Stone	182		2600	4	5	2	1300	5		1	99999
301822	<i18n=10308>	37	659	609		Stone	171		3900	4	6	2	1950	6		1	99999
301823	<i18n=14435>	37	649	609		Stone	182		2780	5	5	2	1390	5		1	99999
301824	<i18n=252>	37	659	609		Stone	171		4160	5	6	2	2080	6		1	99999
301825	<i18n=10003>	37	669	609		Stone	160		6240	5	7	2	3120	7		1	99999
301826	<i18n=35289>	37	659	609		Stone	171		4400	6	6	2	2200	6		1	99999
301827	<i18n=35541>	37	669	609		Stone	160		5800	6	7	2	2900	7		1	99999
301828	<i18n=35528>	37	679	609		Stone	149		7040	6	8	2	3520	7		1	99999
301829	<i18n=35443>	37	669	609		Stone	160		5960	7	7	2	2980	7		1	99999
301830	<i18n=35382>	37	679	609		Stone	149		7360	7	8	2	3680	7		1	99999
301831	<i18n=35189>	37	689	609		Stone	138		8560	7	9	2	4280	7		1	99999
301911	<i18n=3754>	37	610	610		Stone	226		440	1	1	2	220	1		1	99999											
301912	<i18n=14304>	37	620	610		Stone	215		660	1	2	2	330	2		1	99999											
301913	<i18n=10591>	37	630	610		Stone	204		960	1	3	2	480	3		1	99999											
301914	<i18n=9216>	37	620	610		Stone	215		700	2	2	2	350	2		1	99999
301915	<i18n=14906>	37	630	610		Stone	204		1040	2	3	2	520	3		1	99999
301916	<i18n=3160>	37	640	610		Stone	193		1560	2	4	2	780	4		1	99999
301917	<i18n=92>	37	630	610		Stone	204		1080	3	3	2	540	3		1	99999
301918	<i18n=4392>	37	640	610		Stone	193		1600	3	4	2	800	4		1	99999
301919	<i18n=6687>	37	650	610		Stone	182		2380	3	5	2	1190	5		1	99999
301920	<i18n=6347>	37	640	610		Stone	193		1740	4	4	2	870	4		1	99999
301921	<i18n=8827>	37	650	610		Stone	182		2600	4	5	2	1300	5		1	99999
301922	<i18n=14520>	37	660	610		Stone	171		3900	4	6	2	1950	6		1	99999
301923	<i18n=9884>	37	650	610		Stone	182		2780	5	5	2	1390	5		1	99999
301924	<i18n=13787>	37	660	610		Stone	171		4160	5	6	2	2080	6		1	99999
301925	<i18n=14177>	37	670	610		Stone	160		6240	5	7	2	3120	7		1	99999
301926	<i18n=35176>	37	660	610		Stone	171		4400	6	6	2	2200	6		1	99999
301927	<i18n=35305>	37	670	610		Stone	160		5800	6	7	2	2900	7		1	99999
301928	<i18n=35208>	37	680	610		Stone	149		7040	6	8	2	3520	7		1	99999
301929	<i18n=35490>	37	670	610		Stone	160		5960	7	7	2	2980	7		1	99999
301930	<i18n=35359>	37	680	610		Stone	149		7360	7	8	2	3680	7		1	99999
301931	<i18n=35146>	37	690	610		Stone	138		8560	7	9	2	4280	7		1	99999
302011	<i18n=14013>	37	601	611		Stone	217		440	1	1	2	220	1		1	99999											
302012	<i18n=2651>	37	611	611		Stone	206		660	1	2	2	330	2		1	99999											
302013	<i18n=10128>	37	621	611		Stone	195		960	1	3	2	480	3		1	99999											
302014	<i18n=2452>	37	611	611		Stone	206		700	2	2	2	350	2		1	99999
302015	<i18n=3089>	37	621	611		Stone	195		1040	2	3	2	520	3		1	99999
302016	<i18n=513>	37	631	611		Stone	184		1560	2	4	2	780	4		1	99999
302017	<i18n=224>	37	621	611		Stone	195		1080	3	3	2	540	3		1	99999
302018	<i18n=16180>	37	631	611		Stone	184		1600	3	4	2	800	4		1	99999
302019	<i18n=6020>	37	641	611		Stone	173		2380	3	5	2	1190	5		1	99999
302020	<i18n=15334>	37	631	611		Stone	184		1740	4	4	2	870	4		1	99999
302021	<i18n=7572>	37	641	611		Stone	173		2600	4	5	2	1300	5		1	99999
302022	<i18n=5453>	37	651	611		Stone	162		3900	4	6	2	1950	6		1	99999
302023	<i18n=15012>	37	641	611		Stone	173		2780	5	5	2	1390	5		1	99999
302024	<i18n=11592>	37	651	611		Stone	162		4160	5	6	2	2080	6		1	99999
302025	<i18n=13757>	37	661	611		Stone	151		6240	5	7	2	3120	7		1	99999
302026	<i18n=35470>	37	651	611		Stone	162		4400	6	6	2	2200	6		1	99999
302027	<i18n=35566>	37	661	611		Stone	151		5800	6	7	2	2900	7		1	99999
302028	<i18n=35386>	37	671	611		Stone	140		7040	6	8	2	3520	7		1	99999
302029	<i18n=35656>	37	661	611		Stone	151		5960	7	7	2	2980	7		1	99999
302030	<i18n=35457>	37	671	611		Stone	140		7360	7	8	2	3680	7		1	99999
302031	<i18n=35172>	37	681	611		Stone	129		8560	7	9	2	4280	7		1	99999
302111	<i18n=10825>	37	601	612		Stone	223		440	1	1	2	220	1		1	99999											
302112	<i18n=9731>	37	611	612		Stone	212		660	1	2	2	330	2		1	99999											
302113	<i18n=11454>	37	621	612		Stone	201		960	1	3	2	480	3		1	99999											
302114	<i18n=11932>	37	611	612		Stone	212		700	2	2	2	350	2		1	99999
302115	<i18n=10565>	37	621	612		Stone	201		1040	2	3	2	520	3		1	99999
302116	<i18n=313>	37	631	612		Stone	190		1560	2	4	2	780	4		1	99999
302117	<i18n=2072>	37	621	612		Stone	201		1080	3	3	2	540	3		1	99999
302118	<i18n=10859>	37	631	612		Stone	190		1600	3	4	2	800	4		1	99999
302119	<i18n=2890>	37	641	612		Stone	179		2380	3	5	2	1190	5		1	99999
302120	<i18n=13221>	37	631	612		Stone	190		1740	4	4	2	870	4		1	99999
302121	<i18n=1964>	37	641	612		Stone	179		2600	4	5	2	1300	5		1	99999
302122	<i18n=9833>	37	651	612		Stone	168		3900	4	6	2	1950	6		1	99999
302123	<i18n=6786>	37	641	612		Stone	179		2780	5	5	2	1390	5		1	99999
302124	<i18n=1206>	37	651	612		Stone	168		4160	5	6	2	2080	6		1	99999
302125	<i18n=9438>	37	661	612		Stone	157		6240	5	7	2	3120	7		1	99999
302126	<i18n=35291>	37	651	612		Stone	168		4400	6	6	2	2200	6		1	99999
302127	<i18n=35579>	37	661	612		Stone	157		5800	6	7	2	2900	7		1	99999
302128	<i18n=35254>	37	671	612		Stone	146		7040	6	8	2	3520	7		1	99999
302129	<i18n=35521>	37	661	612		Stone	157		5960	7	7	2	2980	7		1	99999
302130	<i18n=35508>	37	671	612		Stone	146		7360	7	8	2	3680	7		1	99999
302131	<i18n=35464>	37	681	612		Stone	135		8560	7	9	2	4280	7		1	99999
302211	<i18n=7859>	37	601	613		Stone	222		440	1	1	2	220	1		1	99999											
302212	<i18n=15429>	37	611	613		Stone	211		660	1	2	2	330	2		1	99999											
302213	<i18n=2644>	37	621	613		Stone	200		960	1	3	2	480	3		1	99999											
302214	<i18n=2659>	37	611	613		Stone	211		700	2	2	2	350	2		1	99999
302215	<i18n=7391>	37	621	613		Stone	200		1040	2	3	2	520	3		1	99999
302216	<i18n=4067>	37	631	613		Stone	189		1560	2	4	2	780	4		1	99999
302217	<i18n=1413>	37	621	613		Stone	200		1080	3	3	2	540	3		1	99999
302218	<i18n=10411>	37	631	613		Stone	189		1600	3	4	2	800	4		1	99999
302219	<i18n=12827>	37	641	613		Stone	178		2380	3	5	2	1190	5		1	99999
302220	<i18n=959>	37	631	613		Stone	189		1740	4	4	2	870	4		1	99999
302221	<i18n=5595>	37	641	613		Stone	178		2600	4	5	2	1300	5		1	99999
302222	<i18n=14796>	37	651	613		Stone	167		3900	4	6	2	1950	6		1	99999
302223	<i18n=7535>	37	641	613		Stone	178		2780	5	5	2	1390	5		1	99999
302224	<i18n=12698>	37	651	613		Stone	167		4160	5	6	2	2080	6		1	99999
302225	<i18n=2999>	37	661	613		Stone	156		6240	5	7	2	3120	7		1	99999
302226	<i18n=35405>	37	651	613		Stone	167		4400	6	6	2	2200	6		1	99999
302227	<i18n=35381>	37	661	613		Stone	156		5800	6	7	2	2900	7		1	99999
302228	<i18n=35194>	37	671	613		Stone	145		7040	6	8	2	3520	7		1	99999
302229	<i18n=35395>	37	661	613		Stone	156		5960	7	7	2	2980	7		1	99999
302230	<i18n=35385>	37	671	613		Stone	145		7360	7	8	2	3680	7		1	99999
302231	<i18n=35516>	37	681	613		Stone	134		8560	7	9	2	4280	7		1	99999
302311	<i18n=13287>	37	601	614		Stone	218		440	1	1	2	220	1		1	99999											
302312	<i18n=2851>	37	611	614		Stone	207		660	1	2	2	330	2		1	99999											
302313	<i18n=5969>	37	621	614		Stone	196		960	1	3	2	480	3		1	99999											
302314	<i18n=3148>	37	611	614		Stone	207		700	2	2	2	350	2		1	99999
302315	<i18n=9599>	37	621	614		Stone	196		1040	2	3	2	520	3		1	99999
302316	<i18n=10448>	37	631	614		Stone	185		1560	2	4	2	780	4		1	99999
302317	<i18n=2792>	37	621	614		Stone	196		1080	3	3	2	540	3		1	99999
302318	<i18n=1245>	37	631	614		Stone	185		1600	3	4	2	800	4		1	99999
302319	<i18n=8242>	37	641	614		Stone	174		2380	3	5	2	1190	5		1	99999
302320	<i18n=10994>	37	631	614		Stone	185		1740	4	4	2	870	4		1	99999
302321	<i18n=4593>	37	641	614		Stone	174		2600	4	5	2	1300	5		1	99999
302322	<i18n=12024>	37	651	614		Stone	163		3900	4	6	2	1950	6		1	99999
302323	<i18n=14605>	37	641	614		Stone	174		2780	5	5	2	1390	5		1	99999
302324	<i18n=12422>	37	651	614		Stone	163		4160	5	6	2	2080	6		1	99999
302325	<i18n=13185>	37	661	614		Stone	152		6240	5	7	2	3120	7		1	99999
302326	<i18n=35335>	37	651	614		Stone	163		4400	6	6	2	2200	6		1	99999
302327	<i18n=35161>	37	661	614		Stone	152		5800	6	7	2	2900	7		1	99999
302328	<i18n=35484>	37	671	614		Stone	141		7040	6	8	2	3520	7		1	99999
302329	<i18n=35117>	37	661	614		Stone	152		5960	7	7	2	2980	7		1	99999
302330	<i18n=35450>	37	671	614		Stone	141		7360	7	8	2	3680	7		1	99999
302331	<i18n=35173>	37	681	614		Stone	130		8560	7	9	2	4280	7		1	99999
302411	<i18n=12177>	37	603	615		Stone	216		440	1	1	2	220	1		1	99999											
302412	<i18n=3755>	37	613	615		Stone	205		660	1	2	2	330	2		1	99999											
302413	<i18n=3579>	37	623	615		Stone	194		960	1	3	2	480	3		1	99999											
302414	<i18n=5596>	37	613	615		Stone	205		700	2	2	2	350	2		1	99999
302415	<i18n=10603>	37	623	615		Stone	194		1040	2	3	2	520	3		1	99999
302416	<i18n=12900>	37	633	615		Stone	183		1560	2	4	2	780	4		1	99999
302417	<i18n=9775>	37	623	615		Stone	194		1080	3	3	2	540	3		1	99999
302418	<i18n=13112>	37	633	615		Stone	183		1600	3	4	2	800	4		1	99999
302419	<i18n=10744>	37	643	615		Stone	172		2380	3	5	2	1190	5		1	99999
302420	<i18n=3188>	37	633	615		Stone	183		1740	4	4	2	870	4		1	99999
302421	<i18n=5151>	37	643	615		Stone	172		2600	4	5	2	1300	5		1	99999
302422	<i18n=7130>	37	653	615		Stone	161		3900	4	6	2	1950	6		1	99999
302423	<i18n=6240>	37	643	615		Stone	172		2780	5	5	2	1390	5		1	99999
302424	<i18n=13560>	37	653	615		Stone	161		4160	5	6	2	2080	6		1	99999
302425	<i18n=11305>	37	663	615		Stone	150		6240	5	7	2	3120	7		1	99999
302426	<i18n=35239>	37	653	615		Stone	161		4400	6	6	2	2200	6		1	99999
302427	<i18n=35132>	37	663	615		Stone	150		5800	6	7	2	2900	7		1	99999
302428	<i18n=35294>	37	673	615		Stone	139		7040	6	8	2	3520	7		1	99999
302429	<i18n=35504>	37	663	615		Stone	150		5960	7	7	2	2980	7		1	99999
302430	<i18n=35338>	37	673	615		Stone	139		7360	7	8	2	3680	7		1	99999
302431	<i18n=35569>	37	683	615		Stone	128		8560	7	9	2	4280	7		1	99999
302511	<i18n=8136>	37	601	616		Stone	217		440	1	1	2	220	1		1	99999											
302512	<i18n=3447>	37	611	616		Stone	206		660	1	2	2	330	2		1	99999											
302513	<i18n=12391>	37	621	616		Stone	195		960	1	3	2	480	3		1	99999											
302514	<i18n=10546>	37	611	616		Stone	206		700	2	2	2	350	2		1	99999
302515	<i18n=1629>	37	621	616		Stone	195		1040	2	3	2	520	3		1	99999
302516	<i18n=3082>	37	631	616		Stone	184		1560	2	4	2	780	4		1	99999
302517	<i18n=1975>	37	621	616		Stone	195		1080	3	3	2	540	3		1	99999
302518	<i18n=15730>	37	631	616		Stone	184		1600	3	4	2	800	4		1	99999
302519	<i18n=12574>	37	641	616		Stone	173		2380	3	5	2	1190	5		1	99999
302520	<i18n=6548>	37	631	616		Stone	184		1740	4	4	2	870	4		1	99999
302521	<i18n=14330>	37	641	616		Stone	173		2600	4	5	2	1300	5		1	99999
302522	<i18n=1410>	37	651	616		Stone	162		3900	4	6	2	1950	6		1	99999
302523	<i18n=12967>	37	641	616		Stone	173		2780	5	5	2	1390	5		1	99999
302524	<i18n=6176>	37	651	616		Stone	162		4160	5	6	2	2080	6		1	99999
302525	<i18n=15408>	37	661	616		Stone	151		6240	5	7	2	3120	7		1	99999
302526	<i18n=35135>	37	651	616		Stone	162		4400	6	6	2	2200	6		1	99999
302527	<i18n=35654>	37	661	616		Stone	151		5800	6	7	2	2900	7		1	99999
302528	<i18n=35497>	37	671	616		Stone	140		7040	6	8	2	3520	7		1	99999
302529	<i18n=35180>	37	661	616		Stone	151		5960	7	7	2	2980	7		1	99999
302530	<i18n=35466>	37	671	616		Stone	140		7360	7	8	2	3680	7		1	99999
302531	<i18n=35195>	37	681	616		Stone	129		8560	7	9	2	4280	7		1	99999
302611	<i18n=11346>	37	602	617		Stone	223		440	1	1	2	220	1		1	99999											
302612	<i18n=14340>	37	612	617		Stone	212		660	1	2	2	330	2		1	99999											
302613	<i18n=7405>	37	622	617		Stone	201		960	1	3	2	480	3		1	99999											
302614	<i18n=4072>	37	612	617		Stone	212		700	2	2	2	350	2		1	99999
302615	<i18n=5822>	37	622	617		Stone	201		1040	2	3	2	520	3		1	99999
302616	<i18n=2737>	37	632	617		Stone	190		1560	2	4	2	780	4		1	99999
302617	<i18n=8976>	37	622	617		Stone	201		1080	3	3	2	540	3		1	99999
302618	<i18n=2417>	37	632	617		Stone	190		1600	3	4	2	800	4		1	99999
302619	<i18n=8942>	37	642	617		Stone	179		2380	3	5	2	1190	5		1	99999
302620	<i18n=5228>	37	632	617		Stone	190		1740	4	4	2	870	4		1	99999
302621	<i18n=7127>	37	642	617		Stone	179		2600	4	5	2	1300	5		1	99999
302622	<i18n=11730>	37	652	617		Stone	168		3900	4	6	2	1950	6		1	99999
302623	<i18n=7239>	37	642	617		Stone	179		2780	5	5	2	1390	5		1	99999
302624	<i18n=9464>	37	652	617		Stone	168		4160	5	6	2	2080	6		1	99999
302625	<i18n=5516>	37	662	617		Stone	157		6240	5	7	2	3120	7		1	99999
302626	<i18n=35205>	37	652	617		Stone	168		4400	6	6	2	2200	6		1	99999
302627	<i18n=35206>	37	662	617		Stone	157		5800	6	7	2	2900	7		1	99999
302628	<i18n=35469>	37	672	617		Stone	146		7040	6	8	2	3520	7		1	99999
302629	<i18n=35304>	37	662	617		Stone	157		5960	7	7	2	2980	7		1	99999
302630	<i18n=35431>	37	672	617		Stone	146		7360	7	8	2	3680	7		1	99999
302631	<i18n=35591>	37	682	617		Stone	135		8560	7	9	2	4280	7		1	99999
302711	<i18n=16430>	37	601	618		Stone	219		440	1	1	2	220	1		1	99999											
302712	<i18n=7288>	37	611	618		Stone	208		660	1	2	2	330	2		1	99999											
302713	<i18n=12699>	37	621	618		Stone	197		960	1	3	2	480	3		1	99999											
302714	<i18n=13574>	37	611	618		Stone	208		700	2	2	2	350	2		1	99999
302715	<i18n=2450>	37	621	618		Stone	197		1040	2	3	2	520	3		1	99999
302716	<i18n=10656>	37	631	618		Stone	186		1560	2	4	2	780	4		1	99999
302717	<i18n=2429>	37	621	618		Stone	197		1080	3	3	2	540	3		1	99999
302718	<i18n=11914>	37	631	618		Stone	186		1600	3	4	2	800	4		1	99999
302719	<i18n=5074>	37	641	618		Stone	175		2380	3	5	2	1190	5		1	99999
302720	<i18n=4205>	37	631	618		Stone	186		1740	4	4	2	870	4		1	99999
302721	<i18n=8383>	37	641	618		Stone	175		2600	4	5	2	1300	5		1	99999
302722	<i18n=15085>	37	651	618		Stone	164		3900	4	6	2	1950	6		1	99999
302723	<i18n=15416>	37	641	618		Stone	175		2780	5	5	2	1390	5		1	99999
302724	<i18n=3795>	37	651	618		Stone	164		4160	5	6	2	2080	6		1	99999
302725	<i18n=13416>	37	661	618		Stone	153		6240	5	7	2	3120	7		1	99999
302726	<i18n=35410>	37	651	618		Stone	164		4400	6	6	2	2200	6		1	99999
302727	<i18n=35157>	37	661	618		Stone	153		5800	6	7	2	2900	7		1	99999
302728	<i18n=35493>	37	671	618		Stone	142		7040	6	8	2	3520	7		1	99999
302729	<i18n=35633>	37	661	618		Stone	153		5960	7	7	2	2980	7		1	99999
302730	<i18n=35332>	37	671	618		Stone	142		7360	7	8	2	3680	7		1	99999
302731	<i18n=35322>	37	681	618		Stone	131		8560	7	9	2	4280	7		1	99999
302811	<i18n=11721>	37	602	619		Stone	225		440	1	1	2	220	1		1	99999											
302812	<i18n=11864>	37	612	619		Stone	214		660	1	2	2	330	2		1	99999											
302813	<i18n=12678>	37	622	619		Stone	203		960	1	3	2	480	3		1	99999											
302814	<i18n=5774>	37	612	619		Stone	214		700	2	2	2	350	2		1	99999
302815	<i18n=155>	37	622	619		Stone	203		1040	2	3	2	520	3		1	99999
302816	<i18n=9372>	37	632	619		Stone	192		1560	2	4	2	780	4		1	99999
302817	<i18n=385>	37	622	619		Stone	203		1080	3	3	2	540	3		1	99999
302818	<i18n=1164>	37	632	619		Stone	192		1600	3	4	2	800	4		1	99999
302819	<i18n=5608>	37	642	619		Stone	181		2380	3	5	2	1190	5		1	99999
302820	<i18n=6388>	37	632	619		Stone	192		1740	4	4	2	870	4		1	99999
302821	<i18n=12055>	37	642	619		Stone	181		2600	4	5	2	1300	5		1	99999
302822	<i18n=3679>	37	652	619		Stone	170		3900	4	6	2	1950	6		1	99999
302823	<i18n=5998>	37	642	619		Stone	181		2780	5	5	2	1390	5		1	99999
302824	<i18n=15346>	37	652	619		Stone	170		4160	5	6	2	2080	6		1	99999
302825	<i18n=11822>	37	662	619		Stone	159		6240	5	7	2	3120	7		1	99999
302826	<i18n=35512>	37	652	619		Stone	170		4400	6	6	2	2200	6		1	99999
302827	<i18n=35530>	37	662	619		Stone	159		5800	6	7	2	2900	7		1	99999
302828	<i18n=35498>	37	672	619		Stone	148		7040	6	8	2	3520	7		1	99999
302829	<i18n=35515>	37	662	619		Stone	159		5960	7	7	2	2980	7		1	99999
302830	<i18n=35218>	37	672	619		Stone	148		7360	7	8	2	3680	7		1	99999
302831	<i18n=35615>	37	682	619		Stone	137		8560	7	9	2	4280	7		1	99999
302911	<i18n=8582>	37	603	620		Stone	221		440	1	1	2	220	1		1	99999											
302912	<i18n=2115>	37	613	620		Stone	210		660	1	2	2	330	2		1	99999											
302913	<i18n=8411>	37	623	620		Stone	199		960	1	3	2	480	3		1	99999											
302914	<i18n=7977>	37	613	620		Stone	210		700	2	2	2	350	2		1	99999
302915	<i18n=3695>	37	623	620		Stone	199		1040	2	3	2	520	3		1	99999
302916	<i18n=5426>	37	633	620		Stone	188		1560	2	4	2	780	4		1	99999
302917	<i18n=4801>	37	623	620		Stone	199		1080	3	3	2	540	3		1	99999
302918	<i18n=8558>	37	633	620		Stone	188		1600	3	4	2	800	4		1	99999
302919	<i18n=3199>	37	643	620		Stone	177		2380	3	5	2	1190	5		1	99999
302920	<i18n=10849>	37	633	620		Stone	188		1740	4	4	2	870	4		1	99999
302921	<i18n=10611>	37	643	620		Stone	177		2600	4	5	2	1300	5		1	99999
302922	<i18n=2150>	37	653	620		Stone	166		3900	4	6	2	1950	6		1	99999
302923	<i18n=1002>	37	643	620		Stone	177		2780	5	5	2	1390	5		1	99999
302924	<i18n=14902>	37	653	620		Stone	166		4160	5	6	2	2080	6		1	99999
302925	<i18n=3295>	37	663	620		Stone	155		6240	5	7	2	3120	7		1	99999
302926	<i18n=35369>	37	653	620		Stone	166		4400	6	6	2	2200	6		1	99999
302927	<i18n=35560>	37	663	620		Stone	155		5800	6	7	2	2900	7		1	99999
302928	<i18n=35634>	37	673	620		Stone	144		7040	6	8	2	3520	7		1	99999
302929	<i18n=35439>	37	663	620		Stone	155		5960	7	7	2	2980	7		1	99999
302930	<i18n=35477>	37	673	620		Stone	144		7360	7	8	2	3680	7		1	99999
302931	<i18n=35141>	37	683	620		Stone	133		8560	7	9	2	4280	7		1	99999
303011	<i18n=578>	37	602	621		Stone	222		440	1	1	2	220	1		1	99999											
303012	<i18n=3182>	37	612	621		Stone	211		660	1	2	2	330	2		1	99999											
303013	<i18n=12828>	37	622	621		Stone	200		960	1	3	2	480	3		1	99999											
303014	<i18n=8985>	37	612	621		Stone	211		700	2	2	2	350	2		1	99999
303015	<i18n=2686>	37	622	621		Stone	200		1040	2	3	2	520	3		1	99999
303016	<i18n=7597>	37	632	621		Stone	189		1560	2	4	2	780	4		1	99999
303017	<i18n=15929>	37	622	621		Stone	200		1080	3	3	2	540	3		1	99999
303018	<i18n=1692>	37	632	621		Stone	189		1600	3	4	2	800	4		1	99999
303019	<i18n=3774>	37	642	621		Stone	178		2380	3	5	2	1190	5		1	99999
303020	<i18n=1552>	37	632	621		Stone	189		1740	4	4	2	870	4		1	99999
303021	<i18n=4607>	37	642	621		Stone	178		2600	4	5	2	1300	5		1	99999
303022	<i18n=3014>	37	652	621		Stone	167		3900	4	6	2	1950	6		1	99999
303023	<i18n=5923>	37	642	621		Stone	178		2780	5	5	2	1390	5		1	99999
303024	<i18n=13431>	37	652	621		Stone	167		4160	5	6	2	2080	6		1	99999
303025	<i18n=8576>	37	662	621		Stone	156		6240	5	7	2	3120	7		1	99999
303026	<i18n=35617>	37	652	621		Stone	167		4400	6	6	2	2200	6		1	99999
303027	<i18n=35119>	37	662	621		Stone	156		5800	6	7	2	2900	7		1	99999
303028	<i18n=35181>	37	672	621		Stone	145		7040	6	8	2	3520	7		1	99999
303029	<i18n=35224>	37	662	621		Stone	156		5960	7	7	2	2980	7		1	99999
303030	<i18n=35389>	37	672	621		Stone	145		7360	7	8	2	3680	7		1	99999
303031	<i18n=35398>	37	682	621		Stone	134		8560	7	9	2	4280	7		1	99999
303111	<i18n=15232>	37	602	622		Stone	218		440	1	1	2	220	1		1	99999											
303112	<i18n=765>	37	612	622		Stone	207		660	1	2	2	330	2		1	99999											
303113	<i18n=7562>	37	622	622		Stone	196		960	1	3	2	480	3		1	99999											
303114	<i18n=4024>	37	612	622		Stone	207		700	2	2	2	350	2		1	99999
303115	<i18n=9499>	37	622	622		Stone	196		1040	2	3	2	520	3		1	99999
303116	<i18n=395>	37	632	622		Stone	185		1560	2	4	2	780	4		1	99999
303117	<i18n=9664>	37	622	622		Stone	196		1080	3	3	2	540	3		1	99999
303118	<i18n=16300>	37	632	622		Stone	185		1600	3	4	2	800	4		1	99999
303119	<i18n=5843>	37	642	622		Stone	174		2380	3	5	2	1190	5		1	99999
303120	<i18n=3074>	37	632	622		Stone	185		1740	4	4	2	870	4		1	99999
303121	<i18n=4178>	37	642	622		Stone	174		2600	4	5	2	1300	5		1	99999
303122	<i18n=9489>	37	652	622		Stone	163		3900	4	6	2	1950	6		1	99999
303123	<i18n=11227>	37	642	622		Stone	174		2780	5	5	2	1390	5		1	99999
303124	<i18n=15181>	37	652	622		Stone	163		4160	5	6	2	2080	6		1	99999
303125	<i18n=3854>	37	662	622		Stone	152		6240	5	7	2	3120	7		1	99999
303126	<i18n=35380>	37	652	622		Stone	163		4400	6	6	2	2200	6		1	99999
303127	<i18n=35578>	37	662	622		Stone	152		5800	6	7	2	2900	7		1	99999
303128	<i18n=35500>	37	672	622		Stone	141		7040	6	8	2	3520	7		1	99999
303129	<i18n=35245>	37	662	622		Stone	152		5960	7	7	2	2980	7		1	99999
303130	<i18n=35377>	37	672	622		Stone	141		7360	7	8	2	3680	7		1	99999
303131	<i18n=35225>	37	682	622		Stone	130		8560	7	9	2	4280	7		1	99999
303211	<i18n=1463>	37	601	623		Stone	220		440	1	1	2	220	1		1	99999											
303212	<i18n=4263>	37	611	623		Stone	209		660	1	2	2	330	2		1	99999											
303213	<i18n=3712>	37	621	623		Stone	198		960	1	3	2	480	3		1	99999											
303214	<i18n=6960>	37	611	623		Stone	209		700	2	2	2	350	2		1	99999
303215	<i18n=241>	37	621	623		Stone	198		1040	2	3	2	520	3		1	99999
303216	<i18n=8280>	37	631	623		Stone	187		1560	2	4	2	780	4		1	99999
303217	<i18n=994>	37	621	623		Stone	198		1080	3	3	2	540	3		1	99999
303218	<i18n=3749>	37	631	623		Stone	187		1600	3	4	2	800	4		1	99999
303219	<i18n=9721>	37	641	623		Stone	176		2380	3	5	2	1190	5		1	99999
303220	<i18n=5750>	37	631	623		Stone	187		1740	4	4	2	870	4		1	99999
303221	<i18n=16042>	37	641	623		Stone	176		2600	4	5	2	1300	5		1	99999
303222	<i18n=10392>	37	651	623		Stone	165		3900	4	6	2	1950	6		1	99999
303223	<i18n=16089>	37	641	623		Stone	176		2780	5	5	2	1390	5		1	99999
303224	<i18n=10494>	37	651	623		Stone	165		4160	5	6	2	2080	6		1	99999
303225	<i18n=4371>	37	661	623		Stone	154		6240	5	7	2	3120	7		1	99999
303226	<i18n=35297>	37	651	623		Stone	165		4400	6	6	2	2200	6		1	99999
303227	<i18n=35341>	37	661	623		Stone	154		5800	6	7	2	2900	7		1	99999
303228	<i18n=35417>	37	671	623		Stone	143		7040	6	8	2	3520	7		1	99999
303229	<i18n=35409>	37	661	623		Stone	154		5960	7	7	2	2980	7		1	99999
303230	<i18n=35397>	37	671	623		Stone	143		7360	7	8	2	3680	7		1	99999
303231	<i18n=35339>	37	681	623		Stone	132		8560	7	9	2	4280	7		1	99999
303311	<i18n=11714>	37	601	624		Stone	224		440	1	1	2	220	1		1	99999											
303312	<i18n=14779>	37	611	624		Stone	213		660	1	2	2	330	2		1	99999											
303313	<i18n=13113>	37	621	624		Stone	202		960	1	3	2	480	3		1	99999											
303314	<i18n=13813>	37	611	624		Stone	213		700	2	2	2	350	2		1	99999
303315	<i18n=9137>	37	621	624		Stone	202		1040	2	3	2	520	3		1	99999
303316	<i18n=1586>	37	631	624		Stone	191		1560	2	4	2	780	4		1	99999
303317	<i18n=6516>	37	621	624		Stone	202		1080	3	3	2	540	3		1	99999
303318	<i18n=9028>	37	631	624		Stone	191		1600	3	4	2	800	4		1	99999
303319	<i18n=7240>	37	641	624		Stone	180		2380	3	5	2	1190	5		1	99999
303320	<i18n=10834>	37	631	624		Stone	191		1740	4	4	2	870	4		1	99999
303321	<i18n=12983>	37	641	624		Stone	180		2600	4	5	2	1300	5		1	99999
303322	<i18n=11163>	37	651	624		Stone	169		3900	4	6	2	1950	6		1	99999
303323	<i18n=1257>	37	641	624		Stone	180		2780	5	5	2	1390	5		1	99999
303324	<i18n=11323>	37	651	624		Stone	169		4160	5	6	2	2080	6		1	99999
303325	<i18n=14835>	37	661	624		Stone	158		6240	5	7	2	3120	7		1	99999
303326	<i18n=35154>	37	651	624		Stone	169		4400	6	6	2	2200	6		1	99999
303327	<i18n=35592>	37	661	624		Stone	158		5800	6	7	2	2900	7		1	99999
303328	<i18n=35207>	37	671	624		Stone	147		7040	6	8	2	3520	7		1	99999
303329	<i18n=35501>	37	661	624		Stone	158		5960	7	7	2	2980	7		1	99999
303330	<i18n=35658>	37	671	624		Stone	147		7360	7	8	2	3680	7		1	99999
303331	<i18n=35588>	37	681	624		Stone	136		8560	7	9	2	4280	7		1	99999
303411	<i18n=266>	37	604	625		Stone	216		440	1	1	2	220	1		1	99999											
303412	<i18n=5758>	37	614	625		Stone	205		660	1	2	2	330	2		1	99999											
303413	<i18n=10402>	37	624	625		Stone	194		960	1	3	2	480	3		1	99999											
303414	<i18n=7338>	37	614	625		Stone	205		700	2	2	2	350	2		1	99999
303415	<i18n=4365>	37	624	625		Stone	194		1040	2	3	2	520	3		1	99999
303416	<i18n=11353>	37	634	625		Stone	183		1560	2	4	2	780	4		1	99999
303417	<i18n=9873>	37	624	625		Stone	194		1080	3	3	2	540	3		1	99999
303418	<i18n=13667>	37	634	625		Stone	183		1600	3	4	2	800	4		1	99999
303419	<i18n=4885>	37	644	625		Stone	172		2380	3	5	2	1190	5		1	99999
303420	<i18n=10489>	37	634	625		Stone	183		1740	4	4	2	870	4		1	99999
303421	<i18n=4300>	37	644	625		Stone	172		2600	4	5	2	1300	5		1	99999
303422	<i18n=12455>	37	654	625		Stone	161		3900	4	6	2	1950	6		1	99999
303423	<i18n=9199>	37	644	625		Stone	172		2780	5	5	2	1390	5		1	99999
303424	<i18n=6107>	37	654	625		Stone	161		4160	5	6	2	2080	6		1	99999
303425	<i18n=11240>	37	664	625		Stone	150		6240	5	7	2	3120	7		1	99999
303426	<i18n=35363>	37	654	625		Stone	161		4400	6	6	2	2200	6		1	99999
303427	<i18n=35187>	37	664	625		Stone	150		5800	6	7	2	2900	7		1	99999
303428	<i18n=35559>	37	674	625		Stone	139		7040	6	8	2	3520	7		1	99999
303429	<i18n=35139>	37	664	625		Stone	150		5960	7	7	2	2980	7		1	99999
303430	<i18n=35571>	37	674	625		Stone	139		7360	7	8	2	3680	7		1	99999
303431	<i18n=35644>	37	684	625		Stone	128		8560	7	9	2	4280	7		1	99999
303511	<i18n=1036>	37	605	626		Stone	216		440	1	1	2	220	1		1	99999											
303512	<i18n=14840>	37	615	626		Stone	205		660	1	2	2	330	2		1	99999											
303513	<i18n=15470>	37	625	626		Stone	194		960	1	3	2	480	3		1	99999											
303514	<i18n=15038>	37	615	626		Stone	205		700	2	2	2	350	2		1	99999
303515	<i18n=6938>	37	625	626		Stone	194		1040	2	3	2	520	3		1	99999
303516	<i18n=12810>	37	635	626		Stone	183		1560	2	4	2	780	4		1	99999
303517	<i18n=10525>	37	625	626		Stone	194		1080	3	3	2	540	3		1	99999
303518	<i18n=13605>	37	635	626		Stone	183		1600	3	4	2	800	4		1	99999
303519	<i18n=9117>	37	645	626		Stone	172		2380	3	5	2	1190	5		1	99999
303520	<i18n=13387>	37	635	626		Stone	183		1740	4	4	2	870	4		1	99999
303521	<i18n=10170>	37	645	626		Stone	172		2600	4	5	2	1300	5		1	99999
303522	<i18n=16315>	37	655	626		Stone	161		3900	4	6	2	1950	6		1	99999
303523	<i18n=8509>	37	645	626		Stone	172		2780	5	5	2	1390	5		1	99999
303524	<i18n=7893>	37	655	626		Stone	161		4160	5	6	2	2080	6		1	99999
303525	<i18n=6794>	37	665	626		Stone	150		6240	5	7	2	3120	7		1	99999
303526	<i18n=35284>	37	655	626		Stone	161		4400	6	6	2	2200	6		1	99999
303527	<i18n=35567>	37	665	626		Stone	150		5800	6	7	2	2900	7		1	99999
303528	<i18n=35533>	37	675	626		Stone	139		7040	6	8	2	3520	7		1	99999
303529	<i18n=35273>	37	665	626		Stone	150		5960	7	7	2	2980	7		1	99999
303530	<i18n=35156>	37	675	626		Stone	139		7360	7	8	2	3680	7		1	99999
303531	<i18n=35215>	37	685	626		Stone	128		8560	7	9	2	4280	7		1	99999
303611	<i18n=6824>	37	602	627		Stone	217		440	1	1	2	220	1		1	99999											
303612	<i18n=833>	37	612	627		Stone	206		660	1	2	2	330	2		1	99999											
303613	<i18n=3764>	37	622	627		Stone	195		960	1	3	2	480	3		1	99999											
303614	<i18n=9280>	37	612	627		Stone	206		700	2	2	2	350	2		1	99999
303615	<i18n=13410>	37	622	627		Stone	195		1040	2	3	2	520	3		1	99999
303616	<i18n=13779>	37	632	627		Stone	184		1560	2	4	2	780	4		1	99999
303617	<i18n=10223>	37	622	627		Stone	195		1080	3	3	2	540	3		1	99999
303618	<i18n=586>	37	632	627		Stone	184		1600	3	4	2	800	4		1	99999
303619	<i18n=6709>	37	642	627		Stone	173		2380	3	5	2	1190	5		1	99999
303620	<i18n=8613>	37	632	627		Stone	184		1740	4	4	2	870	4		1	99999
303621	<i18n=10547>	37	642	627		Stone	173		2600	4	5	2	1300	5		1	99999
303622	<i18n=933>	37	652	627		Stone	162		3900	4	6	2	1950	6		1	99999
303623	<i18n=5695>	37	642	627		Stone	173		2780	5	5	2	1390	5		1	99999
303624	<i18n=9085>	37	652	627		Stone	162		4160	5	6	2	2080	6		1	99999
303625	<i18n=11525>	37	662	627		Stone	151		6240	5	7	2	3120	7		1	99999
303626	<i18n=35120>	37	652	627		Stone	162		4400	6	6	2	2200	6		1	99999
303627	<i18n=35527>	37	662	627		Stone	151		5800	6	7	2	2900	7		1	99999
303628	<i18n=35423>	37	672	627		Stone	140		7040	6	8	2	3520	7		1	99999
303629	<i18n=35166>	37	662	627		Stone	151		5960	7	7	2	2980	7		1	99999
303630	<i18n=35312>	37	672	627		Stone	140		7360	7	8	2	3680	7		1	99999
303631	<i18n=35557>	37	682	627		Stone	129		8560	7	9	2	4280	7		1	99999
303711	<i18n=8853>	37	603	628		Stone	223		440	1	1	2	220	1		1	99999											
303712	<i18n=13373>	37	613	628		Stone	212		660	1	2	2	330	2		1	99999											
303713	<i18n=8694>	37	623	628		Stone	201		960	1	3	2	480	3		1	99999											
303714	<i18n=16436>	37	613	628		Stone	212		700	2	2	2	350	2		1	99999
303715	<i18n=9542>	37	623	628		Stone	201		1040	2	3	2	520	3		1	99999
303716	<i18n=3938>	37	633	628		Stone	190		1560	2	4	2	780	4		1	99999
303717	<i18n=12370>	37	623	628		Stone	201		1080	3	3	2	540	3		1	99999
303718	<i18n=10040>	37	633	628		Stone	190		1600	3	4	2	800	4		1	99999
303719	<i18n=3173>	37	643	628		Stone	179		2380	3	5	2	1190	5		1	99999
303720	<i18n=16082>	37	633	628		Stone	190		1740	4	4	2	870	4		1	99999
303721	<i18n=6882>	37	643	628		Stone	179		2600	4	5	2	1300	5		1	99999
303722	<i18n=15604>	37	653	628		Stone	168		3900	4	6	2	1950	6		1	99999
303723	<i18n=12756>	37	643	628		Stone	179		2780	5	5	2	1390	5		1	99999
303724	<i18n=6503>	37	653	628		Stone	168		4160	5	6	2	2080	6		1	99999
303725	<i18n=14436>	37	663	628		Stone	157		6240	5	7	2	3120	7		1	99999
303726	<i18n=35540>	37	653	628		Stone	168		4400	6	6	2	2200	6		1	99999
303727	<i18n=35481>	37	663	628		Stone	157		5800	6	7	2	2900	7		1	99999
303728	<i18n=35601>	37	673	628		Stone	146		7040	6	8	2	3520	7		1	99999
303729	<i18n=35334>	37	663	628		Stone	157		5960	7	7	2	2980	7		1	99999
303730	<i18n=35321>	37	673	628		Stone	146		7360	7	8	2	3680	7		1	99999
303731	<i18n=35260>	37	683	628		Stone	135		8560	7	9	2	4280	7		1	99999
303811	<i18n=2037>	37	602	629		Stone	219		440	1	1	2	220	1		1	99999											
303812	<i18n=13659>	37	612	629		Stone	208		660	1	2	2	330	2		1	99999											
303813	<i18n=4588>	37	622	629		Stone	197		960	1	3	2	480	3		1	99999											
303814	<i18n=14151>	37	612	629		Stone	208		700	2	2	2	350	2		1	99999
303815	<i18n=2048>	37	622	629		Stone	197		1040	2	3	2	520	3		1	99999
303816	<i18n=6441>	37	632	629		Stone	186		1560	2	4	2	780	4		1	99999
303817	<i18n=14662>	37	622	629		Stone	197		1080	3	3	2	540	3		1	99999
303818	<i18n=7589>	37	632	629		Stone	186		1600	3	4	2	800	4		1	99999
303819	<i18n=14946>	37	642	629		Stone	175		2380	3	5	2	1190	5		1	99999
303820	<i18n=6808>	37	632	629		Stone	186		1740	4	4	2	870	4		1	99999
303821	<i18n=7929>	37	642	629		Stone	175		2600	4	5	2	1300	5		1	99999
303822	<i18n=12008>	37	652	629		Stone	164		3900	4	6	2	1950	6		1	99999
303823	<i18n=1981>	37	642	629		Stone	175		2780	5	5	2	1390	5		1	99999
303824	<i18n=16066>	37	652	629		Stone	164		4160	5	6	2	2080	6		1	99999
303825	<i18n=10522>	37	662	629		Stone	153		6240	5	7	2	3120	7		1	99999
303826	<i18n=35374>	37	652	629		Stone	164		4400	6	6	2	2200	6		1	99999
303827	<i18n=35580>	37	662	629		Stone	153		5800	6	7	2	2900	7		1	99999
303828	<i18n=35562>	37	672	629		Stone	142		7040	6	8	2	3520	7		1	99999
303829	<i18n=35472>	37	662	629		Stone	153		5960	7	7	2	2980	7		1	99999
303830	<i18n=35357>	37	672	629		Stone	142		7360	7	8	2	3680	7		1	99999
303831	<i18n=35158>	37	682	629		Stone	131		8560	7	9	2	4280	7		1	99999
303911	<i18n=3988>	37	603	630		Stone	225		440	1	1	2	220	1		1	99999											
303912	<i18n=1515>	37	613	630		Stone	214		660	1	2	2	330	2		1	99999											
303913	<i18n=13800>	37	623	630		Stone	203		960	1	3	2	480	3		1	99999											
303914	<i18n=12433>	37	613	630		Stone	214		700	2	2	2	350	2		1	99999
303915	<i18n=197>	37	623	630		Stone	203		1040	2	3	2	520	3		1	99999
303916	<i18n=13595>	37	633	630		Stone	192		1560	2	4	2	780	4		1	99999
303917	<i18n=963>	37	623	630		Stone	203		1080	3	3	2	540	3		1	99999
303918	<i18n=13230>	37	633	630		Stone	192		1600	3	4	2	800	4		1	99999
303919	<i18n=864>	37	643	630		Stone	181		2380	3	5	2	1190	5		1	99999
303920	<i18n=13078>	37	633	630		Stone	192		1740	4	4	2	870	4		1	99999
303921	<i18n=6069>	37	643	630		Stone	181		2600	4	5	2	1300	5		1	99999
303922	<i18n=13365>	37	653	630		Stone	170		3900	4	6	2	1950	6		1	99999
303923	<i18n=7646>	37	643	630		Stone	181		2780	5	5	2	1390	5		1	99999
303924	<i18n=8428>	37	653	630		Stone	170		4160	5	6	2	2080	6		1	99999
303925	<i18n=3168>	37	663	630		Stone	159		6240	5	7	2	3120	7		1	99999
303926	<i18n=35210>	37	653	630		Stone	170		4400	6	6	2	2200	6		1	99999
303927	<i18n=35551>	37	663	630		Stone	159		5800	6	7	2	2900	7		1	99999
303928	<i18n=35275>	37	673	630		Stone	148		7040	6	8	2	3520	7		1	99999
303929	<i18n=35542>	37	663	630		Stone	159		5960	7	7	2	2980	7		1	99999
303930	<i18n=35590>	37	673	630		Stone	148		7360	7	8	2	3680	7		1	99999
303931	<i18n=35599>	37	683	630		Stone	137		8560	7	9	2	4280	7		1	99999
304011	<i18n=9829>	37	604	631		Stone	221		440	1	1	2	220	1		1	99999											
304012	<i18n=146>	37	614	631		Stone	210		660	1	2	2	330	2		1	99999											
304013	<i18n=4018>	37	624	631		Stone	199		960	1	3	2	480	3		1	99999											
304014	<i18n=14940>	37	614	631		Stone	210		700	2	2	2	350	2		1	99999
304015	<i18n=5634>	37	624	631		Stone	199		1040	2	3	2	520	3		1	99999
304016	<i18n=2106>	37	634	631		Stone	188		1560	2	4	2	780	4		1	99999
304017	<i18n=632>	37	624	631		Stone	199		1080	3	3	2	540	3		1	99999
304018	<i18n=8362>	37	634	631		Stone	188		1600	3	4	2	800	4		1	99999
304019	<i18n=11676>	37	644	631		Stone	177		2380	3	5	2	1190	5		1	99999
304020	<i18n=12537>	37	634	631		Stone	188		1740	4	4	2	870	4		1	99999
304021	<i18n=5759>	37	644	631		Stone	177		2600	4	5	2	1300	5		1	99999
304022	<i18n=15645>	37	654	631		Stone	166		3900	4	6	2	1950	6		1	99999
304023	<i18n=16378>	37	644	631		Stone	177		2780	5	5	2	1390	5		1	99999
304024	<i18n=7528>	37	654	631		Stone	166		4160	5	6	2	2080	6		1	99999
304025	<i18n=7766>	37	664	631		Stone	155		6240	5	7	2	3120	7		1	99999
304026	<i18n=35288>	37	654	631		Stone	166		4400	6	6	2	2200	6		1	99999
304027	<i18n=35320>	37	664	631		Stone	155		5800	6	7	2	2900	7		1	99999
304028	<i18n=35486>	37	674	631		Stone	144		7040	6	8	2	3520	7		1	99999
304029	<i18n=35152>	37	664	631		Stone	155		5960	7	7	2	2980	7		1	99999
304030	<i18n=35256>	37	674	631		Stone	144		7360	7	8	2	3680	7		1	99999
304031	<i18n=35552>	37	684	631		Stone	133		8560	7	9	2	4280	7		1	99999
304111	<i18n=2190>	37	605	632		Stone	221		440	1	1	2	220	1		1	99999											
304112	<i18n=10057>	37	615	632		Stone	210		660	1	2	2	330	2		1	99999											
304113	<i18n=13596>	37	625	632		Stone	199		960	1	3	2	480	3		1	99999											
304114	<i18n=16034>	37	615	632		Stone	210		700	2	2	2	350	2		1	99999
304115	<i18n=13891>	37	625	632		Stone	199		1040	2	3	2	520	3		1	99999
304116	<i18n=9909>	37	635	632		Stone	188		1560	2	4	2	780	4		1	99999
304117	<i18n=5543>	37	625	632		Stone	199		1080	3	3	2	540	3		1	99999
304118	<i18n=8680>	37	635	632		Stone	188		1600	3	4	2	800	4		1	99999
304119	<i18n=14176>	37	645	632		Stone	177		2380	3	5	2	1190	5		1	99999
304120	<i18n=4551>	37	635	632		Stone	188		1740	4	4	2	870	4		1	99999
304121	<i18n=7950>	37	645	632		Stone	177		2600	4	5	2	1300	5		1	99999
304122	<i18n=13053>	37	655	632		Stone	166		3900	4	6	2	1950	6		1	99999
304123	<i18n=11056>	37	645	632		Stone	177		2780	5	5	2	1390	5		1	99999
304124	<i18n=451>	37	655	632		Stone	166		4160	5	6	2	2080	6		1	99999
304125	<i18n=5932>	37	665	632		Stone	155		6240	5	7	2	3120	7		1	99999
304126	<i18n=35418>	37	655	632		Stone	166		4400	6	6	2	2200	6		1	99999
304127	<i18n=35641>	37	665	632		Stone	155		5800	6	7	2	2900	7		1	99999
304128	<i18n=35196>	37	675	632		Stone	144		7040	6	8	2	3520	7		1	99999
304129	<i18n=35231>	37	665	632		Stone	155		5960	7	7	2	2980	7		1	99999
304130	<i18n=35595>	37	675	632		Stone	144		7360	7	8	2	3680	7		1	99999
304131	<i18n=35401>	37	685	632		Stone	133		8560	7	9	2	4280	7		1	99999
304211	<i18n=6573>	37	603	633		Stone	222		440	1	1	2	220	1		1	99999											
304212	<i18n=8828>	37	613	633		Stone	211		660	1	2	2	330	2		1	99999											
304213	<i18n=6517>	37	623	633		Stone	200		960	1	3	2	480	3		1	99999											
304214	<i18n=12189>	37	613	633		Stone	211		700	2	2	2	350	2		1	99999
304215	<i18n=16437>	37	623	633		Stone	200		1040	2	3	2	520	3		1	99999
304216	<i18n=5760>	37	633	633		Stone	189		1560	2	4	2	780	4		1	99999
304217	<i18n=1919>	37	623	633		Stone	200		1080	3	3	2	540	3		1	99999
304218	<i18n=10123>	37	633	633		Stone	189		1600	3	4	2	800	4		1	99999
304219	<i18n=4524>	37	643	633		Stone	178		2380	3	5	2	1190	5		1	99999
304220	<i18n=3574>	37	633	633		Stone	189		1740	4	4	2	870	4		1	99999
304221	<i18n=2656>	37	643	633		Stone	178		2600	4	5	2	1300	5		1	99999
304222	<i18n=7857>	37	653	633		Stone	167		3900	4	6	2	1950	6		1	99999
304223	<i18n=14188>	37	643	633		Stone	178		2780	5	5	2	1390	5		1	99999
304224	<i18n=4963>	37	653	633		Stone	167		4160	5	6	2	2080	6		1	99999
304225	<i18n=14073>	37	663	633		Stone	156		6240	5	7	2	3120	7		1	99999
304226	<i18n=35330>	37	653	633		Stone	167		4400	6	6	2	2200	6		1	99999
304227	<i18n=35435>	37	663	633		Stone	156		5800	6	7	2	2900	7		1	99999
304228	<i18n=35428>	37	673	633		Stone	145		7040	6	8	2	3520	7		1	99999
304229	<i18n=35197>	37	663	633		Stone	156		5960	7	7	2	2980	7		1	99999
304230	<i18n=35177>	37	673	633		Stone	145		7360	7	8	2	3680	7		1	99999
304231	<i18n=35636>	37	683	633		Stone	134		8560	7	9	2	4280	7		1	99999
304311	<i18n=853>	37	603	634		Stone	218		440	1	1	2	220	1		1	99999											
304312	<i18n=14100>	37	613	634		Stone	207		660	1	2	2	330	2		1	99999											
304313	<i18n=3924>	37	623	634		Stone	196		960	1	3	2	480	3		1	99999											
304314	<i18n=5171>	37	613	634		Stone	207		700	2	2	2	350	2		1	99999
304315	<i18n=11526>	37	623	634		Stone	196		1040	2	3	2	520	3		1	99999
304316	<i18n=3580>	37	633	634		Stone	185		1560	2	4	2	780	4		1	99999
304317	<i18n=13420>	37	623	634		Stone	196		1080	3	3	2	540	3		1	99999
304318	<i18n=3009>	37	633	634		Stone	185		1600	3	4	2	800	4		1	99999
304319	<i18n=1445>	37	643	634		Stone	174		2380	3	5	2	1190	5		1	99999
304320	<i18n=2155>	37	633	634		Stone	185		1740	4	4	2	870	4		1	99999
304321	<i18n=1842>	37	643	634		Stone	174		2600	4	5	2	1300	5		1	99999
304322	<i18n=7954>	37	653	634		Stone	163		3900	4	6	2	1950	6		1	99999
304323	<i18n=5559>	37	643	634		Stone	174		2780	5	5	2	1390	5		1	99999
304324	<i18n=2611>	37	653	634		Stone	163		4160	5	6	2	2080	6		1	99999
304325	<i18n=13516>	37	663	634		Stone	152		6240	5	7	2	3120	7		1	99999
304326	<i18n=35149>	37	653	634		Stone	163		4400	6	6	2	2200	6		1	99999
304327	<i18n=35402>	37	663	634		Stone	152		5800	6	7	2	2900	7		1	99999
304328	<i18n=35347>	37	673	634		Stone	141		7040	6	8	2	3520	7		1	99999
304329	<i18n=35411>	37	663	634		Stone	152		5960	7	7	2	2980	7		1	99999
304330	<i18n=35446>	37	673	634		Stone	141		7360	7	8	2	3680	7		1	99999
304331	<i18n=35449>	37	683	634		Stone	130		8560	7	9	2	4280	7		1	99999
304411	<i18n=7384>	37	602	635		Stone	220		440	1	1	2	220	1		1	99999											
304412	<i18n=3765>	37	612	635		Stone	209		660	1	2	2	330	2		1	99999											
304413	<i18n=9644>	37	622	635		Stone	198		960	1	3	2	480	3		1	99999											
304414	<i18n=7015>	37	612	635		Stone	209		700	2	2	2	350	2		1	99999
304415	<i18n=14722>	37	622	635		Stone	198		1040	2	3	2	520	3		1	99999
304416	<i18n=3855>	37	632	635		Stone	187		1560	2	4	2	780	4		1	99999
304417	<i18n=8313>	37	622	635		Stone	198		1080	3	3	2	540	3		1	99999
304418	<i18n=3377>	37	632	635		Stone	187		1600	3	4	2	800	4		1	99999
304419	<i18n=12818>	37	642	635		Stone	176		2380	3	5	2	1190	5		1	99999
304420	<i18n=7092>	37	632	635		Stone	187		1740	4	4	2	870	4		1	99999
304421	<i18n=1039>	37	642	635		Stone	176		2600	4	5	2	1300	5		1	99999
304422	<i18n=16023>	37	652	635		Stone	165		3900	4	6	2	1950	6		1	99999
304423	<i18n=14214>	37	642	635		Stone	176		2780	5	5	2	1390	5		1	99999
304424	<i18n=9536>	37	652	635		Stone	165		4160	5	6	2	2080	6		1	99999
304425	<i18n=12001>	37	662	635		Stone	154		6240	5	7	2	3120	7		1	99999
304426	<i18n=35290>	37	652	635		Stone	165		4400	6	6	2	2200	6		1	99999
304427	<i18n=35264>	37	662	635		Stone	154		5800	6	7	2	2900	7		1	99999
304428	<i18n=35473>	37	672	635		Stone	143		7040	6	8	2	3520	7		1	99999
304429	<i18n=35518>	37	662	635		Stone	154		5960	7	7	2	2980	7		1	99999
304430	<i18n=35517>	37	672	635		Stone	143		7360	7	8	2	3680	7		1	99999
304431	<i18n=35142>	37	682	635		Stone	132		8560	7	9	2	4280	7		1	99999
304511	<i18n=4346>	37	603	636		Stone	224		440	1	1	2	220	1		1	99999											
304512	<i18n=9556>	37	613	636		Stone	213		660	1	2	2	330	2		1	99999											
304513	<i18n=7669>	37	623	636		Stone	202		960	1	3	2	480	3		1	99999											
304514	<i18n=14606>	37	613	636		Stone	213		700	2	2	2	350	2		1	99999
304515	<i18n=14084>	37	623	636		Stone	202		1040	2	3	2	520	3		1	99999
304516	<i18n=15340>	37	633	636		Stone	191		1560	2	4	2	780	4		1	99999
304517	<i18n=13100>	37	623	636		Stone	202		1080	3	3	2	540	3		1	99999
304518	<i18n=12441>	37	633	636		Stone	191		1600	3	4	2	800	4		1	99999
304519	<i18n=766>	37	643	636		Stone	180		2380	3	5	2	1190	5		1	99999
304520	<i18n=7026>	37	633	636		Stone	191		1740	4	4	2	870	4		1	99999
304521	<i18n=10753>	37	643	636		Stone	180		2600	4	5	2	1300	5		1	99999
304522	<i18n=8148>	37	653	636		Stone	169		3900	4	6	2	1950	6		1	99999
304523	<i18n=6328>	37	643	636		Stone	180		2780	5	5	2	1390	5		1	99999
304524	<i18n=2592>	37	653	636		Stone	169		4160	5	6	2	2080	6		1	99999
304525	<i18n=5206>	37	663	636		Stone	158		6240	5	7	2	3120	7		1	99999
304526	<i18n=35134>	37	653	636		Stone	169		4400	6	6	2	2200	6		1	99999
304527	<i18n=35424>	37	663	636		Stone	158		5800	6	7	2	2900	7		1	99999
304528	<i18n=35626>	37	673	636		Stone	147		7040	6	8	2	3520	7		1	99999
304529	<i18n=35534>	37	663	636		Stone	158		5960	7	7	2	2980	7		1	99999
304530	<i18n=35474>	37	673	636		Stone	147		7360	7	8	2	3680	7		1	99999
304531	<i18n=35192>	37	683	636		Stone	136		8560	7	9	2	4280	7		1	99999
304611	<i18n=3671>	37	606	637		Stone	216		440	1	1	2	220	1		1	99999											
304612	<i18n=9334>	37	616	637		Stone	205		660	1	2	2	330	2		1	99999											
304613	<i18n=5424>	37	626	637		Stone	194		960	1	3	2	480	3		1	99999											
304614	<i18n=3225>	37	616	637		Stone	205		700	2	2	2	350	2		1	99999
304615	<i18n=5065>	37	626	637		Stone	194		1040	2	3	2	520	3		1	99999
304616	<i18n=6032>	37	636	637		Stone	183		1560	2	4	2	780	4		1	99999
304617	<i18n=10225>	37	626	637		Stone	194		1080	3	3	2	540	3		1	99999
304618	<i18n=4330>	37	636	637		Stone	183		1600	3	4	2	800	4		1	99999
304619	<i18n=11602>	37	646	637		Stone	172		2380	3	5	2	1190	5		1	99999
304620	<i18n=9919>	37	636	637		Stone	183		1740	4	4	2	870	4		1	99999
304621	<i18n=5734>	37	646	637		Stone	172		2600	4	5	2	1300	5		1	99999
304622	<i18n=4714>	37	656	637		Stone	161		3900	4	6	2	1950	6		1	99999
304623	<i18n=6277>	37	646	637		Stone	172		2780	5	5	2	1390	5		1	99999
304624	<i18n=7673>	37	656	637		Stone	161		4160	5	6	2	2080	6		1	99999
304625	<i18n=14780>	37	666	637		Stone	150		6240	5	7	2	3120	7		1	99999
304626	<i18n=35209>	37	656	637		Stone	161		4400	6	6	2	2200	6		1	99999
304627	<i18n=35550>	37	666	637		Stone	150		5800	6	7	2	2900	7		1	99999
304628	<i18n=35300>	37	676	637		Stone	139		7040	6	8	2	3520	7		1	99999
304629	<i18n=35261>	37	666	637		Stone	150		5960	7	7	2	2980	7		1	99999
304630	<i18n=35523>	37	676	637		Stone	139		7360	7	8	2	3680	7		1	99999
304631	<i18n=35647>	37	686	637		Stone	128		8560	7	9	2	4280	7		1	99999
304711	<i18n=13765>	37	606	638		Stone	221		440	1	1	2	220	1		1	99999											
304712	<i18n=10784>	37	616	638		Stone	210		660	1	2	2	330	2		1	99999											
304713	<i18n=7847>	37	626	638		Stone	199		960	1	3	2	480	3		1	99999											
304714	<i18n=10380>	37	616	638		Stone	210		700	2	2	2	350	2		1	99999
304715	<i18n=6900>	37	626	638		Stone	199		1040	2	3	2	520	3		1	99999
304716	<i18n=15676>	37	636	638		Stone	188		1560	2	4	2	780	4		1	99999
304717	<i18n=7720>	37	626	638		Stone	199		1080	3	3	2	540	3		1	99999
304718	<i18n=2836>	37	636	638		Stone	188		1600	3	4	2	800	4		1	99999
304719	<i18n=16380>	37	646	638		Stone	177		2380	3	5	2	1190	5		1	99999
304720	<i18n=15991>	37	636	638		Stone	188		1740	4	4	2	870	4		1	99999
304721	<i18n=7906>	37	646	638		Stone	177		2600	4	5	2	1300	5		1	99999
304722	<i18n=2842>	37	656	638		Stone	166		3900	4	6	2	1950	6		1	99999
304723	<i18n=16157>	37	646	638		Stone	177		2780	5	5	2	1390	5		1	99999
304724	<i18n=12111>	37	656	638		Stone	166		4160	5	6	2	2080	6		1	99999
304725	<i18n=8400>	37	666	638		Stone	155		6240	5	7	2	3120	7		1	99999
304726	<i18n=35130>	37	656	638		Stone	166		4400	6	6	2	2200	6		1	99999
304727	<i18n=35311>	37	666	638		Stone	155		5800	6	7	2	2900	7		1	99999
304728	<i18n=35583>	37	676	638		Stone	144		7040	6	8	2	3520	7		1	99999
304729	<i18n=35324>	37	666	638		Stone	155		5960	7	7	2	2980	7		1	99999
304730	<i18n=35362>	37	676	638		Stone	144		7360	7	8	2	3680	7		1	99999
304731	<i18n=35586>	37	686	638		Stone	133		8560	7	9	2	4280	7		1	99999
304811	<i18n=13907>	37	604	639		Stone	225		440	1	1	2	220	1		1	99999											
304812	<i18n=1382>	37	614	639		Stone	214		660	1	2	2	330	2		1	99999											
304813	<i18n=1031>	37	624	639		Stone	203		960	1	3	2	480	3		1	99999											
304814	<i18n=3796>	37	614	639		Stone	214		700	2	2	2	350	2		1	99999
304815	<i18n=11407>	37	624	639		Stone	203		1040	2	3	2	520	3		1	99999
304816	<i18n=13550>	37	634	639		Stone	192		1560	2	4	2	780	4		1	99999
304817	<i18n=6867>	37	624	639		Stone	203		1080	3	3	2	540	3		1	99999
304818	<i18n=3420>	37	634	639		Stone	192		1600	3	4	2	800	4		1	99999
304819	<i18n=7598>	37	644	639		Stone	181		2380	3	5	2	1190	5		1	99999
304820	<i18n=6577>	37	634	639		Stone	192		1740	4	4	2	870	4		1	99999
304821	<i18n=13240>	37	644	639		Stone	181		2600	4	5	2	1300	5		1	99999
304822	<i18n=11711>	37	654	639		Stone	170		3900	4	6	2	1950	6		1	99999
304823	<i18n=1817>	37	644	639		Stone	181		2780	5	5	2	1390	5		1	99999
304824	<i18n=8719>	37	654	639		Stone	170		4160	5	6	2	2080	6		1	99999
304825	<i18n=10904>	37	664	639		Stone	159		6240	5	7	2	3120	7		1	99999
304826	<i18n=35279>	37	654	639		Stone	170		4400	6	6	2	2200	6		1	99999
304827	<i18n=35270>	37	664	639		Stone	159		5800	6	7	2	2900	7		1	99999
304828	<i18n=35564>	37	674	639		Stone	148		7040	6	8	2	3520	7		1	99999
304829	<i18n=35463>	37	664	639		Stone	159		5960	7	7	2	2980	7		1	99999
304830	<i18n=35422>	37	674	639		Stone	148		7360	7	8	2	3680	7		1	99999
304831	<i18n=35147>	37	684	639		Stone	137		8560	7	9	2	4280	7		1	99999
304911	<i18n=2181>	37	603	640		Stone	219		440	1	1	2	220	1		1	99999											
304912	<i18n=9346>	37	613	640		Stone	208		660	1	2	2	330	2		1	99999											
304913	<i18n=2915>	37	623	640		Stone	197		960	1	3	2	480	3		1	99999											
304914	<i18n=225>	37	613	640		Stone	208		700	2	2	2	350	2		1	99999
304915	<i18n=2280>	37	623	640		Stone	197		1040	2	3	2	520	3		1	99999
304916	<i18n=6055>	37	633	640		Stone	186		1560	2	4	2	780	4		1	99999
304917	<i18n=11586>	37	623	640		Stone	197		1080	3	3	2	540	3		1	99999
304918	<i18n=10876>	37	633	640		Stone	186		1600	3	4	2	800	4		1	99999
304919	<i18n=3030>	37	643	640		Stone	175		2380	3	5	2	1190	5		1	99999
304920	<i18n=16062>	37	633	640		Stone	186		1740	4	4	2	870	4		1	99999
304921	<i18n=10648>	37	643	640		Stone	175		2600	4	5	2	1300	5		1	99999
304922	<i18n=6717>	37	653	640		Stone	164		3900	4	6	2	1950	6		1	99999
304923	<i18n=4997>	37	643	640		Stone	175		2780	5	5	2	1390	5		1	99999
304924	<i18n=111>	37	653	640		Stone	164		4160	5	6	2	2080	6		1	99999
304925	<i18n=4478>	37	663	640		Stone	153		6240	5	7	2	3120	7		1	99999
304926	<i18n=35607>	37	653	640		Stone	164		4400	6	6	2	2200	6		1	99999
304927	<i18n=35618>	37	663	640		Stone	153		5800	6	7	2	2900	7		1	99999
304928	<i18n=35403>	37	673	640		Stone	142		7040	6	8	2	3520	7		1	99999
304929	<i18n=35555>	37	663	640		Stone	153		5960	7	7	2	2980	7		1	99999
304930	<i18n=35479>	37	673	640		Stone	142		7360	7	8	2	3680	7		1	99999
304931	<i18n=35507>	37	683	640		Stone	131		8560	7	9	2	4280	7		1	99999
305011	<i18n=15102>	37	604	641		Stone	224		440	1	1	2	220	1		1	99999											
305012	<i18n=12738>	37	614	641		Stone	213		660	1	2	2	330	2		1	99999											
305013	<i18n=5657>	37	624	641		Stone	202		960	1	3	2	480	3		1	99999											
305014	<i18n=6845>	37	614	641		Stone	213		700	2	2	2	350	2		1	99999
305015	<i18n=9030>	37	624	641		Stone	202		1040	2	3	2	520	3		1	99999
305016	<i18n=12760>	37	634	641		Stone	191		1560	2	4	2	780	4		1	99999
305017	<i18n=6183>	37	624	641		Stone	202		1080	3	3	2	540	3		1	99999
305018	<i18n=4694>	37	634	641		Stone	191		1600	3	4	2	800	4		1	99999
305019	<i18n=1933>	37	644	641		Stone	180		2380	3	5	2	1190	5		1	99999
305020	<i18n=12557>	37	634	641		Stone	191		1740	4	4	2	870	4		1	99999
305021	<i18n=13245>	37	644	641		Stone	180		2600	4	5	2	1300	5		1	99999
305022	<i18n=9710>	37	654	641		Stone	169		3900	4	6	2	1950	6		1	99999
305023	<i18n=7297>	37	644	641		Stone	180		2780	5	5	2	1390	5		1	99999
305024	<i18n=15747>	37	654	641		Stone	169		4160	5	6	2	2080	6		1	99999
305025	<i18n=10608>	37	664	641		Stone	158		6240	5	7	2	3120	7		1	99999
305026	<i18n=35406>	37	654	641		Stone	169		4400	6	6	2	2200	6		1	99999
305027	<i18n=35628>	37	664	641		Stone	158		5800	6	7	2	2900	7		1	99999
305028	<i18n=35444>	37	674	641		Stone	147		7040	6	8	2	3520	7		1	99999
305029	<i18n=35184>	37	664	641		Stone	158		5960	7	7	2	2980	7		1	99999
305030	<i18n=35558>	37	674	641		Stone	147		7360	7	8	2	3680	7		1	99999
305031	<i18n=35378>	37	684	641		Stone	136		8560	7	9	2	4280	7		1	99999
305111	<i18n=7180>	37	602	642		Stone	220		440	1	1	2	220	1		1	99999											
305112	<i18n=8013>	37	612	642		Stone	209		660	1	2	2	330	2		1	99999											
305113	<i18n=15400>	37	622	642		Stone	198		960	1	3	2	480	3		1	99999											
305114	<i18n=8039>	37	612	642		Stone	209		700	2	2	2	350	2		1	99999
305115	<i18n=16025>	37	622	642		Stone	198		1040	2	3	2	520	3		1	99999
305116	<i18n=8440>	37	632	642		Stone	187		1560	2	4	2	780	4		1	99999
305117	<i18n=1087>	37	622	642		Stone	198		1080	3	3	2	540	3		1	99999
305118	<i18n=6305>	37	632	642		Stone	187		1600	3	4	2	800	4		1	99999
305119	<i18n=13223>	37	642	642		Stone	176		2380	3	5	2	1190	5		1	99999
305120	<i18n=14784>	37	632	642		Stone	187		1740	4	4	2	870	4		1	99999
305121	<i18n=7192>	37	642	642		Stone	176		2600	4	5	2	1300	5		1	99999
305122	<i18n=3056>	37	652	642		Stone	165		3900	4	6	2	1950	6		1	99999
305123	<i18n=14497>	37	642	642		Stone	176		2780	5	5	2	1390	5		1	99999
305124	<i18n=1818>	37	652	642		Stone	165		4160	5	6	2	2080	6		1	99999
305125	<i18n=11404>	37	662	642		Stone	154		6240	5	7	2	3120	7		1	99999
305126	<i18n=35598>	37	652	642		Stone	165		4400	6	6	2	2200	6		1	99999
305127	<i18n=35413>	37	662	642		Stone	154		5800	6	7	2	2900	7		1	99999
305128	<i18n=35160>	37	672	642		Stone	143		7040	6	8	2	3520	7		1	99999
305129	<i18n=35535>	37	662	642		Stone	154		5960	7	7	2	2980	7		1	99999
305130	<i18n=35499>	37	672	642		Stone	143		7360	7	8	2	3680	7		1	99999
305131	<i18n=35597>	37	682	642		Stone	132		8560	7	9	2	4280	7		1	99999
305211	<i18n=12589>	37	607	643		Stone	216		440	1	1	2	220	1		1	99999											
305212	<i18n=11228>	37	617	643		Stone	205		660	1	2	2	330	2		1	99999											
305213	<i18n=4708>	37	627	643		Stone	194		960	1	3	2	480	3		1	99999											
305214	<i18n=1672>	37	617	643		Stone	205		700	2	2	2	350	2		1	99999
305215	<i18n=15341>	37	627	643		Stone	194		1040	2	3	2	520	3		1	99999
305216	<i18n=2512>	37	637	643		Stone	183		1560	2	4	2	780	4		1	99999
305217	<i18n=15759>	37	627	643		Stone	194		1080	3	3	2	540	3		1	99999
305218	<i18n=8903>	37	637	643		Stone	183		1600	3	4	2	800	4		1	99999
305219	<i18n=2525>	37	647	643		Stone	172		2380	3	5	2	1190	5		1	99999
305220	<i18n=710>	37	637	643		Stone	183		1740	4	4	2	870	4		1	99999
305221	<i18n=9373>	37	647	643		Stone	172		2600	4	5	2	1300	5		1	99999
305222	<i18n=4363>	37	657	643		Stone	161		3900	4	6	2	1950	6		1	99999
305223	<i18n=5790>	37	647	643		Stone	172		2780	5	5	2	1390	5		1	99999
305224	<i18n=9442>	37	657	643		Stone	161		4160	5	6	2	2080	6		1	99999
305225	<i18n=6564>	37	667	643		Stone	150		6240	5	7	2	3120	7		1	99999
305226	<i18n=35212>	37	657	643		Stone	161		4400	6	6	2	2200	6		1	99999
305227	<i18n=35255>	37	667	643		Stone	150		5800	6	7	2	2900	7		1	99999
305228	<i18n=35126>	37	677	643		Stone	139		7040	6	8	2	3520	7		1	99999
305229	<i18n=35458>	37	667	643		Stone	150		5960	7	7	2	2980	7		1	99999
305230	<i18n=35451>	37	677	643		Stone	139		7360	7	8	2	3680	7		1	99999
305231	<i18n=35296>	37	687	643		Stone	128		8560	7	9	2	4280	7		1	99999
305311	<i18n=9189>	37	607	644		Stone	221		440	1	1	2	220	1		1	99999											
305312	<i18n=11138>	37	617	644		Stone	210		660	1	2	2	330	2		1	99999											
305313	<i18n=6710>	37	627	644		Stone	199		960	1	3	2	480	3		1	99999											
305314	<i18n=4264>	37	617	644		Stone	210		700	2	2	2	350	2		1	99999
305315	<i18n=13784>	37	627	644		Stone	199		1040	2	3	2	520	3		1	99999
305316	<i18n=10520>	37	637	644		Stone	188		1560	2	4	2	780	4		1	99999
305317	<i18n=1117>	37	627	644		Stone	199		1080	3	3	2	540	3		1	99999
305318	<i18n=12200>	37	637	644		Stone	188		1600	3	4	2	800	4		1	99999
305319	<i18n=9312>	37	647	644		Stone	177		2380	3	5	2	1190	5		1	99999
305320	<i18n=8530>	37	637	644		Stone	188		1740	4	4	2	870	4		1	99999
305321	<i18n=1534>	37	647	644		Stone	177		2600	4	5	2	1300	5		1	99999
305322	<i18n=9047>	37	657	644		Stone	166		3900	4	6	2	1950	6		1	99999
305323	<i18n=14247>	37	647	644		Stone	177		2780	5	5	2	1390	5		1	99999
305324	<i18n=15935>	37	657	644		Stone	166		4160	5	6	2	2080	6		1	99999
305325	<i18n=13366>	37	667	644		Stone	155		6240	5	7	2	3120	7		1	99999
305326	<i18n=35407>	37	657	644		Stone	166		4400	6	6	2	2200	6		1	99999
305327	<i18n=35399>	37	667	644		Stone	155		5800	6	7	2	2900	7		1	99999
305328	<i18n=35630>	37	677	644		Stone	144		7040	6	8	2	3520	7		1	99999
305329	<i18n=35223>	37	667	644		Stone	155		5960	7	7	2	2980	7		1	99999
305330	<i18n=35350>	37	677	644		Stone	144		7360	7	8	2	3680	7		1	99999
305331	<i18n=35612>	37	687	644		Stone	133		8560	7	9	2	4280	7		1	99999
305411	<i18n=4348>	37	801	801		Stone	194		1620	3	3	2	810	3		1	99999											
305412	<i18n=16128>	37	811	811		Stone	183		2400	3	4	2	1200	4		1	99999											
305413	<i18n=1481>	37	821	821		Stone	172		3570	3	5	2	1785	5		1	99999											
305414	<i18n=6592>	37	811	811		Stone	183		2610	4	4	2	1305	4		1	99999
305415	<i18n=2583>	37	821	821		Stone	172		3900	4	5	2	1950	5		1	99999
305416	<i18n=915>	37	831	831		Stone	161		5850	4	6	2	2925	6		1	99999
305417	<i18n=12016>	37	821	821		Stone	172		4170	5	5	2	2085	5		1	99999
305418	<i18n=13089>	37	831	831		Stone	161		6240	5	6	2	3120	6		1	99999
305419	<i18n=11089>	37	841	841		Stone	150		9360	5	7	2	4680	7		1	99999
305420	<i18n=36485>	37	831	831		Stone	161		6600	6	6	2	3300	6		1	99999
305421	<i18n=36279>	37	841	841		Stone	150		8700	6	7	2	4350	7		1	99999
305422	<i18n=36400>	37	861	861		Stone	139		10560	6	8	2	5280	7		1	99999
305423	<i18n=36266>	37	841	841		Stone	150		8940	7	7	2	4470	7		1	99999
305424	<i18n=36289>	37	861	861		Stone	139		11040	7	8	2	5520	7		1	99999
305425	<i18n=36410>	37	871	871		Stone	128		12840	7	9	2	6420	7		1	99999
305511	<i18n=13575>	37	802	810		Stone	194		1620	3	3	2	810	3		1	99999											
305512	<i18n=6862>	37	812	811		Stone	183		2400	3	4	2	1200	4		1	99999											
305513	<i18n=5761>	37	822	812		Stone	172		3570	3	5	2	1785	5		1	99999											
305514	<i18n=8046>	37	812	810		Stone	183		2610	4	4	2	1305	4		1	99999
305515	<i18n=1071>	37	822	811		Stone	172		3900	4	5	2	1950	5		1	99999
305516	<i18n=4589>	37	832	812		Stone	161		5850	4	6	2	2925	6		1	99999
305517	<i18n=11495>	37	822	810		Stone	172		4170	5	5	2	2085	5		1	99999
305518	<i18n=6644>	37	832	811		Stone	161		6240	5	6	2	3120	6		1	99999
305519	<i18n=7285>	37	842	812		Stone	150		9360	5	7	2	4680	7		1	99999
305520	<i18n=36385>	37	832	832		Stone	161		6600	6	6	2	3300	6		1	99999
305521	<i18n=36551>	37	842	842		Stone	150		8700	6	7	2	4350	7		1	99999
305522	<i18n=36450>	37	862	862		Stone	139		10560	6	8	2	5280	7		1	99999
305523	<i18n=36324>	37	842	842		Stone	150		8940	7	7	2	4470	7		1	99999
305524	<i18n=36428>	37	862	862		Stone	139		11040	7	8	2	5520	7		1	99999
305525	<i18n=36238>	37	872	872		Stone	128		12840	7	9	2	6420	7		1	99999
305611	<i18n=1233>	37	803	810		Stone	194		1620	3	3	2	810	3		1	99999											
305612	<i18n=7325>	37	813	811		Stone	183		2400	3	4	2	1200	4		1	99999											
305613	<i18n=2368>	37	823	812		Stone	172		3570	3	5	2	1785	5		1	99999											
305614	<i18n=12489>	37	813	810		Stone	183		2610	4	4	2	1305	4		1	99999
305615	<i18n=9004>	37	823	811		Stone	172		3900	4	5	2	1950	5		1	99999
305616	<i18n=4379>	37	833	812		Stone	161		5850	4	6	2	2925	6		1	99999
305617	<i18n=1371>	37	823	810		Stone	172		4170	5	5	2	2085	5		1	99999
305618	<i18n=2622>	37	833	811		Stone	161		6240	5	6	2	3120	6		1	99999
305619	<i18n=10702>	37	843	812		Stone	150		9360	5	7	2	4680	7		1	99999
305620	<i18n=36454>	37	833	833		Stone	161		6600	6	6	2	3300	6		1	99999
305621	<i18n=36383>	37	843	843		Stone	150		8700	6	7	2	4350	7		1	99999
305622	<i18n=36299>	37	863	863		Stone	139		10560	6	8	2	5280	7		1	99999
305623	<i18n=36255>	37	843	843		Stone	150		8940	7	7	2	4470	7		1	99999
305624	<i18n=36302>	37	863	863		Stone	139		11040	7	8	2	5520	7		1	99999
305625	<i18n=36271>	37	873	873		Stone	128		12840	7	9	2	6420	7		1	99999
305711	<i18n=1812>	37	804	810		Stone	194		1620	3	3	2	810	3		1	99999											
305712	<i18n=15117>	37	814	811		Stone	183		2400	3	4	2	1200	4		1	99999											
305713	<i18n=11814>	37	824	812		Stone	172		3570	3	5	2	1785	5		1	99999											
305714	<i18n=1167>	37	814	810		Stone	183		2610	4	4	2	1305	4		1	99999
305715	<i18n=9058>	37	824	811		Stone	172		3900	4	5	2	1950	5		1	99999
305716	<i18n=12919>	37	834	812		Stone	161		5850	4	6	2	2925	6		1	99999
305717	<i18n=2924>	37	824	810		Stone	172		4170	5	5	2	2085	5		1	99999
305718	<i18n=727>	37	834	811		Stone	161		6240	5	6	2	3120	6		1	99999
305719	<i18n=11129>	37	844	812		Stone	150		9360	5	7	2	4680	7		1	99999
305720	<i18n=36231>	37	834	834		Stone	161		6600	6	6	2	3300	6		1	99999
305721	<i18n=36313>	37	844	844		Stone	150		8700	6	7	2	4350	7		1	99999
305722	<i18n=36253>	37	864	864		Stone	139		10560	6	8	2	5280	7		1	99999
305723	<i18n=36479>	37	844	844		Stone	150		8940	7	7	2	4470	7		1	99999
305724	<i18n=36503>	37	864	864		Stone	139		11040	7	8	2	5520	7		1	99999
305725	<i18n=36379>	37	874	874		Stone	128		12840	7	9	2	6420	7		1	99999
305811	<i18n=2738>	37	805	810		Stone	194		1620	3	3	2	810	3		1	99999											
305812	<i18n=5174>	37	815	811		Stone	183		2400	3	4	2	1200	4		1	99999											
305813	<i18n=3760>	37	825	812		Stone	172		3570	3	5	2	1785	5		1	99999											
305814	<i18n=1625>	37	815	810		Stone	183		2610	4	4	2	1305	4		1	99999
305815	<i18n=12490>	37	825	811		Stone	172		3900	4	5	2	1950	5		1	99999
305816	<i18n=7625>	37	835	812		Stone	161		5850	4	6	2	2925	6		1	99999
305817	<i18n=8024>	37	825	810		Stone	172		4170	5	5	2	2085	5		1	99999
305818	<i18n=985>	37	835	811		Stone	161		6240	5	6	2	3120	6		1	99999
305819	<i18n=11712>	37	845	812		Stone	150		9360	5	7	2	4680	7		1	99999
305820	<i18n=36233>	37	835	835		Stone	161		6600	6	6	2	3300	6		1	99999
305821	<i18n=36538>	37	845	845		Stone	150		8700	6	7	2	4350	7		1	99999
305822	<i18n=36392>	37	865	865		Stone	139		10560	6	8	2	5280	7		1	99999
305823	<i18n=36263>	37	845	845		Stone	150		8940	7	7	2	4470	7		1	99999
305824	<i18n=36382>	37	865	865		Stone	139		11040	7	8	2	5520	7		1	99999
305825	<i18n=36248>	37	875	875		Stone	128		12840	7	9	2	6420	7		1	99999
305911	<i18n=545>	37	806	810		Stone	194		1620	3	3	2	810	3		1	99999											
305912	<i18n=418>	37	816	811		Stone	183		2400	3	4	2	1200	4		1	99999											
305913	<i18n=3316>	37	826	812		Stone	172		3570	3	5	2	1785	5		1	99999											
305914	<i18n=156>	37	816	810		Stone	183		2610	4	4	2	1305	4		1	99999
305915	<i18n=2534>	37	826	811		Stone	172		3900	4	5	2	1950	5		1	99999
305916	<i18n=14130>	37	836	812		Stone	161		5850	4	6	2	2925	6		1	99999
305917	<i18n=6789>	37	826	810		Stone	172		4170	5	5	2	2085	5		1	99999
305918	<i18n=1234>	37	836	811		Stone	161		6240	5	6	2	3120	6		1	99999
305919	<i18n=5366>	37	846	812		Stone	150		9360	5	7	2	4680	7		1	99999
305920	<i18n=36305>	37	836	836		Stone	161		6600	6	6	2	3300	6		1	99999
305921	<i18n=36520>	37	846	846		Stone	150		8700	6	7	2	4350	7		1	99999
305922	<i18n=36393>	37	866	866		Stone	139		10560	6	8	2	5280	7		1	99999
305923	<i18n=36580>	37	846	846		Stone	150		8940	7	7	2	4470	7		1	99999
305924	<i18n=36351>	37	866	866		Stone	139		11040	7	8	2	5520	7		1	99999
305925	<i18n=36420>	37	876	876		Stone	128		12840	7	9	2	6420	7		1	99999
306011	<i18n=11838>	37	801	807		Stone	199		1620	3	3	2	810	3		1	99999											
306012	<i18n=4586>	37	811	808		Stone	188		2400	3	4	2	1200	4		1	99999											
306013	<i18n=15141>	37	821	809		Stone	177		3570	3	5	2	1785	5		1	99999											
306014	<i18n=13493>	37	811	807		Stone	188		2610	4	4	2	1305	4		1	99999
306015	<i18n=14567>	37	821	808		Stone	177		3900	4	5	2	1950	5		1	99999
306016	<i18n=502>	37	831	809		Stone	166		5850	4	6	2	2925	6		1	99999
306017	<i18n=755>	37	821	807		Stone	177		4170	5	5	2	2085	5		1	99999
306018	<i18n=3904>	37	831	808		Stone	166		6240	5	6	2	3120	6		1	99999
306019	<i18n=661>	37	841	809		Stone	155		9360	5	7	2	4680	7		1	99999
306020	<i18n=36426>	37	831	831		Stone	166		6600	6	6	2	3300	6		1	99999
306021	<i18n=36468>	37	841	841		Stone	155		8700	6	7	2	4350	7		1	99999
306022	<i18n=36234>	37	861	861		Stone	144		10560	6	8	2	5280	7		1	99999
306023	<i18n=36518>	37	841	841		Stone	155		8940	7	7	2	4470	7		1	99999
306024	<i18n=36471>	37	861	861		Stone	144		11040	7	8	2	5520	7		1	99999
306025	<i18n=36359>	37	871	871		Stone	133		12840	7	9	2	6420	7		1	99999
306111	<i18n=7790>	37	802	807		Stone	199		1620	3	3	2	810	3		1	99999											
306112	<i18n=1544>	37	812	808		Stone	188		2400	3	4	2	1200	4		1	99999											
306113	<i18n=11473>	37	822	809		Stone	177		3570	3	5	2	1785	5		1	99999											
306114	<i18n=14743>	37	812	807		Stone	188		2610	4	4	2	1305	4		1	99999
306115	<i18n=4552>	37	822	808		Stone	177		3900	4	5	2	1950	5		1	99999
306116	<i18n=1660>	37	832	809		Stone	166		5850	4	6	2	2925	6		1	99999
306117	<i18n=13611>	37	822	807		Stone	177		4170	5	5	2	2085	5		1	99999
306118	<i18n=14131>	37	832	808		Stone	166		6240	5	6	2	3120	6		1	99999
306119	<i18n=14604>	37	842	809		Stone	155		9360	5	7	2	4680	7		1	99999
306120	<i18n=36547>	37	832	832		Stone	166		6600	6	6	2	3300	6		1	99999
306121	<i18n=36412>	37	842	842		Stone	155		8700	6	7	2	4350	7		1	99999
306122	<i18n=36565>	37	862	862		Stone	144		10560	6	8	2	5280	7		1	99999
306123	<i18n=36443>	37	842	842		Stone	155		8940	7	7	2	4470	7		1	99999
306124	<i18n=36323>	37	862	862		Stone	144		11040	7	8	2	5520	7		1	99999
306125	<i18n=36260>	37	872	872		Stone	133		12840	7	9	2	6420	7		1	99999
306211	<i18n=2609>	37	803	807		Stone	199		1620	3	3	2	810	3		1	99999											
306212	<i18n=12505>	37	813	808		Stone	188		2400	3	4	2	1200	4		1	99999											
306213	<i18n=15665>	37	823	809		Stone	177		3570	3	5	2	1785	5		1	99999											
306214	<i18n=1340>	37	813	807		Stone	188		2610	4	4	2	1305	4		1	99999
306215	<i18n=11301>	37	823	808		Stone	177		3900	4	5	2	1950	5		1	99999
306216	<i18n=11415>	37	833	809		Stone	166		5850	4	6	2	2925	6		1	99999
306217	<i18n=2981>	37	823	807		Stone	177		4170	5	5	2	2085	5		1	99999
306218	<i18n=1570>	37	833	808		Stone	166		6240	5	6	2	3120	6		1	99999
306219	<i18n=15490>	37	843	809		Stone	155		9360	5	7	2	4680	7		1	99999
306220	<i18n=36257>	37	833	833		Stone	166		6600	6	6	2	3300	6		1	99999
306221	<i18n=36318>	37	843	843		Stone	155		8700	6	7	2	4350	7		1	99999
306222	<i18n=36319>	37	863	863		Stone	144		10560	6	8	2	5280	7		1	99999
306223	<i18n=36230>	37	843	843		Stone	155		8940	7	7	2	4470	7		1	99999
306224	<i18n=36447>	37	863	863		Stone	144		11040	7	8	2	5520	7		1	99999
306225	<i18n=36249>	37	873	873		Stone	133		12840	7	9	2	6420	7		1	99999
306311	<i18n=8598>	37	804	807		Stone	199		1620	3	3	2	810	3		1	99999											
306312	<i18n=13609>	37	814	808		Stone	188		2400	3	4	2	1200	4		1	99999											
306313	<i18n=116>	37	824	809		Stone	177		3570	3	5	2	1785	5		1	99999											
306314	<i18n=2063>	37	814	807		Stone	188		2610	4	4	2	1305	4		1	99999
306315	<i18n=4604>	37	824	808		Stone	177		3900	4	5	2	1950	5		1	99999
306316	<i18n=12164>	37	834	809		Stone	166		5850	4	6	2	2925	6		1	99999
306317	<i18n=6488>	37	824	807		Stone	177		4170	5	5	2	2085	5		1	99999
306318	<i18n=6962>	37	834	808		Stone	166		6240	5	6	2	3120	6		1	99999
306319	<i18n=4784>	37	844	809		Stone	155		9360	5	7	2	4680	7		1	99999
306320	<i18n=36584>	37	834	834		Stone	166		6600	6	6	2	3300	6		1	99999
306321	<i18n=36373>	37	844	844		Stone	155		8700	6	7	2	4350	7		1	99999
306322	<i18n=36575>	37	864	864		Stone	144		10560	6	8	2	5280	7		1	99999
306323	<i18n=36557>	37	844	844		Stone	155		8940	7	7	2	4470	7		1	99999
306324	<i18n=36566>	37	864	864		Stone	144		11040	7	8	2	5520	7		1	99999
306325	<i18n=36380>	37	874	874		Stone	133		12840	7	9	2	6420	7		1	99999
306411	<i18n=5004>	37	805	807		Stone	199		1620	3	3	2	810	3		1	99999											
306412	<i18n=7911>	37	815	808		Stone	188		2400	3	4	2	1200	4		1	99999											
306413	<i18n=5560>	37	825	809		Stone	177		3570	3	5	2	1785	5		1	99999											
306414	<i18n=15081>	37	815	807		Stone	188		2610	4	4	2	1305	4		1	99999
306415	<i18n=6893>	37	825	808		Stone	177		3900	4	5	2	1950	5		1	99999
306416	<i18n=10495>	37	835	809		Stone	166		5850	4	6	2	2925	6		1	99999
306417	<i18n=14389>	37	825	807		Stone	177		4170	5	5	2	2085	5		1	99999
306418	<i18n=889>	37	835	808		Stone	166		6240	5	6	2	3120	6		1	99999
306419	<i18n=6934>	37	845	809		Stone	155		9360	5	7	2	4680	7		1	99999
306420	<i18n=36334>	37	835	835		Stone	166		6600	6	6	2	3300	6		1	99999
306421	<i18n=36366>	37	845	845		Stone	155		8700	6	7	2	4350	7		1	99999
306422	<i18n=36516>	37	865	865		Stone	144		10560	6	8	2	5280	7		1	99999
306423	<i18n=36475>	37	845	845		Stone	155		8940	7	7	2	4470	7		1	99999
306424	<i18n=36237>	37	865	865		Stone	144		11040	7	8	2	5520	7		1	99999
306425	<i18n=36490>	37	875	875		Stone	133		12840	7	9	2	6420	7		1	99999
306511	<i18n=10200>	37	806	807		Stone	199		1620	3	3	2	810	3		1	99999											
306512	<i18n=846>	37	816	808		Stone	188		2400	3	4	2	1200	4		1	99999											
306513	<i18n=2186>	37	826	809		Stone	177		3570	3	5	2	1785	5		1	99999											
306514	<i18n=15556>	37	816	807		Stone	188		2610	4	4	2	1305	4		1	99999
306515	<i18n=14738>	37	826	808		Stone	177		3900	4	5	2	1950	5		1	99999
306516	<i18n=2676>	37	836	809		Stone	166		5850	4	6	2	2925	6		1	99999
306517	<i18n=13814>	37	826	807		Stone	177		4170	5	5	2	2085	5		1	99999
306518	<i18n=13915>	37	836	808		Stone	166		6240	5	6	2	3120	6		1	99999
306519	<i18n=253>	37	846	809		Stone	155		9360	5	7	2	4680	7		1	99999
306520	<i18n=36555>	37	836	836		Stone	166		6600	6	6	2	3300	6		1	99999
306521	<i18n=36564>	37	846	846		Stone	155		8700	6	7	2	4350	7		1	99999
306522	<i18n=36388>	37	866	866		Stone	144		10560	6	8	2	5280	7		1	99999
306523	<i18n=36484>	37	846	846		Stone	155		8940	7	7	2	4470	7		1	99999
306524	<i18n=36320>	37	866	866		Stone	144		11040	7	8	2	5520	7		1	99999
306525	<i18n=36406>	37	876	876		Stone	133		12840	7	9	2	6420	7		1	99999
306611	<i18n=70>	37	801	801		Stone	195		1620	3	3	2	810	3		1	99999											
306612	<i18n=11758>	37	811	802		Stone	184		2400	3	4	2	1200	4		1	99999											
306613	<i18n=6748>	37	821	803		Stone	173		3570	3	5	2	1785	5		1	99999											
306614	<i18n=13197>	37	811	801		Stone	184		2610	4	4	2	1305	4		1	99999
306615	<i18n=969>	37	821	802		Stone	173		3900	4	5	2	1950	5		1	99999
306616	<i18n=12905>	37	831	803		Stone	162		5850	4	6	2	2925	6		1	99999
306617	<i18n=9571>	37	821	801		Stone	173		4170	5	5	2	2085	5		1	99999
306618	<i18n=9951>	37	831	802		Stone	162		6240	5	6	2	3120	6		1	99999
306619	<i18n=4883>	37	841	803		Stone	151		9360	5	7	2	4680	7		1	99999
306620	<i18n=36502>	37	831	831		Stone	162		6600	6	6	2	3300	6		1	99999
306621	<i18n=36430>	37	841	841		Stone	151		8700	6	7	2	4350	7		1	99999
306622	<i18n=36526>	37	861	861		Stone	140		10560	6	8	2	5280	7		1	99999
306623	<i18n=36442>	37	841	841		Stone	151		8940	7	7	2	4470	7		1	99999
306624	<i18n=36477>	37	861	861		Stone	140		11040	7	8	2	5520	7		1	99999
306625	<i18n=36402>	37	871	871		Stone	129		12840	7	9	2	6420	7		1	99999
306711	<i18n=12538>	37	802	801		Stone	195		1620	3	3	2	810	3		1	99999											
306712	<i18n=13597>	37	812	802		Stone	184		2400	3	4	2	1200	4		1	99999											
306713	<i18n=4031>	37	822	803		Stone	173		3570	3	5	2	1785	5		1	99999											
306714	<i18n=506>	37	812	801		Stone	184		2610	4	4	2	1305	4		1	99999
306715	<i18n=4007>	37	822	802		Stone	173		3900	4	5	2	1950	5		1	99999
306716	<i18n=15850>	37	832	803		Stone	162		5850	4	6	2	2925	6		1	99999
306717	<i18n=5025>	37	822	801		Stone	173		4170	5	5	2	2085	5		1	99999
306718	<i18n=15425>	37	832	802		Stone	162		6240	5	6	2	3120	6		1	99999
306719	<i18n=7963>	37	842	803		Stone	151		9360	5	7	2	4680	7		1	99999
306720	<i18n=36413>	37	832	832		Stone	162		6600	6	6	2	3300	6		1	99999
306721	<i18n=36463>	37	842	842		Stone	151		8700	6	7	2	4350	7		1	99999
306722	<i18n=36537>	37	862	862		Stone	140		10560	6	8	2	5280	7		1	99999
306723	<i18n=36486>	37	842	842		Stone	151		8940	7	7	2	4470	7		1	99999
306724	<i18n=36364>	37	862	862		Stone	140		11040	7	8	2	5520	7		1	99999
306725	<i18n=36395>	37	872	872		Stone	129		12840	7	9	2	6420	7		1	99999
306811	<i18n=5631>	37	803	801		Stone	195		1620	3	3	2	810	3		1	99999											
306812	<i18n=13458>	37	813	802		Stone	184		2400	3	4	2	1200	4		1	99999											
306813	<i18n=11107>	37	823	803		Stone	173		3570	3	5	2	1785	5		1	99999											
306814	<i18n=11097>	37	813	801		Stone	184		2610	4	4	2	1305	4		1	99999
306815	<i18n=9557>	37	823	802		Stone	173		3900	4	5	2	1950	5		1	99999
306816	<i18n=13512>	37	833	803		Stone	162		5850	4	6	2	2925	6		1	99999
306817	<i18n=7563>	37	823	801		Stone	173		4170	5	5	2	2085	5		1	99999
306818	<i18n=8112>	37	833	802		Stone	162		6240	5	6	2	3120	6		1	99999
306819	<i18n=1991>	37	843	803		Stone	151		9360	5	7	2	4680	7		1	99999
306820	<i18n=36347>	37	833	833		Stone	162		6600	6	6	2	3300	6		1	99999
306821	<i18n=36369>	37	843	843		Stone	151		8700	6	7	2	4350	7		1	99999
306822	<i18n=36524>	37	863	863		Stone	140		10560	6	8	2	5280	7		1	99999
306823	<i18n=36270>	37	843	843		Stone	151		8940	7	7	2	4470	7		1	99999
306824	<i18n=36378>	37	863	863		Stone	140		11040	7	8	2	5520	7		1	99999
306825	<i18n=36548>	37	873	873		Stone	129		12840	7	9	2	6420	7		1	99999
306911	<i18n=10220>	37	804	801		Stone	195		1620	3	3	2	810	3		1	99999											
306912	<i18n=5161>	37	814	802		Stone	184		2400	3	4	2	1200	4		1	99999											
306913	<i18n=8761>	37	824	803		Stone	173		3570	3	5	2	1785	5		1	99999											
306914	<i18n=5268>	37	814	801		Stone	184		2610	4	4	2	1305	4		1	99999
306915	<i18n=5312>	37	824	802		Stone	173		3900	4	5	2	1950	5		1	99999
306916	<i18n=1819>	37	834	803		Stone	162		5850	4	6	2	2925	6		1	99999
306917	<i18n=4236>	37	824	801		Stone	173		4170	5	5	2	2085	5		1	99999
306918	<i18n=7045>	37	834	802		Stone	162		6240	5	6	2	3120	6		1	99999
306919	<i18n=2710>	37	844	803		Stone	151		9360	5	7	2	4680	7		1	99999
306920	<i18n=36439>	37	834	834		Stone	162		6600	6	6	2	3300	6		1	99999
306921	<i18n=36316>	37	844	844		Stone	151		8700	6	7	2	4350	7		1	99999
306922	<i18n=36245>	37	864	864		Stone	140		10560	6	8	2	5280	7		1	99999
306923	<i18n=36314>	37	844	844		Stone	151		8940	7	7	2	4470	7		1	99999
306924	<i18n=36421>	37	864	864		Stone	140		11040	7	8	2	5520	7		1	99999
306925	<i18n=36356>	37	874	874		Stone	129		12840	7	9	2	6420	7		1	99999
307011	<i18n=3075>	37	805	801		Stone	195		1620	3	3	2	810	3		1	99999											
307012	<i18n=11340>	37	815	802		Stone	184		2400	3	4	2	1200	4		1	99999											
307013	<i18n=3548>	37	825	803		Stone	173		3570	3	5	2	1785	5		1	99999											
307014	<i18n=1648>	37	815	801		Stone	184		2610	4	4	2	1305	4		1	99999
307015	<i18n=9892>	37	825	802		Stone	173		3900	4	5	2	1950	5		1	99999
307016	<i18n=4009>	37	835	803		Stone	162		5850	4	6	2	2925	6		1	99999
307017	<i18n=7357>	37	825	801		Stone	173		4170	5	5	2	2085	5		1	99999
307018	<i18n=13561>	37	835	802		Stone	162		6240	5	6	2	3120	6		1	99999
307019	<i18n=7622>	37	845	803		Stone	151		9360	5	7	2	4680	7		1	99999
307020	<i18n=36269>	37	835	835		Stone	162		6600	6	6	2	3300	6		1	99999
307021	<i18n=36262>	37	845	845		Stone	151		8700	6	7	2	4350	7		1	99999
307022	<i18n=36482>	37	865	865		Stone	140		10560	6	8	2	5280	7		1	99999
307023	<i18n=36531>	37	845	845		Stone	151		8940	7	7	2	4470	7		1	99999
307024	<i18n=36240>	37	865	865		Stone	140		11040	7	8	2	5520	7		1	99999
307025	<i18n=36546>	37	875	875		Stone	129		12840	7	9	2	6420	7		1	99999
307111	<i18n=15013>	37	801	801		Stone	201		1620	3	3	2	810	3		1	99999											
307112	<i18n=13003>	37	811	802		Stone	190		2400	3	4	2	1200	4		1	99999											
307113	<i18n=16083>	37	821	803		Stone	179		3570	3	5	2	1785	5		1	99999											
307114	<i18n=3696>	37	811	801		Stone	190		2610	4	4	2	1305	4		1	99999
307115	<i18n=7816>	37	821	802		Stone	179		3900	4	5	2	1950	5		1	99999
307116	<i18n=4685>	37	831	803		Stone	168		5850	4	6	2	2925	6		1	99999
307117	<i18n=812>	37	821	801		Stone	179		4170	5	5	2	2085	5		1	99999
307118	<i18n=11425>	37	831	802		Stone	168		6240	5	6	2	3120	6		1	99999
307119	<i18n=11870>	37	841	803		Stone	157		9360	5	7	2	4680	7		1	99999
307120	<i18n=36398>	37	831	831		Stone	168		6600	6	6	2	3300	6		1	99999
307121	<i18n=36422>	37	841	841		Stone	157		8700	6	7	2	4350	7		1	99999
307122	<i18n=36552>	37	861	861		Stone	146		10560	6	8	2	5280	7		1	99999
307123	<i18n=36246>	37	841	841		Stone	157		8940	7	7	2	4470	7		1	99999
307124	<i18n=36418>	37	861	861		Stone	146		11040	7	8	2	5520	7		1	99999
307125	<i18n=36294>	37	871	871		Stone	135		12840	7	9	2	6420	7		1	99999
307211	<i18n=4619>	37	802	801		Stone	201		1620	3	3	2	810	3		1	99999											
307212	<i18n=14465>	37	812	802		Stone	190		2400	3	4	2	1200	4		1	99999											
307213	<i18n=81>	37	822	803		Stone	179		3570	3	5	2	1785	5		1	99999											
307214	<i18n=14719>	37	812	801		Stone	190		2610	4	4	2	1305	4		1	99999
307215	<i18n=6361>	37	822	802		Stone	179		3900	4	5	2	1950	5		1	99999
307216	<i18n=13407>	37	832	803		Stone	168		5850	4	6	2	2925	6		1	99999
307217	<i18n=14118>	37	822	801		Stone	179		4170	5	5	2	2085	5		1	99999
307218	<i18n=14039>	37	832	802		Stone	168		6240	5	6	2	3120	6		1	99999
307219	<i18n=8698>	37	842	803		Stone	157		9360	5	7	2	4680	7		1	99999
307220	<i18n=36241>	37	832	832		Stone	168		6600	6	6	2	3300	6		1	99999
307221	<i18n=36290>	37	842	842		Stone	157		8700	6	7	2	4350	7		1	99999
307222	<i18n=36550>	37	862	862		Stone	146		10560	6	8	2	5280	7		1	99999
307223	<i18n=36310>	37	842	842		Stone	157		8940	7	7	2	4470	7		1	99999
307224	<i18n=36228>	37	862	862		Stone	146		11040	7	8	2	5520	7		1	99999
307225	<i18n=36427>	37	872	872		Stone	135		12840	7	9	2	6420	7		1	99999
307311	<i18n=11775>	37	803	801		Stone	201		1620	3	3	2	810	3		1	99999											
307312	<i18n=16158>	37	813	802		Stone	190		2400	3	4	2	1200	4		1	99999											
307313	<i18n=3945>	37	823	803		Stone	179		3570	3	5	2	1785	5		1	99999											
307314	<i18n=5186>	37	813	801		Stone	190		2610	4	4	2	1305	4		1	99999
307315	<i18n=10245>	37	823	802		Stone	179		3900	4	5	2	1950	5		1	99999
307316	<i18n=5227>	37	833	803		Stone	168		5850	4	6	2	2925	6		1	99999
307317	<i18n=10023>	37	823	801		Stone	179		4170	5	5	2	2085	5		1	99999
307318	<i18n=6047>	37	833	802		Stone	168		6240	5	6	2	3120	6		1	99999
307319	<i18n=5156>	37	843	803		Stone	157		9360	5	7	2	4680	7		1	99999
307320	<i18n=36292>	37	833	833		Stone	168		6600	6	6	2	3300	6		1	99999
307321	<i18n=36291>	37	843	843		Stone	157		8700	6	7	2	4350	7		1	99999
307322	<i18n=36225>	37	863	863		Stone	146		10560	6	8	2	5280	7		1	99999
307323	<i18n=36407>	37	843	843		Stone	157		8940	7	7	2	4470	7		1	99999
307324	<i18n=36569>	37	863	863		Stone	146		11040	7	8	2	5520	7		1	99999
307325	<i18n=36288>	37	873	873		Stone	135		12840	7	9	2	6420	7		1	99999
307411	<i18n=5703>	37	804	801		Stone	201		1620	3	3	2	810	3		1	99999											
307412	<i18n=14521>	37	814	802		Stone	190		2400	3	4	2	1200	4		1	99999											
307413	<i18n=1040>	37	824	803		Stone	179		3570	3	5	2	1785	5		1	99999											
307414	<i18n=9940>	37	814	801		Stone	190		2610	4	4	2	1305	4		1	99999
307415	<i18n=8125>	37	824	802		Stone	179		3900	4	5	2	1950	5		1	99999
307416	<i18n=4927>	37	834	803		Stone	168		5850	4	6	2	2925	6		1	99999
307417	<i18n=7038>	37	824	801		Stone	179		4170	5	5	2	2085	5		1	99999
307418	<i18n=14336>	37	834	802		Stone	168		6240	5	6	2	3120	6		1	99999
307419	<i18n=6092>	37	844	803		Stone	157		9360	5	7	2	4680	7		1	99999
307420	<i18n=36381>	37	834	834		Stone	168		6600	6	6	2	3300	6		1	99999
307421	<i18n=36355>	37	844	844		Stone	157		8700	6	7	2	4350	7		1	99999
307422	<i18n=36511>	37	864	864		Stone	146		10560	6	8	2	5280	7		1	99999
307423	<i18n=36543>	37	844	844		Stone	157		8940	7	7	2	4470	7		1	99999
307424	<i18n=36404>	37	864	864		Stone	146		11040	7	8	2	5520	7		1	99999
307425	<i18n=36235>	37	874	874		Stone	135		12840	7	9	2	6420	7		1	99999
307511	<i18n=15916>	37	805	801		Stone	201		1620	3	3	2	810	3		1	99999											
307512	<i18n=7599>	37	815	802		Stone	190		2400	3	4	2	1200	4		1	99999											
307513	<i18n=5704>	37	825	803		Stone	179		3570	3	5	2	1785	5		1	99999											
307514	<i18n=13382>	37	815	801		Stone	190		2610	4	4	2	1305	4		1	99999
307515	<i18n=11743>	37	825	802		Stone	179		3900	4	5	2	1950	5		1	99999
307516	<i18n=5229>	37	835	803		Stone	168		5850	4	6	2	2925	6		1	99999
307517	<i18n=3465>	37	825	801		Stone	179		4170	5	5	2	2085	5		1	99999
307518	<i18n=9955>	37	835	802		Stone	168		6240	5	6	2	3120	6		1	99999
307519	<i18n=8164>	37	845	803		Stone	157		9360	5	7	2	4680	7		1	99999
307520	<i18n=36436>	37	835	835		Stone	168		6600	6	6	2	3300	6		1	99999
307521	<i18n=36444>	37	845	845		Stone	157		8700	6	7	2	4350	7		1	99999
307522	<i18n=36265>	37	865	865		Stone	146		10560	6	8	2	5280	7		1	99999
307523	<i18n=36326>	37	845	845		Stone	157		8940	7	7	2	4470	7		1	99999
307524	<i18n=36273>	37	865	865		Stone	146		11040	7	8	2	5520	7		1	99999
307525	<i18n=36414>	37	875	875		Stone	135		12840	7	9	2	6420	7		1	99999
307611	<i18n=15983>	37	801	801		Stone	197		1620	3	3	2	810	3		1	99999											
307612	<i18n=5635>	37	811	802		Stone	186		2400	3	4	2	1200	4		1	99999											
307613	<i18n=11808>	37	821	803		Stone	175		3570	3	5	2	1785	5		1	99999											
307614	<i18n=12847>	37	811	801		Stone	186		2610	4	4	2	1305	4		1	99999
307615	<i18n=15484>	37	821	802		Stone	175		3900	4	5	2	1950	5		1	99999
307616	<i18n=1176>	37	831	803		Stone	164		5850	4	6	2	2925	6		1	99999
307617	<i18n=12118>	37	821	801		Stone	175		4170	5	5	2	2085	5		1	99999
307618	<i18n=622>	37	831	802		Stone	164		6240	5	6	2	3120	6		1	99999
307619	<i18n=2015>	37	841	803		Stone	153		9360	5	7	2	4680	7		1	99999
307620	<i18n=36464>	37	831	831		Stone	164		6600	6	6	2	3300	6		1	99999
307621	<i18n=36223>	37	841	841		Stone	153		8700	6	7	2	4350	7		1	99999
307622	<i18n=36507>	37	861	861		Stone	142		10560	6	8	2	5280	7		1	99999
307623	<i18n=36296>	37	841	841		Stone	153		8940	7	7	2	4470	7		1	99999
307624	<i18n=36417>	37	861	861		Stone	142		11040	7	8	2	5520	7		1	99999
307625	<i18n=36501>	37	871	871		Stone	131		12840	7	9	2	6420	7		1	99999
307711	<i18n=2756>	37	802	801		Stone	197		1620	3	3	2	810	3		1	99999											
307712	<i18n=11221>	37	812	802		Stone	186		2400	3	4	2	1200	4		1	99999											
307713	<i18n=7055>	37	822	803		Stone	175		3570	3	5	2	1785	5		1	99999											
307714	<i18n=15016>	37	812	801		Stone	186		2610	4	4	2	1305	4		1	99999
307715	<i18n=15744>	37	822	802		Stone	175		3900	4	5	2	1950	5		1	99999
307716	<i18n=7581>	37	832	803		Stone	164		5850	4	6	2	2925	6		1	99999
307717	<i18n=14821>	37	822	801		Stone	175		4170	5	5	2	2085	5		1	99999
307718	<i18n=8677>	37	832	802		Stone	164		6240	5	6	2	3120	6		1	99999
307719	<i18n=1996>	37	842	803		Stone	153		9360	5	7	2	4680	7		1	99999
307720	<i18n=36224>	37	832	832		Stone	164		6600	6	6	2	3300	6		1	99999
307721	<i18n=36337>	37	842	842		Stone	153		8700	6	7	2	4350	7		1	99999
307722	<i18n=36370>	37	862	862		Stone	142		10560	6	8	2	5280	7		1	99999
307723	<i18n=36505>	37	842	842		Stone	153		8940	7	7	2	4470	7		1	99999
307724	<i18n=36461>	37	862	862		Stone	142		11040	7	8	2	5520	7		1	99999
307725	<i18n=36504>	37	872	872		Stone	131		12840	7	9	2	6420	7		1	99999
307811	<i18n=11765>	37	803	801		Stone	197		1620	3	3	2	810	3		1	99999											
307812	<i18n=8681>	37	813	802		Stone	186		2400	3	4	2	1200	4		1	99999											
307813	<i18n=15209>	37	823	803		Stone	175		3570	3	5	2	1785	5		1	99999											
307814	<i18n=3984>	37	813	801		Stone	186		2610	4	4	2	1305	4		1	99999
307815	<i18n=11677>	37	823	802		Stone	175		3900	4	5	2	1950	5		1	99999
307816	<i18n=3851>	37	833	803		Stone	164		5850	4	6	2	2925	6		1	99999
307817	<i18n=1406>	37	823	801		Stone	175		4170	5	5	2	2085	5		1	99999
307818	<i18n=15252>	37	833	802		Stone	164		6240	5	6	2	3120	6		1	99999
307819	<i18n=4904>	37	843	803		Stone	153		9360	5	7	2	4680	7		1	99999
307820	<i18n=36367>	37	833	833		Stone	164		6600	6	6	2	3300	6		1	99999
307821	<i18n=36456>	37	843	843		Stone	153		8700	6	7	2	4350	7		1	99999
307822	<i18n=36341>	37	863	863		Stone	142		10560	6	8	2	5280	7		1	99999
307823	<i18n=36283>	37	843	843		Stone	153		8940	7	7	2	4470	7		1	99999
307824	<i18n=36512>	37	863	863		Stone	142		11040	7	8	2	5520	7		1	99999
307825	<i18n=36264>	37	873	873		Stone	131		12840	7	9	2	6420	7		1	99999
307911	<i18n=11390>	37	804	801		Stone	197		1620	3	3	2	810	3		1	99999											
307912	<i18n=7452>	37	814	802		Stone	186		2400	3	4	2	1200	4		1	99999											
307913	<i18n=13633>	37	824	803		Stone	175		3570	3	5	2	1785	5		1	99999											
307914	<i18n=15197>	37	814	801		Stone	186		2610	4	4	2	1305	4		1	99999
307915	<i18n=9980>	37	824	802		Stone	175		3900	4	5	2	1950	5		1	99999
307916	<i18n=12718>	37	834	803		Stone	164		5850	4	6	2	2925	6		1	99999
307917	<i18n=6588>	37	824	801		Stone	175		4170	5	5	2	2085	5		1	99999
307918	<i18n=2660>	37	834	802		Stone	164		6240	5	6	2	3120	6		1	99999
307919	<i18n=13619>	37	844	803		Stone	153		9360	5	7	2	4680	7		1	99999
307920	<i18n=36331>	37	834	834		Stone	164		6600	6	6	2	3300	6		1	99999
307921	<i18n=36300>	37	844	844		Stone	153		8700	6	7	2	4350	7		1	99999
307922	<i18n=36221>	37	864	864		Stone	142		10560	6	8	2	5280	7		1	99999
307923	<i18n=36226>	37	844	844		Stone	153		8940	7	7	2	4470	7		1	99999
307924	<i18n=36285>	37	864	864		Stone	142		11040	7	8	2	5520	7		1	99999
307925	<i18n=36578>	37	874	874		Stone	131		12840	7	9	2	6420	7		1	99999
308011	<i18n=8463>	37	805	801		Stone	197		1620	3	3	2	810	3		1	99999											
308012	<i18n=1847>	37	815	802		Stone	186		2400	3	4	2	1200	4		1	99999											
308013	<i18n=10828>	37	825	803		Stone	175		3570	3	5	2	1785	5		1	99999											
308014	<i18n=11004>	37	815	801		Stone	186		2610	4	4	2	1305	4		1	99999
308015	<i18n=2900>	37	825	802		Stone	175		3900	4	5	2	1950	5		1	99999
308016	<i18n=13917>	37	835	803		Stone	164		5850	4	6	2	2925	6		1	99999
308017	<i18n=308>	37	825	801		Stone	175		4170	5	5	2	2085	5		1	99999
308018	<i18n=2935>	37	835	802		Stone	164		6240	5	6	2	3120	6		1	99999
308019	<i18n=8744>	37	845	803		Stone	153		9360	5	7	2	4680	7		1	99999
308020	<i18n=36525>	37	835	835		Stone	164		6600	6	6	2	3300	6		1	99999
308021	<i18n=36315>	37	845	845		Stone	153		8700	6	7	2	4350	7		1	99999
308022	<i18n=36304>	37	865	865		Stone	142		10560	6	8	2	5280	7		1	99999
308023	<i18n=36374>	37	845	845		Stone	153		8940	7	7	2	4470	7		1	99999
308024	<i18n=36361>	37	865	865		Stone	142		11040	7	8	2	5520	7		1	99999
308025	<i18n=36496>	37	875	875		Stone	131		12840	7	9	2	6420	7		1	99999
308111	<i18n=6353>	37	801	801		Stone	203		1620	3	3	2	810	3		1	99999											
308112	<i18n=419>	37	811	802		Stone	192		2400	3	4	2	1200	4		1	99999											
308113	<i18n=6843>	37	821	803		Stone	181		3570	3	5	2	1785	5		1	99999											
308114	<i18n=12600>	37	811	801		Stone	192		2610	4	4	2	1305	4		1	99999
308115	<i18n=15591>	37	821	802		Stone	181		3900	4	5	2	1950	5		1	99999
308116	<i18n=8210>	37	831	803		Stone	170		5850	4	6	2	2925	6		1	99999
308117	<i18n=2509>	37	821	801		Stone	181		4170	5	5	2	2085	5		1	99999
308118	<i18n=7268>	37	831	802		Stone	170		6240	5	6	2	3120	6		1	99999
308119	<i18n=2138>	37	841	803		Stone	159		9360	5	7	2	4680	7		1	99999
308120	<i18n=36333>	37	831	831		Stone	170		6600	6	6	2	3300	6		1	99999
308121	<i18n=36368>	37	841	841		Stone	159		8700	6	7	2	4350	7		1	99999
308122	<i18n=36295>	37	861	861		Stone	148		10560	6	8	2	5280	7		1	99999
308123	<i18n=36343>	37	841	841		Stone	159		8940	7	7	2	4470	7		1	99999
308124	<i18n=36258>	37	861	861		Stone	148		11040	7	8	2	5520	7		1	99999
308125	<i18n=36287>	37	871	871		Stone	137		12840	7	9	2	6420	7		1	99999
308211	<i18n=11917>	37	802	801		Stone	203		1620	3	3	2	810	3		1	99999											
308212	<i18n=16257>	37	812	802		Stone	192		2400	3	4	2	1200	4		1	99999											
308213	<i18n=4407>	37	822	803		Stone	181		3570	3	5	2	1785	5		1	99999											
308214	<i18n=15756>	37	812	801		Stone	192		2610	4	4	2	1305	4		1	99999
308215	<i18n=12858>	37	822	802		Stone	181		3900	4	5	2	1950	5		1	99999
308216	<i18n=13438>	37	832	803		Stone	170		5850	4	6	2	2925	6		1	99999
308217	<i18n=10562>	37	822	801		Stone	181		4170	5	5	2	2085	5		1	99999
308218	<i18n=13277>	37	832	802		Stone	170		6240	5	6	2	3120	6		1	99999
308219	<i18n=13204>	37	842	803		Stone	159		9360	5	7	2	4680	7		1	99999
308220	<i18n=36227>	37	832	832		Stone	170		6600	6	6	2	3300	6		1	99999
308221	<i18n=36519>	37	842	842		Stone	159		8700	6	7	2	4350	7		1	99999
308222	<i18n=36582>	37	862	862		Stone	148		10560	6	8	2	5280	7		1	99999
308223	<i18n=36440>	37	842	842		Stone	159		8940	7	7	2	4470	7		1	99999
308224	<i18n=36242>	37	862	862		Stone	148		11040	7	8	2	5520	7		1	99999
308225	<i18n=36317>	37	872	872		Stone	137		12840	7	9	2	6420	7		1	99999
308311	<i18n=3570>	37	803	801		Stone	203		1620	3	3	2	810	3		1	99999											
308312	<i18n=15153>	37	813	802		Stone	192		2400	3	4	2	1200	4		1	99999											
308313	<i18n=9763>	37	823	803		Stone	181		3570	3	5	2	1785	5		1	99999											
308314	<i18n=452>	37	813	801		Stone	192		2610	4	4	2	1305	4		1	99999
308315	<i18n=10364>	37	823	802		Stone	181		3900	4	5	2	1950	5		1	99999
308316	<i18n=11203>	37	833	803		Stone	170		5850	4	6	2	2925	6		1	99999
308317	<i18n=260>	37	823	801		Stone	181		4170	5	5	2	2085	5		1	99999
308318	<i18n=3366>	37	833	802		Stone	170		6240	5	6	2	3120	6		1	99999
308319	<i18n=15895>	37	843	803		Stone	159		9360	5	7	2	4680	7		1	99999
308320	<i18n=36492>	37	833	833		Stone	170		6600	6	6	2	3300	6		1	99999
308321	<i18n=36358>	37	843	843		Stone	159		8700	6	7	2	4350	7		1	99999
308322	<i18n=36303>	37	863	863		Stone	148		10560	6	8	2	5280	7		1	99999
308323	<i18n=36493>	37	843	843		Stone	159		8940	7	7	2	4470	7		1	99999
308324	<i18n=36514>	37	863	863		Stone	148		11040	7	8	2	5520	7		1	99999
308325	<i18n=36530>	37	873	873		Stone	137		12840	7	9	2	6420	7		1	99999
308411	<i18n=10944>	37	804	801		Stone	203		1620	3	3	2	810	3		1	99999											
308412	<i18n=973>	37	814	802		Stone	192		2400	3	4	2	1200	4		1	99999											
308413	<i18n=13615>	37	824	803		Stone	181		3570	3	5	2	1785	5		1	99999											
308414	<i18n=12679>	37	814	801		Stone	192		2610	4	4	2	1305	4		1	99999
308415	<i18n=5507>	37	824	802		Stone	181		3900	4	5	2	1950	5		1	99999
308416	<i18n=13155>	37	834	803		Stone	170		5850	4	6	2	2925	6		1	99999
308417	<i18n=5698>	37	824	801		Stone	181		4170	5	5	2	2085	5		1	99999
308418	<i18n=13682>	37	834	802		Stone	170		6240	5	6	2	3120	6		1	99999
308419	<i18n=16364>	37	844	803		Stone	159		9360	5	7	2	4680	7		1	99999
308420	<i18n=36536>	37	834	834		Stone	170		6600	6	6	2	3300	6		1	99999
308421	<i18n=36284>	37	844	844		Stone	159		8700	6	7	2	4350	7		1	99999
308422	<i18n=36499>	37	864	864		Stone	148		10560	6	8	2	5280	7		1	99999
308423	<i18n=36339>	37	844	844		Stone	159		8940	7	7	2	4470	7		1	99999
308424	<i18n=36390>	37	864	864		Stone	148		11040	7	8	2	5520	7		1	99999
308425	<i18n=36513>	37	874	874		Stone	137		12840	7	9	2	6420	7		1	99999
308511	<i18n=1689>	37	805	801		Stone	203		1620	3	3	2	810	3		1	99999											
308512	<i18n=10905>	37	815	802		Stone	192		2400	3	4	2	1200	4		1	99999											
308513	<i18n=7964>	37	825	803		Stone	181		3570	3	5	2	1785	5		1	99999											
308514	<i18n=1143>	37	815	801		Stone	192		2610	4	4	2	1305	4		1	99999
308515	<i18n=15257>	37	825	802		Stone	181		3900	4	5	2	1950	5		1	99999
308516	<i18n=507>	37	835	803		Stone	170		5850	4	6	2	2925	6		1	99999
308517	<i18n=12761>	37	825	801		Stone	181		4170	5	5	2	2085	5		1	99999
308518	<i18n=12006>	37	835	802		Stone	170		6240	5	6	2	3120	6		1	99999
308519	<i18n=11154>	37	845	803		Stone	159		9360	5	7	2	4680	7		1	99999
308520	<i18n=36460>	37	835	835		Stone	170		6600	6	6	2	3300	6		1	99999
308521	<i18n=36219>	37	845	845		Stone	159		8700	6	7	2	4350	7		1	99999
308522	<i18n=36322>	37	865	865		Stone	148		10560	6	8	2	5280	7		1	99999
308523	<i18n=36481>	37	845	845		Stone	159		8940	7	7	2	4470	7		1	99999
308524	<i18n=36572>	37	865	865		Stone	148		11040	7	8	2	5520	7		1	99999
308525	<i18n=36336>	37	875	875		Stone	137		12840	7	9	2	6420	7		1	99999
308611	<i18n=2916>	37	801	804		Stone	200		1620	3	3	2	810	3		1	99999											
308612	<i18n=13583>	37	811	805		Stone	189		2400	3	4	2	1200	4		1	99999											
308613	<i18n=15379>	37	821	806		Stone	178		3570	3	5	2	1785	5		1	99999											
308614	<i18n=2038>	37	811	804		Stone	189		2610	4	4	2	1305	4		1	99999
308615	<i18n=16233>	37	821	805		Stone	178		3900	4	5	2	1950	5		1	99999
308616	<i18n=11207>	37	831	806		Stone	167		5850	4	6	2	2925	6		1	99999
308617	<i18n=14620>	37	821	804		Stone	178		4170	5	5	2	2085	5		1	99999
308618	<i18n=2125>	37	831	805		Stone	167		6240	5	6	2	3120	6		1	99999
308619	<i18n=1962>	37	841	806		Stone	156		9360	5	7	2	4680	7		1	99999
308620	<i18n=36365>	37	831	831		Stone	167		6600	6	6	2	3300	6		1	99999
308621	<i18n=36386>	37	841	841		Stone	156		8700	6	7	2	4350	7		1	99999
308622	<i18n=36278>	37	861	861		Stone	145		10560	6	8	2	5280	7		1	99999
308623	<i18n=36539>	37	841	841		Stone	156		8940	7	7	2	4470	7		1	99999
308624	<i18n=36306>	37	861	861		Stone	145		11040	7	8	2	5520	7		1	99999
308625	<i18n=36247>	37	871	871		Stone	134		12840	7	9	2	6420	7		1	99999
308711	<i18n=6478>	37	802	804		Stone	200		1620	3	3	2	810	3		1	99999											
308712	<i18n=9995>	37	812	805		Stone	189		2400	3	4	2	1200	4		1	99999											
308713	<i18n=1341>	37	822	806		Stone	178		3570	3	5	2	1785	5		1	99999											
308714	<i18n=7715>	37	812	804		Stone	189		2610	4	4	2	1305	4		1	99999
308715	<i18n=8404>	37	822	805		Stone	178		3900	4	5	2	1950	5		1	99999
308716	<i18n=4337>	37	832	806		Stone	167		5850	4	6	2	2925	6		1	99999
308717	<i18n=5343>	37	822	804		Stone	178		4170	5	5	2	2085	5		1	99999
308718	<i18n=1136>	37	832	805		Stone	167		6240	5	6	2	3120	6		1	99999
308719	<i18n=489>	37	842	806		Stone	156		9360	5	7	2	4680	7		1	99999
308720	<i18n=36469>	37	832	832		Stone	167		6600	6	6	2	3300	6		1	99999
308721	<i18n=36338>	37	842	842		Stone	156		8700	6	7	2	4350	7		1	99999
308722	<i18n=36478>	37	862	862		Stone	145		10560	6	8	2	5280	7		1	99999
308723	<i18n=36563>	37	842	842		Stone	156		8940	7	7	2	4470	7		1	99999
308724	<i18n=36397>	37	862	862		Stone	145		11040	7	8	2	5520	7		1	99999
308725	<i18n=36480>	37	872	872		Stone	134		12840	7	9	2	6420	7		1	99999
308811	<i18n=1105>	37	803	804		Stone	200		1620	3	3	2	810	3		1	99999											
308812	<i18n=357>	37	813	805		Stone	189		2400	3	4	2	1200	4		1	99999											
308813	<i18n=8836>	37	823	806		Stone	178		3570	3	5	2	1785	5		1	99999											
308814	<i18n=7484>	37	813	804		Stone	189		2610	4	4	2	1305	4		1	99999
308815	<i18n=8633>	37	823	805		Stone	178		3900	4	5	2	1950	5		1	99999
308816	<i18n=14262>	37	833	806		Stone	167		5850	4	6	2	2925	6		1	99999
308817	<i18n=7947>	37	823	804		Stone	178		4170	5	5	2	2085	5		1	99999
308818	<i18n=14034>	37	833	805		Stone	167		6240	5	6	2	3120	6		1	99999
308819	<i18n=9582>	37	843	806		Stone	156		9360	5	7	2	4680	7		1	99999
308820	<i18n=36431>	37	833	833		Stone	167		6600	6	6	2	3300	6		1	99999
308821	<i18n=36329>	37	843	843		Stone	156		8700	6	7	2	4350	7		1	99999
308822	<i18n=36429>	37	863	863		Stone	145		10560	6	8	2	5280	7		1	99999
308823	<i18n=36389>	37	843	843		Stone	156		8940	7	7	2	4470	7		1	99999
308824	<i18n=36585>	37	863	863		Stone	145		11040	7	8	2	5520	7		1	99999
308825	<i18n=36515>	37	873	873		Stone	134		12840	7	9	2	6420	7		1	99999
308911	<i18n=14813>	37	804	804		Stone	200		1620	3	3	2	810	3		1	99999											
308912	<i18n=11130>	37	814	805		Stone	189		2400	3	4	2	1200	4		1	99999											
308913	<i18n=203>	37	824	806		Stone	178		3570	3	5	2	1785	5		1	99999											
308914	<i18n=2652>	37	814	804		Stone	189		2610	4	4	2	1305	4		1	99999
308915	<i18n=5127>	37	824	805		Stone	178		3900	4	5	2	1950	5		1	99999
308916	<i18n=9114>	37	834	806		Stone	167		5850	4	6	2	2925	6		1	99999
308917	<i18n=4290>	37	824	804		Stone	178		4170	5	5	2	2085	5		1	99999
308918	<i18n=1745>	37	834	805		Stone	167		6240	5	6	2	3120	6		1	99999
308919	<i18n=4324>	37	844	806		Stone	156		9360	5	7	2	4680	7		1	99999
308920	<i18n=36268>	37	834	834		Stone	167		6600	6	6	2	3300	6		1	99999
308921	<i18n=36350>	37	844	844		Stone	156		8700	6	7	2	4350	7		1	99999
308922	<i18n=36267>	37	864	864		Stone	145		10560	6	8	2	5280	7		1	99999
308923	<i18n=36307>	37	844	844		Stone	156		8940	7	7	2	4470	7		1	99999
308924	<i18n=36488>	37	864	864		Stone	145		11040	7	8	2	5520	7		1	99999
308925	<i18n=36534>	37	874	874		Stone	134		12840	7	9	2	6420	7		1	99999
309011	<i18n=6241>	37	805	804		Stone	200		1620	3	3	2	810	3		1	99999
309012	<i18n=9141>	37	815	805		Stone	189		2400	3	4	2	1200	4		1	99999
309013	<i18n=1088>	37	825	806		Stone	178		3570	3	5	2	1785	5		1	99999
309014	<i18n=14422>	37	815	804		Stone	189		2610	4	4	2	1305	4		1	99999
309015	<i18n=15654>	37	825	805		Stone	178		3900	4	5	2	1950	5		1	99999
309016	<i18n=7128>	37	835	806		Stone	167		5850	4	6	2	2925	6		1	99999
309017	<i18n=888>	37	825	804		Stone	178		4170	5	5	2	2085	5		1	99999
309018	<i18n=16224>	37	835	805		Stone	167		6240	5	6	2	3120	6		1	99999
309019	<i18n=2365>	37	845	806		Stone	156		9360	5	7	2	4680	7		1	99999
309020	<i18n=36556>	37	835	835		Stone	167		6600	6	6	2	3300	6		1	99999
309021	<i18n=36579>	37	845	845		Stone	156		8700	6	7	2	4350	7		1	99999
309022	<i18n=36432>	37	865	865		Stone	145		10560	6	8	2	5280	7		1	99999
309023	<i18n=36353>	37	845	845		Stone	156		8940	7	7	2	4470	7		1	99999
309024	<i18n=36510>	37	865	865		Stone	145		11040	7	8	2	5520	7		1	99999
309025	<i18n=36276>	37	875	875		Stone	134		12840	7	9	2	6420	7		1	99999
309111	<i18n=416>	37	801	804		Stone	196		1620	3	3	2	810	3		1	99999
309112	<i18n=7704>	37	811	805		Stone	185		2400	3	4	2	1200	4		1	99999
309113	<i18n=10041>	37	821	806		Stone	174		3570	3	5	2	1785	5		1	99999
309114	<i18n=2332>	37	811	804		Stone	185		2610	4	4	2	1305	4		1	99999
309115	<i18n=1856>	37	821	805		Stone	174		3900	4	5	2	1950	5		1	99999
309116	<i18n=13252>	37	831	806		Stone	163		5850	4	6	2	2925	6		1	99999
309117	<i18n=3782>	37	821	804		Stone	174		4170	5	5	2	2085	5		1	99999
309118	<i18n=8722>	37	831	805		Stone	163		6240	5	6	2	3120	6		1	99999
309119	<i18n=7873>	37	841	806		Stone	152		9360	5	7	2	4680	7		1	99999
309120	<i18n=36371>	37	831	831		Stone	163		6600	6	6	2	3300	6		1	99999
309121	<i18n=36449>	37	841	841		Stone	152		8700	6	7	2	4350	7		1	99999
309122	<i18n=36282>	37	861	861		Stone	141		10560	6	8	2	5280	7		1	99999
309123	<i18n=36528>	37	841	841		Stone	152		8940	7	7	2	4470	7		1	99999
309124	<i18n=36261>	37	861	861		Stone	141		11040	7	8	2	5520	7		1	99999
309125	<i18n=36545>	37	871	871		Stone	130		12840	7	9	2	6420	7		1	99999
309211	<i18n=891>	37	802	804		Stone	196		1620	3	3	2	810	3		1	99999
309212	<i18n=9756>	37	812	805		Stone	185		2400	3	4	2	1200	4		1	99999
309213	<i18n=16048>	37	822	806		Stone	174		3570	3	5	2	1785	5		1	99999
309214	<i18n=6126>	37	812	804		Stone	185		2610	4	4	2	1305	4		1	99999
309215	<i18n=15521>	37	822	805		Stone	174		3900	4	5	2	1950	5		1	99999
309216	<i18n=4393>	37	832	806		Stone	163		5850	4	6	2	2925	6		1	99999
309217	<i18n=14994>	37	822	804		Stone	174		4170	5	5	2	2085	5		1	99999
309218	<i18n=14686>	37	832	805		Stone	163		6240	5	6	2	3120	6		1	99999
309219	<i18n=3744>	37	842	806		Stone	152		9360	5	7	2	4680	7		1	99999
309220	<i18n=36508>	37	832	832		Stone	163		6600	6	6	2	3300	6		1	99999
309221	<i18n=36243>	37	842	842		Stone	152		8700	6	7	2	4350	7		1	99999
309222	<i18n=36335>	37	862	862		Stone	141		10560	6	8	2	5280	7		1	99999
309223	<i18n=36570>	37	842	842		Stone	152		8940	7	7	2	4470	7		1	99999
309224	<i18n=36348>	37	862	862		Stone	141		11040	7	8	2	5520	7		1	99999
309225	<i18n=36574>	37	872	872		Stone	130		12840	7	9	2	6420	7		1	99999
309311	<i18n=13921>	37	803	804		Stone	196		1620	3	3	2	810	3		1	99999
309312	<i18n=10254>	37	813	805		Stone	185		2400	3	4	2	1200	4		1	99999
309313	<i18n=14959>	37	823	806		Stone	174		3570	3	5	2	1785	5		1	99999
309314	<i18n=16216>	37	813	804		Stone	185		2610	4	4	2	1305	4		1	99999
309315	<i18n=6765>	37	823	805		Stone	174		3900	4	5	2	1950	5		1	99999
309316	<i18n=5911>	37	833	806		Stone	163		5850	4	6	2	2925	6		1	99999
309317	<i18n=14417>	37	823	804		Stone	174		4170	5	5	2	2085	5		1	99999
309318	<i18n=10722>	37	833	805		Stone	163		6240	5	6	2	3120	6		1	99999
309319	<i18n=7655>	37	843	806		Stone	152		9360	5	7	2	4680	7		1	99999
309320	<i18n=36425>	37	833	833		Stone	163		6600	6	6	2	3300	6		1	99999
309321	<i18n=36470>	37	843	843		Stone	152		8700	6	7	2	4350	7		1	99999
309322	<i18n=36415>	37	863	863		Stone	141		10560	6	8	2	5280	7		1	99999
309323	<i18n=36433>	37	843	843		Stone	152		8940	7	7	2	4470	7		1	99999
309324	<i18n=36437>	37	863	863		Stone	141		11040	7	8	2	5520	7		1	99999
309325	<i18n=36549>	37	873	873		Stone	130		12840	7	9	2	6420	7		1	99999
309411	<i18n=9939>	37	804	804		Stone	196		1620	3	3	2	810	3		1	99999
309412	<i18n=3608>	37	814	805		Stone	185		2400	3	4	2	1200	4		1	99999
309413	<i18n=3338>	37	824	806		Stone	174		3570	3	5	2	1785	5		1	99999
309414	<i18n=2303>	37	814	804		Stone	185		2610	4	4	2	1305	4		1	99999
309415	<i18n=14682>	37	824	805		Stone	174		3900	4	5	2	1950	5		1	99999
309416	<i18n=7638>	37	834	806		Stone	163		5850	4	6	2	2925	6		1	99999
309417	<i18n=15834>	37	824	804		Stone	174		4170	5	5	2	2085	5		1	99999
309418	<i18n=1103>	37	834	805		Stone	163		6240	5	6	2	3120	6		1	99999
309419	<i18n=6088>	37	844	806		Stone	152		9360	5	7	2	4680	7		1	99999
309420	<i18n=36272>	37	834	834		Stone	163		6600	6	6	2	3300	6		1	99999
309421	<i18n=36325>	37	844	844		Stone	152		8700	6	7	2	4350	7		1	99999
309422	<i18n=36455>	37	864	864		Stone	141		10560	6	8	2	5280	7		1	99999
309423	<i18n=36345>	37	844	844		Stone	152		8940	7	7	2	4470	7		1	99999
309424	<i18n=36483>	37	864	864		Stone	141		11040	7	8	2	5520	7		1	99999
309425	<i18n=36332>	37	874	874		Stone	130		12840	7	9	2	6420	7		1	99999
309511	<i18n=16381>	37	805	804		Stone	196		1620	3	3	2	810	3		1	99999
309512	<i18n=5434>	37	815	805		Stone	185		2400	3	4	2	1200	4		1	99999
309513	<i18n=12425>	37	825	806		Stone	174		3570	3	5	2	1785	5		1	99999
309514	<i18n=10563>	37	815	804		Stone	185		2610	4	4	2	1305	4		1	99999
309515	<i18n=277>	37	825	805		Stone	174		3900	4	5	2	1950	5		1	99999
309516	<i18n=6298>	37	835	806		Stone	163		5850	4	6	2	2925	6		1	99999
309517	<i18n=5713>	37	825	804		Stone	174		4170	5	5	2	2085	5		1	99999
309518	<i18n=1705>	37	835	805		Stone	163		6240	5	6	2	3120	6		1	99999
309519	<i18n=5942>	37	845	806		Stone	152		9360	5	7	2	4680	7		1	99999
309520	<i18n=36416>	37	835	835		Stone	163		6600	6	6	2	3300	6		1	99999
309521	<i18n=36459>	37	845	845		Stone	152		8700	6	7	2	4350	7		1	99999
309522	<i18n=36498>	37	865	865		Stone	141		10560	6	8	2	5280	7		1	99999
309523	<i18n=36509>	37	845	845		Stone	152		8940	7	7	2	4470	7		1	99999
309524	<i18n=36244>	37	865	865		Stone	141		11040	7	8	2	5520	7		1	99999
309525	<i18n=36377>	37	875	875		Stone	130		12840	7	9	2	6420	7		1	99999
309611	<i18n=3826>	37	801	804		Stone	198		1620	3	3	2	810	3		1	99999
309612	<i18n=12472>	37	811	805		Stone	187		2400	3	4	2	1200	4		1	99999
309613	<i18n=2598>	37	821	806		Stone	176		3570	3	5	2	1785	5		1	99999
309614	<i18n=1811>	37	811	804		Stone	187		2610	4	4	2	1305	4		1	99999
309615	<i18n=9401>	37	821	805		Stone	176		3900	4	5	2	1950	5		1	99999
309616	<i18n=11504>	37	831	806		Stone	165		5850	4	6	2	2925	6		1	99999
309617	<i18n=4769>	37	821	804		Stone	176		4170	5	5	2	2085	5		1	99999
309618	<i18n=5216>	37	831	805		Stone	165		6240	5	6	2	3120	6		1	99999
309619	<i18n=4157>	37	841	806		Stone	154		9360	5	7	2	4680	7		1	99999
309620	<i18n=36445>	37	831	831		Stone	165		6600	6	6	2	3300	6		1	99999
309621	<i18n=36453>	37	841	841		Stone	154		8700	6	7	2	4350	7		1	99999
309622	<i18n=36458>	37	861	861		Stone	143		10560	6	8	2	5280	7		1	99999
309623	<i18n=36232>	37	841	841		Stone	154		8940	7	7	2	4470	7		1	99999
309624	<i18n=36321>	37	861	861		Stone	143		11040	7	8	2	5520	7		1	99999
309625	<i18n=36281>	37	871	871		Stone	132		12840	7	9	2	6420	7		1	99999
309711	<i18n=3686>	37	802	804		Stone	198		1620	3	3	2	810	3		1	99999
309712	<i18n=10105>	37	812	805		Stone	187		2400	3	4	2	1200	4		1	99999
309713	<i18n=13339>	37	822	806		Stone	176		3570	3	5	2	1785	5		1	99999
309714	<i18n=10861>	37	812	804		Stone	187		2610	4	4	2	1305	4		1	99999
309715	<i18n=2234>	37	822	805		Stone	176		3900	4	5	2	1950	5		1	99999
309716	<i18n=6582>	37	832	806		Stone	165		5850	4	6	2	2925	6		1	99999
309717	<i18n=4130>	37	822	804		Stone	176		4170	5	5	2	2085	5		1	99999
309718	<i18n=14970>	37	832	805		Stone	165		6240	5	6	2	3120	6		1	99999
309719	<i18n=12488>	37	842	806		Stone	154		9360	5	7	2	4680	7		1	99999
309720	<i18n=36489>	37	832	832		Stone	165		6600	6	6	2	3300	6		1	99999
309721	<i18n=36497>	37	842	842		Stone	154		8700	6	7	2	4350	7		1	99999
309722	<i18n=36308>	37	862	862		Stone	143		10560	6	8	2	5280	7		1	99999
309723	<i18n=36434>	37	842	842		Stone	154		8940	7	7	2	4470	7		1	99999
309724	<i18n=36391>	37	862	862		Stone	143		11040	7	8	2	5520	7		1	99999
309725	<i18n=36340>	37	872	872		Stone	132		12840	7	9	2	6420	7		1	99999
309811	<i18n=6635>	37	803	804		Stone	198		1620	3	3	2	810	3		1	99999
309812	<i18n=595>	37	813	805		Stone	187		2400	3	4	2	1200	4		1	99999
309813	<i18n=1498>	37	823	806		Stone	176		3570	3	5	2	1785	5		1	99999
309814	<i18n=8563>	37	813	804		Stone	187		2610	4	4	2	1305	4		1	99999
309815	<i18n=13004>	37	823	805		Stone	176		3900	4	5	2	1950	5		1	99999
309816	<i18n=15111>	37	833	806		Stone	165		5850	4	6	2	2925	6		1	99999
309817	<i18n=9187>	37	823	804		Stone	176		4170	5	5	2	2085	5		1	99999
309818	<i18n=8785>	37	833	805		Stone	165		6240	5	6	2	3120	6		1	99999
309819	<i18n=6928>	37	843	806		Stone	154		9360	5	7	2	4680	7		1	99999
309820	<i18n=36567>	37	833	833		Stone	165		6600	6	6	2	3300	6		1	99999
309821	<i18n=36312>	37	843	843		Stone	154		8700	6	7	2	4350	7		1	99999
309822	<i18n=36409>	37	863	863		Stone	143		10560	6	8	2	5280	7		1	99999
309823	<i18n=36405>	37	843	843		Stone	154		8940	7	7	2	4470	7		1	99999
309824	<i18n=36309>	37	863	863		Stone	143		11040	7	8	2	5520	7		1	99999
309825	<i18n=36387>	37	873	873		Stone	132		12840	7	9	2	6420	7		1	99999
309911	<i18n=8514>	37	804	804		Stone	198		1620	3	3	2	810	3		1	99999
309912	<i18n=11494>	37	814	805		Stone	187		2400	3	4	2	1200	4		1	99999
309913	<i18n=8081>	37	824	806		Stone	176		3570	3	5	2	1785	5		1	99999
309914	<i18n=204>	37	814	804		Stone	187		2610	4	4	2	1305	4		1	99999
309915	<i18n=6594>	37	824	805		Stone	176		3900	4	5	2	1950	5		1	99999
309916	<i18n=6727>	37	834	806		Stone	165		5850	4	6	2	2925	6		1	99999
309917	<i18n=12219>	37	824	804		Stone	176		4170	5	5	2	2085	5		1	99999
309918	<i18n=1392>	37	834	805		Stone	165		6240	5	6	2	3120	6		1	99999
309919	<i18n=14113>	37	844	806		Stone	154		9360	5	7	2	4680	7		1	99999
309920	<i18n=36448>	37	834	834		Stone	165		6600	6	6	2	3300	6		1	99999
309921	<i18n=36354>	37	844	844		Stone	154		8700	6	7	2	4350	7		1	99999
309922	<i18n=36506>	37	864	864		Stone	143		10560	6	8	2	5280	7		1	99999
309923	<i18n=36523>	37	844	844		Stone	154		8940	7	7	2	4470	7		1	99999
309924	<i18n=36236>	37	864	864		Stone	143		11040	7	8	2	5520	7		1	99999
309925	<i18n=36384>	37	874	874		Stone	132		12840	7	9	2	6420	7		1	99999
310011	<i18n=13925>	37	805	804		Stone	198		1620	3	3	2	810	3		1	99999
310012	<i18n=11766>	37	815	805		Stone	187		2400	3	4	2	1200	4		1	99999
310013	<i18n=2878>	37	825	806		Stone	176		3570	3	5	2	1785	5		1	99999
310014	<i18n=14690>	37	815	804		Stone	187		2610	4	4	2	1305	4		1	99999
310015	<i18n=15574>	37	825	805		Stone	176		3900	4	5	2	1950	5		1	99999
310016	<i18n=5999>	37	835	806		Stone	165		5850	4	6	2	2925	6		1	99999
310017	<i18n=8162>	37	825	804		Stone	176		4170	5	5	2	2085	5		1	99999
310018	<i18n=13278>	37	835	805		Stone	165		6240	5	6	2	3120	6		1	99999
310019	<i18n=11187>	37	845	806		Stone	154		9360	5	7	2	4680	7		1	99999
310020	<i18n=36403>	37	835	835		Stone	165		6600	6	6	2	3300	6		1	99999
310021	<i18n=36568>	37	845	845		Stone	154		8700	6	7	2	4350	7		1	99999
310022	<i18n=36301>	37	865	865		Stone	143		10560	6	8	2	5280	7		1	99999
310023	<i18n=36275>	37	845	845		Stone	154		8940	7	7	2	4470	7		1	99999
310024	<i18n=36280>	37	865	865		Stone	143		11040	7	8	2	5520	7		1	99999
310025	<i18n=36286>	37	875	875		Stone	132		12840	7	9	2	6420	7		1	99999
310111	<i18n=7347>	37	801	804		Stone	202		1620	3	3	2	810	3		1	99999
310112	<i18n=3827>	37	811	805		Stone	191		2400	3	4	2	1200	4		1	99999
310113	<i18n=2140>	37	821	806		Stone	180		3570	3	5	2	1785	5		1	99999
310114	<i18n=8851>	37	811	804		Stone	191		2610	4	4	2	1305	4		1	99999
310115	<i18n=8506>	37	821	805		Stone	180		3900	4	5	2	1950	5		1	99999
310116	<i18n=12752>	37	831	806		Stone	169		5850	4	6	2	2925	6		1	99999
310117	<i18n=3413>	37	821	804		Stone	180		4170	5	5	2	2085	5		1	99999
310118	<i18n=7991>	37	831	805		Stone	169		6240	5	6	2	3120	6		1	99999
310119	<i18n=1456>	37	841	806		Stone	158		9360	5	7	2	4680	7		1	99999
310120	<i18n=36330>	37	831	831		Stone	169		6600	6	6	2	3300	6		1	99999
310121	<i18n=36451>	37	841	841		Stone	158		8700	6	7	2	4350	7		1	99999
310122	<i18n=36487>	37	861	861		Stone	147		10560	6	8	2	5280	7		1	99999
310123	<i18n=36342>	37	841	841		Stone	158		8940	7	7	2	4470	7		1	99999
310124	<i18n=36535>	37	861	861		Stone	147		11040	7	8	2	5520	7		1	99999
310125	<i18n=36297>	37	871	871		Stone	136		12840	7	9	2	6420	7		1	99999
310211	<i18n=7887>	37	802	804		Stone	202		1620	3	3	2	810	3		1	99999
310212	<i18n=15965>	37	812	805		Stone	191		2400	3	4	2	1200	4		1	99999
310213	<i18n=2701>	37	822	806		Stone	180		3570	3	5	2	1785	5		1	99999
310214	<i18n=5270>	37	812	804		Stone	191		2610	4	4	2	1305	4		1	99999
310215	<i18n=10499>	37	822	805		Stone	180		3900	4	5	2	1950	5		1	99999
310216	<i18n=16144>	37	832	806		Stone	169		5850	4	6	2	2925	6		1	99999
310217	<i18n=15423>	37	822	804		Stone	180		4170	5	5	2	2085	5		1	99999
310218	<i18n=1323>	37	832	805		Stone	169		6240	5	6	2	3120	6		1	99999
310219	<i18n=13892>	37	842	806		Stone	158		9360	5	7	2	4680	7		1	99999
310220	<i18n=36562>	37	832	832		Stone	169		6600	6	6	2	3300	6		1	99999
310221	<i18n=36259>	37	842	842		Stone	158		8700	6	7	2	4350	7		1	99999
310222	<i18n=36532>	37	862	862		Stone	147		10560	6	8	2	5280	7		1	99999
310223	<i18n=36256>	37	842	842		Stone	158		8940	7	7	2	4470	7		1	99999
310224	<i18n=36560>	37	862	862		Stone	147		11040	7	8	2	5520	7		1	99999
310225	<i18n=36544>	37	872	872		Stone	136		12840	7	9	2	6420	7		1	99999
310311	<i18n=8840>	37	803	804		Stone	202		1620	3	3	2	810	3		1	99999
310312	<i18n=3856>	37	813	805		Stone	191		2400	3	4	2	1200	4		1	99999
310313	<i18n=2290>	37	823	806		Stone	180		3570	3	5	2	1785	5		1	99999
310314	<i18n=1572>	37	813	804		Stone	191		2610	4	4	2	1305	4		1	99999
310315	<i18n=10427>	37	823	805		Stone	180		3900	4	5	2	1950	5		1	99999
310316	<i18n=9380>	37	833	806		Stone	169		5850	4	6	2	2925	6		1	99999
310317	<i18n=3732>	37	823	804		Stone	180		4170	5	5	2	2085	5		1	99999
310318	<i18n=2321>	37	833	805		Stone	169		6240	5	6	2	3120	6		1	99999
310319	<i18n=12290>	37	843	806		Stone	158		9360	5	7	2	4680	7		1	99999
310320	<i18n=43785>	37	833	833		Stone	169		6600	6	6	2	3300	6		1	99999
310321	<i18n=43792>	37	843	843		Stone	158		8700	6	7	2	4350	7		1	99999
310322	<i18n=43797>	37	863	863		Stone	147		10560	6	8	2	5280	7		1	99999
310323	<i18n=43787>	37	843	843		Stone	158		8940	7	7	2	4470	7		1	99999
310324	<i18n=43799>	37	863	863		Stone	147		11040	7	8	2	5520	7		1	99999
310325	<i18n=43779>	37	873	873		Stone	136		12840	7	9	2	6420	7		1	99999
310411	<i18n=6070>	37	804	804		Stone	202		1620	3	3	2	810	3		1	99999
310412	<i18n=12274>	37	814	805		Stone	191		2400	3	4	2	1200	4		1	99999
310413	<i18n=12995>	37	824	806		Stone	180		3570	3	5	2	1785	5		1	99999
310414	<i18n=14951>	37	814	804		Stone	191		2610	4	4	2	1305	4		1	99999
310415	<i18n=5652>	37	824	805		Stone	180		3900	4	5	2	1950	5		1	99999
310416	<i18n=8010>	37	834	806		Stone	169		5850	4	6	2	2925	6		1	99999
310417	<i18n=6608>	37	824	804		Stone	180		4170	5	5	2	2085	5		1	99999
310418	<i18n=3120>	37	834	805		Stone	169		6240	5	6	2	3120	6		1	99999
310419	<i18n=5177>	37	844	806		Stone	158		9360	5	7	2	4680	7		1	99999
310420	<i18n=36474>	37	834	834		Stone	169		6600	6	6	2	3300	6		1	99999
310421	<i18n=36476>	37	844	844		Stone	158		8700	6	7	2	4350	7		1	99999
310422	<i18n=36452>	37	864	864		Stone	147		10560	6	8	2	5280	7		1	99999
310423	<i18n=36401>	37	844	844		Stone	158		8940	7	7	2	4470	7		1	99999
310424	<i18n=36541>	37	864	864		Stone	147		11040	7	8	2	5520	7		1	99999
310425	<i18n=36220>	37	874	874		Stone	136		12840	7	9	2	6420	7		1	99999
310511	<i18n=16336>	37	805	804		Stone	202		1620	3	3	2	810	3		1	99999
310512	<i18n=865>	37	815	805		Stone	191		2400	3	4	2	1200	4		1	99999
310513	<i18n=14437>	37	825	806		Stone	180		3570	3	5	2	1785	5		1	99999
310514	<i18n=3438>	37	815	804		Stone	191		2610	4	4	2	1305	4		1	99999
310515	<i18n=12807>	37	825	805		Stone	180		3900	4	5	2	1950	5		1	99999
310516	<i18n=8129>	37	835	806		Stone	169		5850	4	6	2	2925	6		1	99999
310517	<i18n=5474>	37	825	804		Stone	180		4170	5	5	2	2085	5		1	99999
310518	<i18n=11500>	37	835	805		Stone	169		6240	5	6	2	3120	6		1	99999
310519	<i18n=1279>	37	845	806		Stone	158		9360	5	7	2	4680	7		1	99999
310520	<i18n=36254>	37	835	835		Stone	169		6600	6	6	2	3300	6		1	99999
310521	<i18n=36533>	37	845	845		Stone	158		8700	6	7	2	4350	7		1	99999
310522	<i18n=36376>	37	865	865		Stone	147		10560	6	8	2	5280	7		1	99999
310523	<i18n=36553>	37	845	845		Stone	158		8940	7	7	2	4470	7		1	99999
310524	<i18n=36396>	37	865	865		Stone	147		11040	7	8	2	5520	7		1	99999
310525	<i18n=36435>	37	875	875		Stone	136		12840	7	9	2	6420	7		1	99999
310611	<i18n=31862>	37	851	851		Stone	216		440	1	1	2	220	1		1	99999											
310612	<i18n=31875>	37	851	851		Stone	205		660	1	2	2	330	2		1	99999											
310613	<i18n=31868>	37	851	851		Stone	194		960	1	3	2	480	3		1	99999											
310614	<i18n=31884>	37	851	851		Stone	205		700	2	2	2	350	2		1	99999
310615	<i18n=31891>	37	852	852		Stone	194		1040	2	3	2	520	3		1	99999
310616	<i18n=31887>	37	853	853		Stone	183		1560	2	4	2	780	4		1	99999
310617	<i18n=31859>	37	852	852		Stone	194		1080	3	3	2	540	3		1	99999
310618	<i18n=31865>	37	853	853		Stone	183		1600	3	4	2	800	4		1	99999
310619	<i18n=31857>	37	854	854		Stone	172		2380	3	5	2	1190	5		1	99999
310620	<i18n=31879>	37	853	853		Stone	183		1740	4	4	2	870	4		1	99999
310621	<i18n=31864>	37	854	854		Stone	172		2600	4	5	2	1300	5		1	99999
310622	<i18n=31895>	37	855	855		Stone	161		3900	4	6	2	1950	6		1	99999
310623	<i18n=31881>	37	854	854		Stone	172		2780	5	5	2	1390	5		1	99999
310624	<i18n=31892>	37	855	855		Stone	161		4160	5	6	2	2080	6		1	99999
310625	<i18n=31888>	37	856	856		Stone	150		6240	5	7	2	3120	7		1	99999
310626	<i18n=35526>	37	855	855		Stone	161		4400	6	6	2	2200	6		1	99999
310627	<i18n=35430>	37	856	856		Stone	150		5800	6	7	2	2900	7		1	99999
310628	<i18n=35316>	37	857	857		Stone	139		7040	6	8	2	3520	7		1	99999
310629	<i18n=35358>	37	856	856		Stone	150		5960	7	7	2	2980	7		1	99999
310630	<i18n=35391>	37	857	857		Stone	139		7360	7	8	2	3680	7		1	99999
310631	<i18n=35162>	37	858	858		Stone	128		8560	7	9	2	4280	7		1	99999
310717	<i18n=42716>	37	806	807		Stone	199		1620	3	3	2	810	3		1	99999
310718	<i18n=42728>	37	816	808		Stone	188		2440	3	4	2	1200	4		1	99999
310719	<i18n=42708>	37	826	809		Stone	177		3640	3	5	2	1785	5		1	99999
310720	<i18n=42740>	37	816	807		Stone	188		2600	4	4	2	1305	4		1	99999
310721	<i18n=42752>	37	826	808		Stone	177		3900	4	5	2	1950	5		1	99999
310722	<i18n=42710>	37	836	809		Stone	166		5860	4	6	2	2925	6		1	99999
310723	<i18n=42775>	37	826	807		Stone	177		4160	5	5	2	2085	5		1	99999
310724	<i18n=42695>	37	836	808		Stone	166		6240	5	6	2	3120	6		1	99999
310725	<i18n=42706>	37	846	809		Stone	155		9360	5	7	2	4680	7		1	99999
310726	<i18n=42702>	37	836	836		Stone	166		4160	6	6	2	3300	6		1	99999
310727	<i18n=42698>	37	846	846		Stone	155		6240	6	7	2	4350	7		1	99999
310728	<i18n=42781>	37	866	866		Stone	144		9360	6	8	2	5280	7		1	99999
310729	<i18n=42755>	37	846	846		Stone	155		4160	7	7	2	4470	7		1	99999
310730	<i18n=42762>	37	866	866		Stone	144		6240	7	8	2	5520	7		1	99999
310731	<i18n=42721>	37	876	876		Stone	133		9360	7	9	2	6420	7		1	99999
310817	<i18n=42773>	37	806	807		Stone	199		1620	3	3	2	810	3		1	99999
310818	<i18n=42715>	37	816	808		Stone	188		2440	3	4	2	1200	4		1	99999
310819	<i18n=42750>	37	826	809		Stone	177		3640	3	5	2	1785	5		1	99999
310820	<i18n=42769>	37	816	807		Stone	188		2600	4	4	2	1305	4		1	99999
310821	<i18n=42738>	37	826	808		Stone	177		3900	4	5	2	1950	5		1	99999
310822	<i18n=42736>	37	836	809		Stone	166		5860	4	6	2	2925	6		1	99999
310823	<i18n=42697>	37	826	807		Stone	177		4160	5	5	2	2085	5		1	99999
310824	<i18n=42747>	37	836	808		Stone	166		6240	5	6	2	3120	6		1	99999
310825	<i18n=42700>	37	846	809		Stone	155		9360	5	7	2	4680	7		1	99999
310826	<i18n=42714>	37	836	836		Stone	166		4160	6	6	2	3300	6		1	99999
310827	<i18n=42737>	37	846	846		Stone	155		6240	6	7	2	4350	7		1	99999
310828	<i18n=42733>	37	866	866		Stone	144		9360	6	8	2	5280	7		1	99999
310829	<i18n=42730>	37	846	846		Stone	155		4160	7	7	2	4470	7		1	99999
310830	<i18n=42741>	37	866	866		Stone	144		6240	7	8	2	5520	7		1	99999
310831	<i18n=42760>	37	876	876		Stone	133		9360	7	9	2	6420	7		1	99999
301032	<i18n=63024>	37	677	677		Stone	226		7560	7	8	2	3780	7		1	99999											
301033	<i18n=62776>	37	687	687		Stone	215		8980	7	9	2	4490	7		1	99999											
301034	<i18n=63503>	37	2207	2207		Stone	204		10120	7	10	2	5060	7		1	99999											
301035	<i18n=63193>	37	687	687		Stone	215		9160	7	9	2	4580	7		1	99999
301036	<i18n=63410>	37	2207	2207		Stone	204		10560	7	10	2	5280	7		1	99999
301037	<i18n=63354>	37	2217	2217		Stone	193		11660	7	11	2	5830	7		1	99999
301038	<i18n=63392>	37	2207	2207		Stone	204		10740	7	10	2	5370	7		1	99999
301039	<i18n=62984>	37	2217	2217		Stone	193		12140	7	11	2	6070	7		1	99999
301040	<i18n=62872>	37	2227	2227		Stone	182		13200	7	12	2	6600	7		1	99999
301132	<i18n=63303>	37	671	671		Stone	216		7560	7	8	2	3780	7		1	99999											
301133	<i18n=63646>	37	681	681		Stone	205		8980	7	9	2	4490	7		1	99999											
301134	<i18n=63196>	37	2201	2201		Stone	194		10120	7	10	2	5060	7		1	99999											
301135	<i18n=62820>	37	681	681		Stone	205		9160	7	9	2	4580	7		1	99999
301136	<i18n=63566>	37	2201	2201		Stone	194		10560	7	10	2	5280	7		1	99999
301137	<i18n=63406>	37	2211	2211		Stone	183		11660	7	11	2	5830	7		1	99999
301138	<i18n=63330>	37	2201	2201		Stone	194		10740	7	10	2	5370	7		1	99999
301139	<i18n=62927>	37	2211	2211		Stone	183		12140	7	11	2	6070	7		1	99999
301140	<i18n=63166>	37	2221	2221		Stone	172		13200	7	12	2	6600	7		1	99999
301232	<i18n=63381>	37	678	678		Stone	226		7560	7	8	2	3780	7		1	99999											
301233	<i18n=62908>	37	688	688		Stone	215		8980	7	9	2	4490	7		1	99999											
301234	<i18n=62873>	37	2208	2208		Stone	204		10120	7	10	2	5060	7		1	99999											
301235	<i18n=63758>	37	688	688		Stone	215		9160	7	9	2	4580	7		1	99999
301236	<i18n=62991>	37	2208	2208		Stone	204		10560	7	10	2	5280	7		1	99999
301237	<i18n=63142>	37	2218	2218		Stone	193		11660	7	11	2	5830	7		1	99999
301238	<i18n=63248>	37	2208	2208		Stone	204		10740	7	10	2	5370	7		1	99999
301239	<i18n=63277>	37	2218	2218		Stone	193		12140	7	11	2	6070	7		1	99999
301240	<i18n=63014>	37	2228	2228		Stone	182		13200	7	12	2	6600	7		1	99999
301332	<i18n=63654>	37	671	671		Stone	221		7560	7	8	2	3780	7		1	99999											
301333	<i18n=63678>	37	681	681		Stone	210		8980	7	9	2	4490	7		1	99999											
301334	<i18n=62822>	37	2201	2201		Stone	199		10120	7	10	2	5060	7		1	99999											
301335	<i18n=63347>	37	681	681		Stone	210		9160	7	9	2	4580	7		1	99999
301336	<i18n=63663>	37	2201	2201		Stone	199		10560	7	10	2	5280	7		1	99999
301337	<i18n=62987>	37	2211	2211		Stone	188		11660	7	11	2	5830	7		1	99999
301338	<i18n=63170>	37	2201	2201		Stone	199		10740	7	10	2	5370	7		1	99999
301339	<i18n=62848>	37	2211	2211		Stone	188		12140	7	11	2	6070	7		1	99999
301340	<i18n=63691>	37	2221	2221		Stone	177		13200	7	12	2	6600	7		1	99999
301432	<i18n=63399>	37	672	672		Stone	216		7560	7	8	2	3780	7		1	99999											
301433	<i18n=63254>	37	682	682		Stone	205		8980	7	9	2	4490	7		1	99999											
301434	<i18n=63759>	37	2202	2202		Stone	194		10120	7	10	2	5060	7		1	99999											
301435	<i18n=63427>	37	682	682		Stone	205		9160	7	9	2	4580	7		1	99999
301436	<i18n=62922>	37	2202	2202		Stone	194		10560	7	10	2	5280	7		1	99999
301437	<i18n=62775>	37	2212	2212		Stone	183		11660	7	11	2	5830	7		1	99999
301438	<i18n=63387>	37	2202	2202		Stone	194		10740	7	10	2	5370	7		1	99999
301439	<i18n=63627>	37	2212	2212		Stone	183		12140	7	11	2	6070	7		1	99999
301440	<i18n=63023>	37	2222	2222		Stone	172		13200	7	12	2	6600	7		1	99999
301532	<i18n=63713>	37	672	672		Stone	221		7560	7	8	2	3780	7		1	99999											
301533	<i18n=63284>	37	682	682		Stone	210		8980	7	9	2	4490	7		1	99999											
301534	<i18n=62867>	37	2202	2202		Stone	199		10120	7	10	2	5060	7		1	99999											
301535	<i18n=62906>	37	682	682		Stone	210		9160	7	9	2	4580	7		1	99999
301536	<i18n=63178>	37	2202	2202		Stone	199		10560	7	10	2	5280	7		1	99999
301537	<i18n=63733>	37	2212	2212		Stone	188		11660	7	11	2	5830	7		1	99999
301538	<i18n=63514>	37	2202	2202		Stone	199		10740	7	10	2	5370	7		1	99999
301539	<i18n=63115>	37	2212	2212		Stone	188		12140	7	11	2	6070	7		1	99999
301540	<i18n=63278>	37	2222	2222		Stone	177		13200	7	12	2	6600	7		1	99999
301632	<i18n=63656>	37	677	677		Stone	226		7560	7	8	2	3780	7		1	99999											
301633	<i18n=62977>	37	687	687		Stone	215		8980	7	9	2	4490	7		1	99999											
301634	<i18n=63771>	37	2207	2207		Stone	204		10120	7	10	2	5060	7		1	99999											
301635	<i18n=62826>	37	687	687		Stone	215		9160	7	9	2	4580	7		1	99999
301636	<i18n=63106>	37	2207	2207		Stone	204		10560	7	10	2	5280	7		1	99999
301637	<i18n=63485>	37	2217	2217		Stone	193		11660	7	11	2	5830	7		1	99999
301638	<i18n=63081>	37	2207	2207		Stone	204		10740	7	10	2	5370	7		1	99999
301639	<i18n=62939>	37	2217	2217		Stone	193		12140	7	11	2	6070	7		1	99999
301640	<i18n=62989>	37	2227	2227		Stone	182		13200	7	12	2	6600	7		1	99999
301732	<i18n=62968>	37	678	678		Stone	226		7560	7	8	2	3780	7		1	99999											
301733	<i18n=63686>	37	688	688		Stone	215		8980	7	9	2	4490	7		1	99999											
301734	<i18n=63534>	37	2208	2208		Stone	204		10120	7	10	2	5060	7		1	99999											
301735	<i18n=63215>	37	688	688		Stone	215		9160	7	9	2	4580	7		1	99999
301736	<i18n=62900>	37	2208	2208		Stone	204		10560	7	10	2	5280	7		1	99999
301737	<i18n=63288>	37	2218	2218		Stone	193		11660	7	11	2	5830	7		1	99999
301738	<i18n=63628>	37	2208	2208		Stone	204		10740	7	10	2	5370	7		1	99999
301739	<i18n=63538>	37	2218	2218		Stone	193		12140	7	11	2	6070	7		1	99999
301740	<i18n=63465>	37	2228	2228		Stone	182		13200	7	12	2	6600	7		1	99999
301832	<i18n=63048>	37	679	679		Stone	226		7560	7	8	2	3780	7		1	99999											
301833	<i18n=63252>	37	689	689		Stone	215		8980	7	9	2	4490	7		1	99999											
301834	<i18n=63611>	37	2209	2209		Stone	204		10120	7	10	2	5060	7		1	99999											
301835	<i18n=63120>	37	689	689		Stone	215		9160	7	9	2	4580	7		1	99999
301836	<i18n=63379>	37	2209	2209		Stone	204		10560	7	10	2	5280	7		1	99999
301837	<i18n=63078>	37	2219	2219		Stone	193		11660	7	11	2	5830	7		1	99999
301838	<i18n=62903>	37	2209	2209		Stone	204		10740	7	10	2	5370	7		1	99999
301839	<i18n=63400>	37	2219	2219		Stone	193		12140	7	11	2	6070	7		1	99999
301840	<i18n=62982>	37	2229	2229		Stone	182		13200	7	12	2	6600	7		1	99999
301932	<i18n=63773>	37	680	680		Stone	226		7560	7	8	2	3780	7		1	99999											
301933	<i18n=63135>	37	690	690		Stone	215		8980	7	9	2	4490	7		1	99999											
301934	<i18n=63222>	37	2210	2210		Stone	204		10120	7	10	2	5060	7		1	99999											
301935	<i18n=62936>	37	690	690		Stone	215		9160	7	9	2	4580	7		1	99999
301936	<i18n=63750>	37	2210	2210		Stone	204		10560	7	10	2	5280	7		1	99999
301937	<i18n=63653>	37	2220	2220		Stone	193		11660	7	11	2	5830	7		1	99999
301938	<i18n=63517>	37	2210	2210		Stone	204		10740	7	10	2	5370	7		1	99999
301939	<i18n=63680>	37	2220	2220		Stone	193		12140	7	11	2	6070	7		1	99999
301940	<i18n=62923>	37	2230	2230		Stone	182		13200	7	12	2	6600	7		1	99999
302032	<i18n=63304>	37	671	671		Stone	217		7560	7	8	2	3780	7		1	99999											
302033	<i18n=63026>	37	681	681		Stone	206		8980	7	9	2	4490	7		1	99999											
302034	<i18n=63452>	37	2201	2201		Stone	195		10120	7	10	2	5060	7		1	99999											
302035	<i18n=63393>	37	681	681		Stone	206		9160	7	9	2	4580	7		1	99999
302036	<i18n=63279>	37	2201	2201		Stone	195		10560	7	10	2	5280	7		1	99999
302037	<i18n=63718>	37	2211	2211		Stone	184		11660	7	11	2	5830	7		1	99999
302038	<i18n=63563>	37	2201	2201		Stone	195		10740	7	10	2	5370	7		1	99999
302039	<i18n=63247>	37	2211	2211		Stone	184		12140	7	11	2	6070	7		1	99999
302040	<i18n=63450>	37	2221	2221		Stone	173		13200	7	12	2	6600	7		1	99999
302132	<i18n=63411>	37	671	671		Stone	223		7560	7	8	2	3780	7		1	99999											
302133	<i18n=63361>	37	681	681		Stone	212		8980	7	9	2	4490	7		1	99999											
302134	<i18n=63000>	37	2201	2201		Stone	201		10120	7	10	2	5060	7		1	99999											
302135	<i18n=63439>	37	681	681		Stone	212		9160	7	9	2	4580	7		1	99999
302136	<i18n=63377>	37	2201	2201		Stone	201		10560	7	10	2	5280	7		1	99999
302137	<i18n=63092>	37	2211	2211		Stone	190		11660	7	11	2	5830	7		1	99999
302138	<i18n=62843>	37	2201	2201		Stone	201		10740	7	10	2	5370	7		1	99999
302139	<i18n=63174>	37	2211	2211		Stone	190		12140	7	11	2	6070	7		1	99999
302140	<i18n=63249>	37	2221	2221		Stone	179		13200	7	12	2	6600	7		1	99999
302232	<i18n=63396>	37	671	671		Stone	222		7560	7	8	2	3780	7		1	99999											
302233	<i18n=63569>	37	681	681		Stone	211		8980	7	9	2	4490	7		1	99999											
302234	<i18n=62970>	37	2201	2201		Stone	200		10120	7	10	2	5060	7		1	99999											
302235	<i18n=63073>	37	681	681		Stone	211		9160	7	9	2	4580	7		1	99999
302236	<i18n=63540>	37	2201	2201		Stone	200		10560	7	10	2	5280	7		1	99999
302237	<i18n=63774>	37	2211	2211		Stone	189		11660	7	11	2	5830	7		1	99999
302238	<i18n=62950>	37	2201	2201		Stone	200		10740	7	10	2	5370	7		1	99999
302239	<i18n=63602>	37	2211	2211		Stone	189		12140	7	11	2	6070	7		1	99999
302240	<i18n=62756>	37	2221	2221		Stone	178		13200	7	12	2	6600	7		1	99999
302332	<i18n=62926>	37	671	671		Stone	218		7560	7	8	2	3780	7		1	99999											
302333	<i18n=63738>	37	681	681		Stone	207		8980	7	9	2	4490	7		1	99999											
302334	<i18n=63158>	37	2201	2201		Stone	196		10120	7	10	2	5060	7		1	99999											
302335	<i18n=63235>	37	681	681		Stone	207		9160	7	9	2	4580	7		1	99999
302336	<i18n=62911>	37	2201	2201		Stone	196		10560	7	10	2	5280	7		1	99999
302337	<i18n=63753>	37	2211	2211		Stone	185		11660	7	11	2	5830	7		1	99999
302338	<i18n=63703>	37	2201	2201		Stone	196		10740	7	10	2	5370	7		1	99999
302339	<i18n=63433>	37	2211	2211		Stone	185		12140	7	11	2	6070	7		1	99999
302340	<i18n=63353>	37	2221	2221		Stone	174		13200	7	12	2	6600	7		1	99999
302432	<i18n=62759>	37	673	673		Stone	216		7560	7	8	2	3780	7		1	99999											
302433	<i18n=63648>	37	683	683		Stone	205		8980	7	9	2	4490	7		1	99999											
302434	<i18n=62797>	37	2203	2203		Stone	194		10120	7	10	2	5060	7		1	99999											
302435	<i18n=63334>	37	683	683		Stone	205		9160	7	9	2	4580	7		1	99999
302436	<i18n=63650>	37	2203	2203		Stone	194		10560	7	10	2	5280	7		1	99999
302437	<i18n=63363>	37	2213	2213		Stone	183		11660	7	11	2	5830	7		1	99999
302438	<i18n=62774>	37	2203	2203		Stone	194		10740	7	10	2	5370	7		1	99999
302439	<i18n=62902>	37	2213	2213		Stone	183		12140	7	11	2	6070	7		1	99999
302440	<i18n=62949>	37	2223	2223		Stone	172		13200	7	12	2	6600	7		1	99999
302532	<i18n=63445>	37	671	671		Stone	217		7560	7	8	2	3780	7		1	99999											
302533	<i18n=63568>	37	681	681		Stone	206		8980	7	9	2	4490	7		1	99999											
302534	<i18n=62857>	37	2201	2201		Stone	195		10120	7	10	2	5060	7		1	99999											
302535	<i18n=63556>	37	681	681		Stone	206		9160	7	9	2	4580	7		1	99999
302536	<i18n=62819>	37	2201	2201		Stone	195		10560	7	10	2	5280	7		1	99999
302537	<i18n=63084>	37	2211	2211		Stone	184		11660	7	11	2	5830	7		1	99999
302538	<i18n=63005>	37	2201	2201		Stone	195		10740	7	10	2	5370	7		1	99999
302539	<i18n=63531>	37	2211	2211		Stone	184		12140	7	11	2	6070	7		1	99999
302540	<i18n=63175>	37	2221	2221		Stone	173		13200	7	12	2	6600	7		1	99999
302632	<i18n=63065>	37	672	672		Stone	223		7560	7	8	2	3780	7		1	99999											
302633	<i18n=63102>	37	682	682		Stone	212		8980	7	9	2	4490	7		1	99999											
302634	<i18n=62920>	37	2202	2202		Stone	201		10120	7	10	2	5060	7		1	99999											
302635	<i18n=63462>	37	682	682		Stone	212		9160	7	9	2	4580	7		1	99999
302636	<i18n=63476>	37	2202	2202		Stone	201		10560	7	10	2	5280	7		1	99999
302637	<i18n=62787>	37	2212	2212		Stone	190		11660	7	11	2	5830	7		1	99999
302638	<i18n=62953>	37	2202	2202		Stone	201		10740	7	10	2	5370	7		1	99999
302639	<i18n=63390>	37	2212	2212		Stone	190		12140	7	11	2	6070	7		1	99999
302640	<i18n=63260>	37	2222	2222		Stone	179		13200	7	12	2	6600	7		1	99999
302732	<i18n=63772>	37	671	671		Stone	219		7560	7	8	2	3780	7		1	99999											
302733	<i18n=62894>	37	681	681		Stone	208		8980	7	9	2	4490	7		1	99999											
302734	<i18n=62804>	37	2201	2201		Stone	197		10120	7	10	2	5060	7		1	99999											
302735	<i18n=63417>	37	681	681		Stone	208		9160	7	9	2	4580	7		1	99999
302736	<i18n=62858>	37	2201	2201		Stone	197		10560	7	10	2	5280	7		1	99999
302737	<i18n=63630>	37	2211	2211		Stone	186		11660	7	11	2	5830	7		1	99999
302738	<i18n=63481>	37	2201	2201		Stone	197		10740	7	10	2	5370	7		1	99999
302739	<i18n=63328>	37	2211	2211		Stone	186		12140	7	11	2	6070	7		1	99999
302740	<i18n=63557>	37	2221	2221		Stone	175		13200	7	12	2	6600	7		1	99999
302832	<i18n=62931>	37	672	672		Stone	225		7560	7	8	2	3780	7		1	99999											
302833	<i18n=63582>	37	682	682		Stone	214		8980	7	9	2	4490	7		1	99999											
302834	<i18n=62807>	37	2202	2202		Stone	203		10120	7	10	2	5060	7		1	99999											
302835	<i18n=63308>	37	682	682		Stone	214		9160	7	9	2	4580	7		1	99999
302836	<i18n=63615>	37	2202	2202		Stone	203		10560	7	10	2	5280	7		1	99999
302837	<i18n=63757>	37	2212	2212		Stone	192		11660	7	11	2	5830	7		1	99999
302838	<i18n=63567>	37	2202	2202		Stone	203		10740	7	10	2	5370	7		1	99999
302839	<i18n=63189>	37	2212	2212		Stone	192		12140	7	11	2	6070	7		1	99999
302840	<i18n=63525>	37	2222	2222		Stone	181		13200	7	12	2	6600	7		1	99999
302932	<i18n=63529>	37	673	673		Stone	221		7560	7	8	2	3780	7		1	99999											
302933	<i18n=63342>	37	683	683		Stone	210		8980	7	9	2	4490	7		1	99999											
302934	<i18n=62988>	37	2203	2203		Stone	199		10120	7	10	2	5060	7		1	99999											
302935	<i18n=63223>	37	683	683		Stone	210		9160	7	9	2	4580	7		1	99999
302936	<i18n=62799>	37	2203	2203		Stone	199		10560	7	10	2	5280	7		1	99999
302937	<i18n=62800>	37	2213	2213		Stone	188		11660	7	11	2	5830	7		1	99999
302938	<i18n=62810>	37	2203	2203		Stone	199		10740	7	10	2	5370	7		1	99999
302939	<i18n=63761>	37	2213	2213		Stone	188		12140	7	11	2	6070	7		1	99999
302940	<i18n=63766>	37	2223	2223		Stone	177		13200	7	12	2	6600	7		1	99999
303032	<i18n=63699>	37	672	672		Stone	222		7560	7	8	2	3780	7		1	99999											
303033	<i18n=63191>	37	682	682		Stone	211		8980	7	9	2	4490	7		1	99999											
303034	<i18n=62779>	37	2202	2202		Stone	200		10120	7	10	2	5060	7		1	99999											
303035	<i18n=63432>	37	682	682		Stone	211		9160	7	9	2	4580	7		1	99999
303036	<i18n=63542>	37	2202	2202		Stone	200		10560	7	10	2	5280	7		1	99999
303037	<i18n=63386>	37	2212	2212		Stone	189		11660	7	11	2	5830	7		1	99999
303038	<i18n=63579>	37	2202	2202		Stone	200		10740	7	10	2	5370	7		1	99999
303039	<i18n=62937>	37	2212	2212		Stone	189		12140	7	11	2	6070	7		1	99999
303040	<i18n=63003>	37	2222	2222		Stone	178		13200	7	12	2	6600	7		1	99999
303132	<i18n=63368>	37	672	672		Stone	218		7560	7	8	2	3780	7		1	99999											
303133	<i18n=63356>	37	682	682		Stone	207		8980	7	9	2	4490	7		1	99999											
303134	<i18n=63683>	37	2202	2202		Stone	196		10120	7	10	2	5060	7		1	99999											
303135	<i18n=63577>	37	682	682		Stone	207		9160	7	9	2	4580	7		1	99999
303136	<i18n=62928>	37	2202	2202		Stone	196		10560	7	10	2	5280	7		1	99999
303137	<i18n=63431>	37	2212	2212		Stone	185		11660	7	11	2	5830	7		1	99999
303138	<i18n=63165>	37	2202	2202		Stone	196		10740	7	10	2	5370	7		1	99999
303139	<i18n=63495>	37	2212	2212		Stone	185		12140	7	11	2	6070	7		1	99999
303140	<i18n=62792>	37	2222	2222		Stone	174		13200	7	12	2	6600	7		1	99999
303232	<i18n=63672>	37	671	671		Stone	220		7560	7	8	2	3780	7		1	99999											
303233	<i18n=63404>	37	681	681		Stone	209		8980	7	9	2	4490	7		1	99999											
303234	<i18n=63458>	37	2201	2201		Stone	198		10120	7	10	2	5060	7		1	99999											
303235	<i18n=63297>	37	681	681		Stone	209		9160	7	9	2	4580	7		1	99999
303236	<i18n=62836>	37	2201	2201		Stone	198		10560	7	10	2	5280	7		1	99999
303237	<i18n=63736>	37	2211	2211		Stone	187		11660	7	11	2	5830	7		1	99999
303238	<i18n=62980>	37	2201	2201		Stone	198		10740	7	10	2	5370	7		1	99999
303239	<i18n=63510>	37	2211	2211		Stone	187		12140	7	11	2	6070	7		1	99999
303240	<i18n=62835>	37	2221	2221		Stone	176		13200	7	12	2	6600	7		1	99999
303332	<i18n=63634>	37	671	671		Stone	224		7560	7	8	2	3780	7		1	99999											
303333	<i18n=63596>	37	681	681		Stone	213		8980	7	9	2	4490	7		1	99999											
303334	<i18n=62979>	37	2201	2201		Stone	202		10120	7	10	2	5060	7		1	99999											
303335	<i18n=63599>	37	681	681		Stone	213		9160	7	9	2	4580	7		1	99999
303336	<i18n=62976>	37	2201	2201		Stone	202		10560	7	10	2	5280	7		1	99999
303337	<i18n=63635>	37	2211	2211		Stone	191		11660	7	11	2	5830	7		1	99999
303338	<i18n=63349>	37	2201	2201		Stone	202		10740	7	10	2	5370	7		1	99999
303339	<i18n=63776>	37	2211	2211		Stone	191		12140	7	11	2	6070	7		1	99999
303340	<i18n=63074>	37	2221	2221		Stone	180		13200	7	12	2	6600	7		1	99999
303432	<i18n=63151>	37	674	674		Stone	216		7560	7	8	2	3780	7		1	99999											
303433	<i18n=63051>	37	684	684		Stone	205		8980	7	9	2	4490	7		1	99999											
303434	<i18n=63685>	37	2204	2204		Stone	194		10120	7	10	2	5060	7		1	99999											
303435	<i18n=63571>	37	684	684		Stone	205		9160	7	9	2	4580	7		1	99999
303436	<i18n=63250>	37	2204	2204		Stone	194		10560	7	10	2	5280	7		1	99999
303437	<i18n=63624>	37	2214	2214		Stone	183		11660	7	11	2	5830	7		1	99999
303438	<i18n=63385>	37	2204	2204		Stone	194		10740	7	10	2	5370	7		1	99999
303439	<i18n=63119>	37	2214	2214		Stone	183		12140	7	11	2	6070	7		1	99999
303440	<i18n=63524>	37	2224	2224		Stone	172		13200	7	12	2	6600	7		1	99999
303532	<i18n=62913>	37	675	675		Stone	216		7560	7	8	2	3780	7		1	99999											
303533	<i18n=63607>	37	685	685		Stone	205		8980	7	9	2	4490	7		1	99999											
303534	<i18n=62764>	37	2205	2205		Stone	194		10120	7	10	2	5060	7		1	99999											
303535	<i18n=63229>	37	685	685		Stone	205		9160	7	9	2	4580	7		1	99999
303536	<i18n=63011>	37	2205	2205		Stone	194		10560	7	10	2	5280	7		1	99999
303537	<i18n=62818>	37	2215	2215		Stone	183		11660	7	11	2	5830	7		1	99999
303538	<i18n=63593>	37	2205	2205		Stone	194		10740	7	10	2	5370	7		1	99999
303539	<i18n=62912>	37	2215	2215		Stone	183		12140	7	11	2	6070	7		1	99999
303540	<i18n=63293>	37	2225	2225		Stone	172		13200	7	12	2	6600	7		1	99999
303632	<i18n=63436>	37	672	672		Stone	217		7560	7	8	2	3780	7		1	99999											
303633	<i18n=63388>	37	682	682		Stone	206		8980	7	9	2	4490	7		1	99999											
303634	<i18n=63327>	37	2202	2202		Stone	195		10120	7	10	2	5060	7		1	99999											
303635	<i18n=63551>	37	682	682		Stone	206		9160	7	9	2	4580	7		1	99999
303636	<i18n=63768>	37	2202	2202		Stone	195		10560	7	10	2	5280	7		1	99999
303637	<i18n=62850>	37	2212	2212		Stone	184		11660	7	11	2	5830	7		1	99999
303638	<i18n=63425>	37	2202	2202		Stone	195		10740	7	10	2	5370	7		1	99999
303639	<i18n=62909>	37	2212	2212		Stone	184		12140	7	11	2	6070	7		1	99999
303640	<i18n=63118>	37	2222	2222		Stone	173		13200	7	12	2	6600	7		1	99999
303732	<i18n=63585>	37	673	673		Stone	223		7560	7	8	2	3780	7		1	99999											
303733	<i18n=63583>	37	683	683		Stone	212		8980	7	9	2	4490	7		1	99999											
303734	<i18n=63323>	37	2203	2203		Stone	201		10120	7	10	2	5060	7		1	99999											
303735	<i18n=63608>	37	683	683		Stone	212		9160	7	9	2	4580	7		1	99999
303736	<i18n=63044>	37	2203	2203		Stone	201		10560	7	10	2	5280	7		1	99999
303737	<i18n=63604>	37	2213	2213		Stone	190		11660	7	11	2	5830	7		1	99999
303738	<i18n=63501>	37	2203	2203		Stone	201		10740	7	10	2	5370	7		1	99999
303739	<i18n=63251>	37	2213	2213		Stone	190		12140	7	11	2	6070	7		1	99999
303740	<i18n=63384>	37	2223	2223		Stone	179		13200	7	12	2	6600	7		1	99999
303832	<i18n=63137>	37	672	672		Stone	219		7560	7	8	2	3780	7		1	99999											
303833	<i18n=62816>	37	682	682		Stone	208		8980	7	9	2	4490	7		1	99999											
303834	<i18n=62948>	37	2202	2202		Stone	197		10120	7	10	2	5060	7		1	99999											
303835	<i18n=62755>	37	682	682		Stone	208		9160	7	9	2	4580	7		1	99999
303836	<i18n=63053>	37	2202	2202		Stone	197		10560	7	10	2	5280	7		1	99999
303837	<i18n=62990>	37	2212	2212		Stone	186		11660	7	11	2	5830	7		1	99999
303838	<i18n=63741>	37	2202	2202		Stone	197		10740	7	10	2	5370	7		1	99999
303839	<i18n=62942>	37	2212	2212		Stone	186		12140	7	11	2	6070	7		1	99999
303840	<i18n=63523>	37	2222	2222		Stone	175		13200	7	12	2	6600	7		1	99999
303932	<i18n=63496>	37	673	673		Stone	225		7560	7	8	2	3780	7		1	99999											
303933	<i18n=63364>	37	683	683		Stone	214		8980	7	9	2	4490	7		1	99999											
303934	<i18n=63025>	37	2203	2203		Stone	203		10120	7	10	2	5060	7		1	99999											
303935	<i18n=62768>	37	683	683		Stone	214		9160	7	9	2	4580	7		1	99999
303936	<i18n=62847>	37	2203	2203		Stone	203		10560	7	10	2	5280	7		1	99999
303937	<i18n=63226>	37	2213	2213		Stone	192		11660	7	11	2	5830	7		1	99999
303938	<i18n=63013>	37	2203	2203		Stone	203		10740	7	10	2	5370	7		1	99999
303939	<i18n=63373>	37	2213	2213		Stone	192		12140	7	11	2	6070	7		1	99999
303940	<i18n=62795>	37	2223	2223		Stone	181		13200	7	12	2	6600	7		1	99999
304032	<i18n=63643>	37	674	674		Stone	221		7560	7	8	2	3780	7		1	99999											
304033	<i18n=63136>	37	684	684		Stone	210		8980	7	9	2	4490	7		1	99999											
304034	<i18n=63673>	37	2204	2204		Stone	199		10120	7	10	2	5060	7		1	99999											
304035	<i18n=63035>	37	684	684		Stone	210		9160	7	9	2	4580	7		1	99999
304036	<i18n=63002>	37	2204	2204		Stone	199		10560	7	10	2	5280	7		1	99999
304037	<i18n=62859>	37	2214	2214		Stone	188		11660	7	11	2	5830	7		1	99999
304038	<i18n=63770>	37	2204	2204		Stone	199		10740	7	10	2	5370	7		1	99999
304039	<i18n=63326>	37	2214	2214		Stone	188		12140	7	11	2	6070	7		1	99999
304040	<i18n=63762>	37	2224	2224		Stone	177		13200	7	12	2	6600	7		1	99999
304132	<i18n=63109>	37	675	675		Stone	221		7560	7	8	2	3780	7		1	99999											
304133	<i18n=63779>	37	685	685		Stone	210		8980	7	9	2	4490	7		1	99999											
304134	<i18n=62940>	37	2205	2205		Stone	199		10120	7	10	2	5060	7		1	99999											
304135	<i18n=62854>	37	685	685		Stone	210		9160	7	9	2	4580	7		1	99999
304136	<i18n=63426>	37	2205	2205		Stone	199		10560	7	10	2	5280	7		1	99999
304137	<i18n=63172>	37	2215	2215		Stone	188		11660	7	11	2	5830	7		1	99999
304138	<i18n=62783>	37	2205	2205		Stone	199		10740	7	10	2	5370	7		1	99999
304139	<i18n=62954>	37	2215	2215		Stone	188		12140	7	11	2	6070	7		1	99999
304140	<i18n=63198>	37	2225	2225		Stone	177		13200	7	12	2	6600	7		1	99999
304232	<i18n=63443>	37	673	673		Stone	222		7560	7	8	2	3780	7		1	99999											
304233	<i18n=63674>	37	683	683		Stone	211		8980	7	9	2	4490	7		1	99999											
304234	<i18n=63049>	37	2203	2203		Stone	200		10120	7	10	2	5060	7		1	99999											
304235	<i18n=63264>	37	683	683		Stone	211		9160	7	9	2	4580	7		1	99999
304236	<i18n=63159>	37	2203	2203		Stone	200		10560	7	10	2	5280	7		1	99999
304237	<i18n=63401>	37	2213	2213		Stone	189		11660	7	11	2	5830	7		1	99999
304238	<i18n=63238>	37	2203	2203		Stone	200		10740	7	10	2	5370	7		1	99999
304239	<i18n=63626>	37	2213	2213		Stone	189		12140	7	11	2	6070	7		1	99999
304240	<i18n=63681>	37	2223	2223		Stone	178		13200	7	12	2	6600	7		1	99999
304332	<i18n=63179>	37	673	673		Stone	218		7560	7	8	2	3780	7		1	99999											
304333	<i18n=63720>	37	683	683		Stone	207		8980	7	9	2	4490	7		1	99999											
304334	<i18n=63689>	37	2203	2203		Stone	196		10120	7	10	2	5060	7		1	99999											
304335	<i18n=63144>	37	683	683		Stone	207		9160	7	9	2	4580	7		1	99999
304336	<i18n=63059>	37	2203	2203		Stone	196		10560	7	10	2	5280	7		1	99999
304337	<i18n=63545>	37	2213	2213		Stone	185		11660	7	11	2	5830	7		1	99999
304338	<i18n=62905>	37	2203	2203		Stone	196		10740	7	10	2	5370	7		1	99999
304339	<i18n=63290>	37	2213	2213		Stone	185		12140	7	11	2	6070	7		1	99999
304340	<i18n=63099>	37	2223	2223		Stone	174		13200	7	12	2	6600	7		1	99999
304432	<i18n=63143>	37	672	672		Stone	220		7560	7	8	2	3780	7		1	99999											
304433	<i18n=63609>	37	682	682		Stone	209		8980	7	9	2	4490	7		1	99999											
304434	<i18n=63180>	37	2202	2202		Stone	198		10120	7	10	2	5060	7		1	99999											
304435	<i18n=62996>	37	682	682		Stone	209		9160	7	9	2	4580	7		1	99999
304436	<i18n=63559>	37	2202	2202		Stone	198		10560	7	10	2	5280	7		1	99999
304437	<i18n=63350>	37	2212	2212		Stone	187		11660	7	11	2	5830	7		1	99999
304438	<i18n=63173>	37	2202	2202		Stone	198		10740	7	10	2	5370	7		1	99999
304439	<i18n=63468>	37	2212	2212		Stone	187		12140	7	11	2	6070	7		1	99999
304440	<i18n=63665>	37	2222	2222		Stone	176		13200	7	12	2	6600	7		1	99999
304532	<i18n=63063>	37	673	673		Stone	224		7560	7	8	2	3780	7		1	99999											
304533	<i18n=63580>	37	683	683		Stone	213		8980	7	9	2	4490	7		1	99999											
304534	<i18n=63504>	37	2203	2203		Stone	202		10120	7	10	2	5060	7		1	99999											
304535	<i18n=63176>	37	683	683		Stone	213		9160	7	9	2	4580	7		1	99999
304536	<i18n=63765>	37	2203	2203		Stone	202		10560	7	10	2	5280	7		1	99999
304537	<i18n=63684>	37	2213	2213		Stone	191		11660	7	11	2	5830	7		1	99999
304538	<i18n=62862>	37	2203	2203		Stone	202		10740	7	10	2	5370	7		1	99999
304539	<i18n=63209>	37	2213	2213		Stone	191		12140	7	11	2	6070	7		1	99999
304540	<i18n=63651>	37	2223	2223		Stone	180		13200	7	12	2	6600	7		1	99999
304632	<i18n=62887>	37	676	676		Stone	216		7560	7	8	2	3780	7		1	99999											
304633	<i18n=63061>	37	686	686		Stone	205		8980	7	9	2	4490	7		1	99999											
304634	<i18n=63446>	37	2206	2206		Stone	194		10120	7	10	2	5060	7		1	99999											
304635	<i18n=62856>	37	686	686		Stone	205		9160	7	9	2	4580	7		1	99999
304636	<i18n=62930>	37	2206	2206		Stone	194		10560	7	10	2	5280	7		1	99999
304637	<i18n=62965>	37	2216	2216		Stone	183		11660	7	11	2	5830	7		1	99999
304638	<i18n=62966>	37	2206	2206		Stone	194		10740	7	10	2	5370	7		1	99999
304639	<i18n=63365>	37	2216	2216		Stone	183		12140	7	11	2	6070	7		1	99999
304640	<i18n=62875>	37	2226	2226		Stone	172		13200	7	12	2	6600	7		1	99999
304732	<i18n=62882>	37	676	676		Stone	221		7560	7	8	2	3780	7		1	99999											
304733	<i18n=63461>	37	686	686		Stone	210		8980	7	9	2	4490	7		1	99999											
304734	<i18n=63391>	37	2206	2206		Stone	199		10120	7	10	2	5060	7		1	99999											
304735	<i18n=63742>	37	686	686		Stone	210		9160	7	9	2	4580	7		1	99999
304736	<i18n=63453>	37	2206	2206		Stone	199		10560	7	10	2	5280	7		1	99999
304737	<i18n=63237>	37	2216	2216		Stone	188		11660	7	11	2	5830	7		1	99999
304738	<i18n=63064>	37	2206	2206		Stone	199		10740	7	10	2	5370	7		1	99999
304739	<i18n=63407>	37	2216	2216		Stone	188		12140	7	11	2	6070	7		1	99999
304740	<i18n=63274>	37	2226	2226		Stone	177		13200	7	12	2	6600	7		1	99999
304832	<i18n=63050>	37	674	674		Stone	225		7560	7	8	2	3780	7		1	99999											
304833	<i18n=63375>	37	684	684		Stone	214		8980	7	9	2	4490	7		1	99999											
304834	<i18n=62960>	37	2204	2204		Stone	203		10120	7	10	2	5060	7		1	99999											
304835	<i18n=62914>	37	684	684		Stone	214		9160	7	9	2	4580	7		1	99999
304836	<i18n=63573>	37	2204	2204		Stone	203		10560	7	10	2	5280	7		1	99999
304837	<i18n=63554>	37	2214	2214		Stone	192		11660	7	11	2	5830	7		1	99999
304838	<i18n=62813>	37	2204	2204		Stone	203		10740	7	10	2	5370	7		1	99999
304839	<i18n=63040>	37	2214	2214		Stone	192		12140	7	11	2	6070	7		1	99999
304840	<i18n=62863>	37	2224	2224		Stone	181		13200	7	12	2	6600	7		1	99999
304932	<i18n=63285>	37	673	673		Stone	219		7560	7	8	2	3780	7		1	99999											
304933	<i18n=63267>	37	683	683		Stone	208		8980	7	9	2	4490	7		1	99999											
304934	<i18n=63603>	37	2203	2203		Stone	197		10120	7	10	2	5060	7		1	99999											
304935	<i18n=63318>	37	683	683		Stone	208		9160	7	9	2	4580	7		1	99999
304936	<i18n=62963>	37	2203	2203		Stone	197		10560	7	10	2	5280	7		1	99999
304937	<i18n=63488>	37	2213	2213		Stone	186		11660	7	11	2	5830	7		1	99999
304938	<i18n=63728>	37	2203	2203		Stone	197		10740	7	10	2	5370	7		1	99999
304939	<i18n=62884>	37	2213	2213		Stone	186		12140	7	11	2	6070	7		1	99999
304940	<i18n=63700>	37	2223	2223		Stone	175		13200	7	12	2	6600	7		1	99999
305032	<i18n=62893>	37	674	674		Stone	224		7560	7	8	2	3780	7		1	99999											
305033	<i18n=63747>	37	684	684		Stone	213		8980	7	9	2	4490	7		1	99999											
305034	<i18n=63301>	37	2204	2204		Stone	202		10120	7	10	2	5060	7		1	99999											
305035	<i18n=63200>	37	684	684		Stone	213		9160	7	9	2	4580	7		1	99999
305036	<i18n=62765>	37	2204	2204		Stone	202		10560	7	10	2	5280	7		1	99999
305037	<i18n=63561>	37	2214	2214		Stone	191		11660	7	11	2	5830	7		1	99999
305038	<i18n=63679>	37	2204	2204		Stone	202		10740	7	10	2	5370	7		1	99999
305039	<i18n=63060>	37	2214	2214		Stone	191		12140	7	11	2	6070	7		1	99999
305040	<i18n=63139>	37	2224	2224		Stone	180		13200	7	12	2	6600	7		1	99999
305132	<i18n=63570>	37	672	672		Stone	220		7560	7	8	2	3780	7		1	99999											
305133	<i18n=63114>	37	682	682		Stone	209		8980	7	9	2	4490	7		1	99999											
305134	<i18n=63332>	37	2202	2202		Stone	198		10120	7	10	2	5060	7		1	99999											
305135	<i18n=62993>	37	682	682		Stone	209		9160	7	9	2	4580	7		1	99999
305136	<i18n=63519>	37	2202	2202		Stone	198		10560	7	10	2	5280	7		1	99999
305137	<i18n=63182>	37	2212	2212		Stone	187		11660	7	11	2	5830	7		1	99999
305138	<i18n=63093>	37	2202	2202		Stone	198		10740	7	10	2	5370	7		1	99999
305139	<i18n=63457>	37	2212	2212		Stone	187		12140	7	11	2	6070	7		1	99999
305140	<i18n=62974>	37	2222	2222		Stone	176		13200	7	12	2	6600	7		1	99999
305232	<i18n=63397>	37	677	677		Stone	216		7560	7	8	2	3780	7		1	99999											
305233	<i18n=63190>	37	687	687		Stone	205		8980	7	9	2	4490	7		1	99999											
305234	<i18n=63069>	37	2207	2207		Stone	194		10120	7	10	2	5060	7		1	99999											
305235	<i18n=63090>	37	687	687		Stone	205		9160	7	9	2	4580	7		1	99999
305236	<i18n=62895>	37	2207	2207		Stone	194		10560	7	10	2	5280	7		1	99999
305237	<i18n=62825>	37	2217	2217		Stone	183		11660	7	11	2	5830	7		1	99999
305238	<i18n=63317>	37	2207	2207		Stone	194		10740	7	10	2	5370	7		1	99999
305239	<i18n=63299>	37	2217	2217		Stone	183		12140	7	11	2	6070	7		1	99999
305240	<i18n=63408>	37	2227	2227		Stone	172		13200	7	12	2	6600	7		1	99999
305332	<i18n=63547>	37	677	677		Stone	221		7560	7	8	2	3780	7		1	99999											
305333	<i18n=62817>	37	687	687		Stone	210		8980	7	9	2	4490	7		1	99999											
305334	<i18n=62773>	37	2207	2207		Stone	199		10120	7	10	2	5060	7		1	99999											
305335	<i18n=62794>	37	687	687		Stone	210		9160	7	9	2	4580	7		1	99999
305336	<i18n=63027>	37	2207	2207		Stone	199		10560	7	10	2	5280	7		1	99999
305337	<i18n=63572>	37	2217	2217		Stone	188		11660	7	11	2	5830	7		1	99999
305338	<i18n=63246>	37	2207	2207		Stone	199		10740	7	10	2	5370	7		1	99999
305339	<i18n=62921>	37	2217	2217		Stone	188		12140	7	11	2	6070	7		1	99999
305340	<i18n=63507>	37	2227	2227		Stone	177		13200	7	12	2	6600	7		1	99999
310632	<i18n=63664>	37	857	857		Stone	221		7560	7	8	2	3780	7		1	99999											
310633	<i18n=63601>	37	858	858		Stone	210		8980	7	9	2	4490	7		1	99999											
310634	<i18n=63107>	37	2231	2231		Stone	199		10120	7	10	2	5060	7		1	99999											
310635	<i18n=62802>	37	858	858		Stone	210		9160	7	9	2	4580	7		1	99999
310636	<i18n=63709>	37	2230	2230		Stone	199		10560	7	10	2	5280	7		1	99999
310637	<i18n=63394>	37	2232	2232		Stone	188		11660	7	11	2	5830	7		1	99999
310638	<i18n=63405>	37	2231	2231		Stone	199		10740	7	10	2	5370	7		1	99999
310639	<i18n=63633>	37	2232	2232		Stone	188		12140	7	11	2	6070	7		1	99999
310640	<i18n=63130>	37	2233	2233		Stone	177		13200	7	12	2	6600	7		1	99999
310932	<i18n=63007>	37	671	671		Stone	221		7560	7	8	2	3780	7		1	99999											
310933	<i18n=63042>	37	681	681		Stone	210		8980	7	9	2	4490	7		1	99999											
310934	<i18n=63240>	37	2201	2201		Stone	199		10120	7	10	2	5060	7		1	99999											
310935	<i18n=63129>	37	681	681		Stone	210		9160	7	9	2	4580	7		1	99999
310936	<i18n=63367>	37	2201	2201		Stone	199		10560	7	10	2	5280	7		1	99999
310937	<i18n=62901>	37	2211	2211		Stone	188		11660	7	11	2	5830	7		1	99999
310938	<i18n=63448>	37	2201	2201		Stone	199		10740	7	10	2	5370	7		1	99999
310939	<i18n=62917>	37	2211	2211		Stone	188		12140	7	11	2	6070	7		1	99999
310940	<i18n=63763>	37	2221	2221		Stone	177		13200	7	12	2	6600	7		1	99999
305432	<i18n=63677>	37	861	861		Stone	194		11340	7	8	2	5670	7		1	99999											
305433	<i18n=62958>	37	871	871		Stone	183		13480	7	9	2	6740	7		1	99999											
305434	<i18n=63732>	37	2234	2234		Stone	172		15180	7	10	2	7590	7		1	99999											
305435	<i18n=62972>	37	871	871		Stone	183		13740	7	9	2	6870	7		1	99999
305436	<i18n=63273>	37	2234	2234		Stone	172		15840	7	10	2	7920	7		1	99999
305437	<i18n=62824>	37	2244	2244		Stone	161		17500	7	11	2	8750	7		1	99999
305438	<i18n=63466>	37	2234	2234		Stone	172		16120	7	10	2	8060	7		1	99999
305439	<i18n=63526>	37	2244	2244		Stone	161		18220	7	11	2	9110	7		1	99999
305440	<i18n=63006>	37	2254	2254		Stone	150		19800	7	12	2	9900	7		1	99999
305532	<i18n=63660>	37	862	862		Stone	194		11340	7	8	2	5670	7		1	99999											
305533	<i18n=63589>	37	872	872		Stone	183		13480	7	9	2	6740	7		1	99999											
305534	<i18n=63117>	37	2235	2235		Stone	172		15180	7	10	2	7590	7		1	99999											
305535	<i18n=63521>	37	872	872		Stone	183		13740	7	9	2	6870	7		1	99999
305536	<i18n=63735>	37	2235	2235		Stone	172		15840	7	10	2	7920	7		1	99999
305537	<i18n=63316>	37	2245	2245		Stone	161		17500	7	11	2	8750	7		1	99999
305538	<i18n=63647>	37	2235	2235		Stone	172		16120	7	10	2	8060	7		1	99999
305539	<i18n=63415>	37	2245	2245		Stone	161		18220	7	11	2	9110	7		1	99999
305540	<i18n=63345>	37	2255	2255		Stone	150		19800	7	12	2	9900	7		1	99999
305632	<i18n=63389>	37	863	863		Stone	194		11340	7	8	2	5670	7		1	99999											
305633	<i18n=63294>	37	873	873		Stone	183		13480	7	9	2	6740	7		1	99999											
305634	<i18n=62904>	37	2236	2236		Stone	172		15180	7	10	2	7590	7		1	99999											
305635	<i18n=63028>	37	873	873		Stone	183		13740	7	9	2	6870	7		1	99999
305636	<i18n=63412>	37	2236	2236		Stone	172		15840	7	10	2	7920	7		1	99999
305637	<i18n=63183>	37	2246	2246		Stone	161		17500	7	11	2	8750	7		1	99999
305638	<i18n=63564>	37	2236	2236		Stone	172		16120	7	10	2	8060	7		1	99999
305639	<i18n=62828>	37	2246	2246		Stone	161		18220	7	11	2	9110	7		1	99999
305640	<i18n=63216>	37	2256	2256		Stone	150		19800	7	12	2	9900	7		1	99999
305732	<i18n=63306>	37	864	864		Stone	194		11340	7	8	2	5670	7		1	99999											
305733	<i18n=63707>	37	874	874		Stone	183		13480	7	9	2	6740	7		1	99999											
305734	<i18n=63253>	37	2237	2237		Stone	172		15180	7	10	2	7590	7		1	99999											
305735	<i18n=62986>	37	874	874		Stone	183		13740	7	9	2	6870	7		1	99999
305736	<i18n=63520>	37	2237	2237		Stone	172		15840	7	10	2	7920	7		1	99999
305737	<i18n=63558>	37	2247	2247		Stone	161		17500	7	11	2	8750	7		1	99999
305738	<i18n=63315>	37	2237	2237		Stone	172		16120	7	10	2	8060	7		1	99999
305739	<i18n=63019>	37	2247	2247		Stone	161		18220	7	11	2	9110	7		1	99999
305740	<i18n=63644>	37	2257	2257		Stone	150		19800	7	12	2	9900	7		1	99999
305832	<i18n=63490>	37	865	865		Stone	194		11340	7	8	2	5670	7		1	99999											
305833	<i18n=63696>	37	875	875		Stone	183		13480	7	9	2	6740	7		1	99999											
305834	<i18n=62841>	37	2238	2238		Stone	172		15180	7	10	2	7590	7		1	99999											
305835	<i18n=63657>	37	875	875		Stone	183		13740	7	9	2	6870	7		1	99999
305836	<i18n=62832>	37	2238	2238		Stone	172		15840	7	10	2	7920	7		1	99999
305837	<i18n=62861>	37	2248	2248		Stone	161		17500	7	11	2	8750	7		1	99999
305838	<i18n=63331>	37	2238	2238		Stone	172		16120	7	10	2	8060	7		1	99999
305839	<i18n=63617>	37	2248	2248		Stone	161		18220	7	11	2	9110	7		1	99999
305840	<i18n=63195>	37	2258	2258		Stone	150		19800	7	12	2	9900	7		1	99999
305932	<i18n=62809>	37	866	866		Stone	194		11340	7	8	2	5670	7		1	99999											
305933	<i18n=63343>	37	876	876		Stone	183		13480	7	9	2	6740	7		1	99999											
305934	<i18n=63157>	37	2239	2239		Stone	172		15180	7	10	2	7590	7		1	99999											
305935	<i18n=63655>	37	876	876		Stone	183		13740	7	9	2	6870	7		1	99999
305936	<i18n=63310>	37	2239	2239		Stone	172		15840	7	10	2	7920	7		1	99999
305937	<i18n=63199>	37	2249	2249		Stone	161		17500	7	11	2	8750	7		1	99999
305938	<i18n=63780>	37	2239	2239		Stone	172		16120	7	10	2	8060	7		1	99999
305939	<i18n=63499>	37	2249	2249		Stone	161		18220	7	11	2	9110	7		1	99999
305940	<i18n=63055>	37	2259	2259		Stone	150		19800	7	12	2	9900	7		1	99999
306032	<i18n=62777>	37	861	861		Stone	199		11340	7	8	2	5670	7		1	99999											
306033	<i18n=62891>	37	871	871		Stone	188		13480	7	9	2	6740	7		1	99999											
306034	<i18n=63286>	37	2234	2234		Stone	177		15180	7	10	2	7590	7		1	99999											
306035	<i18n=63712>	37	871	871		Stone	188		13740	7	9	2	6870	7		1	99999
306036	<i18n=63153>	37	2234	2234		Stone	177		15840	7	10	2	7920	7		1	99999
306037	<i18n=63560>	37	2244	2244		Stone	166		17500	7	11	2	8750	7		1	99999
306038	<i18n=63618>	37	2234	2234		Stone	177		16120	7	10	2	8060	7		1	99999
306039	<i18n=63482>	37	2244	2244		Stone	166		18220	7	11	2	9110	7		1	99999
306040	<i18n=63754>	37	2254	2254		Stone	155		19800	7	12	2	9900	7		1	99999
306132	<i18n=63555>	37	862	862		Stone	199		11340	7	8	2	5670	7		1	99999											
306133	<i18n=63544>	37	872	872		Stone	188		13480	7	9	2	6740	7		1	99999											
306134	<i18n=62855>	37	2235	2235		Stone	177		15180	7	10	2	7590	7		1	99999											
306135	<i18n=63625>	37	872	872		Stone	188		13740	7	9	2	6870	7		1	99999
306136	<i18n=63659>	37	2235	2235		Stone	177		15840	7	10	2	7920	7		1	99999
306137	<i18n=63066>	37	2245	2245		Stone	166		17500	7	11	2	8750	7		1	99999
306138	<i18n=63100>	37	2235	2235		Stone	177		16120	7	10	2	8060	7		1	99999
306139	<i18n=63688>	37	2245	2245		Stone	166		18220	7	11	2	9110	7		1	99999
306140	<i18n=63695>	37	2255	2255		Stone	155		19800	7	12	2	9900	7		1	99999
306232	<i18n=63541>	37	863	863		Stone	199		11340	7	8	2	5670	7		1	99999											
306233	<i18n=63595>	37	873	873		Stone	188		13480	7	9	2	6740	7		1	99999											
306234	<i18n=62852>	37	2236	2236		Stone	177		15180	7	10	2	7590	7		1	99999											
306235	<i18n=63374>	37	873	873		Stone	188		13740	7	9	2	6870	7		1	99999
306236	<i18n=63701>	37	2236	2236		Stone	177		15840	7	10	2	7920	7		1	99999
306237	<i18n=63715>	37	2246	2246		Stone	166		17500	7	11	2	8750	7		1	99999
306238	<i18n=63072>	37	2236	2236		Stone	177		16120	7	10	2	8060	7		1	99999
306239	<i18n=63438>	37	2246	2246		Stone	166		18220	7	11	2	9110	7		1	99999
306240	<i18n=63232>	37	2256	2256		Stone	155		19800	7	12	2	9900	7		1	99999
306332	<i18n=63091>	37	864	864		Stone	199		11340	7	8	2	5670	7		1	99999											
306333	<i18n=63242>	37	874	874		Stone	188		13480	7	9	2	6740	7		1	99999											
306334	<i18n=63671>	37	2237	2237		Stone	177		15180	7	10	2	7590	7		1	99999											
306335	<i18n=63470>	37	874	874		Stone	188		13740	7	9	2	6870	7		1	99999
306336	<i18n=63185>	37	2237	2237		Stone	177		15840	7	10	2	7920	7		1	99999
306337	<i18n=63474>	37	2247	2247		Stone	166		17500	7	11	2	8750	7		1	99999
306338	<i18n=63667>	37	2237	2237		Stone	177		16120	7	10	2	8060	7		1	99999
306339	<i18n=63537>	37	2247	2247		Stone	166		18220	7	11	2	9110	7		1	99999
306340	<i18n=62961>	37	2257	2257		Stone	155		19800	7	12	2	9900	7		1	99999
306432	<i18n=63682>	37	865	865		Stone	199		11340	7	8	2	5670	7		1	99999											
306433	<i18n=63221>	37	875	875		Stone	188		13480	7	9	2	6740	7		1	99999											
306434	<i18n=63398>	37	2238	2238		Stone	177		15180	7	10	2	7590	7		1	99999											
306435	<i18n=63289>	37	875	875		Stone	188		13740	7	9	2	6870	7		1	99999
306436	<i18n=63045>	37	2238	2238		Stone	177		15840	7	10	2	7920	7		1	99999
306437	<i18n=63126>	37	2248	2248		Stone	166		17500	7	11	2	8750	7		1	99999
306438	<i18n=63321>	37	2238	2238		Stone	177		16120	7	10	2	8060	7		1	99999
306439	<i18n=62999>	37	2248	2248		Stone	166		18220	7	11	2	9110	7		1	99999
306440	<i18n=63434>	37	2258	2258		Stone	155		19800	7	12	2	9900	7		1	99999
306532	<i18n=63031>	37	866	866		Stone	199		11340	7	8	2	5670	7		1	99999											
306533	<i18n=62870>	37	876	876		Stone	188		13480	7	9	2	6740	7		1	99999											
306534	<i18n=63184>	37	2239	2239		Stone	177		15180	7	10	2	7590	7		1	99999											
306535	<i18n=63233>	37	876	876		Stone	188		13740	7	9	2	6870	7		1	99999
306536	<i18n=63508>	37	2239	2239		Stone	177		15840	7	10	2	7920	7		1	99999
306537	<i18n=62842>	37	2249	2249		Stone	166		17500	7	11	2	8750	7		1	99999
306538	<i18n=63702>	37	2239	2239		Stone	177		16120	7	10	2	8060	7		1	99999
306539	<i18n=63605>	37	2249	2249		Stone	166		18220	7	11	2	9110	7		1	99999
306540	<i18n=62853>	37	2259	2259		Stone	155		19800	7	12	2	9900	7		1	99999
306632	<i18n=63613>	37	861	861		Stone	195		11340	7	8	2	5670	7		1	99999											
306633	<i18n=63201>	37	871	871		Stone	184		13480	7	9	2	6740	7		1	99999											
306634	<i18n=63621>	37	2234	2234		Stone	173		15180	7	10	2	7590	7		1	99999											
306635	<i18n=63122>	37	871	871		Stone	184		13740	7	9	2	6870	7		1	99999
306636	<i18n=63021>	37	2234	2234		Stone	173		15840	7	10	2	7920	7		1	99999
306637	<i18n=63708>	37	2244	2244		Stone	162		17500	7	11	2	8750	7		1	99999
306638	<i18n=62778>	37	2234	2234		Stone	173		16120	7	10	2	8060	7		1	99999
306639	<i18n=63737>	37	2244	2244		Stone	162		18220	7	11	2	9110	7		1	99999
306640	<i18n=63714>	37	2254	2254		Stone	151		19800	7	12	2	9900	7		1	99999
306732	<i18n=63030>	37	862	862		Stone	195		11340	7	8	2	5670	7		1	99999											
306733	<i18n=63041>	37	872	872		Stone	184		13480	7	9	2	6740	7		1	99999											
306734	<i18n=63489>	37	2235	2235		Stone	173		15180	7	10	2	7590	7		1	99999											
306735	<i18n=62838>	37	872	872		Stone	184		13740	7	9	2	6870	7		1	99999
306736	<i18n=63127>	37	2235	2235		Stone	173		15840	7	10	2	7920	7		1	99999
306737	<i18n=62878>	37	2245	2245		Stone	162		17500	7	11	2	8750	7		1	99999
306738	<i18n=63071>	37	2235	2235		Stone	173		16120	7	10	2	8060	7		1	99999
306739	<i18n=63670>	37	2245	2245		Stone	162		18220	7	11	2	9110	7		1	99999
306740	<i18n=63454>	37	2255	2255		Stone	151		19800	7	12	2	9900	7		1	99999
306832	<i18n=63362>	37	863	863		Stone	195		11340	7	8	2	5670	7		1	99999											
306833	<i18n=63052>	37	873	873		Stone	184		13480	7	9	2	6740	7		1	99999											
306834	<i18n=63652>	37	2236	2236		Stone	173		15180	7	10	2	7590	7		1	99999											
306835	<i18n=62821>	37	873	873		Stone	184		13740	7	9	2	6870	7		1	99999
306836	<i18n=63116>	37	2236	2236		Stone	173		15840	7	10	2	7920	7		1	99999
306837	<i18n=62918>	37	2246	2246		Stone	162		17500	7	11	2	8750	7		1	99999
306838	<i18n=63087>	37	2236	2236		Stone	173		16120	7	10	2	8060	7		1	99999
306839	<i18n=63018>	37	2246	2246		Stone	162		18220	7	11	2	9110	7		1	99999
306840	<i18n=62811>	37	2256	2256		Stone	151		19800	7	12	2	9900	7		1	99999
306932	<i18n=63574>	37	864	864		Stone	195		11340	7	8	2	5670	7		1	99999											
306933	<i18n=62952>	37	874	874		Stone	184		13480	7	9	2	6740	7		1	99999											
306934	<i18n=63697>	37	2237	2237		Stone	173		15180	7	10	2	7590	7		1	99999											
306935	<i18n=63467>	37	874	874		Stone	184		13740	7	9	2	6870	7		1	99999
306936	<i18n=62899>	37	2237	2237		Stone	173		15840	7	10	2	7920	7		1	99999
306937	<i18n=62964>	37	2247	2247		Stone	162		17500	7	11	2	8750	7		1	99999
306938	<i18n=62827>	37	2237	2237		Stone	173		16120	7	10	2	8060	7		1	99999
306939	<i18n=63357>	37	2247	2247		Stone	162		18220	7	11	2	9110	7		1	99999
306940	<i18n=63325>	37	2257	2257		Stone	151		19800	7	12	2	9900	7		1	99999
307032	<i18n=63112>	37	865	865		Stone	195		11340	7	8	2	5670	7		1	99999											
307033	<i18n=63192>	37	875	875		Stone	184		13480	7	9	2	6740	7		1	99999											
307034	<i18n=62890>	37	2238	2238		Stone	173		15180	7	10	2	7590	7		1	99999											
307035	<i18n=63642>	37	875	875		Stone	184		13740	7	9	2	6870	7		1	99999
307036	<i18n=63269>	37	2238	2238		Stone	173		15840	7	10	2	7920	7		1	99999
307037	<i18n=63138>	37	2248	2248		Stone	162		17500	7	11	2	8750	7		1	99999
307038	<i18n=63212>	37	2238	2238		Stone	173		16120	7	10	2	8060	7		1	99999
307039	<i18n=63296>	37	2248	2248		Stone	162		18220	7	11	2	9110	7		1	99999
307040	<i18n=63509>	37	2258	2258		Stone	151		19800	7	12	2	9900	7		1	99999
307132	<i18n=63125>	37	861	861		Stone	201		11340	7	8	2	5670	7		1	99999											
307133	<i18n=62959>	37	871	871		Stone	190		13480	7	9	2	6740	7		1	99999											
307134	<i18n=63528>	37	2234	2234		Stone	179		15180	7	10	2	7590	7		1	99999											
307135	<i18n=63464>	37	871	871		Stone	190		13740	7	9	2	6870	7		1	99999
307136	<i18n=63058>	37	2234	2234		Stone	179		15840	7	10	2	7920	7		1	99999
307137	<i18n=63539>	37	2244	2244		Stone	168		17500	7	11	2	8750	7		1	99999
307138	<i18n=62833>	37	2234	2234		Stone	179		16120	7	10	2	8060	7		1	99999
307139	<i18n=63378>	37	2244	2244		Stone	168		18220	7	11	2	9110	7		1	99999
307140	<i18n=63536>	37	2254	2254		Stone	157		19800	7	12	2	9900	7		1	99999
307232	<i18n=63740>	37	862	862		Stone	201		11340	7	8	2	5670	7		1	99999											
307233	<i18n=62760>	37	872	872		Stone	190		13480	7	9	2	6740	7		1	99999											
307234	<i18n=63497>	37	2235	2235		Stone	179		15180	7	10	2	7590	7		1	99999											
307235	<i18n=63616>	37	872	872		Stone	190		13740	7	9	2	6870	7		1	99999
307236	<i18n=62840>	37	2235	2235		Stone	179		15840	7	10	2	7920	7		1	99999
307237	<i18n=62869>	37	2245	2245		Stone	168		17500	7	11	2	8750	7		1	99999
307238	<i18n=62898>	37	2235	2235		Stone	179		16120	7	10	2	8060	7		1	99999
307239	<i18n=63080>	37	2245	2245		Stone	168		18220	7	11	2	9110	7		1	99999
307240	<i18n=63775>	37	2255	2255		Stone	157		19800	7	12	2	9900	7		1	99999
307332	<i18n=63472>	37	863	863		Stone	201		11340	7	8	2	5670	7		1	99999											
307333	<i18n=62865>	37	873	873		Stone	190		13480	7	9	2	6740	7		1	99999											
307334	<i18n=63210>	37	2236	2236		Stone	179		15180	7	10	2	7590	7		1	99999											
307335	<i18n=62910>	37	873	873		Stone	190		13740	7	9	2	6870	7		1	99999
307336	<i18n=62897>	37	2236	2236		Stone	179		15840	7	10	2	7920	7		1	99999
307337	<i18n=63197>	37	2246	2246		Stone	168		17500	7	11	2	8750	7		1	99999
307338	<i18n=63163>	37	2236	2236		Stone	179		16120	7	10	2	8060	7		1	99999
307339	<i18n=63515>	37	2246	2246		Stone	168		18220	7	11	2	9110	7		1	99999
307340	<i18n=63637>	37	2256	2256		Stone	157		19800	7	12	2	9900	7		1	99999
307432	<i18n=63455>	37	864	864		Stone	201		11340	7	8	2	5670	7		1	99999											
307433	<i18n=63094>	37	874	874		Stone	190		13480	7	9	2	6740	7		1	99999											
307434	<i18n=62971>	37	2237	2237		Stone	179		15180	7	10	2	7590	7		1	99999											
307435	<i18n=63622>	37	874	874		Stone	190		13740	7	9	2	6870	7		1	99999
307436	<i18n=63270>	37	2237	2237		Stone	179		15840	7	10	2	7920	7		1	99999
307437	<i18n=63778>	37	2247	2247		Stone	168		17500	7	11	2	8750	7		1	99999
307438	<i18n=63291>	37	2237	2237		Stone	179		16120	7	10	2	8060	7		1	99999
307439	<i18n=63022>	37	2247	2247		Stone	168		18220	7	11	2	9110	7		1	99999
307440	<i18n=62962>	37	2257	2257		Stone	157		19800	7	12	2	9900	7		1	99999
307532	<i18n=63219>	37	865	865		Stone	201		11340	7	8	2	5670	7		1	99999											
307533	<i18n=63004>	37	875	875		Stone	190		13480	7	9	2	6740	7		1	99999											
307534	<i18n=63280>	37	2238	2238		Stone	179		15180	7	10	2	7590	7		1	99999											
307535	<i18n=63340>	37	875	875		Stone	190		13740	7	9	2	6870	7		1	99999
307536	<i18n=63309>	37	2238	2238		Stone	179		15840	7	10	2	7920	7		1	99999
307537	<i18n=63244>	37	2248	2248		Stone	168		17500	7	11	2	8750	7		1	99999
307538	<i18n=63111>	37	2238	2238		Stone	179		16120	7	10	2	8060	7		1	99999
307539	<i18n=63590>	37	2248	2248		Stone	168		18220	7	11	2	9110	7		1	99999
307540	<i18n=63123>	37	2258	2258		Stone	157		19800	7	12	2	9900	7		1	99999
307632	<i18n=63077>	37	861	861		Stone	197		11340	7	8	2	5670	7		1	99999											
307633	<i18n=62781>	37	871	871		Stone	186		13480	7	9	2	6740	7		1	99999											
307634	<i18n=63676>	37	2234	2234		Stone	175		15180	7	10	2	7590	7		1	99999											
307635	<i18n=62785>	37	871	871		Stone	186		13740	7	9	2	6870	7		1	99999
307636	<i18n=63756>	37	2234	2234		Stone	175		15840	7	10	2	7920	7		1	99999
307637	<i18n=63336>	37	2244	2244		Stone	164		17500	7	11	2	8750	7		1	99999
307638	<i18n=62925>	37	2234	2234		Stone	175		16120	7	10	2	8060	7		1	99999
307639	<i18n=63629>	37	2244	2244		Stone	164		18220	7	11	2	9110	7		1	99999
307640	<i18n=62879>	37	2254	2254		Stone	153		19800	7	12	2	9900	7		1	99999
307732	<i18n=63101>	37	862	862		Stone	197		11340	7	8	2	5670	7		1	99999											
307733	<i18n=62992>	37	872	872		Stone	186		13480	7	9	2	6740	7		1	99999											
307734	<i18n=62955>	37	2235	2235		Stone	175		15180	7	10	2	7590	7		1	99999											
307735	<i18n=63505>	37	872	872		Stone	186		13740	7	9	2	6870	7		1	99999
307736	<i18n=63491>	37	2235	2235		Stone	175		15840	7	10	2	7920	7		1	99999
307737	<i18n=63224>	37	2245	2245		Stone	164		17500	7	11	2	8750	7		1	99999
307738	<i18n=63666>	37	2235	2235		Stone	175		16120	7	10	2	8060	7		1	99999
307739	<i18n=62956>	37	2245	2245		Stone	164		18220	7	11	2	9110	7		1	99999
307740	<i18n=62957>	37	2255	2255		Stone	153		19800	7	12	2	9900	7		1	99999
307832	<i18n=63477>	37	863	863		Stone	197		11340	7	8	2	5670	7		1	99999											
307833	<i18n=63421>	37	873	873		Stone	186		13480	7	9	2	6740	7		1	99999											
307834	<i18n=63133>	37	2236	2236		Stone	175		15180	7	10	2	7590	7		1	99999											
307835	<i18n=63512>	37	873	873		Stone	186		13740	7	9	2	6870	7		1	99999
307836	<i18n=63722>	37	2236	2236		Stone	175		15840	7	10	2	7920	7		1	99999
307837	<i18n=63598>	37	2246	2246		Stone	164		17500	7	11	2	8750	7		1	99999
307838	<i18n=63380>	37	2236	2236		Stone	175		16120	7	10	2	8060	7		1	99999
307839	<i18n=62839>	37	2246	2246		Stone	164		18220	7	11	2	9110	7		1	99999
307840	<i18n=63008>	37	2256	2256		Stone	153		19800	7	12	2	9900	7		1	99999
307932	<i18n=63020>	37	864	864		Stone	197		11340	7	8	2	5670	7		1	99999											
307933	<i18n=62973>	37	874	874		Stone	186		13480	7	9	2	6740	7		1	99999											
307934	<i18n=63298>	37	2237	2237		Stone	175		15180	7	10	2	7590	7		1	99999											
307935	<i18n=62924>	37	874	874		Stone	186		13740	7	9	2	6870	7		1	99999
307936	<i18n=63463>	37	2237	2237		Stone	175		15840	7	10	2	7920	7		1	99999
307937	<i18n=63581>	37	2247	2247		Stone	164		17500	7	11	2	8750	7		1	99999
307938	<i18n=63257>	37	2237	2237		Stone	175		16120	7	10	2	8060	7		1	99999
307939	<i18n=63214>	37	2247	2247		Stone	164		18220	7	11	2	9110	7		1	99999
307940	<i18n=62780>	37	2257	2257		Stone	153		19800	7	12	2	9900	7		1	99999
308032	<i18n=63710>	37	865	865		Stone	197		11340	7	8	2	5670	7		1	99999											
308033	<i18n=63358>	37	875	875		Stone	186		13480	7	9	2	6740	7		1	99999											
308034	<i18n=63096>	37	2238	2238		Stone	175		15180	7	10	2	7590	7		1	99999											
308035	<i18n=63036>	37	875	875		Stone	186		13740	7	9	2	6870	7		1	99999
308036	<i18n=63612>	37	2238	2238		Stone	175		15840	7	10	2	7920	7		1	99999
308037	<i18n=63723>	37	2248	2248		Stone	164		17500	7	11	2	8750	7		1	99999
308038	<i18n=63124>	37	2238	2238		Stone	175		16120	7	10	2	8060	7		1	99999
308039	<i18n=63422>	37	2248	2248		Stone	164		18220	7	11	2	9110	7		1	99999
308040	<i18n=63086>	37	2258	2258		Stone	153		19800	7	12	2	9900	7		1	99999
308132	<i18n=62975>	37	861	861		Stone	203		11340	7	8	2	5670	7		1	99999											
308133	<i18n=63207>	37	871	871		Stone	192		13480	7	9	2	6740	7		1	99999											
308134	<i18n=62919>	37	2234	2234		Stone	181		15180	7	10	2	7590	7		1	99999											
308135	<i18n=63418>	37	871	871		Stone	192		13740	7	9	2	6870	7		1	99999
308136	<i18n=63413>	37	2234	2234		Stone	181		15840	7	10	2	7920	7		1	99999
308137	<i18n=62770>	37	2244	2244		Stone	170		17500	7	11	2	8750	7		1	99999
308138	<i18n=63419>	37	2234	2234		Stone	181		16120	7	10	2	8060	7		1	99999
308139	<i18n=63562>	37	2244	2244		Stone	170		18220	7	11	2	9110	7		1	99999
308140	<i18n=63675>	37	2254	2254		Stone	159		19800	7	12	2	9900	7		1	99999
308232	<i18n=63319>	37	862	862		Stone	203		11340	7	8	2	5670	7		1	99999											
308233	<i18n=62851>	37	872	872		Stone	192		13480	7	9	2	6740	7		1	99999											
308234	<i18n=62830>	37	2235	2235		Stone	181		15180	7	10	2	7590	7		1	99999											
308235	<i18n=62932>	37	872	872		Stone	192		13740	7	9	2	6870	7		1	99999
308236	<i18n=63206>	37	2235	2235		Stone	181		15840	7	10	2	7920	7		1	99999
308237	<i18n=63010>	37	2245	2245		Stone	170		17500	7	11	2	8750	7		1	99999
308238	<i18n=63565>	37	2235	2235		Stone	181		16120	7	10	2	8060	7		1	99999
308239	<i18n=63085>	37	2245	2245		Stone	170		18220	7	11	2	9110	7		1	99999
308240	<i18n=62994>	37	2255	2255		Stone	159		19800	7	12	2	9900	7		1	99999
308332	<i18n=63352>	37	863	863		Stone	203		11340	7	8	2	5670	7		1	99999											
308333	<i18n=63578>	37	873	873		Stone	192		13480	7	9	2	6740	7		1	99999											
308334	<i18n=63690>	37	2236	2236		Stone	181		15180	7	10	2	7590	7		1	99999											
308335	<i18n=63594>	37	873	873		Stone	192		13740	7	9	2	6870	7		1	99999
308336	<i18n=62757>	37	2236	2236		Stone	181		15840	7	10	2	7920	7		1	99999
308337	<i18n=62868>	37	2246	2246		Stone	170		17500	7	11	2	8750	7		1	99999
308338	<i18n=63641>	37	2236	2236		Stone	181		16120	7	10	2	8060	7		1	99999
308339	<i18n=63620>	37	2246	2246		Stone	170		18220	7	11	2	9110	7		1	99999
308340	<i18n=63522>	37	2256	2256		Stone	159		19800	7	12	2	9900	7		1	99999
308432	<i18n=63575>	37	864	864		Stone	203		11340	7	8	2	5670	7		1	99999											
308433	<i18n=62995>	37	874	874		Stone	192		13480	7	9	2	6740	7		1	99999											
308434	<i18n=62943>	37	2237	2237		Stone	181		15180	7	10	2	7590	7		1	99999											
308435	<i18n=62793>	37	874	874		Stone	192		13740	7	9	2	6870	7		1	99999
308436	<i18n=63409>	37	2237	2237		Stone	181		15840	7	10	2	7920	7		1	99999
308437	<i18n=63516>	37	2247	2247		Stone	170		17500	7	11	2	8750	7		1	99999
308438	<i18n=63749>	37	2237	2237		Stone	181		16120	7	10	2	8060	7		1	99999
308439	<i18n=63584>	37	2247	2247		Stone	170		18220	7	11	2	9110	7		1	99999
308440	<i18n=63057>	37	2257	2257		Stone	159		19800	7	12	2	9900	7		1	99999
308532	<i18n=63739>	37	865	865		Stone	203		11340	7	8	2	5670	7		1	99999											
308533	<i18n=63062>	37	875	875		Stone	192		13480	7	9	2	6740	7		1	99999											
308534	<i18n=63486>	37	2238	2238		Stone	181		15180	7	10	2	7590	7		1	99999											
308535	<i18n=63483>	37	875	875		Stone	192		13740	7	9	2	6870	7		1	99999
308536	<i18n=63104>	37	2238	2238		Stone	181		15840	7	10	2	7920	7		1	99999
308537	<i18n=62837>	37	2248	2248		Stone	170		17500	7	11	2	8750	7		1	99999
308538	<i18n=63429>	37	2238	2238		Stone	181		16120	7	10	2	8060	7		1	99999
308539	<i18n=62876>	37	2248	2248		Stone	170		18220	7	11	2	9110	7		1	99999
308540	<i18n=63132>	37	2258	2258		Stone	159		19800	7	12	2	9900	7		1	99999
308632	<i18n=63208>	37	861	861		Stone	200		11340	7	8	2	5670	7		1	99999											
308633	<i18n=62967>	37	871	871		Stone	189		13480	7	9	2	6740	7		1	99999											
308634	<i18n=62969>	37	2234	2234		Stone	178		15180	7	10	2	7590	7		1	99999											
308635	<i18n=63638>	37	871	871		Stone	189		13740	7	9	2	6870	7		1	99999
308636	<i18n=63435>	37	2234	2234		Stone	178		15840	7	10	2	7920	7		1	99999
308637	<i18n=63414>	37	2244	2244		Stone	167		17500	7	11	2	8750	7		1	99999
308638	<i18n=63459>	37	2234	2234		Stone	178		16120	7	10	2	8060	7		1	99999
308639	<i18n=63156>	37	2244	2244		Stone	167		18220	7	11	2	9110	7		1	99999
308640	<i18n=63337>	37	2254	2254		Stone	156		19800	7	12	2	9900	7		1	99999
308732	<i18n=62874>	37	862	862		Stone	200		11340	7	8	2	5670	7		1	99999											
308733	<i18n=63283>	37	872	872		Stone	189		13480	7	9	2	6740	7		1	99999											
308734	<i18n=63423>	37	2235	2235		Stone	178		15180	7	10	2	7590	7		1	99999											
308735	<i18n=62998>	37	872	872		Stone	189		13740	7	9	2	6870	7		1	99999
308736	<i18n=62933>	37	2235	2235		Stone	178		15840	7	10	2	7920	7		1	99999
308737	<i18n=63460>	37	2245	2245		Stone	167		17500	7	11	2	8750	7		1	99999
308738	<i18n=63444>	37	2235	2235		Stone	178		16120	7	10	2	8060	7		1	99999
308739	<i18n=63032>	37	2245	2245		Stone	167		18220	7	11	2	9110	7		1	99999
308740	<i18n=63705>	37	2255	2255		Stone	156		19800	7	12	2	9900	7		1	99999
308832	<i18n=63661>	37	863	863		Stone	200		11340	7	8	2	5670	7		1	99999											
308833	<i18n=63698>	37	873	873		Stone	189		13480	7	9	2	6740	7		1	99999											
308834	<i18n=63275>	37	2236	2236		Stone	178		15180	7	10	2	7590	7		1	99999											
308835	<i18n=63346>	37	873	873		Stone	189		13740	7	9	2	6870	7		1	99999
308836	<i18n=63259>	37	2236	2236		Stone	178		15840	7	10	2	7920	7		1	99999
308837	<i18n=63034>	37	2246	2246		Stone	167		17500	7	11	2	8750	7		1	99999
308838	<i18n=63500>	37	2236	2236		Stone	178		16120	7	10	2	8060	7		1	99999
308839	<i18n=63767>	37	2246	2246		Stone	167		18220	7	11	2	9110	7		1	99999
308840	<i18n=63591>	37	2256	2256		Stone	156		19800	7	12	2	9900	7		1	99999
308932	<i18n=63355>	37	864	864		Stone	200		11340	7	8	2	5670	7		1	99999											
308933	<i18n=63187>	37	874	874		Stone	189		13480	7	9	2	6740	7		1	99999											
308934	<i18n=63511>	37	2237	2237		Stone	178		15180	7	10	2	7590	7		1	99999											
308935	<i18n=63549>	37	874	874		Stone	189		13740	7	9	2	6870	7		1	99999
308936	<i18n=62814>	37	2237	2237		Stone	178		15840	7	10	2	7920	7		1	99999
308937	<i18n=63717>	37	2247	2247		Stone	167		17500	7	11	2	8750	7		1	99999
308938	<i18n=63420>	37	2237	2237		Stone	178		16120	7	10	2	8060	7		1	99999
308939	<i18n=62788>	37	2247	2247		Stone	167		18220	7	11	2	9110	7		1	99999
308940	<i18n=63632>	37	2257	2257		Stone	156		19800	7	12	2	9900	7		1	99999
309032	<i18n=63110>	37	865	865		Stone	200		11340	7	8	2	5670	7		1	99999
309033	<i18n=63552>	37	875	875		Stone	189		13480	7	9	2	6740	7		1	99999
309034	<i18n=63095>	37	2238	2238		Stone	178		15180	7	10	2	7590	7		1	99999
309035	<i18n=63475>	37	875	875		Stone	189		13740	7	9	2	6870	7		1	99999
309036	<i18n=63314>	37	2238	2238		Stone	178		15840	7	10	2	7920	7		1	99999
309037	<i18n=63149>	37	2248	2248		Stone	167		17500	7	11	2	8750	7		1	99999
309038	<i18n=63359>	37	2238	2238		Stone	178		16120	7	10	2	8060	7		1	99999
309039	<i18n=63225>	37	2248	2248		Stone	167		18220	7	11	2	9110	7		1	99999
309040	<i18n=63645>	37	2258	2258		Stone	156		19800	7	12	2	9900	7		1	99999
309132	<i18n=63441>	37	861	861		Stone	196		11340	7	8	2	5670	7		1	99999
309133	<i18n=62803>	37	871	871		Stone	185		13480	7	9	2	6740	7		1	99999
309134	<i18n=63341>	37	2234	2234		Stone	174		15180	7	10	2	7590	7		1	99999
309135	<i18n=63098>	37	871	871		Stone	185		13740	7	9	2	6870	7		1	99999
309136	<i18n=63262>	37	2234	2234		Stone	174		15840	7	10	2	7920	7		1	99999
309137	<i18n=62885>	37	2244	2244		Stone	163		17500	7	11	2	8750	7		1	99999
309138	<i18n=63213>	37	2234	2234		Stone	174		16120	7	10	2	8060	7		1	99999
309139	<i18n=63473>	37	2244	2244		Stone	163		18220	7	11	2	9110	7		1	99999
309140	<i18n=63639>	37	2254	2254		Stone	152		19800	7	12	2	9900	7		1	99999
309232	<i18n=63456>	37	862	862		Stone	196		11340	7	8	2	5670	7		1	99999
309233	<i18n=62877>	37	872	872		Stone	185		13480	7	9	2	6740	7		1	99999
309234	<i18n=63103>	37	2235	2235		Stone	174		15180	7	10	2	7590	7		1	99999
309235	<i18n=63218>	37	872	872		Stone	185		13740	7	9	2	6870	7		1	99999
309236	<i18n=63451>	37	2235	2235		Stone	174		15840	7	10	2	7920	7		1	99999
309237	<i18n=63134>	37	2245	2245		Stone	163		17500	7	11	2	8750	7		1	99999
309238	<i18n=63097>	37	2235	2235		Stone	174		16120	7	10	2	8060	7		1	99999
309239	<i18n=63669>	37	2245	2245		Stone	163		18220	7	11	2	9110	7		1	99999
309240	<i18n=62941>	37	2255	2255		Stone	152		19800	7	12	2	9900	7		1	99999
309332	<i18n=63764>	37	863	863		Stone	196		11340	7	8	2	5670	7		1	99999
309333	<i18n=63752>	37	873	873		Stone	185		13480	7	9	2	6740	7		1	99999
309334	<i18n=63587>	37	2236	2236		Stone	174		15180	7	10	2	7590	7		1	99999
309335	<i18n=62791>	37	873	873		Stone	185		13740	7	9	2	6870	7		1	99999
309336	<i18n=63706>	37	2236	2236		Stone	174		15840	7	10	2	7920	7		1	99999
309337	<i18n=62951>	37	2246	2246		Stone	163		17500	7	11	2	8750	7		1	99999
309338	<i18n=63532>	37	2236	2236		Stone	174		16120	7	10	2	8060	7		1	99999
309339	<i18n=62806>	37	2246	2246		Stone	163		18220	7	11	2	9110	7		1	99999
309340	<i18n=63731>	37	2256	2256		Stone	152		19800	7	12	2	9900	7		1	99999
309432	<i18n=63623>	37	864	864		Stone	196		11340	7	8	2	5670	7		1	99999
309433	<i18n=63335>	37	874	874		Stone	185		13480	7	9	2	6740	7		1	99999
309434	<i18n=62846>	37	2237	2237		Stone	174		15180	7	10	2	7590	7		1	99999
309435	<i18n=63217>	37	874	874		Stone	185		13740	7	9	2	6870	7		1	99999
309436	<i18n=62805>	37	2237	2237		Stone	174		15840	7	10	2	7920	7		1	99999
309437	<i18n=63313>	37	2247	2247		Stone	163		17500	7	11	2	8750	7		1	99999
309438	<i18n=63402>	37	2237	2237		Stone	174		16120	7	10	2	8060	7		1	99999
309439	<i18n=63268>	37	2247	2247		Stone	163		18220	7	11	2	9110	7		1	99999
309440	<i18n=63204>	37	2257	2257		Stone	152		19800	7	12	2	9900	7		1	99999
309532	<i18n=63729>	37	865	865		Stone	196		11340	7	8	2	5670	7		1	99999
309533	<i18n=63211>	37	875	875		Stone	185		13480	7	9	2	6740	7		1	99999
309534	<i18n=63492>	37	2238	2238		Stone	174		15180	7	10	2	7590	7		1	99999
309535	<i18n=63746>	37	875	875		Stone	185		13740	7	9	2	6870	7		1	99999
309536	<i18n=63302>	37	2238	2238		Stone	174		15840	7	10	2	7920	7		1	99999
309537	<i18n=63366>	37	2248	2248		Stone	163		17500	7	11	2	8750	7		1	99999
309538	<i18n=63228>	37	2238	2238		Stone	174		16120	7	10	2	8060	7		1	99999
309539	<i18n=63535>	37	2248	2248		Stone	163		18220	7	11	2	9110	7		1	99999
309540	<i18n=63038>	37	2258	2258		Stone	152		19800	7	12	2	9900	7		1	99999
309632	<i18n=63649>	37	861	861		Stone	198		11340	7	8	2	5670	7		1	99999
309633	<i18n=62815>	37	871	871		Stone	187		13480	7	9	2	6740	7		1	99999
309634	<i18n=62767>	37	2234	2234		Stone	176		15180	7	10	2	7590	7		1	99999
309635	<i18n=63012>	37	871	871		Stone	187		13740	7	9	2	6870	7		1	99999
309636	<i18n=63530>	37	2234	2234		Stone	176		15840	7	10	2	7920	7		1	99999
309637	<i18n=62929>	37	2244	2244		Stone	165		17500	7	11	2	8750	7		1	99999
309638	<i18n=63479>	37	2234	2234		Stone	176		16120	7	10	2	8060	7		1	99999
309639	<i18n=62772>	37	2244	2244		Stone	165		18220	7	11	2	9110	7		1	99999
309640	<i18n=63312>	37	2254	2254		Stone	154		19800	7	12	2	9900	7		1	99999
309732	<i18n=62860>	37	862	862		Stone	198		11340	7	8	2	5670	7		1	99999
309733	<i18n=63147>	37	872	872		Stone	187		13480	7	9	2	6740	7		1	99999
309734	<i18n=63089>	37	2235	2235		Stone	176		15180	7	10	2	7590	7		1	99999
309735	<i18n=62761>	37	872	872		Stone	187		13740	7	9	2	6870	7		1	99999
309736	<i18n=63447>	37	2235	2235		Stone	176		15840	7	10	2	7920	7		1	99999
309737	<i18n=62864>	37	2245	2245		Stone	165		17500	7	11	2	8750	7		1	99999
309738	<i18n=63009>	37	2235	2235		Stone	176		16120	7	10	2	8060	7		1	99999
309739	<i18n=63480>	37	2245	2245		Stone	165		18220	7	11	2	9110	7		1	99999
309740	<i18n=63339>	37	2255	2255		Stone	154		19800	7	12	2	9900	7		1	99999
309832	<i18n=62798>	37	863	863		Stone	198		11340	7	8	2	5670	7		1	99999
309833	<i18n=62907>	37	873	873		Stone	187		13480	7	9	2	6740	7		1	99999
309834	<i18n=63383>	37	2236	2236		Stone	176		15180	7	10	2	7590	7		1	99999
309835	<i18n=63751>	37	873	873		Stone	187		13740	7	9	2	6870	7		1	99999
309836	<i18n=63167>	37	2236	2236		Stone	176		15840	7	10	2	7920	7		1	99999
309837	<i18n=63220>	37	2246	2246		Stone	165		17500	7	11	2	8750	7		1	99999
309838	<i18n=63726>	37	2236	2236		Stone	176		16120	7	10	2	8060	7		1	99999
309839	<i18n=63029>	37	2246	2246		Stone	165		18220	7	11	2	9110	7		1	99999
309840	<i18n=63640>	37	2256	2256		Stone	154		19800	7	12	2	9900	7		1	99999
309932	<i18n=63382>	37	864	864		Stone	198		11340	7	8	2	5670	7		1	99999
309933	<i18n=63001>	37	874	874		Stone	187		13480	7	9	2	6740	7		1	99999
309934	<i18n=63282>	37	2237	2237		Stone	176		15180	7	10	2	7590	7		1	99999
309935	<i18n=63243>	37	874	874		Stone	187		13740	7	9	2	6870	7		1	99999
309936	<i18n=63487>	37	2237	2237		Stone	176		15840	7	10	2	7920	7		1	99999
309937	<i18n=63105>	37	2247	2247		Stone	165		17500	7	11	2	8750	7		1	99999
309938	<i18n=62769>	37	2237	2237		Stone	176		16120	7	10	2	8060	7		1	99999
309939	<i18n=63227>	37	2247	2247		Stone	165		18220	7	11	2	9110	7		1	99999
309940	<i18n=63743>	37	2257	2257		Stone	154		19800	7	12	2	9900	7		1	99999
310032	<i18n=62796>	37	865	865		Stone	198		11340	7	8	2	5670	7		1	99999
310033	<i18n=63075>	37	875	875		Stone	187		13480	7	9	2	6740	7		1	99999
310034	<i18n=63281>	37	2238	2238		Stone	176		15180	7	10	2	7590	7		1	99999
310035	<i18n=63239>	37	875	875		Stone	187		13740	7	9	2	6870	7		1	99999
310036	<i18n=63307>	37	2238	2238		Stone	176		15840	7	10	2	7920	7		1	99999
310037	<i18n=63146>	37	2248	2248		Stone	165		17500	7	11	2	8750	7		1	99999
310038	<i18n=62845>	37	2238	2238		Stone	176		16120	7	10	2	8060	7		1	99999
310039	<i18n=63079>	37	2248	2248		Stone	165		18220	7	11	2	9110	7		1	99999
310040	<i18n=63449>	37	2258	2258		Stone	154		19800	7	12	2	9900	7		1	99999
310132	<i18n=62766>	37	861	861		Stone	202		11340	7	8	2	5670	7		1	99999
310133	<i18n=63241>	37	871	871		Stone	191		13480	7	9	2	6740	7		1	99999
310134	<i18n=63403>	37	2234	2234		Stone	180		15180	7	10	2	7590	7		1	99999
310135	<i18n=63329>	37	871	871		Stone	191		13740	7	9	2	6870	7		1	99999
310136	<i18n=62866>	37	2234	2234		Stone	180		15840	7	10	2	7920	7		1	99999
310137	<i18n=63287>	37	2244	2244		Stone	169		17500	7	11	2	8750	7		1	99999
310138	<i18n=63745>	37	2234	2234		Stone	180		16120	7	10	2	8060	7		1	99999
310139	<i18n=63781>	37	2244	2244		Stone	169		18220	7	11	2	9110	7		1	99999
310140	<i18n=63692>	37	2254	2254		Stone	158		19800	7	12	2	9900	7		1	99999
310232	<i18n=63148>	37	862	862		Stone	202		11340	7	8	2	5670	7		1	99999
310233	<i18n=62871>	37	872	872		Stone	191		13480	7	9	2	6740	7		1	99999
310234	<i18n=63369>	37	2235	2235		Stone	180		15180	7	10	2	7590	7		1	99999
310235	<i18n=63553>	37	872	872		Stone	191		13740	7	9	2	6870	7		1	99999
310236	<i18n=63550>	37	2235	2235		Stone	180		15840	7	10	2	7920	7		1	99999
310237	<i18n=63721>	37	2245	2245		Stone	169		17500	7	11	2	8750	7		1	99999
310238	<i18n=63155>	37	2235	2235		Stone	180		16120	7	10	2	8060	7		1	99999
310239	<i18n=62790>	37	2245	2245		Stone	169		18220	7	11	2	9110	7		1	99999
310240	<i18n=63265>	37	2255	2255		Stone	158		19800	7	12	2	9900	7		1	99999
310332	<i18n=63300>	37	863	863		Stone	202		11340	7	8	2	5670	7		1	99999
310333	<i18n=63437>	37	873	873		Stone	191		13480	7	9	2	6740	7		1	99999
310334	<i18n=62771>	37	2236	2236		Stone	180		15180	7	10	2	7590	7		1	99999
310335	<i18n=63777>	37	873	873		Stone	191		13740	7	9	2	6870	7		1	99999
310336	<i18n=63430>	37	2236	2236		Stone	180		15840	7	10	2	7920	7		1	99999
310337	<i18n=63054>	37	2246	2246		Stone	169		17500	7	11	2	8750	7		1	99999
310338	<i18n=63202>	37	2236	2236		Stone	180		16120	7	10	2	8060	7		1	99999
310339	<i18n=62812>	37	2246	2246		Stone	169		18220	7	11	2	9110	7		1	99999
310340	<i18n=63484>	37	2256	2256		Stone	158		19800	7	12	2	9900	7		1	99999
310432	<i18n=62844>	37	864	864		Stone	202		11340	7	8	2	5670	7		1	99999
310433	<i18n=63502>	37	874	874		Stone	191		13480	7	9	2	6740	7		1	99999
310434	<i18n=63469>	37	2237	2237		Stone	180		15180	7	10	2	7590	7		1	99999
310435	<i18n=63428>	37	874	874		Stone	191		13740	7	9	2	6870	7		1	99999
310436	<i18n=63636>	37	2237	2237		Stone	180		15840	7	10	2	7920	7		1	99999
310437	<i18n=63047>	37	2247	2247		Stone	169		17500	7	11	2	8750	7		1	99999
310438	<i18n=63619>	37	2237	2237		Stone	180		16120	7	10	2	8060	7		1	99999
310439	<i18n=63606>	37	2247	2247		Stone	169		18220	7	11	2	9110	7		1	99999
310440	<i18n=63478>	37	2257	2257		Stone	158		19800	7	12	2	9900	7		1	99999
310532	<i18n=63694>	37	865	865		Stone	202		11340	7	8	2	5670	7		1	99999
310533	<i18n=63150>	37	875	875		Stone	191		13480	7	9	2	6740	7		1	99999
310534	<i18n=63725>	37	2238	2238		Stone	180		15180	7	10	2	7590	7		1	99999
310535	<i18n=62915>	37	875	875		Stone	191		13740	7	9	2	6870	7		1	99999
310536	<i18n=63258>	37	2238	2238		Stone	180		15840	7	10	2	7920	7		1	99999
310537	<i18n=63311>	37	2248	2248		Stone	169		17500	7	11	2	8750	7		1	99999
310538	<i18n=63295>	37	2238	2238		Stone	180		16120	7	10	2	8060	7		1	99999
310539	<i18n=63631>	37	2248	2248		Stone	169		18220	7	11	2	9110	7		1	99999
310540	<i18n=63169>	37	2258	2258		Stone	158		19800	7	12	2	9900	7		1	99999
310732	<i18n=62829>	37	865	865		Stone	202		11340	7	8	2	5670	7		1	99999
310733	<i18n=63344>	37	875	875		Stone	191		13480	7	9	2	6740	7		1	99999
310734	<i18n=62758>	37	2238	2238		Stone	180		15180	7	10	2	7590	7		1	99999
310735	<i18n=63727>	37	875	875		Stone	191		13740	7	9	2	6870	7		1	99999
310736	<i18n=62985>	37	2238	2238		Stone	180		15840	7	10	2	7920	7		1	99999
310737	<i18n=63372>	37	2248	2248		Stone	169		17500	7	11	2	8750	7		1	99999
310738	<i18n=62831>	37	2238	2238		Stone	180		16120	7	10	2	8060	7		1	99999
310739	<i18n=63755>	37	2248	2248		Stone	169		18220	7	11	2	9110	7		1	99999
310740	<i18n=63704>	37	2258	2258		Stone	158		19800	7	12	2	9900	7		1	99999
310832	<i18n=62886>	37	865	865		Stone	202		11340	7	8	2	5670	7		1	99999
310833	<i18n=63376>	37	875	875		Stone	191		13480	7	9	2	6740	7		1	99999
310834	<i18n=63513>	37	2238	2238		Stone	180		15180	7	10	2	7590	7		1	99999
310835	<i18n=63276>	37	875	875		Stone	191		13740	7	9	2	6870	7		1	99999
310836	<i18n=63493>	37	2238	2238		Stone	180		15840	7	10	2	7920	7		1	99999
310837	<i18n=63730>	37	2248	2248		Stone	169		17500	7	11	2	8750	7		1	99999
310838	<i18n=63518>	37	2238	2238		Stone	180		16120	7	10	2	8060	7		1	99999
310839	<i18n=63263>	37	2248	2248		Stone	169		18220	7	11	2	9110	7		1	99999
310840	<i18n=63168>	37	2258	2258		Stone	158		19800	7	12	2	9900	7		1	99999
