TemplateId	ComposeId	SplitId1	SplitCount1	SplitId2	SplitCount2	SplitId3	SplitCount3	Helm	Armor	Belt	Cuff	Boots	Weapon	Necklace	Ring	Pendant	Amulet	FightPower	AttribType1	Value11	Value21	Value31	AttribType2	Value12	Value22	Value32	CostCoin	Unique	ConversionId	ConversionNum
301011	301012							1	0	0	1	0	0	0	1	1	0	220	vitality_v	110	110	0					1000	0
301012	301013	301011	3					1	0	0	1	0	0	0	1	1	0	330	vitality_v	160	160	0					2000	0
301013		301012	3					1	0	0	1	0	0	0	1	1	0	480	vitality_v	240	240	0					3000	0
301014	301015							1	0	0	1	0	0	0	1	1	0	350	vitality_v	170	170	0					2000	0
301015	301016	301014	3					1	0	0	1	0	0	0	1	1	0	520	vitality_v	260	260	0					3000	0
301016		301015	3					1	0	0	1	0	0	0	1	1	0	780	vitality_v	390	390	0					4000	0
301017	301018							1	0	0	1	0	0	0	1	1	0	540	vitality_v	270	270	0					3000	0	300999	1
301018	301019	301017	3					1	0	0	1	0	0	0	1	1	0	800	vitality_v	400	400	0					4000	0
301019		301018	3					1	0	0	1	0	0	0	1	1	0	1190	vitality_v	600	600	0					5000	0
301020	301021							1	0	0	1	0	0	0	1	1	0	870	vitality_v	440	440	0					4000	0	301000	1
301021	301022	301020	3					1	0	0	1	0	0	0	1	1	0	1300	vitality_v	660	660	0					5000	0
301022		301021	3					1	0	0	1	0	0	0	1	1	0	1950	vitality_v	990	990	0					6000	0
301023	301024							1	0	0	1	0	0	0	1	1	0	1390	vitality_v	700	700	0					5000	0	301001	1
301024	301025	301023	3					1	0	0	1	0	0	0	1	1	0	2080	vitality_v	1050	1050	0					6000	0
301025		301024	3					1	0	0	1	0	0	0	1	1	0	3120	vitality_v	1370	1370	0					7000	0
301026	301027							1	0	0	1	0	0	0	1	1	0	2200	vitality_v	1100	1100	0					5000	0	301002	1
301027	301028	301026	3					1	0	0	1	0	0	0	1	1	0	2900	vitality_v	1450	1450	0					6000	0
301028		301027	3					1	0	0	1	0	0	0	1	1	0	3520	vitality_v	1760	1760	0					7000	0
301029	301030							1	0	0	1	0	0	0	1	1	0	2980	vitality_v	1490	1490	0					5000	0	301003	1
301030	301031	301029	3					1	0	0	1	0	0	0	1	1	0	3680	vitality_v	1840	1840	0					6000	0
301031		301030	3					1	0	0	1	0	0	0	1	1	0	4280	vitality_v	2140	2140	0					7000	0
301111	301112							0	0	0	0	0	1	0	0	0	0	220	strength_v	110	110	0					1000	0
301112	301113	301111	3					0	0	0	0	0	1	0	0	0	0	330	strength_v	160	160	0					2000	0
301113		301112	3					0	0	0	0	0	1	0	0	0	0	480	strength_v	240	240	0					3000	0
301114	301115							0	0	0	0	0	1	0	0	0	0	350	strength_v	170	170	0					2000	0
301115	301116	301114	3					0	0	0	0	0	1	0	0	0	0	520	strength_v	260	260	0					3000	0
301116		301115	3					0	0	0	0	0	1	0	0	0	0	780	strength_v	390	390	0					4000	0
301117	301118							0	0	0	0	0	1	0	0	0	0	540	strength_v	270	270	0					3000	0	300999	1
301118	301119	301117	3					0	0	0	0	0	1	0	0	0	0	800	strength_v	400	400	0					4000	0
301119		301118	3					0	0	0	0	0	1	0	0	0	0	1190	strength_v	600	600	0					5000	0
301120	301121							0	0	0	0	0	1	0	0	0	0	870	strength_v	440	440	0					4000	0	301000	1
301121	301122	301120	3					0	0	0	0	0	1	0	0	0	0	1300	strength_v	660	660	0					5000	0
301122		301121	3					0	0	0	0	0	1	0	0	0	0	1950	strength_v	990	990	0					6000	0
301123	301124							0	0	0	0	0	1	0	0	0	0	1390	strength_v	700	700	0					5000	0	301001	1
301124	301125	301123	3					0	0	0	0	0	1	0	0	0	0	2080	strength_v	1050	1050	0					6000	0
301125		301124	3					0	0	0	0	0	1	0	0	0	0	3120	strength_v	1370	1370	0					7000	0
301126	301127							0	0	0	0	0	1	0	0	0	0	2200	strength_v	1100	1100	0					5000	0	301002	1
301127	301128	301126	3					0	0	0	0	0	1	0	0	0	0	2900	strength_v	1450	1450	0					6000	0
301128		301127	3					0	0	0	0	0	1	0	0	0	0	3520	strength_v	1760	1760	0					7000	0
301129	301130							0	0	0	0	0	1	0	0	0	0	2980	strength_v	1490	1490	0					5000	0	301003	1
301130	301131	301129	3					0	0	0	0	0	1	0	0	0	0	3680	strength_v	1840	1840	0					6000	0
301131		301130	3					0	0	0	0	0	1	0	0	0	0	4280	strength_v	2140	2140	0					7000	0
301211	301212							0	0	1	0	1	0	1	0	0	1	220	energy_v	110	110	0					1000	0
301212	301213	301211	3					0	0	1	0	1	0	1	0	0	1	330	energy_v	160	160	0					2000	0
301213		301212	3					0	0	1	0	1	0	1	0	0	1	480	energy_v	240	240	0					3000	0
301214	301215							0	0	1	0	1	0	1	0	0	1	350	energy_v	170	170	0					2000	0
301215	301216	301214	3					0	0	1	0	1	0	1	0	0	1	520	energy_v	260	260	0					3000	0
301216		301215	3					0	0	1	0	1	0	1	0	0	1	780	energy_v	390	390	0					4000	0
301217	301218							0	0	1	0	1	0	1	0	0	1	540	energy_v	270	270	0					3000	0	300999	1
301218	301219	301217	3					0	0	1	0	1	0	1	0	0	1	800	energy_v	400	400	0					4000	0
301219		301218	3					0	0	1	0	1	0	1	0	0	1	1190	energy_v	600	600	0					5000	0
301220	301221							0	0	1	0	1	0	1	0	0	1	870	energy_v	440	440	0					4000	0	301000	1
301221	301222	301220	3					0	0	1	0	1	0	1	0	0	1	1300	energy_v	660	660	0					5000	0
301222		301221	3					0	0	1	0	1	0	1	0	0	1	1950	energy_v	990	990	0					6000	0
301223	301224							0	0	1	0	1	0	1	0	0	1	1390	energy_v	700	700	0					5000	0	301001	1
301224	301225	301223	3					0	0	1	0	1	0	1	0	0	1	2080	energy_v	1050	1050	0					6000	0
301225		301224	3					0	0	1	0	1	0	1	0	0	1	3120	energy_v	1370	1370	0					7000	0
301226	301227							0	0	1	0	1	0	1	0	0	1	2200	energy_v	1100	1100	0					5000	0	301002	1
301227	301228	301226	3					0	0	1	0	1	0	1	0	0	1	2900	energy_v	1450	1450	0					6000	0
301228		301227	3					0	0	1	0	1	0	1	0	0	1	3520	energy_v	1760	1760	0					7000	0
301229	301230							0	0	1	0	1	0	1	0	0	1	2980	energy_v	1490	1490	0					5000	0	301003	1
301230	301231	301229	3					0	0	1	0	1	0	1	0	0	1	3680	energy_v	1840	1840	0					6000	0
301231		301230	3					0	0	1	0	1	0	1	0	0	1	4280	energy_v	2140	2140	0					7000	0
301311	301312							0	1	0	0	0	0	0	0	0	0	220	dexterity_v	110	110	0					1000	0
301312	301313	301311	3					0	1	0	0	0	0	0	0	0	0	330	dexterity_v	160	160	0					2000	0
301313		301312	3					0	1	0	0	0	0	0	0	0	0	480	dexterity_v	240	240	0					3000	0
301314	301315							0	1	0	0	0	0	0	0	0	0	350	dexterity_v	170	170	0					2000	0
301315	301316	301314	3					0	1	0	0	0	0	0	0	0	0	520	dexterity_v	260	260	0					3000	0
301316		301315	3					0	1	0	0	0	0	0	0	0	0	780	dexterity_v	390	390	0					4000	0
301317	301318							0	1	0	0	0	0	0	0	0	0	540	dexterity_v	270	270	0					3000	0	300999	1
301318	301319	301317	3					0	1	0	0	0	0	0	0	0	0	800	dexterity_v	400	400	0					4000	0
301319		301318	3					0	1	0	0	0	0	0	0	0	0	1190	dexterity_v	600	600	0					5000	0
301320	301321							0	1	0	0	0	0	0	0	0	0	870	dexterity_v	440	440	0					4000	0	301000	1
301321	301322	301320	3					0	1	0	0	0	0	0	0	0	0	1300	dexterity_v	660	660	0					5000	0
301322		301321	3					0	1	0	0	0	0	0	0	0	0	1950	dexterity_v	990	990	0					6000	0
301323	301324							0	1	0	0	0	0	0	0	0	0	1390	dexterity_v	700	700	0					5000	0	301001	1
301324	301325	301323	3					0	1	0	0	0	0	0	0	0	0	2080	dexterity_v	1050	1050	0					6000	0
301325		301324	3					0	1	0	0	0	0	0	0	0	0	3120	dexterity_v	1370	1370	0					7000	0
301326	301327							0	1	0	0	0	0	0	0	0	0	2200	dexterity_v	1100	1100	0					5000	0	301002	1
301327	301328	301326	3					0	1	0	0	0	0	0	0	0	0	2900	dexterity_v	1450	1450	0					6000	0
301328		301327	3					0	1	0	0	0	0	0	0	0	0	3520	dexterity_v	1760	1760	0					7000	0
301329	301330							0	1	0	0	0	0	0	0	0	0	2980	dexterity_v	1490	1490	0					5000	0	301003	1
301330	301331	301329	3					0	1	0	0	0	0	0	0	0	0	3680	dexterity_v	1840	1840	0					6000	0
301331		301330	3					0	1	0	0	0	0	0	0	0	0	4280	dexterity_v	2140	2140	0					7000	0
301411	301412							0	0	0	0	0	1	0	0	0	0	220	steallife_v	230	230	0					1000	0
301412	301413	301411	3					0	0	0	0	0	1	0	0	0	0	330	steallife_v	340	340	0					2000	0
301413		301412	3					0	0	0	0	0	1	0	0	0	0	480	steallife_v	500	500	0					3000	0
301414	301415							0	0	0	0	0	1	0	0	0	0	350	steallife_v	360	360	0					2000	0
301415	301416	301414	3					0	0	0	0	0	1	0	0	0	0	520	steallife_v	550	550	0					3000	0
301416		301415	3					0	0	0	0	0	1	0	0	0	0	780	steallife_v	820	820	0					4000	0
301417	301418							0	0	0	0	0	1	0	0	0	0	540	steallife_v	570	570	0					3000	0	300999	1
301418	301419	301417	3					0	0	0	0	0	1	0	0	0	0	800	steallife_v	850	850	0					4000	0
301419		301418	3					0	0	0	0	0	1	0	0	0	0	1190	steallife_v	1260	1260	0					5000	0
301420	301421							0	0	0	0	0	1	0	0	0	0	870	steallife_v	920	920	0					4000	0	301000	1
301421	301422	301420	3					0	0	0	0	0	1	0	0	0	0	1300	steallife_v	1380	1380	0					5000	0
301422		301421	3					0	0	0	0	0	1	0	0	0	0	1950	steallife_v	2070	2070	0					6000	0
301423	301424							0	0	0	0	0	1	0	0	0	0	1390	steallife_v	1470	1470	0					5000	0	301001	1
301424	301425	301423	3					0	0	0	0	0	1	0	0	0	0	2080	steallife_v	2200	2200	0					6000	0
301425		301424	3					0	0	0	0	0	1	0	0	0	0	3120	steallife_v	2870	2870	0					7000	0
301426	301427							0	0	0	0	0	1	0	0	0	0	2200	steallife_v	2300	2300	0					5000	0	301002	1
301427	301428	301426	3					0	0	0	0	0	1	0	0	0	0	2900	steallife_v	3030	3030	0					6000	0
301428		301427	3					0	0	0	0	0	1	0	0	0	0	3520	steallife_v	3680	3680	0					7000	0
301429	301430							0	0	0	0	0	1	0	0	0	0	2980	steallife_v	3120	3120	0					5000	0	301003	1
301430	301431	301429	3					0	0	0	0	0	1	0	0	0	0	3680	steallife_v	3860	3860	0					6000	0
301431		301430	3					0	0	0	0	0	1	0	0	0	0	4280	steallife_v	4480	4480	0					7000	0
301511	301512							0	1	0	0	0	0	0	0	0	0	220	stealmana_v	230	230	0					1000	0
301512	301513	301511	3					0	1	0	0	0	0	0	0	0	0	330	stealmana_v	340	340	0					2000	0
301513		301512	3					0	1	0	0	0	0	0	0	0	0	480	stealmana_v	500	500	0					3000	0
301514	301515							0	1	0	0	0	0	0	0	0	0	350	stealmana_v	360	360	0					2000	0
301515	301516	301514	3					0	1	0	0	0	0	0	0	0	0	520	stealmana_v	550	550	0					3000	0
301516		301515	3					0	1	0	0	0	0	0	0	0	0	780	stealmana_v	820	820	0					4000	0
301517	301518							0	1	0	0	0	0	0	0	0	0	540	stealmana_v	570	570	0					3000	0	300999	1
301518	301519	301517	3					0	1	0	0	0	0	0	0	0	0	800	stealmana_v	850	850	0					4000	0
301519		301518	3					0	1	0	0	0	0	0	0	0	0	1190	stealmana_v	1260	1260	0					5000	0
301520	301521							0	1	0	0	0	0	0	0	0	0	870	stealmana_v	920	920	0					4000	0	301000	1
301521	301522	301520	3					0	1	0	0	0	0	0	0	0	0	1300	stealmana_v	1380	1380	0					5000	0
301522		301521	3					0	1	0	0	0	0	0	0	0	0	1950	stealmana_v	2070	2070	0					6000	0
301523	301524							0	1	0	0	0	0	0	0	0	0	1390	stealmana_v	1470	1470	0					5000	0	301001	1
301524	301525	301523	3					0	1	0	0	0	0	0	0	0	0	2080	stealmana_v	2200	2200	0					6000	0
301525		301524	3					0	1	0	0	0	0	0	0	0	0	3120	stealmana_v	2870	2870	0					7000	0
301526	301527							0	1	0	0	0	0	0	0	0	0	2200	stealmana_v	2300	2300	0					5000	0	301002	1
301527	301528	301526	3					0	1	0	0	0	0	0	0	0	0	2900	stealmana_v	3030	3030	0					6000	0
301528		301527	3					0	1	0	0	0	0	0	0	0	0	3520	stealmana_v	3680	3680	0					7000	0
301529	301530							0	1	0	0	0	0	0	0	0	0	2980	stealmana_v	3120	3120	0					5000	0	301003	1
301530	301531	301529	3					0	1	0	0	0	0	0	0	0	0	3680	stealmana_v	3860	3860	0					6000	0
301531		301530	3					0	1	0	0	0	0	0	0	0	0	4280	stealmana_v	4480	4480	0					7000	0
301611	301612							1	0	0	0	0	0	0	0	1	0	220	deadlystrike_v	110	110	0					1000	0
301612	301613	301611	3					1	0	0	0	0	0	0	0	1	0	330	deadlystrike_v	160	160	0					2000	0
301613		301612	3					1	0	0	0	0	0	0	0	1	0	480	deadlystrike_v	240	240	0					3000	0
301614	301615							1	0	0	0	0	0	0	0	1	0	350	deadlystrike_v	170	170	0					2000	0
301615	301616	301614	3					1	0	0	0	0	0	0	0	1	0	520	deadlystrike_v	260	260	0					3000	0
301616		301615	3					1	0	0	0	0	0	0	0	1	0	780	deadlystrike_v	390	390	0					4000	0
301617	301618							1	0	0	0	0	0	0	0	1	0	540	deadlystrike_v	270	270	0					3000	0	300999	1
301618	301619	301617	3					1	0	0	0	0	0	0	0	1	0	800	deadlystrike_v	400	400	0					4000	0
301619		301618	3					1	0	0	0	0	0	0	0	1	0	1190	deadlystrike_v	600	600	0					5000	0
301620	301621							1	0	0	0	0	0	0	0	1	0	870	deadlystrike_v	440	440	0					4000	0	301000	1
301621	301622	301620	3					1	0	0	0	0	0	0	0	1	0	1300	deadlystrike_v	660	660	0					5000	0
301622		301621	3					1	0	0	0	0	0	0	0	1	0	1950	deadlystrike_v	990	990	0					6000	0
301623	301624							1	0	0	0	0	0	0	0	1	0	1390	deadlystrike_v	700	700	0					5000	0	301001	1
301624	301625	301623	3					1	0	0	0	0	0	0	0	1	0	2080	deadlystrike_v	1050	1050	0					6000	0
301625		301624	3					1	0	0	0	0	0	0	0	1	0	3120	deadlystrike_v	1370	1370	0					7000	0
301626	301627							1	0	0	0	0	0	0	0	1	0	2200	deadlystrike_v	1100	1100	0					5000	0	301002	1
301627	301628	301626	3					1	0	0	0	0	0	0	0	1	0	2900	deadlystrike_v	1450	1450	0					6000	0
301628		301627	3					1	0	0	0	0	0	0	0	1	0	3520	deadlystrike_v	1760	1760	0					7000	0
301629	301630							1	0	0	0	0	0	0	0	1	0	2980	deadlystrike_v	1490	1490	0					5000	0	301003	1
301630	301631	301629	3					1	0	0	0	0	0	0	0	1	0	3680	deadlystrike_v	1840	1840	0					6000	0
301631		301630	3					1	0	0	0	0	0	0	0	1	0	4280	deadlystrike_v	2140	2140	0					7000	0
301711	301712							0	0	1	0	0	0	1	0	0	0	220	weaken_deadlystrike_v	110	110	0					1000	0
301712	301713	301711	3					0	0	1	0	0	0	1	0	0	0	330	weaken_deadlystrike_v	160	160	0					2000	0
301713		301712	3					0	0	1	0	0	0	1	0	0	0	480	weaken_deadlystrike_v	240	240	0					3000	0
301714	301715							0	0	1	0	0	0	1	0	0	0	350	weaken_deadlystrike_v	170	170	0					2000	0
301715	301716	301714	3					0	0	1	0	0	0	1	0	0	0	520	weaken_deadlystrike_v	260	260	0					3000	0
301716		301715	3					0	0	1	0	0	0	1	0	0	0	780	weaken_deadlystrike_v	390	390	0					4000	0
301717	301718							0	0	1	0	0	0	1	0	0	0	540	weaken_deadlystrike_v	270	270	0					3000	0	300999	1
301718	301719	301717	3					0	0	1	0	0	0	1	0	0	0	800	weaken_deadlystrike_v	400	400	0					4000	0
301719		301718	3					0	0	1	0	0	0	1	0	0	0	1190	weaken_deadlystrike_v	600	600	0					5000	0
301720	301721							0	0	1	0	0	0	1	0	0	0	870	weaken_deadlystrike_v	440	440	0					4000	0	301000	1
301721	301722	301720	3					0	0	1	0	0	0	1	0	0	0	1300	weaken_deadlystrike_v	660	660	0					5000	0
301722		301721	3					0	0	1	0	0	0	1	0	0	0	1950	weaken_deadlystrike_v	990	990	0					6000	0
301723	301724							0	0	1	0	0	0	1	0	0	0	1390	weaken_deadlystrike_v	700	700	0					5000	0	301001	1
301724	301725	301723	3					0	0	1	0	0	0	1	0	0	0	2080	weaken_deadlystrike_v	1050	1050	0					6000	0
301725		301724	3					0	0	1	0	0	0	1	0	0	0	3120	weaken_deadlystrike_v	1370	1370	0					7000	0
301726	301727							0	0	1	0	0	0	1	0	0	0	2200	weaken_deadlystrike_v	1100	1100	0					5000	0	301002	1
301727	301728	301726	3					0	0	1	0	0	0	1	0	0	0	2900	weaken_deadlystrike_v	1450	1450	0					6000	0
301728		301727	3					0	0	1	0	0	0	1	0	0	0	3520	weaken_deadlystrike_v	1760	1760	0					7000	0
301729	301730							0	0	1	0	0	0	1	0	0	0	2980	weaken_deadlystrike_v	1490	1490	0					5000	0	301003	1
301730	301731	301729	3					0	0	1	0	0	0	1	0	0	0	3680	weaken_deadlystrike_v	1840	1840	0					6000	0
301731		301730	3					0	0	1	0	0	0	1	0	0	0	4280	weaken_deadlystrike_v	2140	2140	0					7000	0
301811	301812							0	0	0	1	0	0	0	1	0	0	220	deadlystrike_damage_v	110	110	0					1000	0
301812	301813	301811	3					0	0	0	1	0	0	0	1	0	0	330	deadlystrike_damage_v	160	160	0					2000	0
301813		301812	3					0	0	0	1	0	0	0	1	0	0	480	deadlystrike_damage_v	240	240	0					3000	0
301814	301815							0	0	0	1	0	0	0	1	0	0	350	deadlystrike_damage_v	170	170	0					2000	0
301815	301816	301814	3					0	0	0	1	0	0	0	1	0	0	520	deadlystrike_damage_v	260	260	0					3000	0
301816		301815	3					0	0	0	1	0	0	0	1	0	0	780	deadlystrike_damage_v	390	390	0					4000	0
301817	301818							0	0	0	1	0	0	0	1	0	0	540	deadlystrike_damage_v	270	270	0					3000	0	300999	1
301818	301819	301817	3					0	0	0	1	0	0	0	1	0	0	800	deadlystrike_damage_v	400	400	0					4000	0
301819		301818	3					0	0	0	1	0	0	0	1	0	0	1190	deadlystrike_damage_v	600	600	0					5000	0
301820	301821							0	0	0	1	0	0	0	1	0	0	870	deadlystrike_damage_v	440	440	0					4000	0	301000	1
301821	301822	301820	3					0	0	0	1	0	0	0	1	0	0	1300	deadlystrike_damage_v	660	660	0					5000	0
301822		301821	3					0	0	0	1	0	0	0	1	0	0	1950	deadlystrike_damage_v	990	990	0					6000	0
301823	301824							0	0	0	1	0	0	0	1	0	0	1390	deadlystrike_damage_v	700	700	0					5000	0	301001	1
301824	301825	301823	3					0	0	0	1	0	0	0	1	0	0	2080	deadlystrike_damage_v	1050	1050	0					6000	0
301825		301824	3					0	0	0	1	0	0	0	1	0	0	3120	deadlystrike_damage_v	1370	1370	0					7000	0
301826	301827							0	0	0	1	0	0	0	1	0	0	2200	deadlystrike_damage_v	1100	1100	0					5000	0	301002	1
301827	301828	301826	3					0	0	0	1	0	0	0	1	0	0	2900	deadlystrike_damage_v	1450	1450	0					6000	0
301828		301827	3					0	0	0	1	0	0	0	1	0	0	3520	deadlystrike_damage_v	1760	1760	0					7000	0
301829	301830							0	0	0	1	0	0	0	1	0	0	2980	deadlystrike_damage_v	1490	1490	0					5000	0	301003	1
301830	301831	301829	3					0	0	0	1	0	0	0	1	0	0	3680	deadlystrike_damage_v	1840	1840	0					6000	0
301831		301830	3					0	0	0	1	0	0	0	1	0	0	4280	deadlystrike_damage_v	2140	2140	0					7000	0
301911	301912							0	0	0	0	1	0	0	0	0	1	220	weaken_deadlystrike_damage_v	110	110	0					1000	0
301912	301913	301911	3					0	0	0	0	1	0	0	0	0	1	330	weaken_deadlystrike_damage_v	160	160	0					2000	0
301913		301912	3					0	0	0	0	1	0	0	0	0	1	480	weaken_deadlystrike_damage_v	240	240	0					3000	0
301914	301915							0	0	0	0	1	0	0	0	0	1	350	weaken_deadlystrike_damage_v	170	170	0					2000	0
301915	301916	301914	3					0	0	0	0	1	0	0	0	0	1	520	weaken_deadlystrike_damage_v	260	260	0					3000	0
301916		301915	3					0	0	0	0	1	0	0	0	0	1	780	weaken_deadlystrike_damage_v	390	390	0					4000	0
301917	301918							0	0	0	0	1	0	0	0	0	1	540	weaken_deadlystrike_damage_v	270	270	0					3000	0	300999	1
301918	301919	301917	3					0	0	0	0	1	0	0	0	0	1	800	weaken_deadlystrike_damage_v	400	400	0					4000	0
301919		301918	3					0	0	0	0	1	0	0	0	0	1	1190	weaken_deadlystrike_damage_v	600	600	0					5000	0
301920	301921							0	0	0	0	1	0	0	0	0	1	870	weaken_deadlystrike_damage_v	440	440	0					4000	0	301000	1
301921	301922	301920	3					0	0	0	0	1	0	0	0	0	1	1300	weaken_deadlystrike_damage_v	660	660	0					5000	0
301922		301921	3					0	0	0	0	1	0	0	0	0	1	1950	weaken_deadlystrike_damage_v	990	990	0					6000	0
301923	301924							0	0	0	0	1	0	0	0	0	1	1390	weaken_deadlystrike_damage_v	700	700	0					5000	0	301001	1
301924	301925	301923	3					0	0	0	0	1	0	0	0	0	1	2080	weaken_deadlystrike_damage_v	1050	1050	0					6000	0
301925		301924	3					0	0	0	0	1	0	0	0	0	1	3120	weaken_deadlystrike_damage_v	1370	1370	0					7000	0
301926	301927							0	0	0	0	1	0	0	0	0	1	2200	weaken_deadlystrike_damage_v	1100	1100	0					5000	0	301002	1
301927	301928	301926	3					0	0	0	0	1	0	0	0	0	1	2900	weaken_deadlystrike_damage_v	1450	1450	0					6000	0
301928		301927	3					0	0	0	0	1	0	0	0	0	1	3520	weaken_deadlystrike_damage_v	1760	1760	0					7000	0
301929	301930							0	0	0	0	1	0	0	0	0	1	2980	weaken_deadlystrike_damage_v	1490	1490	0					5000	0	301003	1
301930	301931	301929	3					0	0	0	0	1	0	0	0	0	1	3680	weaken_deadlystrike_damage_v	1840	1840	0					6000	0
301931		301930	3					0	0	0	0	1	0	0	0	0	1	4280	weaken_deadlystrike_damage_v	2140	2140	0					7000	0
302011	302012							1	0	0	0	0	0	0	0	0	0	220	lifemax_v	2250	2250	0					1000	0
302012	302013	302011	3					1	0	0	0	0	0	0	0	0	0	330	lifemax_v	3370	3370	0					2000	0
302013		302012	3					1	0	0	0	0	0	0	0	0	0	480	lifemax_v	4950	4950	0					3000	0
302014	302015							1	0	0	0	0	0	0	0	0	0	350	lifemax_v	3600	3600	0					2000	0
302015	302016	302014	3					1	0	0	0	0	0	0	0	0	0	520	lifemax_v	5400	5400	0					3000	0
302016		302015	3					1	0	0	0	0	0	0	0	0	0	780	lifemax_v	8100	8100	0					4000	0
302017	302018							1	0	0	0	0	0	0	0	0	0	540	lifemax_v	5620	5620	0					3000	0	300999	1
302018	302019	302017	3					1	0	0	0	0	0	0	0	0	0	800	lifemax_v	8320	8320	0					4000	0
302019		302018	3					1	0	0	0	0	0	0	0	0	0	1190	lifemax_v	12370	12370	0					5000	0
302020	302021							1	0	0	0	0	0	0	0	0	0	870	lifemax_v	9000	9000	0					4000	0	301000	1
302021	302022	302020	3					1	0	0	0	0	0	0	0	0	0	1300	lifemax_v	13500	13500	0					5000	0
302022		302021	3					1	0	0	0	0	0	0	0	0	0	1950	lifemax_v	20250	20250	0					6000	0
302023	302024							1	0	0	0	0	0	0	0	0	0	1390	lifemax_v	14400	14400	0					5000	0	301001	1
302024	302025	302023	3					1	0	0	0	0	0	0	0	0	0	2080	lifemax_v	21600	21600	0					6000	0
302025		302024	3					1	0	0	0	0	0	0	0	0	0	3120	lifemax_v	28120	28120	0					7000	0
302026	302027							1	0	0	0	0	0	0	0	0	0	2200	lifemax_v	22500	22500	0					5000	0	301002	1
302027	302028	302026	3					1	0	0	0	0	0	0	0	0	0	2900	lifemax_v	29700	29700	0					6000	0
302028		302027	3					1	0	0	0	0	0	0	0	0	0	3520	lifemax_v	36000	36000	0					7000	0
302029	302030							1	0	0	0	0	0	0	0	0	0	2980	lifemax_v	30600	30600	0					5000	0	301003	1
302030	302031	302029	3					1	0	0	0	0	0	0	0	0	0	3680	lifemax_v	37800	37800	0					6000	0
302031		302030	3					1	0	0	0	0	0	0	0	0	0	4280	lifemax_v	43870	43870	0					7000	0
302111	302112							0	0	1	0	0	0	0	0	0	0	220	recover_life_v	110	90	0					1000	0
302112	302113	302111	3					0	0	1	0	0	0	0	0	0	0	330	recover_life_v	160	90	0					2000	0
302113		302112	3					0	0	1	0	0	0	0	0	0	0	480	recover_life_v	240	90	0					3000	0
302114	302115							0	0	1	0	0	0	0	0	0	0	350	recover_life_v	170	90	0					2000	0
302115	302116	302114	3					0	0	1	0	0	0	0	0	0	0	520	recover_life_v	260	90	0					3000	0
302116		302115	3					0	0	1	0	0	0	0	0	0	0	780	recover_life_v	390	90	0					4000	0
302117	302118							0	0	1	0	0	0	0	0	0	0	540	recover_life_v	270	90	0					3000	0	300999	1
302118	302119	302117	3					0	0	1	0	0	0	0	0	0	0	800	recover_life_v	400	90	0					4000	0
302119		302118	3					0	0	1	0	0	0	0	0	0	0	1190	recover_life_v	600	90	0					5000	0
302120	302121							0	0	1	0	0	0	0	0	0	0	870	recover_life_v	440	90	0					4000	0	301000	1
302121	302122	302120	3					0	0	1	0	0	0	0	0	0	0	1300	recover_life_v	660	90	0					5000	0
302122		302121	3					0	0	1	0	0	0	0	0	0	0	1950	recover_life_v	990	90	0					6000	0
302123	302124							0	0	1	0	0	0	0	0	0	0	1390	recover_life_v	700	90	0					5000	0	301001	1
302124	302125	302123	3					0	0	1	0	0	0	0	0	0	0	2080	recover_life_v	1050	90	0					6000	0
302125		302124	3					0	0	1	0	0	0	0	0	0	0	3120	recover_life_v	1370	90	0					7000	0
302126	302127							0	0	1	0	0	0	0	0	0	0	2200	recover_life_v	1100	90	0					5000	0	301002	1
302127	302128	302126	3					0	0	1	0	0	0	0	0	0	0	2900	recover_life_v	1450	90	0					6000	0
302128		302127	3					0	0	1	0	0	0	0	0	0	0	3520	recover_life_v	1760	90	0					7000	0
302129	302130							0	0	1	0	0	0	0	0	0	0	2980	recover_life_v	1490	90	0					5000	0	301003	1
302130	302131	302129	3					0	0	1	0	0	0	0	0	0	0	3680	recover_life_v	1840	90	0					6000	0
302131		302130	3					0	0	1	0	0	0	0	0	0	0	4280	recover_life_v	2140	90	0					7000	0
302211	302212							0	0	0	0	0	0	0	0	1	0	220	attackrating_v	110	110	0					1000	0
302212	302213	302211	3					0	0	0	0	0	0	0	0	1	0	330	attackrating_v	160	160	0					2000	0
302213		302212	3					0	0	0	0	0	0	0	0	1	0	480	attackrating_v	240	240	0					3000	0
302214	302215							0	0	0	0	0	0	0	0	1	0	350	attackrating_v	170	170	0					2000	0
302215	302216	302214	3					0	0	0	0	0	0	0	0	1	0	520	attackrating_v	260	260	0					3000	0
302216		302215	3					0	0	0	0	0	0	0	0	1	0	780	attackrating_v	390	390	0					4000	0
302217	302218							0	0	0	0	0	0	0	0	1	0	540	attackrating_v	270	270	0					3000	0	300999	1
302218	302219	302217	3					0	0	0	0	0	0	0	0	1	0	800	attackrating_v	400	400	0					4000	0
302219		302218	3					0	0	0	0	0	0	0	0	1	0	1190	attackrating_v	600	600	0					5000	0
302220	302221							0	0	0	0	0	0	0	0	1	0	870	attackrating_v	440	440	0					4000	0	301000	1
302221	302222	302220	3					0	0	0	0	0	0	0	0	1	0	1300	attackrating_v	660	660	0					5000	0
302222		302221	3					0	0	0	0	0	0	0	0	1	0	1950	attackrating_v	990	990	0					6000	0
302223	302224							0	0	0	0	0	0	0	0	1	0	1390	attackrating_v	700	700	0					5000	0	301001	1
302224	302225	302223	3					0	0	0	0	0	0	0	0	1	0	2080	attackrating_v	1050	1050	0					6000	0
302225		302224	3					0	0	0	0	0	0	0	0	1	0	3120	attackrating_v	1370	1370	0					7000	0
302226	302227							0	0	0	0	0	0	0	0	1	0	2200	attackrating_v	1100	1100	0					5000	0	301002	1
302227	302228	302226	3					0	0	0	0	0	0	0	0	1	0	2900	attackrating_v	1450	1450	0					6000	0
302228		302227	3					0	0	0	0	0	0	0	0	1	0	3520	attackrating_v	1760	1760	0					7000	0
302229	302230							0	0	0	0	0	0	0	0	1	0	2980	attackrating_v	1490	1490	0					5000	0	301003	1
302230	302231	302229	3					0	0	0	0	0	0	0	0	1	0	3680	attackrating_v	1840	1840	0					6000	0
302231		302230	3					0	0	0	0	0	0	0	0	1	0	4280	attackrating_v	2140	2140	0					7000	0
302311	302312							0	0	0	0	0	0	1	0	0	0	220	defense_v	110	110	0					1000	0
302312	302313	302311	3					0	0	0	0	0	0	1	0	0	0	330	defense_v	160	160	0					2000	0
302313		302312	3					0	0	0	0	0	0	1	0	0	0	480	defense_v	240	240	0					3000	0
302314	302315							0	0	0	0	0	0	1	0	0	0	350	defense_v	170	170	0					2000	0
302315	302316	302314	3					0	0	0	0	0	0	1	0	0	0	520	defense_v	260	260	0					3000	0
302316		302315	3					0	0	0	0	0	0	1	0	0	0	780	defense_v	390	390	0					4000	0
302317	302318							0	0	0	0	0	0	1	0	0	0	540	defense_v	270	270	0					3000	0	300999	1
302318	302319	302317	3					0	0	0	0	0	0	1	0	0	0	800	defense_v	400	400	0					4000	0
302319		302318	3					0	0	0	0	0	0	1	0	0	0	1190	defense_v	600	600	0					5000	0
302320	302321							0	0	0	0	0	0	1	0	0	0	870	defense_v	440	440	0					4000	0	301000	1
302321	302322	302320	3					0	0	0	0	0	0	1	0	0	0	1300	defense_v	660	660	0					5000	0
302322		302321	3					0	0	0	0	0	0	1	0	0	0	1950	defense_v	990	990	0					6000	0
302323	302324							0	0	0	0	0	0	1	0	0	0	1390	defense_v	700	700	0					5000	0	301001	1
302324	302325	302323	3					0	0	0	0	0	0	1	0	0	0	2080	defense_v	1050	1050	0					6000	0
302325		302324	3					0	0	0	0	0	0	1	0	0	0	3120	defense_v	1370	1370	0					7000	0
302326	302327							0	0	0	0	0	0	1	0	0	0	2200	defense_v	1100	1100	0					5000	0	301002	1
302327	302328	302326	3					0	0	0	0	0	0	1	0	0	0	2900	defense_v	1450	1450	0					6000	0
302328		302327	3					0	0	0	0	0	0	1	0	0	0	3520	defense_v	1760	1760	0					7000	0
302329	302330							0	0	0	0	0	0	1	0	0	0	2980	defense_v	1490	1490	0					5000	0	301003	1
302330	302331	302329	3					0	0	0	0	0	0	1	0	0	0	3680	defense_v	1840	1840	0					6000	0
302331		302330	3					0	0	0	0	0	0	1	0	0	0	4280	defense_v	2140	2140	0					7000	0
302411	302412							0	0	0	0	0	1	0	0	0	0	220	energy_earthdamage_v	110	110	0					1000	0
302412	302413	302411	3					0	0	0	0	0	1	0	0	0	0	330	energy_earthdamage_v	160	160	0					2000	0
302413		302412	3					0	0	0	0	0	1	0	0	0	0	480	energy_earthdamage_v	240	240	0					3000	0
302414	302415							0	0	0	0	0	1	0	0	0	0	350	energy_earthdamage_v	170	170	0					2000	0
302415	302416	302414	3					0	0	0	0	0	1	0	0	0	0	520	energy_earthdamage_v	260	260	0					3000	0
302416		302415	3					0	0	0	0	0	1	0	0	0	0	780	energy_earthdamage_v	390	390	0					4000	0
302417	302418							0	0	0	0	0	1	0	0	0	0	540	energy_earthdamage_v	270	270	0					3000	0	300999	1
302418	302419	302417	3					0	0	0	0	0	1	0	0	0	0	800	energy_earthdamage_v	400	400	0					4000	0
302419		302418	3					0	0	0	0	0	1	0	0	0	0	1190	energy_earthdamage_v	600	600	0					5000	0
302420	302421							0	0	0	0	0	1	0	0	0	0	870	energy_earthdamage_v	440	440	0					4000	0	301000	1
302421	302422	302420	3					0	0	0	0	0	1	0	0	0	0	1300	energy_earthdamage_v	660	660	0					5000	0
302422		302421	3					0	0	0	0	0	1	0	0	0	0	1950	energy_earthdamage_v	990	990	0					6000	0
302423	302424							0	0	0	0	0	1	0	0	0	0	1390	energy_earthdamage_v	700	700	0					5000	0	301001	1
302424	302425	302423	3					0	0	0	0	0	1	0	0	0	0	2080	energy_earthdamage_v	1050	1050	0					6000	0
302425		302424	3					0	0	0	0	0	1	0	0	0	0	3120	energy_earthdamage_v	1370	1370	0					7000	0
302426	302427							0	0	0	0	0	1	0	0	0	0	2200	energy_earthdamage_v	1100	1100	0					5000	0	301002	1
302427	302428	302426	3					0	0	0	0	0	1	0	0	0	0	2900	energy_earthdamage_v	1450	1450	0					6000	0
302428		302427	3					0	0	0	0	0	1	0	0	0	0	3520	energy_earthdamage_v	1760	1760	0					7000	0
302429	302430							0	0	0	0	0	1	0	0	0	0	2980	energy_earthdamage_v	1490	1490	0					5000	0	301003	1
302430	302431	302429	3					0	0	0	0	0	1	0	0	0	0	3680	energy_earthdamage_v	1840	1840	0					6000	0
302431		302430	3					0	0	0	0	0	1	0	0	0	0	4280	energy_earthdamage_v	2140	2140	0					7000	0
302511	302512							1	0	0	0	0	0	0	0	0	0	220	energy_firedamage_v	110	110	0					1000	0
302512	302513	302511	3					1	0	0	0	0	0	0	0	0	0	330	energy_firedamage_v	160	160	0					2000	0
302513		302512	3					1	0	0	0	0	0	0	0	0	0	480	energy_firedamage_v	240	240	0					3000	0
302514	302515							1	0	0	0	0	0	0	0	0	0	350	energy_firedamage_v	170	170	0					2000	0
302515	302516	302514	3					1	0	0	0	0	0	0	0	0	0	520	energy_firedamage_v	260	260	0					3000	0
302516		302515	3					1	0	0	0	0	0	0	0	0	0	780	energy_firedamage_v	390	390	0					4000	0
302517	302518							1	0	0	0	0	0	0	0	0	0	540	energy_firedamage_v	270	270	0					3000	0	300999	1
302518	302519	302517	3					1	0	0	0	0	0	0	0	0	0	800	energy_firedamage_v	400	400	0					4000	0
302519		302518	3					1	0	0	0	0	0	0	0	0	0	1190	energy_firedamage_v	600	600	0					5000	0
302520	302521							1	0	0	0	0	0	0	0	0	0	870	energy_firedamage_v	440	440	0					4000	0	301000	1
302521	302522	302520	3					1	0	0	0	0	0	0	0	0	0	1300	energy_firedamage_v	660	660	0					5000	0
302522		302521	3					1	0	0	0	0	0	0	0	0	0	1950	energy_firedamage_v	990	990	0					6000	0
302523	302524							1	0	0	0	0	0	0	0	0	0	1390	energy_firedamage_v	700	700	0					5000	0	301001	1
302524	302525	302523	3					1	0	0	0	0	0	0	0	0	0	2080	energy_firedamage_v	1050	1050	0					6000	0
302525		302524	3					1	0	0	0	0	0	0	0	0	0	3120	energy_firedamage_v	1370	1370	0					7000	0
302526	302527							1	0	0	0	0	0	0	0	0	0	2200	energy_firedamage_v	1100	1100	0					5000	0	301002	1
302527	302528	302526	3					1	0	0	0	0	0	0	0	0	0	2900	energy_firedamage_v	1450	1450	0					6000	0
302528		302527	3					1	0	0	0	0	0	0	0	0	0	3520	energy_firedamage_v	1760	1760	0					7000	0
302529	302530							1	0	0	0	0	0	0	0	0	0	2980	energy_firedamage_v	1490	1490	0					5000	0	301003	1
302530	302531	302529	3					1	0	0	0	0	0	0	0	0	0	3680	energy_firedamage_v	1840	1840	0					6000	0
302531		302530	3					1	0	0	0	0	0	0	0	0	0	4280	energy_firedamage_v	2140	2140	0					7000	0
302611	302612							0	0	1	0	0	0	0	0	0	0	220	energy_metaldamage_v	110	110	0					1000	0
302612	302613	302611	3					0	0	1	0	0	0	0	0	0	0	330	energy_metaldamage_v	160	160	0					2000	0
302613		302612	3					0	0	1	0	0	0	0	0	0	0	480	energy_metaldamage_v	240	240	0					3000	0
302614	302615							0	0	1	0	0	0	0	0	0	0	350	energy_metaldamage_v	170	170	0					2000	0
302615	302616	302614	3					0	0	1	0	0	0	0	0	0	0	520	energy_metaldamage_v	260	260	0					3000	0
302616		302615	3					0	0	1	0	0	0	0	0	0	0	780	energy_metaldamage_v	390	390	0					4000	0
302617	302618							0	0	1	0	0	0	0	0	0	0	540	energy_metaldamage_v	270	270	0					3000	0	300999	1
302618	302619	302617	3					0	0	1	0	0	0	0	0	0	0	800	energy_metaldamage_v	400	400	0					4000	0
302619		302618	3					0	0	1	0	0	0	0	0	0	0	1190	energy_metaldamage_v	600	600	0					5000	0
302620	302621							0	0	1	0	0	0	0	0	0	0	870	energy_metaldamage_v	440	440	0					4000	0	301000	1
302621	302622	302620	3					0	0	1	0	0	0	0	0	0	0	1300	energy_metaldamage_v	660	660	0					5000	0
302622		302621	3					0	0	1	0	0	0	0	0	0	0	1950	energy_metaldamage_v	990	990	0					6000	0
302623	302624							0	0	1	0	0	0	0	0	0	0	1390	energy_metaldamage_v	700	700	0					5000	0	301001	1
302624	302625	302623	3					0	0	1	0	0	0	0	0	0	0	2080	energy_metaldamage_v	1050	1050	0					6000	0
302625		302624	3					0	0	1	0	0	0	0	0	0	0	3120	energy_metaldamage_v	1370	1370	0					7000	0
302626	302627							0	0	1	0	0	0	0	0	0	0	2200	energy_metaldamage_v	1100	1100	0					5000	0	301002	1
302627	302628	302626	3					0	0	1	0	0	0	0	0	0	0	2900	energy_metaldamage_v	1450	1450	0					6000	0
302628		302627	3					0	0	1	0	0	0	0	0	0	0	3520	energy_metaldamage_v	1760	1760	0					7000	0
302629	302630							0	0	1	0	0	0	0	0	0	0	2980	energy_metaldamage_v	1490	1490	0					5000	0	301003	1
302630	302631	302629	3					0	0	1	0	0	0	0	0	0	0	3680	energy_metaldamage_v	1840	1840	0					6000	0
302631		302630	3					0	0	1	0	0	0	0	0	0	0	4280	energy_metaldamage_v	2140	2140	0					7000	0
302711	302712							0	0	0	1	0	0	0	0	0	0	220	energy_waterdamage_v	110	110	0					1000	0
302712	302713	302711	3					0	0	0	1	0	0	0	0	0	0	330	energy_waterdamage_v	160	160	0					2000	0
302713		302712	3					0	0	0	1	0	0	0	0	0	0	480	energy_waterdamage_v	240	240	0					3000	0
302714	302715							0	0	0	1	0	0	0	0	0	0	350	energy_waterdamage_v	170	170	0					2000	0
302715	302716	302714	3					0	0	0	1	0	0	0	0	0	0	520	energy_waterdamage_v	260	260	0					3000	0
302716		302715	3					0	0	0	1	0	0	0	0	0	0	780	energy_waterdamage_v	390	390	0					4000	0
302717	302718							0	0	0	1	0	0	0	0	0	0	540	energy_waterdamage_v	270	270	0					3000	0	300999	1
302718	302719	302717	3					0	0	0	1	0	0	0	0	0	0	800	energy_waterdamage_v	400	400	0					4000	0
302719		302718	3					0	0	0	1	0	0	0	0	0	0	1190	energy_waterdamage_v	600	600	0					5000	0
302720	302721							0	0	0	1	0	0	0	0	0	0	870	energy_waterdamage_v	440	440	0					4000	0	301000	1
302721	302722	302720	3					0	0	0	1	0	0	0	0	0	0	1300	energy_waterdamage_v	660	660	0					5000	0
302722		302721	3					0	0	0	1	0	0	0	0	0	0	1950	energy_waterdamage_v	990	990	0					6000	0
302723	302724							0	0	0	1	0	0	0	0	0	0	1390	energy_waterdamage_v	700	700	0					5000	0	301001	1
302724	302725	302723	3					0	0	0	1	0	0	0	0	0	0	2080	energy_waterdamage_v	1050	1050	0					6000	0
302725		302724	3					0	0	0	1	0	0	0	0	0	0	3120	energy_waterdamage_v	1370	1370	0					7000	0
302726	302727							0	0	0	1	0	0	0	0	0	0	2200	energy_waterdamage_v	1100	1100	0					5000	0	301002	1
302727	302728	302726	3					0	0	0	1	0	0	0	0	0	0	2900	energy_waterdamage_v	1450	1450	0					6000	0
302728		302727	3					0	0	0	1	0	0	0	0	0	0	3520	energy_waterdamage_v	1760	1760	0					7000	0
302729	302730							0	0	0	1	0	0	0	0	0	0	2980	energy_waterdamage_v	1490	1490	0					5000	0	301003	1
302730	302731	302729	3					0	0	0	1	0	0	0	0	0	0	3680	energy_waterdamage_v	1840	1840	0					6000	0
302731		302730	3					0	0	0	1	0	0	0	0	0	0	4280	energy_waterdamage_v	2140	2140	0					7000	0
302811	302812							0	0	0	0	1	0	0	0	0	0	220	energy_wooddamage_v	110	110	0					1000	0
302812	302813	302811	3					0	0	0	0	1	0	0	0	0	0	330	energy_wooddamage_v	160	160	0					2000	0
302813		302812	3					0	0	0	0	1	0	0	0	0	0	480	energy_wooddamage_v	240	240	0					3000	0
302814	302815							0	0	0	0	1	0	0	0	0	0	350	energy_wooddamage_v	170	170	0					2000	0
302815	302816	302814	3					0	0	0	0	1	0	0	0	0	0	520	energy_wooddamage_v	260	260	0					3000	0
302816		302815	3					0	0	0	0	1	0	0	0	0	0	780	energy_wooddamage_v	390	390	0					4000	0
302817	302818							0	0	0	0	1	0	0	0	0	0	540	energy_wooddamage_v	270	270	0					3000	0	300999	1
302818	302819	302817	3					0	0	0	0	1	0	0	0	0	0	800	energy_wooddamage_v	400	400	0					4000	0
302819		302818	3					0	0	0	0	1	0	0	0	0	0	1190	energy_wooddamage_v	600	600	0					5000	0
302820	302821							0	0	0	0	1	0	0	0	0	0	870	energy_wooddamage_v	440	440	0					4000	0	301000	1
302821	302822	302820	3					0	0	0	0	1	0	0	0	0	0	1300	energy_wooddamage_v	660	660	0					5000	0
302822		302821	3					0	0	0	0	1	0	0	0	0	0	1950	energy_wooddamage_v	990	990	0					6000	0
302823	302824							0	0	0	0	1	0	0	0	0	0	1390	energy_wooddamage_v	700	700	0					5000	0	301001	1
302824	302825	302823	3					0	0	0	0	1	0	0	0	0	0	2080	energy_wooddamage_v	1050	1050	0					6000	0
302825		302824	3					0	0	0	0	1	0	0	0	0	0	3120	energy_wooddamage_v	1370	1370	0					7000	0
302826	302827							0	0	0	0	1	0	0	0	0	0	2200	energy_wooddamage_v	1100	1100	0					5000	0	301002	1
302827	302828	302826	3					0	0	0	0	1	0	0	0	0	0	2900	energy_wooddamage_v	1450	1450	0					6000	0
302828		302827	3					0	0	0	0	1	0	0	0	0	0	3520	energy_wooddamage_v	1760	1760	0					7000	0
302829	302830							0	0	0	0	1	0	0	0	0	0	2980	energy_wooddamage_v	1490	1490	0					5000	0	301003	1
302830	302831	302829	3					0	0	0	0	1	0	0	0	0	0	3680	energy_wooddamage_v	1840	1840	0					6000	0
302831		302830	3					0	0	0	0	1	0	0	0	0	0	4280	energy_wooddamage_v	2140	2140	0					7000	0
302911	302912							0	1	0	0	0	0	0	0	0	0	220	physical_earthdamage_v	110	110	0					1000	0
302912	302913	302911	3					0	1	0	0	0	0	0	0	0	0	330	physical_earthdamage_v	160	160	0					2000	0
302913		302912	3					0	1	0	0	0	0	0	0	0	0	480	physical_earthdamage_v	240	240	0					3000	0
302914	302915							0	1	0	0	0	0	0	0	0	0	350	physical_earthdamage_v	170	170	0					2000	0
302915	302916	302914	3					0	1	0	0	0	0	0	0	0	0	520	physical_earthdamage_v	260	260	0					3000	0
302916		302915	3					0	1	0	0	0	0	0	0	0	0	780	physical_earthdamage_v	390	390	0					4000	0
302917	302918							0	1	0	0	0	0	0	0	0	0	540	physical_earthdamage_v	270	270	0					3000	0	300999	1
302918	302919	302917	3					0	1	0	0	0	0	0	0	0	0	800	physical_earthdamage_v	400	400	0					4000	0
302919		302918	3					0	1	0	0	0	0	0	0	0	0	1190	physical_earthdamage_v	600	600	0					5000	0
302920	302921							0	1	0	0	0	0	0	0	0	0	870	physical_earthdamage_v	440	440	0					4000	0	301000	1
302921	302922	302920	3					0	1	0	0	0	0	0	0	0	0	1300	physical_earthdamage_v	660	660	0					5000	0
302922		302921	3					0	1	0	0	0	0	0	0	0	0	1950	physical_earthdamage_v	990	990	0					6000	0
302923	302924							0	1	0	0	0	0	0	0	0	0	1390	physical_earthdamage_v	700	700	0					5000	0	301001	1
302924	302925	302923	3					0	1	0	0	0	0	0	0	0	0	2080	physical_earthdamage_v	1050	1050	0					6000	0
302925		302924	3					0	1	0	0	0	0	0	0	0	0	3120	physical_earthdamage_v	1370	1370	0					7000	0
302926	302927							0	1	0	0	0	0	0	0	0	0	2200	physical_earthdamage_v	1100	1100	0					5000	0	301002	1
302927	302928	302926	3					0	1	0	0	0	0	0	0	0	0	2900	physical_earthdamage_v	1450	1450	0					6000	0
302928		302927	3					0	1	0	0	0	0	0	0	0	0	3520	physical_earthdamage_v	1760	1760	0					7000	0
302929	302930							0	1	0	0	0	0	0	0	0	0	2980	physical_earthdamage_v	1490	1490	0					5000	0	301003	1
302930	302931	302929	3					0	1	0	0	0	0	0	0	0	0	3680	physical_earthdamage_v	1840	1840	0					6000	0
302931		302930	3					0	1	0	0	0	0	0	0	0	0	4280	physical_earthdamage_v	2140	2140	0					7000	0
303011	303012							0	0	0	0	0	0	0	0	1	0	220	physical_firedamage_v	110	110	0					1000	0
303012	303013	303011	3					0	0	0	0	0	0	0	0	1	0	330	physical_firedamage_v	160	160	0					2000	0
303013		303012	3					0	0	0	0	0	0	0	0	1	0	480	physical_firedamage_v	240	240	0					3000	0
303014	303015							0	0	0	0	0	0	0	0	1	0	350	physical_firedamage_v	170	170	0					2000	0
303015	303016	303014	3					0	0	0	0	0	0	0	0	1	0	520	physical_firedamage_v	260	260	0					3000	0
303016		303015	3					0	0	0	0	0	0	0	0	1	0	780	physical_firedamage_v	390	390	0					4000	0
303017	303018							0	0	0	0	0	0	0	0	1	0	540	physical_firedamage_v	270	270	0					3000	0	300999	1
303018	303019	303017	3					0	0	0	0	0	0	0	0	1	0	800	physical_firedamage_v	400	400	0					4000	0
303019		303018	3					0	0	0	0	0	0	0	0	1	0	1190	physical_firedamage_v	600	600	0					5000	0
303020	303021							0	0	0	0	0	0	0	0	1	0	870	physical_firedamage_v	440	440	0					4000	0	301000	1
303021	303022	303020	3					0	0	0	0	0	0	0	0	1	0	1300	physical_firedamage_v	660	660	0					5000	0
303022		303021	3					0	0	0	0	0	0	0	0	1	0	1950	physical_firedamage_v	990	990	0					6000	0
303023	303024							0	0	0	0	0	0	0	0	1	0	1390	physical_firedamage_v	700	700	0					5000	0	301001	1
303024	303025	303023	3					0	0	0	0	0	0	0	0	1	0	2080	physical_firedamage_v	1050	1050	0					6000	0
303025		303024	3					0	0	0	0	0	0	0	0	1	0	3120	physical_firedamage_v	1370	1370	0					7000	0
303026	303027							0	0	0	0	0	0	0	0	1	0	2200	physical_firedamage_v	1100	1100	0					5000	0	301002	1
303027	303028	303026	3					0	0	0	0	0	0	0	0	1	0	2900	physical_firedamage_v	1450	1450	0					6000	0
303028		303027	3					0	0	0	0	0	0	0	0	1	0	3520	physical_firedamage_v	1760	1760	0					7000	0
303029	303030							0	0	0	0	0	0	0	0	1	0	2980	physical_firedamage_v	1490	1490	0					5000	0	301003	1
303030	303031	303029	3					0	0	0	0	0	0	0	0	1	0	3680	physical_firedamage_v	1840	1840	0					6000	0
303031		303030	3					0	0	0	0	0	0	0	0	1	0	4280	physical_firedamage_v	2140	2140	0					7000	0
303111	303112							0	0	0	0	0	0	1	0	0	0	220	physical_metaldamage_v	110	110	0					1000	0
303112	303113	303111	3					0	0	0	0	0	0	1	0	0	0	330	physical_metaldamage_v	160	160	0					2000	0
303113		303112	3					0	0	0	0	0	0	1	0	0	0	480	physical_metaldamage_v	240	240	0					3000	0
303114	303115							0	0	0	0	0	0	1	0	0	0	350	physical_metaldamage_v	170	170	0					2000	0
303115	303116	303114	3					0	0	0	0	0	0	1	0	0	0	520	physical_metaldamage_v	260	260	0					3000	0
303116		303115	3					0	0	0	0	0	0	1	0	0	0	780	physical_metaldamage_v	390	390	0					4000	0
303117	303118							0	0	0	0	0	0	1	0	0	0	540	physical_metaldamage_v	270	270	0					3000	0	300999	1
303118	303119	303117	3					0	0	0	0	0	0	1	0	0	0	800	physical_metaldamage_v	400	400	0					4000	0
303119		303118	3					0	0	0	0	0	0	1	0	0	0	1190	physical_metaldamage_v	600	600	0					5000	0
303120	303121							0	0	0	0	0	0	1	0	0	0	870	physical_metaldamage_v	440	440	0					4000	0	301000	1
303121	303122	303120	3					0	0	0	0	0	0	1	0	0	0	1300	physical_metaldamage_v	660	660	0					5000	0
303122		303121	3					0	0	0	0	0	0	1	0	0	0	1950	physical_metaldamage_v	990	990	0					6000	0
303123	303124							0	0	0	0	0	0	1	0	0	0	1390	physical_metaldamage_v	700	700	0					5000	0	301001	1
303124	303125	303123	3					0	0	0	0	0	0	1	0	0	0	2080	physical_metaldamage_v	1050	1050	0					6000	0
303125		303124	3					0	0	0	0	0	0	1	0	0	0	3120	physical_metaldamage_v	1370	1370	0					7000	0
303126	303127							0	0	0	0	0	0	1	0	0	0	2200	physical_metaldamage_v	1100	1100	0					5000	0	301002	1
303127	303128	303126	3					0	0	0	0	0	0	1	0	0	0	2900	physical_metaldamage_v	1450	1450	0					6000	0
303128		303127	3					0	0	0	0	0	0	1	0	0	0	3520	physical_metaldamage_v	1760	1760	0					7000	0
303129	303130							0	0	0	0	0	0	1	0	0	0	2980	physical_metaldamage_v	1490	1490	0					5000	0	301003	1
303130	303131	303129	3					0	0	0	0	0	0	1	0	0	0	3680	physical_metaldamage_v	1840	1840	0					6000	0
303131		303130	3					0	0	0	0	0	0	1	0	0	0	4280	physical_metaldamage_v	2140	2140	0					7000	0
303211	303212							0	0	0	0	0	0	0	1	0	0	220	physical_waterdamage_v	110	110	0					1000	0
303212	303213	303211	3					0	0	0	0	0	0	0	1	0	0	330	physical_waterdamage_v	160	160	0					2000	0
303213		303212	3					0	0	0	0	0	0	0	1	0	0	480	physical_waterdamage_v	240	240	0					3000	0
303214	303215							0	0	0	0	0	0	0	1	0	0	350	physical_waterdamage_v	170	170	0					2000	0
303215	303216	303214	3					0	0	0	0	0	0	0	1	0	0	520	physical_waterdamage_v	260	260	0					3000	0
303216		303215	3					0	0	0	0	0	0	0	1	0	0	780	physical_waterdamage_v	390	390	0					4000	0
303217	303218							0	0	0	0	0	0	0	1	0	0	540	physical_waterdamage_v	270	270	0					3000	0	300999	1
303218	303219	303217	3					0	0	0	0	0	0	0	1	0	0	800	physical_waterdamage_v	400	400	0					4000	0
303219		303218	3					0	0	0	0	0	0	0	1	0	0	1190	physical_waterdamage_v	600	600	0					5000	0
303220	303221							0	0	0	0	0	0	0	1	0	0	870	physical_waterdamage_v	440	440	0					4000	0	301000	1
303221	303222	303220	3					0	0	0	0	0	0	0	1	0	0	1300	physical_waterdamage_v	660	660	0					5000	0
303222		303221	3					0	0	0	0	0	0	0	1	0	0	1950	physical_waterdamage_v	990	990	0					6000	0
303223	303224							0	0	0	0	0	0	0	1	0	0	1390	physical_waterdamage_v	700	700	0					5000	0	301001	1
303224	303225	303223	3					0	0	0	0	0	0	0	1	0	0	2080	physical_waterdamage_v	1050	1050	0					6000	0
303225		303224	3					0	0	0	0	0	0	0	1	0	0	3120	physical_waterdamage_v	1370	1370	0					7000	0
303226	303227							0	0	0	0	0	0	0	1	0	0	2200	physical_waterdamage_v	1100	1100	0					5000	0	301002	1
303227	303228	303226	3					0	0	0	0	0	0	0	1	0	0	2900	physical_waterdamage_v	1450	1450	0					6000	0
303228		303227	3					0	0	0	0	0	0	0	1	0	0	3520	physical_waterdamage_v	1760	1760	0					7000	0
303229	303230							0	0	0	0	0	0	0	1	0	0	2980	physical_waterdamage_v	1490	1490	0					5000	0	301003	1
303230	303231	303229	3					0	0	0	0	0	0	0	1	0	0	3680	physical_waterdamage_v	1840	1840	0					6000	0
303231		303230	3					0	0	0	0	0	0	0	1	0	0	4280	physical_waterdamage_v	2140	2140	0					7000	0
303311	303312							0	0	0	0	0	0	0	0	0	1	220	physical_wooddamage_v	110	110	0					1000	0
303312	303313	303311	3					0	0	0	0	0	0	0	0	0	1	330	physical_wooddamage_v	160	160	0					2000	0
303313		303312	3					0	0	0	0	0	0	0	0	0	1	480	physical_wooddamage_v	240	240	0					3000	0
303314	303315							0	0	0	0	0	0	0	0	0	1	350	physical_wooddamage_v	170	170	0					2000	0
303315	303316	303314	3					0	0	0	0	0	0	0	0	0	1	520	physical_wooddamage_v	260	260	0					3000	0
303316		303315	3					0	0	0	0	0	0	0	0	0	1	780	physical_wooddamage_v	390	390	0					4000	0
303317	303318							0	0	0	0	0	0	0	0	0	1	540	physical_wooddamage_v	270	270	0					3000	0	300999	1
303318	303319	303317	3					0	0	0	0	0	0	0	0	0	1	800	physical_wooddamage_v	400	400	0					4000	0
303319		303318	3					0	0	0	0	0	0	0	0	0	1	1190	physical_wooddamage_v	600	600	0					5000	0
303320	303321							0	0	0	0	0	0	0	0	0	1	870	physical_wooddamage_v	440	440	0					4000	0	301000	1
303321	303322	303320	3					0	0	0	0	0	0	0	0	0	1	1300	physical_wooddamage_v	660	660	0					5000	0
303322		303321	3					0	0	0	0	0	0	0	0	0	1	1950	physical_wooddamage_v	990	990	0					6000	0
303323	303324							0	0	0	0	0	0	0	0	0	1	1390	physical_wooddamage_v	700	700	0					5000	0	301001	1
303324	303325	303323	3					0	0	0	0	0	0	0	0	0	1	2080	physical_wooddamage_v	1050	1050	0					6000	0
303325		303324	3					0	0	0	0	0	0	0	0	0	1	3120	physical_wooddamage_v	1370	1370	0					7000	0
303326	303327							0	0	0	0	0	0	0	0	0	1	2200	physical_wooddamage_v	1100	1100	0					5000	0	301002	1
303327	303328	303326	3					0	0	0	0	0	0	0	0	0	1	2900	physical_wooddamage_v	1450	1450	0					6000	0
303328		303327	3					0	0	0	0	0	0	0	0	0	1	3520	physical_wooddamage_v	1760	1760	0					7000	0
303329	303330							0	0	0	0	0	0	0	0	0	1	2980	physical_wooddamage_v	1490	1490	0					5000	0	301003	1
303330	303331	303329	3					0	0	0	0	0	0	0	0	0	1	3680	physical_wooddamage_v	1840	1840	0					6000	0
303331		303330	3					0	0	0	0	0	0	0	0	0	1	4280	physical_wooddamage_v	2140	2140	0					7000	0
303411	303412							0	0	0	0	0	1	0	0	0	0	220	all_series_resist_v	110	110	0					1000	0
303412	303413	303411	3					0	0	0	0	0	1	0	0	0	0	330	all_series_resist_v	160	160	0					2000	0
303413		303412	3					0	0	0	0	0	1	0	0	0	0	480	all_series_resist_v	240	240	0					3000	0
303414	303415							0	0	0	0	0	1	0	0	0	0	350	all_series_resist_v	170	170	0					2000	0
303415	303416	303414	3					0	0	0	0	0	1	0	0	0	0	520	all_series_resist_v	260	260	0					3000	0
303416		303415	3					0	0	0	0	0	1	0	0	0	0	780	all_series_resist_v	390	390	0					4000	0
303417	303418							0	0	0	0	0	1	0	0	0	0	540	all_series_resist_v	270	270	0					3000	0	300999	1
303418	303419	303417	3					0	0	0	0	0	1	0	0	0	0	800	all_series_resist_v	400	400	0					4000	0
303419		303418	3					0	0	0	0	0	1	0	0	0	0	1190	all_series_resist_v	600	600	0					5000	0
303420	303421							0	0	0	0	0	1	0	0	0	0	870	all_series_resist_v	440	440	0					4000	0	301000	1
303421	303422	303420	3					0	0	0	0	0	1	0	0	0	0	1300	all_series_resist_v	660	660	0					5000	0
303422		303421	3					0	0	0	0	0	1	0	0	0	0	1950	all_series_resist_v	990	990	0					6000	0
303423	303424							0	0	0	0	0	1	0	0	0	0	1390	all_series_resist_v	700	700	0					5000	0	301001	1
303424	303425	303423	3					0	0	0	0	0	1	0	0	0	0	2080	all_series_resist_v	1050	1050	0					6000	0
303425		303424	3					0	0	0	0	0	1	0	0	0	0	3120	all_series_resist_v	1370	1370	0					7000	0
303426	303427							0	0	0	0	0	1	0	0	0	0	2200	all_series_resist_v	1100	1100	0					5000	0	301002	1
303427	303428	303426	3					0	0	0	0	0	1	0	0	0	0	2900	all_series_resist_v	1450	1450	0					6000	0
303428		303427	3					0	0	0	0	0	1	0	0	0	0	3520	all_series_resist_v	1760	1760	0					7000	0
303429	303430							0	0	0	0	0	1	0	0	0	0	2980	all_series_resist_v	1490	1490	0					5000	0	301003	1
303430	303431	303429	3					0	0	0	0	0	1	0	0	0	0	3680	all_series_resist_v	1840	1840	0					6000	0
303431		303430	3					0	0	0	0	0	1	0	0	0	0	4280	all_series_resist_v	2140	2140	0					7000	0
303511	303512							0	0	0	0	0	1	0	0	0	0	220	earth_resist_v	560	560	0					1000	0
303512	303513	303511	3					0	0	0	0	0	1	0	0	0	0	330	earth_resist_v	840	840	0					2000	0
303513		303512	3					0	0	0	0	0	1	0	0	0	0	480	earth_resist_v	1230	1230	0					3000	0
303514	303515							0	0	0	0	0	1	0	0	0	0	350	earth_resist_v	890	890	0					2000	0
303515	303516	303514	3					0	0	0	0	0	1	0	0	0	0	520	earth_resist_v	1340	1340	0					3000	0
303516		303515	3					0	0	0	0	0	1	0	0	0	0	780	earth_resist_v	2010	2010	0					4000	0
303517	303518							0	0	0	0	0	1	0	0	0	0	540	earth_resist_v	1400	1400	0					3000	0	300999	1
303518	303519	303517	3					0	0	0	0	0	1	0	0	0	0	800	earth_resist_v	2070	2070	0					4000	0
303519		303518	3					0	0	0	0	0	1	0	0	0	0	1190	earth_resist_v	3080	3080	0					5000	0
303520	303521							0	0	0	0	0	1	0	0	0	0	870	earth_resist_v	2240	2240	0					4000	0	301000	1
303521	303522	303520	3					0	0	0	0	0	1	0	0	0	0	1300	earth_resist_v	3360	3360	0					5000	0
303522		303521	3					0	0	0	0	0	1	0	0	0	0	1950	earth_resist_v	5040	5040	0					6000	0
303523	303524							0	0	0	0	0	1	0	0	0	0	1390	earth_resist_v	3580	3580	0					5000	0	301001	1
303524	303525	303523	3					0	0	0	0	0	1	0	0	0	0	2080	earth_resist_v	5370	5370	0					6000	0
303525		303524	3					0	0	0	0	0	1	0	0	0	0	3120	earth_resist_v	7000	7000	0					7000	0
303526	303527							0	0	0	0	0	1	0	0	0	0	2200	earth_resist_v	5600	5600	0					5000	0	301002	1
303527	303528	303526	3					0	0	0	0	0	1	0	0	0	0	2900	earth_resist_v	7390	7390	0					6000	0
303528		303527	3					0	0	0	0	0	1	0	0	0	0	3520	earth_resist_v	8960	8960	0					7000	0
303529	303530							0	0	0	0	0	1	0	0	0	0	2980	earth_resist_v	7610	7610	0					5000	0	301003	1
303530	303531	303529	3					0	0	0	0	0	1	0	0	0	0	3680	earth_resist_v	9400	9400	0					6000	0
303531		303530	3					0	0	0	0	0	1	0	0	0	0	4280	earth_resist_v	10920	10920	0					7000	0
303611	303612							1	0	0	0	0	0	0	0	0	0	220	fire_resist_v	560	560	0					1000	0
303612	303613	303611	3					1	0	0	0	0	0	0	0	0	0	330	fire_resist_v	840	840	0					2000	0
303613		303612	3					1	0	0	0	0	0	0	0	0	0	480	fire_resist_v	1230	1230	0					3000	0
303614	303615							1	0	0	0	0	0	0	0	0	0	350	fire_resist_v	890	890	0					2000	0
303615	303616	303614	3					1	0	0	0	0	0	0	0	0	0	520	fire_resist_v	1340	1340	0					3000	0
303616		303615	3					1	0	0	0	0	0	0	0	0	0	780	fire_resist_v	2010	2010	0					4000	0
303617	303618							1	0	0	0	0	0	0	0	0	0	540	fire_resist_v	1400	1400	0					3000	0	300999	1
303618	303619	303617	3					1	0	0	0	0	0	0	0	0	0	800	fire_resist_v	2070	2070	0					4000	0
303619		303618	3					1	0	0	0	0	0	0	0	0	0	1190	fire_resist_v	3080	3080	0					5000	0
303620	303621							1	0	0	0	0	0	0	0	0	0	870	fire_resist_v	2240	2240	0					4000	0	301000	1
303621	303622	303620	3					1	0	0	0	0	0	0	0	0	0	1300	fire_resist_v	3360	3360	0					5000	0
303622		303621	3					1	0	0	0	0	0	0	0	0	0	1950	fire_resist_v	5040	5040	0					6000	0
303623	303624							1	0	0	0	0	0	0	0	0	0	1390	fire_resist_v	3580	3580	0					5000	0	301001	1
303624	303625	303623	3					1	0	0	0	0	0	0	0	0	0	2080	fire_resist_v	5370	5370	0					6000	0
303625		303624	3					1	0	0	0	0	0	0	0	0	0	3120	fire_resist_v	7000	7000	0					7000	0
303626	303627							1	0	0	0	0	0	0	0	0	0	2200	fire_resist_v	5600	5600	0					5000	0	301002	1
303627	303628	303626	3					1	0	0	0	0	0	0	0	0	0	2900	fire_resist_v	7390	7390	0					6000	0
303628		303627	3					1	0	0	0	0	0	0	0	0	0	3520	fire_resist_v	8960	8960	0					7000	0
303629	303630							1	0	0	0	0	0	0	0	0	0	2980	fire_resist_v	7610	7610	0					5000	0	301003	1
303630	303631	303629	3					1	0	0	0	0	0	0	0	0	0	3680	fire_resist_v	9400	9400	0					6000	0
303631		303630	3					1	0	0	0	0	0	0	0	0	0	4280	fire_resist_v	10920	10920	0					7000	0
303711	303712							0	0	1	0	0	0	0	0	0	0	220	metal_resist_v	560	560	0					1000	0
303712	303713	303711	3					0	0	1	0	0	0	0	0	0	0	330	metal_resist_v	840	840	0					2000	0
303713		303712	3					0	0	1	0	0	0	0	0	0	0	480	metal_resist_v	1230	1230	0					3000	0
303714	303715							0	0	1	0	0	0	0	0	0	0	350	metal_resist_v	890	890	0					2000	0
303715	303716	303714	3					0	0	1	0	0	0	0	0	0	0	520	metal_resist_v	1340	1340	0					3000	0
303716		303715	3					0	0	1	0	0	0	0	0	0	0	780	metal_resist_v	2010	2010	0					4000	0
303717	303718							0	0	1	0	0	0	0	0	0	0	540	metal_resist_v	1400	1400	0					3000	0	300999	1
303718	303719	303717	3					0	0	1	0	0	0	0	0	0	0	800	metal_resist_v	2070	2070	0					4000	0
303719		303718	3					0	0	1	0	0	0	0	0	0	0	1190	metal_resist_v	3080	3080	0					5000	0
303720	303721							0	0	1	0	0	0	0	0	0	0	870	metal_resist_v	2240	2240	0					4000	0	301000	1
303721	303722	303720	3					0	0	1	0	0	0	0	0	0	0	1300	metal_resist_v	3360	3360	0					5000	0
303722		303721	3					0	0	1	0	0	0	0	0	0	0	1950	metal_resist_v	5040	5040	0					6000	0
303723	303724							0	0	1	0	0	0	0	0	0	0	1390	metal_resist_v	3580	3580	0					5000	0	301001	1
303724	303725	303723	3					0	0	1	0	0	0	0	0	0	0	2080	metal_resist_v	5370	5370	0					6000	0
303725		303724	3					0	0	1	0	0	0	0	0	0	0	3120	metal_resist_v	7000	7000	0					7000	0
303726	303727							0	0	1	0	0	0	0	0	0	0	2200	metal_resist_v	5600	5600	0					5000	0	301002	1
303727	303728	303726	3					0	0	1	0	0	0	0	0	0	0	2900	metal_resist_v	7390	7390	0					6000	0
303728		303727	3					0	0	1	0	0	0	0	0	0	0	3520	metal_resist_v	8960	8960	0					7000	0
303729	303730							0	0	1	0	0	0	0	0	0	0	2980	metal_resist_v	7610	7610	0					5000	0	301003	1
303730	303731	303729	3					0	0	1	0	0	0	0	0	0	0	3680	metal_resist_v	9400	9400	0					6000	0
303731		303730	3					0	0	1	0	0	0	0	0	0	0	4280	metal_resist_v	10920	10920	0					7000	0
303811	303812							0	0	0	1	0	0	0	0	0	0	220	water_resist_v	560	560	0					1000	0
303812	303813	303811	3					0	0	0	1	0	0	0	0	0	0	330	water_resist_v	840	840	0					2000	0
303813		303812	3					0	0	0	1	0	0	0	0	0	0	480	water_resist_v	1230	1230	0					3000	0
303814	303815							0	0	0	1	0	0	0	0	0	0	350	water_resist_v	890	890	0					2000	0
303815	303816	303814	3					0	0	0	1	0	0	0	0	0	0	520	water_resist_v	1340	1340	0					3000	0
303816		303815	3					0	0	0	1	0	0	0	0	0	0	780	water_resist_v	2010	2010	0					4000	0
303817	303818							0	0	0	1	0	0	0	0	0	0	540	water_resist_v	1400	1400	0					3000	0	300999	1
303818	303819	303817	3					0	0	0	1	0	0	0	0	0	0	800	water_resist_v	2070	2070	0					4000	0
303819		303818	3					0	0	0	1	0	0	0	0	0	0	1190	water_resist_v	3080	3080	0					5000	0
303820	303821							0	0	0	1	0	0	0	0	0	0	870	water_resist_v	2240	2240	0					4000	0	301000	1
303821	303822	303820	3					0	0	0	1	0	0	0	0	0	0	1300	water_resist_v	3360	3360	0					5000	0
303822		303821	3					0	0	0	1	0	0	0	0	0	0	1950	water_resist_v	5040	5040	0					6000	0
303823	303824							0	0	0	1	0	0	0	0	0	0	1390	water_resist_v	3580	3580	0					5000	0	301001	1
303824	303825	303823	3					0	0	0	1	0	0	0	0	0	0	2080	water_resist_v	5370	5370	0					6000	0
303825		303824	3					0	0	0	1	0	0	0	0	0	0	3120	water_resist_v	7000	7000	0					7000	0
303826	303827							0	0	0	1	0	0	0	0	0	0	2200	water_resist_v	5600	5600	0					5000	0	301002	1
303827	303828	303826	3					0	0	0	1	0	0	0	0	0	0	2900	water_resist_v	7390	7390	0					6000	0
303828		303827	3					0	0	0	1	0	0	0	0	0	0	3520	water_resist_v	8960	8960	0					7000	0
303829	303830							0	0	0	1	0	0	0	0	0	0	2980	water_resist_v	7610	7610	0					5000	0	301003	1
303830	303831	303829	3					0	0	0	1	0	0	0	0	0	0	3680	water_resist_v	9400	9400	0					6000	0
303831		303830	3					0	0	0	1	0	0	0	0	0	0	4280	water_resist_v	10920	10920	0					7000	0
303911	303912							0	0	0	0	1	0	0	0	0	0	220	wood_resist_v	560	560	0					1000	0
303912	303913	303911	3					0	0	0	0	1	0	0	0	0	0	330	wood_resist_v	840	840	0					2000	0
303913		303912	3					0	0	0	0	1	0	0	0	0	0	480	wood_resist_v	1230	1230	0					3000	0
303914	303915							0	0	0	0	1	0	0	0	0	0	350	wood_resist_v	890	890	0					2000	0
303915	303916	303914	3					0	0	0	0	1	0	0	0	0	0	520	wood_resist_v	1340	1340	0					3000	0
303916		303915	3					0	0	0	0	1	0	0	0	0	0	780	wood_resist_v	2010	2010	0					4000	0
303917	303918							0	0	0	0	1	0	0	0	0	0	540	wood_resist_v	1400	1400	0					3000	0	300999	1
303918	303919	303917	3					0	0	0	0	1	0	0	0	0	0	800	wood_resist_v	2070	2070	0					4000	0
303919		303918	3					0	0	0	0	1	0	0	0	0	0	1190	wood_resist_v	3080	3080	0					5000	0
303920	303921							0	0	0	0	1	0	0	0	0	0	870	wood_resist_v	2240	2240	0					4000	0	301000	1
303921	303922	303920	3					0	0	0	0	1	0	0	0	0	0	1300	wood_resist_v	3360	3360	0					5000	0
303922		303921	3					0	0	0	0	1	0	0	0	0	0	1950	wood_resist_v	5040	5040	0					6000	0
303923	303924							0	0	0	0	1	0	0	0	0	0	1390	wood_resist_v	3580	3580	0					5000	0	301001	1
303924	303925	303923	3					0	0	0	0	1	0	0	0	0	0	2080	wood_resist_v	5370	5370	0					6000	0
303925		303924	3					0	0	0	0	1	0	0	0	0	0	3120	wood_resist_v	7000	7000	0					7000	0
303926	303927							0	0	0	0	1	0	0	0	0	0	2200	wood_resist_v	5600	5600	0					5000	0	301002	1
303927	303928	303926	3					0	0	0	0	1	0	0	0	0	0	2900	wood_resist_v	7390	7390	0					6000	0
303928		303927	3					0	0	0	0	1	0	0	0	0	0	3520	wood_resist_v	8960	8960	0					7000	0
303929	303930							0	0	0	0	1	0	0	0	0	0	2980	wood_resist_v	7610	7610	0					5000	0	301003	1
303930	303931	303929	3					0	0	0	0	1	0	0	0	0	0	3680	wood_resist_v	9400	9400	0					6000	0
303931		303930	3					0	0	0	0	1	0	0	0	0	0	4280	wood_resist_v	10920	10920	0					7000	0
304011	304012							0	1	0	0	0	0	0	0	0	0	220	ignore_all_resist_v	1000	110	0					1000	0
304012	304013	304011	3					0	1	0	0	0	0	0	0	0	0	330	ignore_all_resist_v	1000	160	0					2000	0
304013		304012	3					0	1	0	0	0	0	0	0	0	0	480	ignore_all_resist_v	1000	240	0					3000	0
304014	304015							0	1	0	0	0	0	0	0	0	0	350	ignore_all_resist_v	1000	170	0					2000	0
304015	304016	304014	3					0	1	0	0	0	0	0	0	0	0	520	ignore_all_resist_v	1000	260	0					3000	0
304016		304015	3					0	1	0	0	0	0	0	0	0	0	780	ignore_all_resist_v	1000	390	0					4000	0
304017	304018							0	1	0	0	0	0	0	0	0	0	540	ignore_all_resist_v	1000	270	0					3000	0	300999	1
304018	304019	304017	3					0	1	0	0	0	0	0	0	0	0	800	ignore_all_resist_v	1000	400	0					4000	0
304019		304018	3					0	1	0	0	0	0	0	0	0	0	1190	ignore_all_resist_v	1000	600	0					5000	0
304020	304021							0	1	0	0	0	0	0	0	0	0	870	ignore_all_resist_v	1000	440	0					4000	0	301000	1
304021	304022	304020	3					0	1	0	0	0	0	0	0	0	0	1300	ignore_all_resist_v	1000	660	0					5000	0
304022		304021	3					0	1	0	0	0	0	0	0	0	0	1950	ignore_all_resist_v	1000	990	0					6000	0
304023	304024							0	1	0	0	0	0	0	0	0	0	1390	ignore_all_resist_v	1000	700	0					5000	0	301001	1
304024	304025	304023	3					0	1	0	0	0	0	0	0	0	0	2080	ignore_all_resist_v	1000	1050	0					6000	0
304025		304024	3					0	1	0	0	0	0	0	0	0	0	3120	ignore_all_resist_v	1000	1370	0					7000	0
304026	304027							0	1	0	0	0	0	0	0	0	0	2200	ignore_all_resist_v	1000	1100	0					5000	0	301002	1
304027	304028	304026	3					0	1	0	0	0	0	0	0	0	0	2900	ignore_all_resist_v	1000	1450	0					6000	0
304028		304027	3					0	1	0	0	0	0	0	0	0	0	3520	ignore_all_resist_v	1000	1760	0					7000	0
304029	304030							0	1	0	0	0	0	0	0	0	0	2980	ignore_all_resist_v	1000	1490	0					5000	0	301003	1
304030	304031	304029	3					0	1	0	0	0	0	0	0	0	0	3680	ignore_all_resist_v	1000	1840	0					6000	0
304031		304030	3					0	1	0	0	0	0	0	0	0	0	4280	ignore_all_resist_v	1000	2140	0					7000	0
304111	304112							0	1	0	0	0	0	0	0	0	0	220	ignore_earth_resist_v	1000	110	0					1000	0
304112	304113	304111	3					0	1	0	0	0	0	0	0	0	0	330	ignore_earth_resist_v	1000	160	0					2000	0
304113		304112	3					0	1	0	0	0	0	0	0	0	0	480	ignore_earth_resist_v	1000	240	0					3000	0
304114	304115							0	1	0	0	0	0	0	0	0	0	350	ignore_earth_resist_v	1000	170	0					2000	0
304115	304116	304114	3					0	1	0	0	0	0	0	0	0	0	520	ignore_earth_resist_v	1000	260	0					3000	0
304116		304115	3					0	1	0	0	0	0	0	0	0	0	780	ignore_earth_resist_v	1000	390	0					4000	0
304117	304118							0	1	0	0	0	0	0	0	0	0	540	ignore_earth_resist_v	1000	270	0					3000	0	300999	1
304118	304119	304117	3					0	1	0	0	0	0	0	0	0	0	800	ignore_earth_resist_v	1000	400	0					4000	0
304119		304118	3					0	1	0	0	0	0	0	0	0	0	1190	ignore_earth_resist_v	1000	600	0					5000	0
304120	304121							0	1	0	0	0	0	0	0	0	0	870	ignore_earth_resist_v	1000	440	0					4000	0	301000	1
304121	304122	304120	3					0	1	0	0	0	0	0	0	0	0	1300	ignore_earth_resist_v	1000	660	0					5000	0
304122		304121	3					0	1	0	0	0	0	0	0	0	0	1950	ignore_earth_resist_v	1000	990	0					6000	0
304123	304124							0	1	0	0	0	0	0	0	0	0	1390	ignore_earth_resist_v	1000	700	0					5000	0	301001	1
304124	304125	304123	3					0	1	0	0	0	0	0	0	0	0	2080	ignore_earth_resist_v	1000	1050	0					6000	0
304125		304124	3					0	1	0	0	0	0	0	0	0	0	3120	ignore_earth_resist_v	1000	1370	0					7000	0
304126	304127							0	1	0	0	0	0	0	0	0	0	2200	ignore_earth_resist_v	1000	1100	0					5000	0	301002	1
304127	304128	304126	3					0	1	0	0	0	0	0	0	0	0	2900	ignore_earth_resist_v	1000	1450	0					6000	0
304128		304127	3					0	1	0	0	0	0	0	0	0	0	3520	ignore_earth_resist_v	1000	1760	0					7000	0
304129	304130							0	1	0	0	0	0	0	0	0	0	2980	ignore_earth_resist_v	1000	1490	0					5000	0	301003	1
304130	304131	304129	3					0	1	0	0	0	0	0	0	0	0	3680	ignore_earth_resist_v	1000	1840	0					6000	0
304131		304130	3					0	1	0	0	0	0	0	0	0	0	4280	ignore_earth_resist_v	1000	2140	0					7000	0
304211	304212							0	0	0	0	0	0	0	0	1	0	220	ignore_fire_resist_v	1000	110	0					1000	0
304212	304213	304211	3					0	0	0	0	0	0	0	0	1	0	330	ignore_fire_resist_v	1000	160	0					2000	0
304213		304212	3					0	0	0	0	0	0	0	0	1	0	480	ignore_fire_resist_v	1000	240	0					3000	0
304214	304215							0	0	0	0	0	0	0	0	1	0	350	ignore_fire_resist_v	1000	170	0					2000	0
304215	304216	304214	3					0	0	0	0	0	0	0	0	1	0	520	ignore_fire_resist_v	1000	260	0					3000	0
304216		304215	3					0	0	0	0	0	0	0	0	1	0	780	ignore_fire_resist_v	1000	390	0					4000	0
304217	304218							0	0	0	0	0	0	0	0	1	0	540	ignore_fire_resist_v	1000	270	0					3000	0	300999	1
304218	304219	304217	3					0	0	0	0	0	0	0	0	1	0	800	ignore_fire_resist_v	1000	400	0					4000	0
304219		304218	3					0	0	0	0	0	0	0	0	1	0	1190	ignore_fire_resist_v	1000	600	0					5000	0
304220	304221							0	0	0	0	0	0	0	0	1	0	870	ignore_fire_resist_v	1000	440	0					4000	0	301000	1
304221	304222	304220	3					0	0	0	0	0	0	0	0	1	0	1300	ignore_fire_resist_v	1000	660	0					5000	0
304222		304221	3					0	0	0	0	0	0	0	0	1	0	1950	ignore_fire_resist_v	1000	990	0					6000	0
304223	304224							0	0	0	0	0	0	0	0	1	0	1390	ignore_fire_resist_v	1000	700	0					5000	0	301001	1
304224	304225	304223	3					0	0	0	0	0	0	0	0	1	0	2080	ignore_fire_resist_v	1000	1050	0					6000	0
304225		304224	3					0	0	0	0	0	0	0	0	1	0	3120	ignore_fire_resist_v	1000	1370	0					7000	0
304226	304227							0	0	0	0	0	0	0	0	1	0	2200	ignore_fire_resist_v	1000	1100	0					5000	0	301002	1
304227	304228	304226	3					0	0	0	0	0	0	0	0	1	0	2900	ignore_fire_resist_v	1000	1450	0					6000	0
304228		304227	3					0	0	0	0	0	0	0	0	1	0	3520	ignore_fire_resist_v	1000	1760	0					7000	0
304229	304230							0	0	0	0	0	0	0	0	1	0	2980	ignore_fire_resist_v	1000	1490	0					5000	0	301003	1
304230	304231	304229	3					0	0	0	0	0	0	0	0	1	0	3680	ignore_fire_resist_v	1000	1840	0					6000	0
304231		304230	3					0	0	0	0	0	0	0	0	1	0	4280	ignore_fire_resist_v	1000	2140	0					7000	0
304311	304312							0	0	0	0	0	0	1	0	0	0	220	ignore_metal_resist_v	1000	110	0					1000	0
304312	304313	304311	3					0	0	0	0	0	0	1	0	0	0	330	ignore_metal_resist_v	1000	160	0					2000	0
304313		304312	3					0	0	0	0	0	0	1	0	0	0	480	ignore_metal_resist_v	1000	240	0					3000	0
304314	304315							0	0	0	0	0	0	1	0	0	0	350	ignore_metal_resist_v	1000	170	0					2000	0
304315	304316	304314	3					0	0	0	0	0	0	1	0	0	0	520	ignore_metal_resist_v	1000	260	0					3000	0
304316		304315	3					0	0	0	0	0	0	1	0	0	0	780	ignore_metal_resist_v	1000	390	0					4000	0
304317	304318							0	0	0	0	0	0	1	0	0	0	540	ignore_metal_resist_v	1000	270	0					3000	0	300999	1
304318	304319	304317	3					0	0	0	0	0	0	1	0	0	0	800	ignore_metal_resist_v	1000	400	0					4000	0
304319		304318	3					0	0	0	0	0	0	1	0	0	0	1190	ignore_metal_resist_v	1000	600	0					5000	0
304320	304321							0	0	0	0	0	0	1	0	0	0	870	ignore_metal_resist_v	1000	440	0					4000	0	301000	1
304321	304322	304320	3					0	0	0	0	0	0	1	0	0	0	1300	ignore_metal_resist_v	1000	660	0					5000	0
304322		304321	3					0	0	0	0	0	0	1	0	0	0	1950	ignore_metal_resist_v	1000	990	0					6000	0
304323	304324							0	0	0	0	0	0	1	0	0	0	1390	ignore_metal_resist_v	1000	700	0					5000	0	301001	1
304324	304325	304323	3					0	0	0	0	0	0	1	0	0	0	2080	ignore_metal_resist_v	1000	1050	0					6000	0
304325		304324	3					0	0	0	0	0	0	1	0	0	0	3120	ignore_metal_resist_v	1000	1370	0					7000	0
304326	304327							0	0	0	0	0	0	1	0	0	0	2200	ignore_metal_resist_v	1000	1100	0					5000	0	301002	1
304327	304328	304326	3					0	0	0	0	0	0	1	0	0	0	2900	ignore_metal_resist_v	1000	1450	0					6000	0
304328		304327	3					0	0	0	0	0	0	1	0	0	0	3520	ignore_metal_resist_v	1000	1760	0					7000	0
304329	304330							0	0	0	0	0	0	1	0	0	0	2980	ignore_metal_resist_v	1000	1490	0					5000	0	301003	1
304330	304331	304329	3					0	0	0	0	0	0	1	0	0	0	3680	ignore_metal_resist_v	1000	1840	0					6000	0
304331		304330	3					0	0	0	0	0	0	1	0	0	0	4280	ignore_metal_resist_v	1000	2140	0					7000	0
304411	304412							0	0	0	0	0	0	0	1	0	0	220	ignore_water_resist_v	1000	110	0					1000	0
304412	304413	304411	3					0	0	0	0	0	0	0	1	0	0	330	ignore_water_resist_v	1000	160	0					2000	0
304413		304412	3					0	0	0	0	0	0	0	1	0	0	480	ignore_water_resist_v	1000	240	0					3000	0
304414	304415							0	0	0	0	0	0	0	1	0	0	350	ignore_water_resist_v	1000	170	0					2000	0
304415	304416	304414	3					0	0	0	0	0	0	0	1	0	0	520	ignore_water_resist_v	1000	260	0					3000	0
304416		304415	3					0	0	0	0	0	0	0	1	0	0	780	ignore_water_resist_v	1000	390	0					4000	0
304417	304418							0	0	0	0	0	0	0	1	0	0	540	ignore_water_resist_v	1000	270	0					3000	0	300999	1
304418	304419	304417	3					0	0	0	0	0	0	0	1	0	0	800	ignore_water_resist_v	1000	400	0					4000	0
304419		304418	3					0	0	0	0	0	0	0	1	0	0	1190	ignore_water_resist_v	1000	600	0					5000	0
304420	304421							0	0	0	0	0	0	0	1	0	0	870	ignore_water_resist_v	1000	440	0					4000	0	301000	1
304421	304422	304420	3					0	0	0	0	0	0	0	1	0	0	1300	ignore_water_resist_v	1000	660	0					5000	0
304422		304421	3					0	0	0	0	0	0	0	1	0	0	1950	ignore_water_resist_v	1000	990	0					6000	0
304423	304424							0	0	0	0	0	0	0	1	0	0	1390	ignore_water_resist_v	1000	700	0					5000	0	301001	1
304424	304425	304423	3					0	0	0	0	0	0	0	1	0	0	2080	ignore_water_resist_v	1000	1050	0					6000	0
304425		304424	3					0	0	0	0	0	0	0	1	0	0	3120	ignore_water_resist_v	1000	1370	0					7000	0
304426	304427							0	0	0	0	0	0	0	1	0	0	2200	ignore_water_resist_v	1000	1100	0					5000	0	301002	1
304427	304428	304426	3					0	0	0	0	0	0	0	1	0	0	2900	ignore_water_resist_v	1000	1450	0					6000	0
304428		304427	3					0	0	0	0	0	0	0	1	0	0	3520	ignore_water_resist_v	1000	1760	0					7000	0
304429	304430							0	0	0	0	0	0	0	1	0	0	2980	ignore_water_resist_v	1000	1490	0					5000	0	301003	1
304430	304431	304429	3					0	0	0	0	0	0	0	1	0	0	3680	ignore_water_resist_v	1000	1840	0					6000	0
304431		304430	3					0	0	0	0	0	0	0	1	0	0	4280	ignore_water_resist_v	1000	2140	0					7000	0
304511	304512							0	0	0	0	0	0	0	0	0	1	220	ignore_wood_resist_v	1000	110	0					1000	0
304512	304513	304511	3					0	0	0	0	0	0	0	0	0	1	330	ignore_wood_resist_v	1000	160	0					2000	0
304513		304512	3					0	0	0	0	0	0	0	0	0	1	480	ignore_wood_resist_v	1000	240	0					3000	0
304514	304515							0	0	0	0	0	0	0	0	0	1	350	ignore_wood_resist_v	1000	170	0					2000	0
304515	304516	304514	3					0	0	0	0	0	0	0	0	0	1	520	ignore_wood_resist_v	1000	260	0					3000	0
304516		304515	3					0	0	0	0	0	0	0	0	0	1	780	ignore_wood_resist_v	1000	390	0					4000	0
304517	304518							0	0	0	0	0	0	0	0	0	1	540	ignore_wood_resist_v	1000	270	0					3000	0	300999	1
304518	304519	304517	3					0	0	0	0	0	0	0	0	0	1	800	ignore_wood_resist_v	1000	400	0					4000	0
304519		304518	3					0	0	0	0	0	0	0	0	0	1	1190	ignore_wood_resist_v	1000	600	0					5000	0
304520	304521							0	0	0	0	0	0	0	0	0	1	870	ignore_wood_resist_v	1000	440	0					4000	0	301000	1
304521	304522	304520	3					0	0	0	0	0	0	0	0	0	1	1300	ignore_wood_resist_v	1000	660	0					5000	0
304522		304521	3					0	0	0	0	0	0	0	0	0	1	1950	ignore_wood_resist_v	1000	990	0					6000	0
304523	304524							0	0	0	0	0	0	0	0	0	1	1390	ignore_wood_resist_v	1000	700	0					5000	0	301001	1
304524	304525	304523	3					0	0	0	0	0	0	0	0	0	1	2080	ignore_wood_resist_v	1000	1050	0					6000	0
304525		304524	3					0	0	0	0	0	0	0	0	0	1	3120	ignore_wood_resist_v	1000	1370	0					7000	0
304526	304527							0	0	0	0	0	0	0	0	0	1	2200	ignore_wood_resist_v	1000	1100	0					5000	0	301002	1
304527	304528	304526	3					0	0	0	0	0	0	0	0	0	1	2900	ignore_wood_resist_v	1000	1450	0					6000	0
304528		304527	3					0	0	0	0	0	0	0	0	0	1	3520	ignore_wood_resist_v	1000	1760	0					7000	0
304529	304530							0	0	0	0	0	0	0	0	0	1	2980	ignore_wood_resist_v	1000	1490	0					5000	0	301003	1
304530	304531	304529	3					0	0	0	0	0	0	0	0	0	1	3680	ignore_wood_resist_v	1000	1840	0					6000	0
304531		304530	3					0	0	0	0	0	0	0	0	0	1	4280	ignore_wood_resist_v	1000	2140	0					7000	0
304611	304612							0	0	0	0	0	1	0	0	0	0	220	series_abate_v	110	110	0					1000	0
304612	304613	304611	3					0	0	0	0	0	1	0	0	0	0	330	series_abate_v	160	160	0					2000	0
304613		304612	3					0	0	0	0	0	1	0	0	0	0	480	series_abate_v	240	240	0					3000	0
304614	304615							0	0	0	0	0	1	0	0	0	0	350	series_abate_v	170	170	0					2000	0
304615	304616	304614	3					0	0	0	0	0	1	0	0	0	0	520	series_abate_v	260	260	0					3000	0
304616		304615	3					0	0	0	0	0	1	0	0	0	0	780	series_abate_v	390	390	0					4000	0
304617	304618							0	0	0	0	0	1	0	0	0	0	540	series_abate_v	270	270	0					3000	0	300999	1
304618	304619	304617	3					0	0	0	0	0	1	0	0	0	0	800	series_abate_v	400	400	0					4000	0
304619		304618	3					0	0	0	0	0	1	0	0	0	0	1190	series_abate_v	600	600	0					5000	0
304620	304621							0	0	0	0	0	1	0	0	0	0	870	series_abate_v	440	440	0					4000	0	301000	1
304621	304622	304620	3					0	0	0	0	0	1	0	0	0	0	1300	series_abate_v	660	660	0					5000	0
304622		304621	3					0	0	0	0	0	1	0	0	0	0	1950	series_abate_v	990	990	0					6000	0
304623	304624							0	0	0	0	0	1	0	0	0	0	1390	series_abate_v	700	700	0					5000	0	301001	1
304624	304625	304623	3					0	0	0	0	0	1	0	0	0	0	2080	series_abate_v	1050	1050	0					6000	0
304625		304624	3					0	0	0	0	0	1	0	0	0	0	3120	series_abate_v	1370	1370	0					7000	0
304626	304627							0	0	0	0	0	1	0	0	0	0	2200	series_abate_v	1100	1100	0					5000	0	301002	1
304627	304628	304626	3					0	0	0	0	0	1	0	0	0	0	2900	series_abate_v	1450	1450	0					6000	0
304628		304627	3					0	0	0	0	0	1	0	0	0	0	3520	series_abate_v	1760	1760	0					7000	0
304629	304630							0	0	0	0	0	1	0	0	0	0	2980	series_abate_v	1490	1490	0					5000	0	301003	1
304630	304631	304629	3					0	0	0	0	0	1	0	0	0	0	3680	series_abate_v	1840	1840	0					6000	0
304631		304630	3					0	0	0	0	0	1	0	0	0	0	4280	series_abate_v	2140	2140	0					7000	0
304711	304712							0	1	0	0	0	0	0	0	0	0	220	series_enhance_v	110	110	0					1000	0
304712	304713	304711	3					0	1	0	0	0	0	0	0	0	0	330	series_enhance_v	160	160	0					2000	0
304713		304712	3					0	1	0	0	0	0	0	0	0	0	480	series_enhance_v	240	240	0					3000	0
304714	304715							0	1	0	0	0	0	0	0	0	0	350	series_enhance_v	170	170	0					2000	0
304715	304716	304714	3					0	1	0	0	0	0	0	0	0	0	520	series_enhance_v	260	260	0					3000	0
304716		304715	3					0	1	0	0	0	0	0	0	0	0	780	series_enhance_v	390	390	0					4000	0
304717	304718							0	1	0	0	0	0	0	0	0	0	540	series_enhance_v	270	270	0					3000	0	300999	1
304718	304719	304717	3					0	1	0	0	0	0	0	0	0	0	800	series_enhance_v	400	400	0					4000	0
304719		304718	3					0	1	0	0	0	0	0	0	0	0	1190	series_enhance_v	600	600	0					5000	0
304720	304721							0	1	0	0	0	0	0	0	0	0	870	series_enhance_v	440	440	0					4000	0	301000	1
304721	304722	304720	3					0	1	0	0	0	0	0	0	0	0	1300	series_enhance_v	660	660	0					5000	0
304722		304721	3					0	1	0	0	0	0	0	0	0	0	1950	series_enhance_v	990	990	0					6000	0
304723	304724							0	1	0	0	0	0	0	0	0	0	1390	series_enhance_v	700	700	0					5000	0	301001	1
304724	304725	304723	3					0	1	0	0	0	0	0	0	0	0	2080	series_enhance_v	1050	1050	0					6000	0
304725		304724	3					0	1	0	0	0	0	0	0	0	0	3120	series_enhance_v	1370	1370	0					7000	0
304726	304727							0	1	0	0	0	0	0	0	0	0	2200	series_enhance_v	1100	1100	0					5000	0	301002	1
304727	304728	304726	3					0	1	0	0	0	0	0	0	0	0	2900	series_enhance_v	1450	1450	0					6000	0
304728		304727	3					0	1	0	0	0	0	0	0	0	0	3520	series_enhance_v	1760	1760	0					7000	0
304729	304730							0	1	0	0	0	0	0	0	0	0	2980	series_enhance_v	1490	1490	0					5000	0	301003	1
304730	304731	304729	3					0	1	0	0	0	0	0	0	0	0	3680	series_enhance_v	1840	1840	0					6000	0
304731		304730	3					0	1	0	0	0	0	0	0	0	0	4280	series_enhance_v	2140	2140	0					7000	0
304811	304812							0	0	0	0	1	0	0	0	0	0	220	meleedamage_return_v	450	450	0					1000	0
304812	304813	304811	3					0	0	0	0	1	0	0	0	0	0	330	meleedamage_return_v	670	670	0					2000	0
304813		304812	3					0	0	0	0	1	0	0	0	0	0	480	meleedamage_return_v	990	990	0					3000	0
304814	304815							0	0	0	0	1	0	0	0	0	0	350	meleedamage_return_v	720	720	0					2000	0
304815	304816	304814	3					0	0	0	0	1	0	0	0	0	0	520	meleedamage_return_v	1080	1080	0					3000	0
304816		304815	3					0	0	0	0	1	0	0	0	0	0	780	meleedamage_return_v	1620	1620	0					4000	0
304817	304818							0	0	0	0	1	0	0	0	0	0	540	meleedamage_return_v	1120	1120	0					3000	0	300999	1
304818	304819	304817	3					0	0	0	0	1	0	0	0	0	0	800	meleedamage_return_v	1660	1660	0					4000	0
304819		304818	3					0	0	0	0	1	0	0	0	0	0	1190	meleedamage_return_v	2470	2470	0					5000	0
304820	304821							0	0	0	0	1	0	0	0	0	0	870	meleedamage_return_v	1800	1800	0					4000	0	301000	1
304821	304822	304820	3					0	0	0	0	1	0	0	0	0	0	1300	meleedamage_return_v	2700	2700	0					5000	0
304822		304821	3					0	0	0	0	1	0	0	0	0	0	1950	meleedamage_return_v	4050	4050	0					6000	0
304823	304824							0	0	0	0	1	0	0	0	0	0	1390	meleedamage_return_v	2880	2880	0					5000	0	301001	1
304824	304825	304823	3					0	0	0	0	1	0	0	0	0	0	2080	meleedamage_return_v	4320	4320	0					6000	0
304825		304824	3					0	0	0	0	1	0	0	0	0	0	3120	meleedamage_return_v	5620	5620	0					7000	0
304826	304827							0	0	0	0	1	0	0	0	0	0	2200	meleedamage_return_v	4500	4500	0					5000	0	301002	1
304827	304828	304826	3					0	0	0	0	1	0	0	0	0	0	2900	meleedamage_return_v	5940	5940	0					6000	0
304828		304827	3					0	0	0	0	1	0	0	0	0	0	3520	meleedamage_return_v	7200	7200	0					7000	0
304829	304830							0	0	0	0	1	0	0	0	0	0	2980	meleedamage_return_v	6120	6120	0					5000	0	301003	1
304830	304831	304829	3					0	0	0	0	1	0	0	0	0	0	3680	meleedamage_return_v	7560	7560	0					6000	0
304831		304830	3					0	0	0	0	1	0	0	0	0	0	4280	meleedamage_return_v	8770	8770	0					7000	0
304911	304912							0	0	0	1	0	0	0	0	0	0	220	rangedamage_return_v	450	450	0					1000	0
304912	304913	304911	3					0	0	0	1	0	0	0	0	0	0	330	rangedamage_return_v	670	670	0					2000	0
304913		304912	3					0	0	0	1	0	0	0	0	0	0	480	rangedamage_return_v	990	990	0					3000	0
304914	304915							0	0	0	1	0	0	0	0	0	0	350	rangedamage_return_v	720	720	0					2000	0
304915	304916	304914	3					0	0	0	1	0	0	0	0	0	0	520	rangedamage_return_v	1080	1080	0					3000	0
304916		304915	3					0	0	0	1	0	0	0	0	0	0	780	rangedamage_return_v	1620	1620	0					4000	0
304917	304918							0	0	0	1	0	0	0	0	0	0	540	rangedamage_return_v	1120	1120	0					3000	0	300999	1
304918	304919	304917	3					0	0	0	1	0	0	0	0	0	0	800	rangedamage_return_v	1660	1660	0					4000	0
304919		304918	3					0	0	0	1	0	0	0	0	0	0	1190	rangedamage_return_v	2470	2470	0					5000	0
304920	304921							0	0	0	1	0	0	0	0	0	0	870	rangedamage_return_v	1800	1800	0					4000	0	301000	1
304921	304922	304920	3					0	0	0	1	0	0	0	0	0	0	1300	rangedamage_return_v	2700	2700	0					5000	0
304922		304921	3					0	0	0	1	0	0	0	0	0	0	1950	rangedamage_return_v	4050	4050	0					6000	0
304923	304924							0	0	0	1	0	0	0	0	0	0	1390	rangedamage_return_v	2880	2880	0					5000	0	301001	1
304924	304925	304923	3					0	0	0	1	0	0	0	0	0	0	2080	rangedamage_return_v	4320	4320	0					6000	0
304925		304924	3					0	0	0	1	0	0	0	0	0	0	3120	rangedamage_return_v	5620	5620	0					7000	0
304926	304927							0	0	0	1	0	0	0	0	0	0	2200	rangedamage_return_v	4500	4500	0					5000	0	301002	1
304927	304928	304926	3					0	0	0	1	0	0	0	0	0	0	2900	rangedamage_return_v	5940	5940	0					6000	0
304928		304927	3					0	0	0	1	0	0	0	0	0	0	3520	rangedamage_return_v	7200	7200	0					7000	0
304929	304930							0	0	0	1	0	0	0	0	0	0	2980	rangedamage_return_v	6120	6120	0					5000	0	301003	1
304930	304931	304929	3					0	0	0	1	0	0	0	0	0	0	3680	rangedamage_return_v	7560	7560	0					6000	0
304931		304930	3					0	0	0	1	0	0	0	0	0	0	4280	rangedamage_return_v	8770	8770	0					7000	0
305011	305012							0	0	0	0	0	0	0	0	0	1	220	return_resist_melee_v	450	450	0					1000	0
305012	305013	305011	3					0	0	0	0	0	0	0	0	0	1	330	return_resist_melee_v	670	670	0					2000	0
305013		305012	3					0	0	0	0	0	0	0	0	0	1	480	return_resist_melee_v	990	990	0					3000	0
305014	305015							0	0	0	0	0	0	0	0	0	1	350	return_resist_melee_v	720	720	0					2000	0
305015	305016	305014	3					0	0	0	0	0	0	0	0	0	1	520	return_resist_melee_v	1080	1080	0					3000	0
305016		305015	3					0	0	0	0	0	0	0	0	0	1	780	return_resist_melee_v	1620	1620	0					4000	0
305017	305018							0	0	0	0	0	0	0	0	0	1	540	return_resist_melee_v	1120	1120	0					3000	0	300999	1
305018	305019	305017	3					0	0	0	0	0	0	0	0	0	1	800	return_resist_melee_v	1660	1660	0					4000	0
305019		305018	3					0	0	0	0	0	0	0	0	0	1	1190	return_resist_melee_v	2470	2470	0					5000	0
305020	305021							0	0	0	0	0	0	0	0	0	1	870	return_resist_melee_v	1800	1800	0					4000	0	301000	1
305021	305022	305020	3					0	0	0	0	0	0	0	0	0	1	1300	return_resist_melee_v	2700	2700	0					5000	0
305022		305021	3					0	0	0	0	0	0	0	0	0	1	1950	return_resist_melee_v	4050	4050	0					6000	0
305023	305024							0	0	0	0	0	0	0	0	0	1	1390	return_resist_melee_v	2880	2880	0					5000	0	301001	1
305024	305025	305023	3					0	0	0	0	0	0	0	0	0	1	2080	return_resist_melee_v	4320	4320	0					6000	0
305025		305024	3					0	0	0	0	0	0	0	0	0	1	3120	return_resist_melee_v	5620	5620	0					7000	0
305026	305027							0	0	0	0	0	0	0	0	0	1	2200	return_resist_melee_v	4500	4500	0					5000	0	301002	1
305027	305028	305026	3					0	0	0	0	0	0	0	0	0	1	2900	return_resist_melee_v	5940	5940	0					6000	0
305028		305027	3					0	0	0	0	0	0	0	0	0	1	3520	return_resist_melee_v	7200	7200	0					7000	0
305029	305030							0	0	0	0	0	0	0	0	0	1	2980	return_resist_melee_v	6120	6120	0					5000	0	301003	1
305030	305031	305029	3					0	0	0	0	0	0	0	0	0	1	3680	return_resist_melee_v	7560	7560	0					6000	0
305031		305030	3					0	0	0	0	0	0	0	0	0	1	4280	return_resist_melee_v	8770	8770	0					7000	0
305111	305112							0	0	0	0	0	0	0	1	0	0	220	return_resist_range_v	450	450	0					1000	0
305112	305113	305111	3					0	0	0	0	0	0	0	1	0	0	330	return_resist_range_v	670	670	0					2000	0
305113		305112	3					0	0	0	0	0	0	0	1	0	0	480	return_resist_range_v	990	990	0					3000	0
305114	305115							0	0	0	0	0	0	0	1	0	0	350	return_resist_range_v	720	720	0					2000	0
305115	305116	305114	3					0	0	0	0	0	0	0	1	0	0	520	return_resist_range_v	1080	1080	0					3000	0
305116		305115	3					0	0	0	0	0	0	0	1	0	0	780	return_resist_range_v	1620	1620	0					4000	0
305117	305118							0	0	0	0	0	0	0	1	0	0	540	return_resist_range_v	1120	1120	0					3000	0	300999	1
305118	305119	305117	3					0	0	0	0	0	0	0	1	0	0	800	return_resist_range_v	1660	1660	0					4000	0
305119		305118	3					0	0	0	0	0	0	0	1	0	0	1190	return_resist_range_v	2470	2470	0					5000	0
305120	305121							0	0	0	0	0	0	0	1	0	0	870	return_resist_range_v	1800	1800	0					4000	0	301000	1
305121	305122	305120	3					0	0	0	0	0	0	0	1	0	0	1300	return_resist_range_v	2700	2700	0					5000	0
305122		305121	3					0	0	0	0	0	0	0	1	0	0	1950	return_resist_range_v	4050	4050	0					6000	0
305123	305124							0	0	0	0	0	0	0	1	0	0	1390	return_resist_range_v	2880	2880	0					5000	0	301001	1
305124	305125	305123	3					0	0	0	0	0	0	0	1	0	0	2080	return_resist_range_v	4320	4320	0					6000	0
305125		305124	3					0	0	0	0	0	0	0	1	0	0	3120	return_resist_range_v	5620	5620	0					7000	0
305126	305127							0	0	0	0	0	0	0	1	0	0	2200	return_resist_range_v	4500	4500	0					5000	0	301002	1
305127	305128	305126	3					0	0	0	0	0	0	0	1	0	0	2900	return_resist_range_v	5940	5940	0					6000	0
305128		305127	3					0	0	0	0	0	0	0	1	0	0	3520	return_resist_range_v	7200	7200	0					7000	0
305129	305130							0	0	0	0	0	0	0	1	0	0	2980	return_resist_range_v	6120	6120	0					5000	0	301003	1
305130	305131	305129	3					0	0	0	0	0	0	0	1	0	0	3680	return_resist_range_v	7560	7560	0					6000	0
305131		305130	3					0	0	0	0	0	0	0	1	0	0	4280	return_resist_range_v	8770	8770	0					7000	0
305211	305212							0	0	0	0	0	1	0	0	0	0	220	enhance_final_damage_p	10	10	0					1000	1
305212	305213	305211	3					0	0	0	0	0	1	0	0	0	0	330	enhance_final_damage_p	20	20	0					2000	1
305213		305212	3					0	0	0	0	0	1	0	0	0	0	480	enhance_final_damage_p	30	30	0					3000	1
305214	305215							0	0	0	0	0	1	0	0	0	0	350	enhance_final_damage_p	20	20	0					2000	1
305215	305216	305214	3					0	0	0	0	0	1	0	0	0	0	520	enhance_final_damage_p	30	30	0					3000	1
305216		305215	3					0	0	0	0	0	1	0	0	0	0	780	enhance_final_damage_p	40	40	0					4000	1
305217	305218							0	0	0	0	0	1	0	0	0	0	540	enhance_final_damage_p	30	30	0					3000	1	300999	1
305218	305219	305217	3					0	0	0	0	0	1	0	0	0	0	800	enhance_final_damage_p	40	40	0					4000	1
305219		305218	3					0	0	0	0	0	1	0	0	0	0	1190	enhance_final_damage_p	60	60	0					5000	1
305220	305221							0	0	0	0	0	1	0	0	0	0	870	enhance_final_damage_p	40	40	0					4000	1	301000	1
305221	305222	305220	3					0	0	0	0	0	1	0	0	0	0	1300	enhance_final_damage_p	60	60	0					5000	1
305222		305221	3					0	0	0	0	0	1	0	0	0	0	1950	enhance_final_damage_p	100	100	0					6000	1
305223	305224							0	0	0	0	0	1	0	0	0	0	1390	enhance_final_damage_p	70	70	0					5000	1	301001	1
305224	305225	305223	3					0	0	0	0	0	1	0	0	0	0	2080	enhance_final_damage_p	100	100	0					6000	1
305225		305224	3					0	0	0	0	0	1	0	0	0	0	3120	enhance_final_damage_p	120	120	0					7000	1
305226	305227							0	0	0	0	0	1	0	0	0	0	2200	enhance_final_damage_p	100	100	0					5000	1	301002	1
305227	305228	305226	3					0	0	0	0	0	1	0	0	0	0	2900	enhance_final_damage_p	130	130	0					6000	1
305228		305227	3					0	0	0	0	0	1	0	0	0	0	3520	enhance_final_damage_p	160	160	0					7000	1
305229	305230							0	0	0	0	0	1	0	0	0	0	2980	enhance_final_damage_p	130	130	0					5000	1	301003	1
305230	305231	305229	3					0	0	0	0	0	1	0	0	0	0	3680	enhance_final_damage_p	160	160	0					6000	1
305231		305230	3					0	0	0	0	0	1	0	0	0	0	4280	enhance_final_damage_p	190	190	0					7000	1
305311	305312							0	1	0	0	0	0	0	0	0	0	220	reduce_final_damage_p	10	10	0					1000	1
305312	305313	305311	3					0	1	0	0	0	0	0	0	0	0	330	reduce_final_damage_p	20	20	0					2000	1
305313		305312	3					0	1	0	0	0	0	0	0	0	0	480	reduce_final_damage_p	30	30	0					3000	1
305314	305315							0	1	0	0	0	0	0	0	0	0	350	reduce_final_damage_p	20	20	0					2000	1
305315	305316	305314	3					0	1	0	0	0	0	0	0	0	0	520	reduce_final_damage_p	30	30	0					3000	1
305316		305315	3					0	1	0	0	0	0	0	0	0	0	780	reduce_final_damage_p	40	40	0					4000	1
305317	305318							0	1	0	0	0	0	0	0	0	0	540	reduce_final_damage_p	30	30	0					3000	1	300999	1
305318	305319	305317	3					0	1	0	0	0	0	0	0	0	0	800	reduce_final_damage_p	40	40	0					4000	1
305319		305318	3					0	1	0	0	0	0	0	0	0	0	1190	reduce_final_damage_p	60	60	0					5000	1
305320	305321							0	1	0	0	0	0	0	0	0	0	870	reduce_final_damage_p	40	40	0					4000	1	301000	1
305321	305322	305320	3					0	1	0	0	0	0	0	0	0	0	1300	reduce_final_damage_p	60	60	0					5000	1
305322		305321	3					0	1	0	0	0	0	0	0	0	0	1950	reduce_final_damage_p	100	100	0					6000	1
305323	305324							0	1	0	0	0	0	0	0	0	0	1390	reduce_final_damage_p	70	70	0					5000	1	301001	1
305324	305325	305323	3					0	1	0	0	0	0	0	0	0	0	2080	reduce_final_damage_p	100	100	0					6000	1
305325		305324	3					0	1	0	0	0	0	0	0	0	0	3120	reduce_final_damage_p	120	120	0					7000	1
305326	305327							0	1	0	0	0	0	0	0	0	0	2200	reduce_final_damage_p	100	100	0					5000	1	301002	1
305327	305328	305326	3					0	1	0	0	0	0	0	0	0	0	2900	reduce_final_damage_p	130	130	0					6000	1
305328		305327	3					0	1	0	0	0	0	0	0	0	0	3520	reduce_final_damage_p	160	160	0					7000	1
305329	305330							0	1	0	0	0	0	0	0	0	0	2980	reduce_final_damage_p	130	130	0					5000	1	301003	1
305330	305331	305329	3					0	1	0	0	0	0	0	0	0	0	3680	reduce_final_damage_p	160	160	0					6000	1
305331		305330	3					0	1	0	0	0	0	0	0	0	0	4280	reduce_final_damage_p	190	190	0					7000	1
305411	305412	302417	1	303517	1	507	25	0	0	0	0	0	1	0	0	0	0	810	energy_earthdamage_v	270	270	0	earth_resist_v	1400	1400	0	3000	0
305412	305413	305411	3					0	0	0	0	0	1	0	0	0	0	1220	energy_earthdamage_v	400	400	0	earth_resist_v	2070	2070	0	4000	0
305413		305412	3					0	0	0	0	0	1	0	0	0	0	1820	energy_earthdamage_v	600	600	0	earth_resist_v	3080	3080	0	5000	0
305414	305415	302420	1	303520	1	507	27	0	0	0	0	0	1	0	0	0	0	1300	energy_earthdamage_v	440	440	0	earth_resist_v	2240	2240	0	5000	0
305415	305416	305414	3					0	0	0	0	0	1	0	0	0	0	1950	energy_earthdamage_v	660	660	0	earth_resist_v	3360	3360	0	6000	0
305416		305415	3					0	0	0	0	0	1	0	0	0	0	2930	energy_earthdamage_v	990	990	0	earth_resist_v	5040	5040	0	7000	0
305417	305418	302423	1	303523	1	507	27	0	0	0	0	0	1	0	0	0	0	2080	energy_earthdamage_v	700	700	0	earth_resist_v	3580	3580	0	5000	0
305418	305419	305417	3					0	0	0	0	0	1	0	0	0	0	3120	energy_earthdamage_v	1050	1050	0	earth_resist_v	5370	5370	0	6000	0
305419		305418	3					0	0	0	0	0	1	0	0	0	0	4680	energy_earthdamage_v	1370	1370	0	earth_resist_v	7000	7000	0	7000	0
305420	305421	302426	1	303526	1	507	27	0	0	0	0	0	1	0	0	0	0	3750	energy_earthdamage_v	1100	1100	0	earth_resist_v	5600	5600	0	5000	0
305421	305422	305420	3					0	0	0	0	0	1	0	0	0	0	4940	energy_earthdamage_v	1450	1450	0	earth_resist_v	7390	7390	0	6000	0
305422		305421	3					0	0	0	0	0	1	0	0	0	0	5990	energy_earthdamage_v	1760	1760	0	earth_resist_v	8960	8960	0	7000	0
305423	305424	302429	1	303529	1	507	27	0	0	0	0	0	1	0	0	0	0	5090	energy_earthdamage_v	1490	1490	0	earth_resist_v	7610	7610	0	5000	0
305424	305425	305423	3					0	0	0	0	0	1	0	0	0	0	6290	energy_earthdamage_v	1840	1840	0	earth_resist_v	9400	9400	0	6000	0
305425		305424	3					0	0	0	0	0	1	0	0	0	0	7300	energy_earthdamage_v	2140	2140	0	earth_resist_v	10920	10920	0	7000	0
305511	305512	303517	1	301417	1	507	25	0	0	0	0	0	1	0	0	0	0	810	steallife_v	570	570	0	earth_resist_v	1400	1400	0	3000	0
305512	305513	305511	3					0	0	0	0	0	1	0	0	0	0	1220	steallife_v	850	850	0	earth_resist_v	2070	2070	0	4000	0
305513		305512	3					0	0	0	0	0	1	0	0	0	0	1820	steallife_v	1260	1260	0	earth_resist_v	3080	3080	0	5000	0
305514	305515	303520	1	301420	1	507	27	0	0	0	0	0	1	0	0	0	0	1300	steallife_v	920	920	0	earth_resist_v	2240	2240	0	5000	0
305515	305516	305514	3					0	0	0	0	0	1	0	0	0	0	1950	steallife_v	1380	1380	0	earth_resist_v	3360	3360	0	6000	0
305516		305515	3					0	0	0	0	0	1	0	0	0	0	2930	steallife_v	2070	2070	0	earth_resist_v	5040	5040	0	7000	0
305517	305518	303523	1	301423	1	507	27	0	0	0	0	0	1	0	0	0	0	2080	steallife_v	1470	1470	0	earth_resist_v	3580	3580	0	5000	0
305518	305519	305517	3					0	0	0	0	0	1	0	0	0	0	3120	steallife_v	2200	2200	0	earth_resist_v	5370	5370	0	6000	0
305519		305518	3					0	0	0	0	0	1	0	0	0	0	4680	steallife_v	2870	2870	0	earth_resist_v	7000	7000	0	7000	0
305520	305521	303526	1	301426	1	507	27	0	0	0	0	0	1	0	0	0	0	3750	steallife_v	2300	2300	0	earth_resist_v	5600	5600	0	5000	0
305521	305522	305520	3					0	0	0	0	0	1	0	0	0	0	4940	steallife_v	3030	3030	0	earth_resist_v	7390	7390	0	6000	0
305522		305521	3					0	0	0	0	0	1	0	0	0	0	5990	steallife_v	3680	3680	0	earth_resist_v	8960	8960	0	7000	0
305523	305524	303529	1	301429	1	507	27	0	0	0	0	0	1	0	0	0	0	5090	steallife_v	3120	3120	0	earth_resist_v	7610	7610	0	5000	0
305524	305525	305523	3					0	0	0	0	0	1	0	0	0	0	6290	steallife_v	3860	3860	0	earth_resist_v	9400	9400	0	6000	0
305525		305524	3					0	0	0	0	0	1	0	0	0	0	7300	steallife_v	4480	4480	0	earth_resist_v	10920	10920	0	7000	0
305611	305612	301117	1	303417	1	507	25	0	0	0	0	0	1	0	0	0	0	810	strength_v	270	270	0	all_series_resist_v	270	270	0	3000	0
305612	305613	305611	3					0	0	0	0	0	1	0	0	0	0	1220	strength_v	400	400	0	all_series_resist_v	400	400	0	4000	0
305613		305612	3					0	0	0	0	0	1	0	0	0	0	1820	strength_v	600	600	0	all_series_resist_v	600	600	0	5000	0
305614	305615	301120	1	303420	1	507	27	0	0	0	0	0	1	0	0	0	0	1300	strength_v	440	440	0	all_series_resist_v	440	440	0	5000	0
305615	305616	305614	3					0	0	0	0	0	1	0	0	0	0	1950	strength_v	660	660	0	all_series_resist_v	660	660	0	6000	0
305616		305615	3					0	0	0	0	0	1	0	0	0	0	2930	strength_v	990	990	0	all_series_resist_v	990	990	0	7000	0
305617	305618	301123	1	303423	1	507	27	0	0	0	0	0	1	0	0	0	0	2080	strength_v	700	700	0	all_series_resist_v	700	700	0	5000	0
305618	305619	305617	3					0	0	0	0	0	1	0	0	0	0	3120	strength_v	1050	1050	0	all_series_resist_v	1050	1050	0	6000	0
305619		305618	3					0	0	0	0	0	1	0	0	0	0	4680	strength_v	1370	1370	0	all_series_resist_v	1370	1370	0	7000	0
305620	305621	301126	1	303426	1	507	27	0	0	0	0	0	1	0	0	0	0	3750	strength_v	1100	1100	0	all_series_resist_v	1100	1100	0	5000	0
305621	305622	305620	3					0	0	0	0	0	1	0	0	0	0	4940	strength_v	1450	1450	0	all_series_resist_v	1450	1450	0	6000	0
305622		305621	3					0	0	0	0	0	1	0	0	0	0	5990	strength_v	1760	1760	0	all_series_resist_v	1760	1760	0	7000	0
305623	305624	301129	1	303429	1	507	27	0	0	0	0	0	1	0	0	0	0	5090	strength_v	1490	1490	0	all_series_resist_v	1490	1490	0	5000	0
305624	305625	305623	3					0	0	0	0	0	1	0	0	0	0	6290	strength_v	1840	1840	0	all_series_resist_v	1840	1840	0	6000	0
305625		305624	3					0	0	0	0	0	1	0	0	0	0	7300	strength_v	2140	2140	0	all_series_resist_v	2140	2140	0	7000	0
305711	305712	301417	1	304617	1	507	25	0	0	0	0	0	1	0	0	0	0	810	series_abate_v	270	270	0	steallife_v	570	570	0	3000	0
305712	305713	305711	3					0	0	0	0	0	1	0	0	0	0	1220	series_abate_v	400	400	0	steallife_v	850	850	0	4000	0
305713		305712	3					0	0	0	0	0	1	0	0	0	0	1820	series_abate_v	600	600	0	steallife_v	1260	1260	0	5000	0
305714	305715	301420	1	304620	1	507	27	0	0	0	0	0	1	0	0	0	0	1300	series_abate_v	440	440	0	steallife_v	920	920	0	5000	0
305715	305716	305714	3					0	0	0	0	0	1	0	0	0	0	1950	series_abate_v	660	660	0	steallife_v	1380	1380	0	6000	0
305716		305715	3					0	0	0	0	0	1	0	0	0	0	2930	series_abate_v	990	990	0	steallife_v	2070	2070	0	7000	0
305717	305718	301423	1	304623	1	507	27	0	0	0	0	0	1	0	0	0	0	2080	series_abate_v	700	700	0	steallife_v	1470	1470	0	5000	0
305718	305719	305717	3					0	0	0	0	0	1	0	0	0	0	3120	series_abate_v	1050	1050	0	steallife_v	2200	2200	0	6000	0
305719		305718	3					0	0	0	0	0	1	0	0	0	0	4680	series_abate_v	1370	1370	0	steallife_v	2870	2870	0	7000	0
305720	305721	301426	1	304626	1	507	27	0	0	0	0	0	1	0	0	0	0	3750	series_abate_v	1100	1100	0	steallife_v	2300	2300	0	5000	0
305721	305722	305720	3					0	0	0	0	0	1	0	0	0	0	4940	series_abate_v	1450	1450	0	steallife_v	3030	3030	0	6000	0
305722		305721	3					0	0	0	0	0	1	0	0	0	0	5990	series_abate_v	1760	1760	0	steallife_v	3680	3680	0	7000	0
305723	305724	301429	1	304629	1	507	27	0	0	0	0	0	1	0	0	0	0	5090	series_abate_v	1490	1490	0	steallife_v	3120	3120	0	5000	0
305724	305725	305723	3					0	0	0	0	0	1	0	0	0	0	6290	series_abate_v	1840	1840	0	steallife_v	3860	3860	0	6000	0
305725		305724	3					0	0	0	0	0	1	0	0	0	0	7300	series_abate_v	2140	2140	0	steallife_v	4480	4480	0	7000	0
305811	305812	301117	1	303517	1	507	25	0	0	0	0	0	1	0	0	0	0	810	strength_v	270	270	0	earth_resist_v	1400	1400	0	3000	0
305812	305813	305811	3					0	0	0	0	0	1	0	0	0	0	1220	strength_v	400	400	0	earth_resist_v	2070	2070	0	4000	0
305813		305812	3					0	0	0	0	0	1	0	0	0	0	1820	strength_v	600	600	0	earth_resist_v	3080	3080	0	5000	0
305814	305815	301120	1	303520	1	507	27	0	0	0	0	0	1	0	0	0	0	1300	strength_v	440	440	0	earth_resist_v	2240	2240	0	5000	0
305815	305816	305814	3					0	0	0	0	0	1	0	0	0	0	1950	strength_v	660	660	0	earth_resist_v	3360	3360	0	6000	0
305816		305815	3					0	0	0	0	0	1	0	0	0	0	2930	strength_v	990	990	0	earth_resist_v	5040	5040	0	7000	0
305817	305818	301123	1	303523	1	507	27	0	0	0	0	0	1	0	0	0	0	2080	strength_v	700	700	0	earth_resist_v	3580	3580	0	5000	0
305818	305819	305817	3					0	0	0	0	0	1	0	0	0	0	3120	strength_v	1050	1050	0	earth_resist_v	5370	5370	0	6000	0
305819		305818	3					0	0	0	0	0	1	0	0	0	0	4680	strength_v	1370	1370	0	earth_resist_v	7000	7000	0	7000	0
305820	305821	301126	1	303526	1	507	27	0	0	0	0	0	1	0	0	0	0	3750	strength_v	1100	1100	0	earth_resist_v	5600	5600	0	5000	0
305821	305822	305820	3					0	0	0	0	0	1	0	0	0	0	4940	strength_v	1450	1450	0	earth_resist_v	7390	7390	0	6000	0
305822		305821	3					0	0	0	0	0	1	0	0	0	0	5990	strength_v	1760	1760	0	earth_resist_v	8960	8960	0	7000	0
305823	305824	301129	1	303529	1	507	27	0	0	0	0	0	1	0	0	0	0	5090	strength_v	1490	1490	0	earth_resist_v	7610	7610	0	5000	0
305824	305825	305823	3					0	0	0	0	0	1	0	0	0	0	6290	strength_v	1840	1840	0	earth_resist_v	9400	9400	0	6000	0
305825		305824	3					0	0	0	0	0	1	0	0	0	0	7300	strength_v	2140	2140	0	earth_resist_v	10920	10920	0	7000	0
305911	305912	303417	1	305217	1	507	25	0	0	0	0	0	1	0	0	0	0	810	enhance_final_damage_p	30	30	0	all_series_resist_v	270	270	0	3000	1
305912	305913	305911	3					0	0	0	0	0	1	0	0	0	0	1220	enhance_final_damage_p	40	40	0	all_series_resist_v	400	400	0	4000	1
305913		305912	3					0	0	0	0	0	1	0	0	0	0	1820	enhance_final_damage_p	60	60	0	all_series_resist_v	600	600	0	5000	1
305914	305915	303420	1	305220	1	507	27	0	0	0	0	0	1	0	0	0	0	1300	enhance_final_damage_p	40	40	0	all_series_resist_v	440	440	0	5000	1
305915	305916	305914	3					0	0	0	0	0	1	0	0	0	0	1950	enhance_final_damage_p	60	60	0	all_series_resist_v	660	660	0	6000	1
305916		305915	3					0	0	0	0	0	1	0	0	0	0	2930	enhance_final_damage_p	100	100	0	all_series_resist_v	990	990	0	7000	1
305917	305918	303423	1	305223	1	507	27	0	0	0	0	0	1	0	0	0	0	2080	enhance_final_damage_p	70	70	0	all_series_resist_v	700	700	0	5000	1
305918	305919	305917	3					0	0	0	0	0	1	0	0	0	0	3120	enhance_final_damage_p	100	100	0	all_series_resist_v	1050	1050	0	6000	1
305919		305918	3					0	0	0	0	0	1	0	0	0	0	4680	enhance_final_damage_p	120	120	0	all_series_resist_v	1370	1370	0	7000	1
305920	305921	303426	1	305226	1	507	27	0	0	0	0	0	1	0	0	0	0	3750	enhance_final_damage_p	100	100	0	all_series_resist_v	1100	1100	0	5000	1
305921	305922	305920	3					0	0	0	0	0	1	0	0	0	0	4940	enhance_final_damage_p	130	130	0	all_series_resist_v	1450	1450	0	6000	1
305922		305921	3					0	0	0	0	0	1	0	0	0	0	5990	enhance_final_damage_p	160	160	0	all_series_resist_v	1760	1760	0	7000	1
305923	305924	303429	1	305229	1	507	27	0	0	0	0	0	1	0	0	0	0	5090	enhance_final_damage_p	130	130	0	all_series_resist_v	1490	1490	0	5000	1
305924	305925	305923	3					0	0	0	0	0	1	0	0	0	0	6290	enhance_final_damage_p	160	160	0	all_series_resist_v	1840	1840	0	6000	1
305925		305924	3					0	0	0	0	0	1	0	0	0	0	7300	enhance_final_damage_p	190	190	0	all_series_resist_v	2140	2140	0	7000	1
306011	306012	302917	1	304117	1	507	25	0	1	0	0	0	0	0	0	0	0	810	physical_earthdamage_v	270	270	0	ignore_earth_resist_v	1000	270	0	3000	0
306012	306013	306011	3					0	1	0	0	0	0	0	0	0	0	1220	physical_earthdamage_v	400	400	0	ignore_earth_resist_v	1000	400	0	4000	0
306013		306012	3					0	1	0	0	0	0	0	0	0	0	1820	physical_earthdamage_v	600	600	0	ignore_earth_resist_v	1000	600	0	5000	0
306014	306015	302920	1	304120	1	507	27	0	1	0	0	0	0	0	0	0	0	1300	physical_earthdamage_v	440	440	0	ignore_earth_resist_v	1000	440	0	5000	0
306015	306016	306014	3					0	1	0	0	0	0	0	0	0	0	1950	physical_earthdamage_v	660	660	0	ignore_earth_resist_v	1000	660	0	6000	0
306016		306015	3					0	1	0	0	0	0	0	0	0	0	2930	physical_earthdamage_v	990	990	0	ignore_earth_resist_v	1000	990	0	7000	0
306017	306018	302923	1	304123	1	507	27	0	1	0	0	0	0	0	0	0	0	2080	physical_earthdamage_v	700	700	0	ignore_earth_resist_v	1000	700	0	5000	0
306018	306019	306017	3					0	1	0	0	0	0	0	0	0	0	3120	physical_earthdamage_v	1050	1050	0	ignore_earth_resist_v	1000	1050	0	6000	0
306019		306018	3					0	1	0	0	0	0	0	0	0	0	4680	physical_earthdamage_v	1370	1370	0	ignore_earth_resist_v	1000	1370	0	7000	0
306020	306021	302926	1	304126	1	507	27	0	1	0	0	0	0	0	0	0	0	3750	physical_earthdamage_v	1100	1100	0	ignore_earth_resist_v	1000	1100	0	5000	0
306021	306022	306020	3					0	1	0	0	0	0	0	0	0	0	4940	physical_earthdamage_v	1450	1450	0	ignore_earth_resist_v	1000	1450	0	6000	0
306022		306021	3					0	1	0	0	0	0	0	0	0	0	5990	physical_earthdamage_v	1760	1760	0	ignore_earth_resist_v	1000	1760	0	7000	0
306023	306024	302929	1	304129	1	507	27	0	1	0	0	0	0	0	0	0	0	5090	physical_earthdamage_v	1490	1490	0	ignore_earth_resist_v	1000	1490	0	5000	0
306024	306025	306023	3					0	1	0	0	0	0	0	0	0	0	6290	physical_earthdamage_v	1840	1840	0	ignore_earth_resist_v	1000	1840	0	6000	0
306025		306024	3					0	1	0	0	0	0	0	0	0	0	7300	physical_earthdamage_v	2140	2140	0	ignore_earth_resist_v	1000	2140	0	7000	0
306111	306112	304117	1	301517	1	507	25	0	1	0	0	0	0	0	0	0	0	810	stealmana_v	570	570	0	ignore_earth_resist_v	1000	270	0	3000	0
306112	306113	306111	3					0	1	0	0	0	0	0	0	0	0	1220	stealmana_v	850	850	0	ignore_earth_resist_v	1000	400	0	4000	0
306113		306112	3					0	1	0	0	0	0	0	0	0	0	1820	stealmana_v	1260	1260	0	ignore_earth_resist_v	1000	600	0	5000	0
306114	306115	304120	1	301520	1	507	27	0	1	0	0	0	0	0	0	0	0	1300	stealmana_v	920	920	0	ignore_earth_resist_v	1000	440	0	5000	0
306115	306116	306114	3					0	1	0	0	0	0	0	0	0	0	1950	stealmana_v	1380	1380	0	ignore_earth_resist_v	1000	660	0	6000	0
306116		306115	3					0	1	0	0	0	0	0	0	0	0	2930	stealmana_v	2070	2070	0	ignore_earth_resist_v	1000	990	0	7000	0
306117	306118	304123	1	301523	1	507	27	0	1	0	0	0	0	0	0	0	0	2080	stealmana_v	1470	1470	0	ignore_earth_resist_v	1000	700	0	5000	0
306118	306119	306117	3					0	1	0	0	0	0	0	0	0	0	3120	stealmana_v	2200	2200	0	ignore_earth_resist_v	1000	1050	0	6000	0
306119		306118	3					0	1	0	0	0	0	0	0	0	0	4680	stealmana_v	2870	2870	0	ignore_earth_resist_v	1000	1370	0	7000	0
306120	306121	304126	1	301526	1	507	27	0	1	0	0	0	0	0	0	0	0	3750	stealmana_v	2300	2300	0	ignore_earth_resist_v	1000	1100	0	5000	0
306121	306122	306120	3					0	1	0	0	0	0	0	0	0	0	4940	stealmana_v	3030	3030	0	ignore_earth_resist_v	1000	1450	0	6000	0
306122		306121	3					0	1	0	0	0	0	0	0	0	0	5990	stealmana_v	3680	3680	0	ignore_earth_resist_v	1000	1760	0	7000	0
306123	306124	304129	1	301529	1	507	27	0	1	0	0	0	0	0	0	0	0	5090	stealmana_v	3120	3120	0	ignore_earth_resist_v	1000	1490	0	5000	0
306124	306125	306123	3					0	1	0	0	0	0	0	0	0	0	6290	stealmana_v	3860	3860	0	ignore_earth_resist_v	1000	1840	0	6000	0
306125		306124	3					0	1	0	0	0	0	0	0	0	0	7300	stealmana_v	4480	4480	0	ignore_earth_resist_v	1000	2140	0	7000	0
306211	306212	301317	1	304017	1	507	25	0	1	0	0	0	0	0	0	0	0	810	dexterity_v	270	270	0	ignore_all_resist_v	1000	270	0	3000	0
306212	306213	306211	3					0	1	0	0	0	0	0	0	0	0	1220	dexterity_v	400	400	0	ignore_all_resist_v	1000	400	0	4000	0
306213		306212	3					0	1	0	0	0	0	0	0	0	0	1820	dexterity_v	600	600	0	ignore_all_resist_v	1000	600	0	5000	0
306214	306215	301320	1	304020	1	507	27	0	1	0	0	0	0	0	0	0	0	1300	dexterity_v	440	440	0	ignore_all_resist_v	1000	440	0	5000	0
306215	306216	306214	3					0	1	0	0	0	0	0	0	0	0	1950	dexterity_v	660	660	0	ignore_all_resist_v	1000	660	0	6000	0
306216		306215	3					0	1	0	0	0	0	0	0	0	0	2930	dexterity_v	990	990	0	ignore_all_resist_v	1000	990	0	7000	0
306217	306218	301323	1	304023	1	507	27	0	1	0	0	0	0	0	0	0	0	2080	dexterity_v	700	700	0	ignore_all_resist_v	1000	700	0	5000	0
306218	306219	306217	3					0	1	0	0	0	0	0	0	0	0	3120	dexterity_v	1050	1050	0	ignore_all_resist_v	1000	1050	0	6000	0
306219		306218	3					0	1	0	0	0	0	0	0	0	0	4680	dexterity_v	1370	1370	0	ignore_all_resist_v	1000	1370	0	7000	0
306220	306221	301326	1	304026	1	507	27	0	1	0	0	0	0	0	0	0	0	3750	dexterity_v	1100	1100	0	ignore_all_resist_v	1000	1100	0	5000	0
306221	306222	306220	3					0	1	0	0	0	0	0	0	0	0	4940	dexterity_v	1450	1450	0	ignore_all_resist_v	1000	1450	0	6000	0
306222		306221	3					0	1	0	0	0	0	0	0	0	0	5990	dexterity_v	1760	1760	0	ignore_all_resist_v	1000	1760	0	7000	0
306223	306224	301329	1	304029	1	507	27	0	1	0	0	0	0	0	0	0	0	5090	dexterity_v	1490	1490	0	ignore_all_resist_v	1000	1490	0	5000	0
306224	306225	306223	3					0	1	0	0	0	0	0	0	0	0	6290	dexterity_v	1840	1840	0	ignore_all_resist_v	1000	1840	0	6000	0
306225		306224	3					0	1	0	0	0	0	0	0	0	0	7300	dexterity_v	2140	2140	0	ignore_all_resist_v	1000	2140	0	7000	0
306311	306312	301517	1	304717	1	507	25	0	1	0	0	0	0	0	0	0	0	810	series_enhance_v	270	270	0	stealmana_v	570	570	0	3000	0
306312	306313	306311	3					0	1	0	0	0	0	0	0	0	0	1220	series_enhance_v	400	400	0	stealmana_v	850	850	0	4000	0
306313		306312	3					0	1	0	0	0	0	0	0	0	0	1820	series_enhance_v	600	600	0	stealmana_v	1260	1260	0	5000	0
306314	306315	301520	1	304720	1	507	27	0	1	0	0	0	0	0	0	0	0	1300	series_enhance_v	440	440	0	stealmana_v	920	920	0	5000	0
306315	306316	306314	3					0	1	0	0	0	0	0	0	0	0	1950	series_enhance_v	660	660	0	stealmana_v	1380	1380	0	6000	0
306316		306315	3					0	1	0	0	0	0	0	0	0	0	2930	series_enhance_v	990	990	0	stealmana_v	2070	2070	0	7000	0
306317	306318	301523	1	304723	1	507	27	0	1	0	0	0	0	0	0	0	0	2080	series_enhance_v	700	700	0	stealmana_v	1470	1470	0	5000	0
306318	306319	306317	3					0	1	0	0	0	0	0	0	0	0	3120	series_enhance_v	1050	1050	0	stealmana_v	2200	2200	0	6000	0
306319		306318	3					0	1	0	0	0	0	0	0	0	0	4680	series_enhance_v	1370	1370	0	stealmana_v	2870	2870	0	7000	0
306320	306321	301526	1	304726	1	507	27	0	1	0	0	0	0	0	0	0	0	3750	series_enhance_v	1100	1100	0	stealmana_v	2300	2300	0	5000	0
306321	306322	306320	3					0	1	0	0	0	0	0	0	0	0	4940	series_enhance_v	1450	1450	0	stealmana_v	3030	3030	0	6000	0
306322		306321	3					0	1	0	0	0	0	0	0	0	0	5990	series_enhance_v	1760	1760	0	stealmana_v	3680	3680	0	7000	0
306323	306324	301529	1	304729	1	507	27	0	1	0	0	0	0	0	0	0	0	5090	series_enhance_v	1490	1490	0	stealmana_v	3120	3120	0	5000	0
306324	306325	306323	3					0	1	0	0	0	0	0	0	0	0	6290	series_enhance_v	1840	1840	0	stealmana_v	3860	3860	0	6000	0
306325		306324	3					0	1	0	0	0	0	0	0	0	0	7300	series_enhance_v	2140	2140	0	stealmana_v	4480	4480	0	7000	0
306411	306412	301317	1	304117	1	507	25	0	1	0	0	0	0	0	0	0	0	810	dexterity_v	270	270	0	ignore_earth_resist_v	1000	270	0	3000	0
306412	306413	306411	3					0	1	0	0	0	0	0	0	0	0	1220	dexterity_v	400	400	0	ignore_earth_resist_v	1000	400	0	4000	0
306413		306412	3					0	1	0	0	0	0	0	0	0	0	1820	dexterity_v	600	600	0	ignore_earth_resist_v	1000	600	0	5000	0
306414	306415	301320	1	304120	1	507	27	0	1	0	0	0	0	0	0	0	0	1300	dexterity_v	440	440	0	ignore_earth_resist_v	1000	440	0	5000	0
306415	306416	306414	3					0	1	0	0	0	0	0	0	0	0	1950	dexterity_v	660	660	0	ignore_earth_resist_v	1000	660	0	6000	0
306416		306415	3					0	1	0	0	0	0	0	0	0	0	2930	dexterity_v	990	990	0	ignore_earth_resist_v	1000	990	0	7000	0
306417	306418	301323	1	304123	1	507	27	0	1	0	0	0	0	0	0	0	0	2080	dexterity_v	700	700	0	ignore_earth_resist_v	1000	700	0	5000	0
306418	306419	306417	3					0	1	0	0	0	0	0	0	0	0	3120	dexterity_v	1050	1050	0	ignore_earth_resist_v	1000	1050	0	6000	0
306419		306418	3					0	1	0	0	0	0	0	0	0	0	4680	dexterity_v	1370	1370	0	ignore_earth_resist_v	1000	1370	0	7000	0
306420	306421	301326	1	304126	1	507	27	0	1	0	0	0	0	0	0	0	0	3750	dexterity_v	1100	1100	0	ignore_earth_resist_v	1000	1100	0	5000	0
306421	306422	306420	3					0	1	0	0	0	0	0	0	0	0	4940	dexterity_v	1450	1450	0	ignore_earth_resist_v	1000	1450	0	6000	0
306422		306421	3					0	1	0	0	0	0	0	0	0	0	5990	dexterity_v	1760	1760	0	ignore_earth_resist_v	1000	1760	0	7000	0
306423	306424	301329	1	304129	1	507	27	0	1	0	0	0	0	0	0	0	0	5090	dexterity_v	1490	1490	0	ignore_earth_resist_v	1000	1490	0	5000	0
306424	306425	306423	3					0	1	0	0	0	0	0	0	0	0	6290	dexterity_v	1840	1840	0	ignore_earth_resist_v	1000	1840	0	6000	0
306425		306424	3					0	1	0	0	0	0	0	0	0	0	7300	dexterity_v	2140	2140	0	ignore_earth_resist_v	1000	2140	0	7000	0
306511	306512	304017	1	305317	1	507	25	0	1	0	0	0	0	0	0	0	0	810	reduce_final_damage_p	30	30	0	ignore_all_resist_v	1000	270	0	3000	1
306512	306513	306511	3					0	1	0	0	0	0	0	0	0	0	1220	reduce_final_damage_p	40	40	0	ignore_all_resist_v	1000	400	0	4000	1
306513		306512	3					0	1	0	0	0	0	0	0	0	0	1820	reduce_final_damage_p	60	60	0	ignore_all_resist_v	1000	600	0	5000	1
306514	306515	304020	1	305320	1	507	27	0	1	0	0	0	0	0	0	0	0	1300	reduce_final_damage_p	40	40	0	ignore_all_resist_v	1000	440	0	5000	1
306515	306516	306514	3					0	1	0	0	0	0	0	0	0	0	1950	reduce_final_damage_p	60	60	0	ignore_all_resist_v	1000	660	0	6000	1
306516		306515	3					0	1	0	0	0	0	0	0	0	0	2930	reduce_final_damage_p	100	100	0	ignore_all_resist_v	1000	990	0	7000	1
306517	306518	304023	1	305323	1	507	27	0	1	0	0	0	0	0	0	0	0	2080	reduce_final_damage_p	70	70	0	ignore_all_resist_v	1000	700	0	5000	1
306518	306519	306517	3					0	1	0	0	0	0	0	0	0	0	3120	reduce_final_damage_p	100	100	0	ignore_all_resist_v	1000	1050	0	6000	1
306519		306518	3					0	1	0	0	0	0	0	0	0	0	4680	reduce_final_damage_p	120	120	0	ignore_all_resist_v	1000	1370	0	7000	1
306520	306521	304026	1	305326	1	507	27	0	1	0	0	0	0	0	0	0	0	3750	reduce_final_damage_p	100	100	0	ignore_all_resist_v	1000	1100	0	5000	1
306521	306522	306520	3					0	1	0	0	0	0	0	0	0	0	4940	reduce_final_damage_p	130	130	0	ignore_all_resist_v	1000	1450	0	6000	1
306522		306521	3					0	1	0	0	0	0	0	0	0	0	5990	reduce_final_damage_p	160	160	0	ignore_all_resist_v	1000	1760	0	7000	1
306523	306524	304029	1	305329	1	507	27	0	1	0	0	0	0	0	0	0	0	5090	reduce_final_damage_p	130	130	0	ignore_all_resist_v	1000	1490	0	5000	1
306524	306525	306523	3					0	1	0	0	0	0	0	0	0	0	6290	reduce_final_damage_p	160	160	0	ignore_all_resist_v	1000	1840	0	6000	1
306525		306524	3					0	1	0	0	0	0	0	0	0	0	7300	reduce_final_damage_p	190	190	0	ignore_all_resist_v	1000	2140	0	7000	1
306611	306612	302517	1	303617	1	507	25	1	0	0	0	0	0	0	0	0	0	810	energy_firedamage_v	270	270	0	fire_resist_v	1400	1400	0	3000	0
306612	306613	306611	3					1	0	0	0	0	0	0	0	0	0	1220	energy_firedamage_v	400	400	0	fire_resist_v	2070	2070	0	4000	0
306613		306612	3					1	0	0	0	0	0	0	0	0	0	1820	energy_firedamage_v	600	600	0	fire_resist_v	3080	3080	0	5000	0
306614	306615	302520	1	303620	1	507	27	1	0	0	0	0	0	0	0	0	0	1300	energy_firedamage_v	440	440	0	fire_resist_v	2240	2240	0	5000	0
306615	306616	306614	3					1	0	0	0	0	0	0	0	0	0	1950	energy_firedamage_v	660	660	0	fire_resist_v	3360	3360	0	6000	0
306616		306615	3					1	0	0	0	0	0	0	0	0	0	2930	energy_firedamage_v	990	990	0	fire_resist_v	5040	5040	0	7000	0
306617	306618	302523	1	303623	1	507	27	1	0	0	0	0	0	0	0	0	0	2080	energy_firedamage_v	700	700	0	fire_resist_v	3580	3580	0	5000	0
306618	306619	306617	3					1	0	0	0	0	0	0	0	0	0	3120	energy_firedamage_v	1050	1050	0	fire_resist_v	5370	5370	0	6000	0
306619		306618	3					1	0	0	0	0	0	0	0	0	0	4680	energy_firedamage_v	1370	1370	0	fire_resist_v	7000	7000	0	7000	0
306620	306621	302526	1	303626	1	507	27	1	0	0	0	0	0	0	0	0	0	3750	energy_firedamage_v	1100	1100	0	fire_resist_v	5600	5600	0	5000	0
306621	306622	306620	3					1	0	0	0	0	0	0	0	0	0	4940	energy_firedamage_v	1450	1450	0	fire_resist_v	7390	7390	0	6000	0
306622		306621	3					1	0	0	0	0	0	0	0	0	0	5990	energy_firedamage_v	1760	1760	0	fire_resist_v	8960	8960	0	7000	0
306623	306624	302529	1	303629	1	507	27	1	0	0	0	0	0	0	0	0	0	5090	energy_firedamage_v	1490	1490	0	fire_resist_v	7610	7610	0	5000	0
306624	306625	306623	3					1	0	0	0	0	0	0	0	0	0	6290	energy_firedamage_v	1840	1840	0	fire_resist_v	9400	9400	0	6000	0
306625		306624	3					1	0	0	0	0	0	0	0	0	0	7300	energy_firedamage_v	2140	2140	0	fire_resist_v	10920	10920	0	7000	0
306711	306712	301017	1	301617	1	507	25	1	0	0	0	0	0	0	0	0	0	810	vitality_v	270	270	0	deadlystrike_v	270	270	0	3000	0
306712	306713	306711	3					1	0	0	0	0	0	0	0	0	0	1220	vitality_v	400	400	0	deadlystrike_v	400	400	0	4000	0
306713		306712	3					1	0	0	0	0	0	0	0	0	0	1820	vitality_v	600	600	0	deadlystrike_v	600	600	0	5000	0
306714	306715	301020	1	301620	1	507	27	1	0	0	0	0	0	0	0	0	0	1300	vitality_v	440	440	0	deadlystrike_v	440	440	0	5000	0
306715	306716	306714	3					1	0	0	0	0	0	0	0	0	0	1950	vitality_v	660	660	0	deadlystrike_v	660	660	0	6000	0
306716		306715	3					1	0	0	0	0	0	0	0	0	0	2930	vitality_v	990	990	0	deadlystrike_v	990	990	0	7000	0
306717	306718	301023	1	301623	1	507	27	1	0	0	0	0	0	0	0	0	0	2080	vitality_v	700	700	0	deadlystrike_v	700	700	0	5000	0
306718	306719	306717	3					1	0	0	0	0	0	0	0	0	0	3120	vitality_v	1050	1050	0	deadlystrike_v	1050	1050	0	6000	0
306719		306718	3					1	0	0	0	0	0	0	0	0	0	4680	vitality_v	1370	1370	0	deadlystrike_v	1370	1370	0	7000	0
306720	306721	301026	1	301626	1	507	27	1	0	0	0	0	0	0	0	0	0	3750	vitality_v	1100	1100	0	deadlystrike_v	1100	1100	0	5000	0
306721	306722	306720	3					1	0	0	0	0	0	0	0	0	0	4940	vitality_v	1450	1450	0	deadlystrike_v	1450	1450	0	6000	0
306722		306721	3					1	0	0	0	0	0	0	0	0	0	5990	vitality_v	1760	1760	0	deadlystrike_v	1760	1760	0	7000	0
306723	306724	301029	1	301629	1	507	27	1	0	0	0	0	0	0	0	0	0	5090	vitality_v	1490	1490	0	deadlystrike_v	1490	1490	0	5000	0
306724	306725	306723	3					1	0	0	0	0	0	0	0	0	0	6290	vitality_v	1840	1840	0	deadlystrike_v	1840	1840	0	6000	0
306725		306724	3					1	0	0	0	0	0	0	0	0	0	7300	vitality_v	2140	2140	0	deadlystrike_v	2140	2140	0	7000	0
306811	306812	301617	1	302017	1	507	25	1	0	0	0	0	0	0	0	0	0	810	deadlystrike_v	270	270	0	lifemax_v	5620	5620	0	3000	0
306812	306813	306811	3					1	0	0	0	0	0	0	0	0	0	1220	deadlystrike_v	400	400	0	lifemax_v	8320	8320	0	4000	0
306813		306812	3					1	0	0	0	0	0	0	0	0	0	1820	deadlystrike_v	600	600	0	lifemax_v	12370	12370	0	5000	0
306814	306815	301620	1	302020	1	507	27	1	0	0	0	0	0	0	0	0	0	1300	deadlystrike_v	440	440	0	lifemax_v	9000	9000	0	5000	0
306815	306816	306814	3					1	0	0	0	0	0	0	0	0	0	1950	deadlystrike_v	660	660	0	lifemax_v	13500	13500	0	6000	0
306816		306815	3					1	0	0	0	0	0	0	0	0	0	2930	deadlystrike_v	990	990	0	lifemax_v	20250	20250	0	7000	0
306817	306818	301623	1	302023	1	507	27	1	0	0	0	0	0	0	0	0	0	2080	deadlystrike_v	700	700	0	lifemax_v	14400	14400	0	5000	0
306818	306819	306817	3					1	0	0	0	0	0	0	0	0	0	3120	deadlystrike_v	1050	1050	0	lifemax_v	21600	21600	0	6000	0
306819		306818	3					1	0	0	0	0	0	0	0	0	0	4680	deadlystrike_v	1370	1370	0	lifemax_v	28120	28120	0	7000	0
306820	306821	301626	1	302026	1	507	27	1	0	0	0	0	0	0	0	0	0	3750	deadlystrike_v	1100	1100	0	lifemax_v	22500	22500	0	5000	0
306821	306822	306820	3					1	0	0	0	0	0	0	0	0	0	4940	deadlystrike_v	1450	1450	0	lifemax_v	29700	29700	0	6000	0
306822		306821	3					1	0	0	0	0	0	0	0	0	0	5990	deadlystrike_v	1760	1760	0	lifemax_v	36000	36000	0	7000	0
306823	306824	301629	1	302029	1	507	27	1	0	0	0	0	0	0	0	0	0	5090	deadlystrike_v	1490	1490	0	lifemax_v	30600	30600	0	5000	0
306824	306825	306823	3					1	0	0	0	0	0	0	0	0	0	6290	deadlystrike_v	1840	1840	0	lifemax_v	37800	37800	0	6000	0
306825		306824	3					1	0	0	0	0	0	0	0	0	0	7300	deadlystrike_v	2140	2140	0	lifemax_v	43870	43870	0	7000	0
306911	306912	301017	1	303617	1	507	25	1	0	0	0	0	0	0	0	0	0	810	vitality_v	270	270	0	fire_resist_v	1400	1400	0	3000	0
306912	306913	306911	3					1	0	0	0	0	0	0	0	0	0	1220	vitality_v	400	400	0	fire_resist_v	2070	2070	0	4000	0
306913		306912	3					1	0	0	0	0	0	0	0	0	0	1820	vitality_v	600	600	0	fire_resist_v	3080	3080	0	5000	0
306914	306915	301020	1	303620	1	507	27	1	0	0	0	0	0	0	0	0	0	1300	vitality_v	440	440	0	fire_resist_v	2240	2240	0	5000	0
306915	306916	306914	3					1	0	0	0	0	0	0	0	0	0	1950	vitality_v	660	660	0	fire_resist_v	3360	3360	0	6000	0
306916		306915	3					1	0	0	0	0	0	0	0	0	0	2930	vitality_v	990	990	0	fire_resist_v	5040	5040	0	7000	0
306917	306918	301023	1	303623	1	507	27	1	0	0	0	0	0	0	0	0	0	2080	vitality_v	700	700	0	fire_resist_v	3580	3580	0	5000	0
306918	306919	306917	3					1	0	0	0	0	0	0	0	0	0	3120	vitality_v	1050	1050	0	fire_resist_v	5370	5370	0	6000	0
306919		306918	3					1	0	0	0	0	0	0	0	0	0	4680	vitality_v	1370	1370	0	fire_resist_v	7000	7000	0	7000	0
306920	306921	301026	1	303626	1	507	27	1	0	0	0	0	0	0	0	0	0	3750	vitality_v	1100	1100	0	fire_resist_v	5600	5600	0	5000	0
306921	306922	306920	3					1	0	0	0	0	0	0	0	0	0	4940	vitality_v	1450	1450	0	fire_resist_v	7390	7390	0	6000	0
306922		306921	3					1	0	0	0	0	0	0	0	0	0	5990	vitality_v	1760	1760	0	fire_resist_v	8960	8960	0	7000	0
306923	306924	301029	1	303629	1	507	27	1	0	0	0	0	0	0	0	0	0	5090	vitality_v	1490	1490	0	fire_resist_v	7610	7610	0	5000	0
306924	306925	306923	3					1	0	0	0	0	0	0	0	0	0	6290	vitality_v	1840	1840	0	fire_resist_v	9400	9400	0	6000	0
306925		306924	3					1	0	0	0	0	0	0	0	0	0	7300	vitality_v	2140	2140	0	fire_resist_v	10920	10920	0	7000	0
307011	307012	302017	1	302517	1	507	25	1	0	0	0	0	0	0	0	0	0	810	energy_firedamage_v	270	270	0	lifemax_v	5620	5620	0	3000	0
307012	307013	307011	3					1	0	0	0	0	0	0	0	0	0	1220	energy_firedamage_v	400	400	0	lifemax_v	8320	8320	0	4000	0
307013		307012	3					1	0	0	0	0	0	0	0	0	0	1820	energy_firedamage_v	600	600	0	lifemax_v	12370	12370	0	5000	0
307014	307015	302020	1	302520	1	507	27	1	0	0	0	0	0	0	0	0	0	1300	energy_firedamage_v	440	440	0	lifemax_v	9000	9000	0	5000	0
307015	307016	307014	3					1	0	0	0	0	0	0	0	0	0	1950	energy_firedamage_v	660	660	0	lifemax_v	13500	13500	0	6000	0
307016		307015	3					1	0	0	0	0	0	0	0	0	0	2930	energy_firedamage_v	990	990	0	lifemax_v	20250	20250	0	7000	0
307017	307018	302023	1	302523	1	507	27	1	0	0	0	0	0	0	0	0	0	2080	energy_firedamage_v	700	700	0	lifemax_v	14400	14400	0	5000	0
307018	307019	307017	3					1	0	0	0	0	0	0	0	0	0	3120	energy_firedamage_v	1050	1050	0	lifemax_v	21600	21600	0	6000	0
307019		307018	3					1	0	0	0	0	0	0	0	0	0	4680	energy_firedamage_v	1370	1370	0	lifemax_v	28120	28120	0	7000	0
307020	307021	302026	1	302526	1	507	27	1	0	0	0	0	0	0	0	0	0	3750	energy_firedamage_v	1100	1100	0	lifemax_v	22500	22500	0	5000	0
307021	307022	307020	3					1	0	0	0	0	0	0	0	0	0	4940	energy_firedamage_v	1450	1450	0	lifemax_v	29700	29700	0	6000	0
307022		307021	3					1	0	0	0	0	0	0	0	0	0	5990	energy_firedamage_v	1760	1760	0	lifemax_v	36000	36000	0	7000	0
307023	307024	302029	1	302529	1	507	27	1	0	0	0	0	0	0	0	0	0	5090	energy_firedamage_v	1490	1490	0	lifemax_v	30600	30600	0	5000	0
307024	307025	307023	3					1	0	0	0	0	0	0	0	0	0	6290	energy_firedamage_v	1840	1840	0	lifemax_v	37800	37800	0	6000	0
307025		307024	3					1	0	0	0	0	0	0	0	0	0	7300	energy_firedamage_v	2140	2140	0	lifemax_v	43870	43870	0	7000	0
307111	307112	302617	1	303717	1	507	25	0	0	1	0	0	0	0	0	0	0	810	energy_metaldamage_v	270	270	0	metal_resist_v	1400	1400	0	3000	0
307112	307113	307111	3					0	0	1	0	0	0	0	0	0	0	1220	energy_metaldamage_v	400	400	0	metal_resist_v	2070	2070	0	4000	0
307113		307112	3					0	0	1	0	0	0	0	0	0	0	1820	energy_metaldamage_v	600	600	0	metal_resist_v	3080	3080	0	5000	0
307114	307115	302620	1	303720	1	507	27	0	0	1	0	0	0	0	0	0	0	1300	energy_metaldamage_v	440	440	0	metal_resist_v	2240	2240	0	5000	0
307115	307116	307114	3					0	0	1	0	0	0	0	0	0	0	1950	energy_metaldamage_v	660	660	0	metal_resist_v	3360	3360	0	6000	0
307116		307115	3					0	0	1	0	0	0	0	0	0	0	2930	energy_metaldamage_v	990	990	0	metal_resist_v	5040	5040	0	7000	0
307117	307118	302623	1	303723	1	507	27	0	0	1	0	0	0	0	0	0	0	2080	energy_metaldamage_v	700	700	0	metal_resist_v	3580	3580	0	5000	0
307118	307119	307117	3					0	0	1	0	0	0	0	0	0	0	3120	energy_metaldamage_v	1050	1050	0	metal_resist_v	5370	5370	0	6000	0
307119		307118	3					0	0	1	0	0	0	0	0	0	0	4680	energy_metaldamage_v	1370	1370	0	metal_resist_v	7000	7000	0	7000	0
307120	307121	302626	1	303726	1	507	27	0	0	1	0	0	0	0	0	0	0	3750	energy_metaldamage_v	1100	1100	0	metal_resist_v	5600	5600	0	5000	0
307121	307122	307120	3					0	0	1	0	0	0	0	0	0	0	4940	energy_metaldamage_v	1450	1450	0	metal_resist_v	7390	7390	0	6000	0
307122		307121	3					0	0	1	0	0	0	0	0	0	0	5990	energy_metaldamage_v	1760	1760	0	metal_resist_v	8960	8960	0	7000	0
307123	307124	302629	1	303729	1	507	27	0	0	1	0	0	0	0	0	0	0	5090	energy_metaldamage_v	1490	1490	0	metal_resist_v	7610	7610	0	5000	0
307124	307125	307123	3					0	0	1	0	0	0	0	0	0	0	6290	energy_metaldamage_v	1840	1840	0	metal_resist_v	9400	9400	0	6000	0
307125		307124	3					0	0	1	0	0	0	0	0	0	0	7300	energy_metaldamage_v	2140	2140	0	metal_resist_v	10920	10920	0	7000	0
307211	307212	301217	1	301717	1	507	25	0	0	1	0	0	0	0	0	0	0	810	energy_v	270	270	0	weaken_deadlystrike_v	270	270	0	3000	0
307212	307213	307211	3					0	0	1	0	0	0	0	0	0	0	1220	energy_v	400	400	0	weaken_deadlystrike_v	400	400	0	4000	0
307213		307212	3					0	0	1	0	0	0	0	0	0	0	1820	energy_v	600	600	0	weaken_deadlystrike_v	600	600	0	5000	0
307214	307215	301220	1	301720	1	507	27	0	0	1	0	0	0	0	0	0	0	1300	energy_v	440	440	0	weaken_deadlystrike_v	440	440	0	5000	0
307215	307216	307214	3					0	0	1	0	0	0	0	0	0	0	1950	energy_v	660	660	0	weaken_deadlystrike_v	660	660	0	6000	0
307216		307215	3					0	0	1	0	0	0	0	0	0	0	2930	energy_v	990	990	0	weaken_deadlystrike_v	990	990	0	7000	0
307217	307218	301223	1	301723	1	507	27	0	0	1	0	0	0	0	0	0	0	2080	energy_v	700	700	0	weaken_deadlystrike_v	700	700	0	5000	0
307218	307219	307217	3					0	0	1	0	0	0	0	0	0	0	3120	energy_v	1050	1050	0	weaken_deadlystrike_v	1050	1050	0	6000	0
307219		307218	3					0	0	1	0	0	0	0	0	0	0	4680	energy_v	1370	1370	0	weaken_deadlystrike_v	1370	1370	0	7000	0
307220	307221	301226	1	301726	1	507	27	0	0	1	0	0	0	0	0	0	0	3750	energy_v	1100	1100	0	weaken_deadlystrike_v	1100	1100	0	5000	0
307221	307222	307220	3					0	0	1	0	0	0	0	0	0	0	4940	energy_v	1450	1450	0	weaken_deadlystrike_v	1450	1450	0	6000	0
307222		307221	3					0	0	1	0	0	0	0	0	0	0	5990	energy_v	1760	1760	0	weaken_deadlystrike_v	1760	1760	0	7000	0
307223	307224	301229	1	301729	1	507	27	0	0	1	0	0	0	0	0	0	0	5090	energy_v	1490	1490	0	weaken_deadlystrike_v	1490	1490	0	5000	0
307224	307225	307223	3					0	0	1	0	0	0	0	0	0	0	6290	energy_v	1840	1840	0	weaken_deadlystrike_v	1840	1840	0	6000	0
307225		307224	3					0	0	1	0	0	0	0	0	0	0	7300	energy_v	2140	2140	0	weaken_deadlystrike_v	2140	2140	0	7000	0
307311	307312	301717	1	302117	1	507	25	0	0	1	0	0	0	0	0	0	0	810	weaken_deadlystrike_v	270	270	0	recover_life_v	270	270	0	3000	0
307312	307313	307311	3					0	0	1	0	0	0	0	0	0	0	1220	weaken_deadlystrike_v	400	400	0	recover_life_v	400	400	0	4000	0
307313		307312	3					0	0	1	0	0	0	0	0	0	0	1820	weaken_deadlystrike_v	600	600	0	recover_life_v	600	600	0	5000	0
307314	307315	301720	1	302120	1	507	27	0	0	1	0	0	0	0	0	0	0	1300	weaken_deadlystrike_v	440	440	0	recover_life_v	440	440	0	5000	0
307315	307316	307314	3					0	0	1	0	0	0	0	0	0	0	1950	weaken_deadlystrike_v	660	660	0	recover_life_v	660	660	0	6000	0
307316		307315	3					0	0	1	0	0	0	0	0	0	0	2930	weaken_deadlystrike_v	990	990	0	recover_life_v	990	990	0	7000	0
307317	307318	301723	1	302123	1	507	27	0	0	1	0	0	0	0	0	0	0	2080	weaken_deadlystrike_v	700	700	0	recover_life_v	700	700	0	5000	0
307318	307319	307317	3					0	0	1	0	0	0	0	0	0	0	3120	weaken_deadlystrike_v	1050	1050	0	recover_life_v	1050	1050	0	6000	0
307319		307318	3					0	0	1	0	0	0	0	0	0	0	4680	weaken_deadlystrike_v	1370	1370	0	recover_life_v	1370	1370	0	7000	0
307320	307321	301726	1	302126	1	507	27	0	0	1	0	0	0	0	0	0	0	3750	weaken_deadlystrike_v	1100	1100	0	recover_life_v	1100	1100	0	5000	0
307321	307322	307320	3					0	0	1	0	0	0	0	0	0	0	4940	weaken_deadlystrike_v	1450	1450	0	recover_life_v	1450	1450	0	6000	0
307322		307321	3					0	0	1	0	0	0	0	0	0	0	5990	weaken_deadlystrike_v	1760	1760	0	recover_life_v	1760	1760	0	7000	0
307323	307324	301729	1	302129	1	507	27	0	0	1	0	0	0	0	0	0	0	5090	weaken_deadlystrike_v	1490	1490	0	recover_life_v	1490	1490	0	5000	0
307324	307325	307323	3					0	0	1	0	0	0	0	0	0	0	6290	weaken_deadlystrike_v	1840	1840	0	recover_life_v	1840	1840	0	6000	0
307325		307324	3					0	0	1	0	0	0	0	0	0	0	7300	weaken_deadlystrike_v	2140	2140	0	recover_life_v	2140	2140	0	7000	0
307411	307412	302117	1	303717	1	507	25	0	0	1	0	0	0	0	0	0	0	810	recover_life_v	270	90	0	metal_resist_v	1400	1400	0	3000	0
307412	307413	307411	3					0	0	1	0	0	0	0	0	0	0	1220	recover_life_v	400	90	0	metal_resist_v	2070	2070	0	4000	0
307413		307412	3					0	0	1	0	0	0	0	0	0	0	1820	recover_life_v	600	90	0	metal_resist_v	3080	3080	0	5000	0
307414	307415	302120	1	303720	1	507	27	0	0	1	0	0	0	0	0	0	0	1300	recover_life_v	440	90	0	metal_resist_v	2240	2240	0	5000	0
307415	307416	307414	3					0	0	1	0	0	0	0	0	0	0	1950	recover_life_v	660	90	0	metal_resist_v	3360	3360	0	6000	0
307416		307415	3					0	0	1	0	0	0	0	0	0	0	2930	recover_life_v	990	90	0	metal_resist_v	5040	5040	0	7000	0
307417	307418	302123	1	303723	1	507	27	0	0	1	0	0	0	0	0	0	0	2080	recover_life_v	700	90	0	metal_resist_v	3580	3580	0	5000	0
307418	307419	307417	3					0	0	1	0	0	0	0	0	0	0	3120	recover_life_v	1050	90	0	metal_resist_v	5370	5370	0	6000	0
307419		307418	3					0	0	1	0	0	0	0	0	0	0	4680	recover_life_v	1370	90	0	metal_resist_v	7000	7000	0	7000	0
307420	307421	302126	1	303726	1	507	27	0	0	1	0	0	0	0	0	0	0	3750	recover_life_v	1100	90	0	metal_resist_v	5600	5600	0	5000	0
307421	307422	307420	3					0	0	1	0	0	0	0	0	0	0	4940	recover_life_v	1450	90	0	metal_resist_v	7390	7390	0	6000	0
307422		307421	3					0	0	1	0	0	0	0	0	0	0	5990	recover_life_v	1760	90	0	metal_resist_v	8960	8960	0	7000	0
307423	307424	302129	1	303729	1	507	27	0	0	1	0	0	0	0	0	0	0	5090	recover_life_v	1490	90	0	metal_resist_v	7610	7610	0	5000	0
307424	307425	307423	3					0	0	1	0	0	0	0	0	0	0	6290	recover_life_v	1840	90	0	metal_resist_v	9400	9400	0	6000	0
307425		307424	3					0	0	1	0	0	0	0	0	0	0	7300	recover_life_v	2140	90	0	metal_resist_v	10920	10920	0	7000	0
307511	307512	301217	1	302617	1	507	25	0	0	1	0	0	0	0	0	0	0	810	energy_metaldamage_v	270	270	0	energy_v	270	270	0	3000	0
307512	307513	307511	3					0	0	1	0	0	0	0	0	0	0	1220	energy_metaldamage_v	400	400	0	energy_v	400	400	0	4000	0
307513		307512	3					0	0	1	0	0	0	0	0	0	0	1820	energy_metaldamage_v	600	600	0	energy_v	600	600	0	5000	0
307514	307515	301220	1	302620	1	507	27	0	0	1	0	0	0	0	0	0	0	1300	energy_metaldamage_v	440	440	0	energy_v	440	440	0	5000	0
307515	307516	307514	3					0	0	1	0	0	0	0	0	0	0	1950	energy_metaldamage_v	660	660	0	energy_v	660	660	0	6000	0
307516		307515	3					0	0	1	0	0	0	0	0	0	0	2930	energy_metaldamage_v	990	990	0	energy_v	990	990	0	7000	0
307517	307518	301223	1	302623	1	507	27	0	0	1	0	0	0	0	0	0	0	2080	energy_metaldamage_v	700	700	0	energy_v	700	700	0	5000	0
307518	307519	307517	3					0	0	1	0	0	0	0	0	0	0	3120	energy_metaldamage_v	1050	1050	0	energy_v	1050	1050	0	6000	0
307519		307518	3					0	0	1	0	0	0	0	0	0	0	4680	energy_metaldamage_v	1370	1370	0	energy_v	1370	1370	0	7000	0
307520	307521	301226	1	302626	1	507	27	0	0	1	0	0	0	0	0	0	0	3750	energy_metaldamage_v	1100	1100	0	energy_v	1100	1100	0	5000	0
307521	307522	307520	3					0	0	1	0	0	0	0	0	0	0	4940	energy_metaldamage_v	1450	1450	0	energy_v	1450	1450	0	6000	0
307522		307521	3					0	0	1	0	0	0	0	0	0	0	5990	energy_metaldamage_v	1760	1760	0	energy_v	1760	1760	0	7000	0
307523	307524	301229	1	302629	1	507	27	0	0	1	0	0	0	0	0	0	0	5090	energy_metaldamage_v	1490	1490	0	energy_v	1490	1490	0	5000	0
307524	307525	307523	3					0	0	1	0	0	0	0	0	0	0	6290	energy_metaldamage_v	1840	1840	0	energy_v	1840	1840	0	6000	0
307525		307524	3					0	0	1	0	0	0	0	0	0	0	7300	energy_metaldamage_v	2140	2140	0	energy_v	2140	2140	0	7000	0
307611	307612	302717	1	303817	1	507	25	0	0	0	1	0	0	0	0	0	0	810	energy_waterdamage_v	270	270	0	water_resist_v	1400	1400	0	3000	0
307612	307613	307611	3					0	0	0	1	0	0	0	0	0	0	1220	energy_waterdamage_v	400	400	0	water_resist_v	2070	2070	0	4000	0
307613		307612	3					0	0	0	1	0	0	0	0	0	0	1820	energy_waterdamage_v	600	600	0	water_resist_v	3080	3080	0	5000	0
307614	307615	302720	1	303820	1	507	27	0	0	0	1	0	0	0	0	0	0	1300	energy_waterdamage_v	440	440	0	water_resist_v	2240	2240	0	5000	0
307615	307616	307614	3					0	0	0	1	0	0	0	0	0	0	1950	energy_waterdamage_v	660	660	0	water_resist_v	3360	3360	0	6000	0
307616		307615	3					0	0	0	1	0	0	0	0	0	0	2930	energy_waterdamage_v	990	990	0	water_resist_v	5040	5040	0	7000	0
307617	307618	302723	1	303823	1	507	27	0	0	0	1	0	0	0	0	0	0	2080	energy_waterdamage_v	700	700	0	water_resist_v	3580	3580	0	5000	0
307618	307619	307617	3					0	0	0	1	0	0	0	0	0	0	3120	energy_waterdamage_v	1050	1050	0	water_resist_v	5370	5370	0	6000	0
307619		307618	3					0	0	0	1	0	0	0	0	0	0	4680	energy_waterdamage_v	1370	1370	0	water_resist_v	7000	7000	0	7000	0
307620	307621	302726	1	303826	1	507	27	0	0	0	1	0	0	0	0	0	0	3750	energy_waterdamage_v	1100	1100	0	water_resist_v	5600	5600	0	5000	0
307621	307622	307620	3					0	0	0	1	0	0	0	0	0	0	4940	energy_waterdamage_v	1450	1450	0	water_resist_v	7390	7390	0	6000	0
307622		307621	3					0	0	0	1	0	0	0	0	0	0	5990	energy_waterdamage_v	1760	1760	0	water_resist_v	8960	8960	0	7000	0
307623	307624	302729	1	303829	1	507	27	0	0	0	1	0	0	0	0	0	0	5090	energy_waterdamage_v	1490	1490	0	water_resist_v	7610	7610	0	5000	0
307624	307625	307623	3					0	0	0	1	0	0	0	0	0	0	6290	energy_waterdamage_v	1840	1840	0	water_resist_v	9400	9400	0	6000	0
307625		307624	3					0	0	0	1	0	0	0	0	0	0	7300	energy_waterdamage_v	2140	2140	0	water_resist_v	10920	10920	0	7000	0
307711	307712	301017	1	301817	1	507	25	0	0	0	1	0	0	0	0	0	0	810	vitality_v	270	270	0	deadlystrike_damage_v	270	270	0	3000	0
307712	307713	307711	3					0	0	0	1	0	0	0	0	0	0	1220	vitality_v	400	400	0	deadlystrike_damage_v	400	400	0	4000	0
307713		307712	3					0	0	0	1	0	0	0	0	0	0	1820	vitality_v	600	600	0	deadlystrike_damage_v	600	600	0	5000	0
307714	307715	301020	1	301820	1	507	27	0	0	0	1	0	0	0	0	0	0	1300	vitality_v	440	440	0	deadlystrike_damage_v	440	440	0	5000	0
307715	307716	307714	3					0	0	0	1	0	0	0	0	0	0	1950	vitality_v	660	660	0	deadlystrike_damage_v	660	660	0	6000	0
307716		307715	3					0	0	0	1	0	0	0	0	0	0	2930	vitality_v	990	990	0	deadlystrike_damage_v	990	990	0	7000	0
307717	307718	301023	1	301823	1	507	27	0	0	0	1	0	0	0	0	0	0	2080	vitality_v	700	700	0	deadlystrike_damage_v	700	700	0	5000	0
307718	307719	307717	3					0	0	0	1	0	0	0	0	0	0	3120	vitality_v	1050	1050	0	deadlystrike_damage_v	1050	1050	0	6000	0
307719		307718	3					0	0	0	1	0	0	0	0	0	0	4680	vitality_v	1370	1370	0	deadlystrike_damage_v	1370	1370	0	7000	0
307720	307721	301026	1	301826	1	507	27	0	0	0	1	0	0	0	0	0	0	3750	vitality_v	1100	1100	0	deadlystrike_damage_v	1100	1100	0	5000	0
307721	307722	307720	3					0	0	0	1	0	0	0	0	0	0	4940	vitality_v	1450	1450	0	deadlystrike_damage_v	1450	1450	0	6000	0
307722		307721	3					0	0	0	1	0	0	0	0	0	0	5990	vitality_v	1760	1760	0	deadlystrike_damage_v	1760	1760	0	7000	0
307723	307724	301029	1	301829	1	507	27	0	0	0	1	0	0	0	0	0	0	5090	vitality_v	1490	1490	0	deadlystrike_damage_v	1490	1490	0	5000	0
307724	307725	307723	3					0	0	0	1	0	0	0	0	0	0	6290	vitality_v	1840	1840	0	deadlystrike_damage_v	1840	1840	0	6000	0
307725		307724	3					0	0	0	1	0	0	0	0	0	0	7300	vitality_v	2140	2140	0	deadlystrike_damage_v	2140	2140	0	7000	0
307811	307812	301817	1	304917	1	507	25	0	0	0	1	0	0	0	0	0	0	810	deadlystrike_damage_v	270	270	0	rangedamage_return_v	1120	1120	0	3000	0
307812	307813	307811	3					0	0	0	1	0	0	0	0	0	0	1220	deadlystrike_damage_v	400	400	0	rangedamage_return_v	1660	1660	0	4000	0
307813		307812	3					0	0	0	1	0	0	0	0	0	0	1820	deadlystrike_damage_v	600	600	0	rangedamage_return_v	2470	2470	0	5000	0
307814	307815	301820	1	304920	1	507	27	0	0	0	1	0	0	0	0	0	0	1300	deadlystrike_damage_v	440	440	0	rangedamage_return_v	1800	1800	0	5000	0
307815	307816	307814	3					0	0	0	1	0	0	0	0	0	0	1950	deadlystrike_damage_v	660	660	0	rangedamage_return_v	2700	2700	0	6000	0
307816		307815	3					0	0	0	1	0	0	0	0	0	0	2930	deadlystrike_damage_v	990	990	0	rangedamage_return_v	4050	4050	0	7000	0
307817	307818	301823	1	304923	1	507	27	0	0	0	1	0	0	0	0	0	0	2080	deadlystrike_damage_v	700	700	0	rangedamage_return_v	2880	2880	0	5000	0
307818	307819	307817	3					0	0	0	1	0	0	0	0	0	0	3120	deadlystrike_damage_v	1050	1050	0	rangedamage_return_v	4320	4320	0	6000	0
307819		307818	3					0	0	0	1	0	0	0	0	0	0	4680	deadlystrike_damage_v	1370	1370	0	rangedamage_return_v	5620	5620	0	7000	0
307820	307821	301826	1	304926	1	507	27	0	0	0	1	0	0	0	0	0	0	3750	deadlystrike_damage_v	1100	1100	0	rangedamage_return_v	4500	4500	0	5000	0
307821	307822	307820	3					0	0	0	1	0	0	0	0	0	0	4940	deadlystrike_damage_v	1450	1450	0	rangedamage_return_v	5940	5940	0	6000	0
307822		307821	3					0	0	0	1	0	0	0	0	0	0	5990	deadlystrike_damage_v	1760	1760	0	rangedamage_return_v	7200	7200	0	7000	0
307823	307824	301829	1	304929	1	507	27	0	0	0	1	0	0	0	0	0	0	5090	deadlystrike_damage_v	1490	1490	0	rangedamage_return_v	6120	6120	0	5000	0
307824	307825	307823	3					0	0	0	1	0	0	0	0	0	0	6290	deadlystrike_damage_v	1840	1840	0	rangedamage_return_v	7560	7560	0	6000	0
307825		307824	3					0	0	0	1	0	0	0	0	0	0	7300	deadlystrike_damage_v	2140	2140	0	rangedamage_return_v	8770	8770	0	7000	0
307911	307912	301017	1	303817	1	507	25	0	0	0	1	0	0	0	0	0	0	810	vitality_v	270	270	0	water_resist_v	1400	1400	0	3000	0
307912	307913	307911	3					0	0	0	1	0	0	0	0	0	0	1220	vitality_v	400	400	0	water_resist_v	2070	2070	0	4000	0
307913		307912	3					0	0	0	1	0	0	0	0	0	0	1820	vitality_v	600	600	0	water_resist_v	3080	3080	0	5000	0
307914	307915	301020	1	303820	1	507	27	0	0	0	1	0	0	0	0	0	0	1300	vitality_v	440	440	0	water_resist_v	2240	2240	0	5000	0
307915	307916	307914	3					0	0	0	1	0	0	0	0	0	0	1950	vitality_v	660	660	0	water_resist_v	3360	3360	0	6000	0
307916		307915	3					0	0	0	1	0	0	0	0	0	0	2930	vitality_v	990	990	0	water_resist_v	5040	5040	0	7000	0
307917	307918	301023	1	303823	1	507	27	0	0	0	1	0	0	0	0	0	0	2080	vitality_v	700	700	0	water_resist_v	3580	3580	0	5000	0
307918	307919	307917	3					0	0	0	1	0	0	0	0	0	0	3120	vitality_v	1050	1050	0	water_resist_v	5370	5370	0	6000	0
307919		307918	3					0	0	0	1	0	0	0	0	0	0	4680	vitality_v	1370	1370	0	water_resist_v	7000	7000	0	7000	0
307920	307921	301026	1	303826	1	507	27	0	0	0	1	0	0	0	0	0	0	3750	vitality_v	1100	1100	0	water_resist_v	5600	5600	0	5000	0
307921	307922	307920	3					0	0	0	1	0	0	0	0	0	0	4940	vitality_v	1450	1450	0	water_resist_v	7390	7390	0	6000	0
307922		307921	3					0	0	0	1	0	0	0	0	0	0	5990	vitality_v	1760	1760	0	water_resist_v	8960	8960	0	7000	0
307923	307924	301029	1	303829	1	507	27	0	0	0	1	0	0	0	0	0	0	5090	vitality_v	1490	1490	0	water_resist_v	7610	7610	0	5000	0
307924	307925	307923	3					0	0	0	1	0	0	0	0	0	0	6290	vitality_v	1840	1840	0	water_resist_v	9400	9400	0	6000	0
307925		307924	3					0	0	0	1	0	0	0	0	0	0	7300	vitality_v	2140	2140	0	water_resist_v	10920	10920	0	7000	0
308011	308012	302717	1	304917	1	507	25	0	0	0	1	0	0	0	0	0	0	810	energy_waterdamage_v	270	270	0	rangedamage_return_v	1120	1120	0	3000	0
308012	308013	308011	3					0	0	0	1	0	0	0	0	0	0	1220	energy_waterdamage_v	400	400	0	rangedamage_return_v	1660	1660	0	4000	0
308013		308012	3					0	0	0	1	0	0	0	0	0	0	1820	energy_waterdamage_v	600	600	0	rangedamage_return_v	2470	2470	0	5000	0
308014	308015	302720	1	304920	1	507	27	0	0	0	1	0	0	0	0	0	0	1300	energy_waterdamage_v	440	440	0	rangedamage_return_v	1800	1800	0	5000	0
308015	308016	308014	3					0	0	0	1	0	0	0	0	0	0	1950	energy_waterdamage_v	660	660	0	rangedamage_return_v	2700	2700	0	6000	0
308016		308015	3					0	0	0	1	0	0	0	0	0	0	2930	energy_waterdamage_v	990	990	0	rangedamage_return_v	4050	4050	0	7000	0
308017	308018	302723	1	304923	1	507	27	0	0	0	1	0	0	0	0	0	0	2080	energy_waterdamage_v	700	700	0	rangedamage_return_v	2880	2880	0	5000	0
308018	308019	308017	3					0	0	0	1	0	0	0	0	0	0	3120	energy_waterdamage_v	1050	1050	0	rangedamage_return_v	4320	4320	0	6000	0
308019		308018	3					0	0	0	1	0	0	0	0	0	0	4680	energy_waterdamage_v	1370	1370	0	rangedamage_return_v	5620	5620	0	7000	0
308020	308021	302726	1	304926	1	507	27	0	0	0	1	0	0	0	0	0	0	3750	energy_waterdamage_v	1100	1100	0	rangedamage_return_v	4500	4500	0	5000	0
308021	308022	308020	3					0	0	0	1	0	0	0	0	0	0	4940	energy_waterdamage_v	1450	1450	0	rangedamage_return_v	5940	5940	0	6000	0
308022		308021	3					0	0	0	1	0	0	0	0	0	0	5990	energy_waterdamage_v	1760	1760	0	rangedamage_return_v	7200	7200	0	7000	0
308023	308024	302729	1	304929	1	507	27	0	0	0	1	0	0	0	0	0	0	5090	energy_waterdamage_v	1490	1490	0	rangedamage_return_v	6120	6120	0	5000	0
308024	308025	308023	3					0	0	0	1	0	0	0	0	0	0	6290	energy_waterdamage_v	1840	1840	0	rangedamage_return_v	7560	7560	0	6000	0
308025		308024	3					0	0	0	1	0	0	0	0	0	0	7300	energy_waterdamage_v	2140	2140	0	rangedamage_return_v	8770	8770	0	7000	0
308111	308112	302817	1	303917	1	507	25	0	0	0	0	1	0	0	0	0	0	810	energy_wooddamage_v	270	270	0	wood_resist_v	1400	1400	0	3000	0
308112	308113	308111	3					0	0	0	0	1	0	0	0	0	0	1220	energy_wooddamage_v	400	400	0	wood_resist_v	2070	2070	0	4000	0
308113		308112	3					0	0	0	0	1	0	0	0	0	0	1820	energy_wooddamage_v	600	600	0	wood_resist_v	3080	3080	0	5000	0
308114	308115	302820	1	303920	1	507	27	0	0	0	0	1	0	0	0	0	0	1300	energy_wooddamage_v	440	440	0	wood_resist_v	2240	2240	0	5000	0
308115	308116	308114	3					0	0	0	0	1	0	0	0	0	0	1950	energy_wooddamage_v	660	660	0	wood_resist_v	3360	3360	0	6000	0
308116		308115	3					0	0	0	0	1	0	0	0	0	0	2930	energy_wooddamage_v	990	990	0	wood_resist_v	5040	5040	0	7000	0
308117	308118	302823	1	303923	1	507	27	0	0	0	0	1	0	0	0	0	0	2080	energy_wooddamage_v	700	700	0	wood_resist_v	3580	3580	0	5000	0
308118	308119	308117	3					0	0	0	0	1	0	0	0	0	0	3120	energy_wooddamage_v	1050	1050	0	wood_resist_v	5370	5370	0	6000	0
308119		308118	3					0	0	0	0	1	0	0	0	0	0	4680	energy_wooddamage_v	1370	1370	0	wood_resist_v	7000	7000	0	7000	0
308120	308121	302826	1	303926	1	507	27	0	0	0	0	1	0	0	0	0	0	3750	energy_wooddamage_v	1100	1100	0	wood_resist_v	5600	5600	0	5000	0
308121	308122	308120	3					0	0	0	0	1	0	0	0	0	0	4940	energy_wooddamage_v	1450	1450	0	wood_resist_v	7390	7390	0	6000	0
308122		308121	3					0	0	0	0	1	0	0	0	0	0	5990	energy_wooddamage_v	1760	1760	0	wood_resist_v	8960	8960	0	7000	0
308123	308124	302829	1	303929	1	507	27	0	0	0	0	1	0	0	0	0	0	5090	energy_wooddamage_v	1490	1490	0	wood_resist_v	7610	7610	0	5000	0
308124	308125	308123	3					0	0	0	0	1	0	0	0	0	0	6290	energy_wooddamage_v	1840	1840	0	wood_resist_v	9400	9400	0	6000	0
308125		308124	3					0	0	0	0	1	0	0	0	0	0	7300	energy_wooddamage_v	2140	2140	0	wood_resist_v	10920	10920	0	7000	0
308211	308212	301217	1	301917	1	507	25	0	0	0	0	1	0	0	0	0	0	810	energy_v	270	270	0	weaken_deadlystrike_damage_v	270	270	0	3000	0
308212	308213	308211	3					0	0	0	0	1	0	0	0	0	0	1220	energy_v	400	400	0	weaken_deadlystrike_damage_v	400	400	0	4000	0
308213		308212	3					0	0	0	0	1	0	0	0	0	0	1820	energy_v	600	600	0	weaken_deadlystrike_damage_v	600	600	0	5000	0
308214	308215	301220	1	301920	1	507	27	0	0	0	0	1	0	0	0	0	0	1300	energy_v	440	440	0	weaken_deadlystrike_damage_v	440	440	0	5000	0
308215	308216	308214	3					0	0	0	0	1	0	0	0	0	0	1950	energy_v	660	660	0	weaken_deadlystrike_damage_v	660	660	0	6000	0
308216		308215	3					0	0	0	0	1	0	0	0	0	0	2930	energy_v	990	990	0	weaken_deadlystrike_damage_v	990	990	0	7000	0
308217	308218	301223	1	301923	1	507	27	0	0	0	0	1	0	0	0	0	0	2080	energy_v	700	700	0	weaken_deadlystrike_damage_v	700	700	0	5000	0
308218	308219	308217	3					0	0	0	0	1	0	0	0	0	0	3120	energy_v	1050	1050	0	weaken_deadlystrike_damage_v	1050	1050	0	6000	0
308219		308218	3					0	0	0	0	1	0	0	0	0	0	4680	energy_v	1370	1370	0	weaken_deadlystrike_damage_v	1370	1370	0	7000	0
308220	308221	301226	1	301926	1	507	27	0	0	0	0	1	0	0	0	0	0	3750	energy_v	1100	1100	0	weaken_deadlystrike_damage_v	1100	1100	0	5000	0
308221	308222	308220	3					0	0	0	0	1	0	0	0	0	0	4940	energy_v	1450	1450	0	weaken_deadlystrike_damage_v	1450	1450	0	6000	0
308222		308221	3					0	0	0	0	1	0	0	0	0	0	5990	energy_v	1760	1760	0	weaken_deadlystrike_damage_v	1760	1760	0	7000	0
308223	308224	301229	1	301929	1	507	27	0	0	0	0	1	0	0	0	0	0	5090	energy_v	1490	1490	0	weaken_deadlystrike_damage_v	1490	1490	0	5000	0
308224	308225	308223	3					0	0	0	0	1	0	0	0	0	0	6290	energy_v	1840	1840	0	weaken_deadlystrike_damage_v	1840	1840	0	6000	0
308225		308224	3					0	0	0	0	1	0	0	0	0	0	7300	energy_v	2140	2140	0	weaken_deadlystrike_damage_v	2140	2140	0	7000	0
308311	308312	301917	1	304817	1	507	25	0	0	0	0	1	0	0	0	0	0	810	weaken_deadlystrike_damage_v	270	270	0	meleedamage_return_v	1120	1120	0	3000	0
308312	308313	308311	3					0	0	0	0	1	0	0	0	0	0	1220	weaken_deadlystrike_damage_v	400	400	0	meleedamage_return_v	1660	1660	0	4000	0
308313		308312	3					0	0	0	0	1	0	0	0	0	0	1820	weaken_deadlystrike_damage_v	600	600	0	meleedamage_return_v	2470	2470	0	5000	0
308314	308315	301920	1	304820	1	507	27	0	0	0	0	1	0	0	0	0	0	1300	weaken_deadlystrike_damage_v	440	440	0	meleedamage_return_v	1800	1800	0	5000	0
308315	308316	308314	3					0	0	0	0	1	0	0	0	0	0	1950	weaken_deadlystrike_damage_v	660	660	0	meleedamage_return_v	2700	2700	0	6000	0
308316		308315	3					0	0	0	0	1	0	0	0	0	0	2930	weaken_deadlystrike_damage_v	990	990	0	meleedamage_return_v	4050	4050	0	7000	0
308317	308318	301923	1	304823	1	507	27	0	0	0	0	1	0	0	0	0	0	2080	weaken_deadlystrike_damage_v	700	700	0	meleedamage_return_v	2880	2880	0	5000	0
308318	308319	308317	3					0	0	0	0	1	0	0	0	0	0	3120	weaken_deadlystrike_damage_v	1050	1050	0	meleedamage_return_v	4320	4320	0	6000	0
308319		308318	3					0	0	0	0	1	0	0	0	0	0	4680	weaken_deadlystrike_damage_v	1370	1370	0	meleedamage_return_v	5620	5620	0	7000	0
308320	308321	301926	1	304826	1	507	27	0	0	0	0	1	0	0	0	0	0	3750	weaken_deadlystrike_damage_v	1100	1100	0	meleedamage_return_v	4500	4500	0	5000	0
308321	308322	308320	3					0	0	0	0	1	0	0	0	0	0	4940	weaken_deadlystrike_damage_v	1450	1450	0	meleedamage_return_v	5940	5940	0	6000	0
308322		308321	3					0	0	0	0	1	0	0	0	0	0	5990	weaken_deadlystrike_damage_v	1760	1760	0	meleedamage_return_v	7200	7200	0	7000	0
308323	308324	301929	1	304829	1	507	27	0	0	0	0	1	0	0	0	0	0	5090	weaken_deadlystrike_damage_v	1490	1490	0	meleedamage_return_v	6120	6120	0	5000	0
308324	308325	308323	3					0	0	0	0	1	0	0	0	0	0	6290	weaken_deadlystrike_damage_v	1840	1840	0	meleedamage_return_v	7560	7560	0	6000	0
308325		308324	3					0	0	0	0	1	0	0	0	0	0	7300	weaken_deadlystrike_damage_v	2140	2140	0	meleedamage_return_v	8770	8770	0	7000	0
308411	308412	301217	1	303917	1	507	25	0	0	0	0	1	0	0	0	0	0	810	energy_v	270	270	0	wood_resist_v	1400	1400	0	3000	0
308412	308413	308411	3					0	0	0	0	1	0	0	0	0	0	1220	energy_v	400	400	0	wood_resist_v	2070	2070	0	4000	0
308413		308412	3					0	0	0	0	1	0	0	0	0	0	1820	energy_v	600	600	0	wood_resist_v	3080	3080	0	5000	0
308414	308415	301220	1	303920	1	507	27	0	0	0	0	1	0	0	0	0	0	1300	energy_v	440	440	0	wood_resist_v	2240	2240	0	5000	0
308415	308416	308414	3					0	0	0	0	1	0	0	0	0	0	1950	energy_v	660	660	0	wood_resist_v	3360	3360	0	6000	0
308416		308415	3					0	0	0	0	1	0	0	0	0	0	2930	energy_v	990	990	0	wood_resist_v	5040	5040	0	7000	0
308417	308418	301223	1	303923	1	507	27	0	0	0	0	1	0	0	0	0	0	2080	energy_v	700	700	0	wood_resist_v	3580	3580	0	5000	0
308418	308419	308417	3					0	0	0	0	1	0	0	0	0	0	3120	energy_v	1050	1050	0	wood_resist_v	5370	5370	0	6000	0
308419		308418	3					0	0	0	0	1	0	0	0	0	0	4680	energy_v	1370	1370	0	wood_resist_v	7000	7000	0	7000	0
308420	308421	301226	1	303926	1	507	27	0	0	0	0	1	0	0	0	0	0	3750	energy_v	1100	1100	0	wood_resist_v	5600	5600	0	5000	0
308421	308422	308420	3					0	0	0	0	1	0	0	0	0	0	4940	energy_v	1450	1450	0	wood_resist_v	7390	7390	0	6000	0
308422		308421	3					0	0	0	0	1	0	0	0	0	0	5990	energy_v	1760	1760	0	wood_resist_v	8960	8960	0	7000	0
308423	308424	301229	1	303929	1	507	27	0	0	0	0	1	0	0	0	0	0	5090	energy_v	1490	1490	0	wood_resist_v	7610	7610	0	5000	0
308424	308425	308423	3					0	0	0	0	1	0	0	0	0	0	6290	energy_v	1840	1840	0	wood_resist_v	9400	9400	0	6000	0
308425		308424	3					0	0	0	0	1	0	0	0	0	0	7300	energy_v	2140	2140	0	wood_resist_v	10920	10920	0	7000	0
308511	308512	302817	1	304817	1	507	25	0	0	0	0	1	0	0	0	0	0	810	energy_wooddamage_v	270	270	0	meleedamage_return_v	1120	1120	0	3000	0
308512	308513	308511	3					0	0	0	0	1	0	0	0	0	0	1220	energy_wooddamage_v	400	400	0	meleedamage_return_v	1660	1660	0	4000	0
308513		308512	3					0	0	0	0	1	0	0	0	0	0	1820	energy_wooddamage_v	600	600	0	meleedamage_return_v	2470	2470	0	5000	0
308514	308515	302820	1	304820	1	507	27	0	0	0	0	1	0	0	0	0	0	1300	energy_wooddamage_v	440	440	0	meleedamage_return_v	1800	1800	0	5000	0
308515	308516	308514	3					0	0	0	0	1	0	0	0	0	0	1950	energy_wooddamage_v	660	660	0	meleedamage_return_v	2700	2700	0	6000	0
308516		308515	3					0	0	0	0	1	0	0	0	0	0	2930	energy_wooddamage_v	990	990	0	meleedamage_return_v	4050	4050	0	7000	0
308517	308518	302823	1	304823	1	507	27	0	0	0	0	1	0	0	0	0	0	2080	energy_wooddamage_v	700	700	0	meleedamage_return_v	2880	2880	0	5000	0
308518	308519	308517	3					0	0	0	0	1	0	0	0	0	0	3120	energy_wooddamage_v	1050	1050	0	meleedamage_return_v	4320	4320	0	6000	0
308519		308518	3					0	0	0	0	1	0	0	0	0	0	4680	energy_wooddamage_v	1370	1370	0	meleedamage_return_v	5620	5620	0	7000	0
308520	308521	302826	1	304826	1	507	27	0	0	0	0	1	0	0	0	0	0	3750	energy_wooddamage_v	1100	1100	0	meleedamage_return_v	4500	4500	0	5000	0
308521	308522	308520	3					0	0	0	0	1	0	0	0	0	0	4940	energy_wooddamage_v	1450	1450	0	meleedamage_return_v	5940	5940	0	6000	0
308522		308521	3					0	0	0	0	1	0	0	0	0	0	5990	energy_wooddamage_v	1760	1760	0	meleedamage_return_v	7200	7200	0	7000	0
308523	308524	302829	1	304829	1	507	27	0	0	0	0	1	0	0	0	0	0	5090	energy_wooddamage_v	1490	1490	0	meleedamage_return_v	6120	6120	0	5000	0
308524	308525	308523	3					0	0	0	0	1	0	0	0	0	0	6290	energy_wooddamage_v	1840	1840	0	meleedamage_return_v	7560	7560	0	6000	0
308525		308524	3					0	0	0	0	1	0	0	0	0	0	7300	energy_wooddamage_v	2140	2140	0	meleedamage_return_v	8770	8770	0	7000	0
308611	308612	301017	1	303017	1	507	25	0	0	0	0	0	0	0	0	1	0	810	vitality_v	270	270	0	physical_firedamage_v	270	270	0	3000	0
308612	308613	308611	3					0	0	0	0	0	0	0	0	1	0	1220	vitality_v	400	400	0	physical_firedamage_v	400	400	0	4000	0
308613		308612	3					0	0	0	0	0	0	0	0	1	0	1820	vitality_v	600	600	0	physical_firedamage_v	600	600	0	5000	0
308614	308615	301020	1	303020	1	507	27	0	0	0	0	0	0	0	0	1	0	1300	vitality_v	440	440	0	physical_firedamage_v	440	440	0	5000	0
308615	308616	308614	3					0	0	0	0	0	0	0	0	1	0	1950	vitality_v	660	660	0	physical_firedamage_v	660	660	0	6000	0
308616		308615	3					0	0	0	0	0	0	0	0	1	0	2930	vitality_v	990	990	0	physical_firedamage_v	990	990	0	7000	0
308617	308618	301023	1	303023	1	507	27	0	0	0	0	0	0	0	0	1	0	2080	vitality_v	700	700	0	physical_firedamage_v	700	700	0	5000	0
308618	308619	308617	3					0	0	0	0	0	0	0	0	1	0	3120	vitality_v	1050	1050	0	physical_firedamage_v	1050	1050	0	6000	0
308619		308618	3					0	0	0	0	0	0	0	0	1	0	4680	vitality_v	1370	1370	0	physical_firedamage_v	1370	1370	0	7000	0
308620	308621	301026	1	303026	1	507	27	0	0	0	0	0	0	0	0	1	0	3750	vitality_v	1100	1100	0	physical_firedamage_v	1100	1100	0	5000	0
308621	308622	308620	3					0	0	0	0	0	0	0	0	1	0	4940	vitality_v	1450	1450	0	physical_firedamage_v	1450	1450	0	6000	0
308622		308621	3					0	0	0	0	0	0	0	0	1	0	5990	vitality_v	1760	1760	0	physical_firedamage_v	1760	1760	0	7000	0
308623	308624	301029	1	303029	1	507	27	0	0	0	0	0	0	0	0	1	0	5090	vitality_v	1490	1490	0	physical_firedamage_v	1490	1490	0	5000	0
308624	308625	308623	3					0	0	0	0	0	0	0	0	1	0	6290	vitality_v	1840	1840	0	physical_firedamage_v	1840	1840	0	6000	0
308625		308624	3					0	0	0	0	0	0	0	0	1	0	7300	vitality_v	2140	2140	0	physical_firedamage_v	2140	2140	0	7000	0
308711	308712	301617	1	304217	1	507	25	0	0	0	0	0	0	0	0	1	0	810	deadlystrike_v	270	270	0	ignore_fire_resist_v	1000	270	0	3000	0
308712	308713	308711	3					0	0	0	0	0	0	0	0	1	0	1220	deadlystrike_v	400	400	0	ignore_fire_resist_v	1000	400	0	4000	0
308713		308712	3					0	0	0	0	0	0	0	0	1	0	1820	deadlystrike_v	600	600	0	ignore_fire_resist_v	1000	600	0	5000	0
308714	308715	301620	1	304220	1	507	27	0	0	0	0	0	0	0	0	1	0	1300	deadlystrike_v	440	440	0	ignore_fire_resist_v	1000	440	0	5000	0
308715	308716	308714	3					0	0	0	0	0	0	0	0	1	0	1950	deadlystrike_v	660	660	0	ignore_fire_resist_v	1000	660	0	6000	0
308716		308715	3					0	0	0	0	0	0	0	0	1	0	2930	deadlystrike_v	990	990	0	ignore_fire_resist_v	1000	990	0	7000	0
308717	308718	301623	1	304223	1	507	27	0	0	0	0	0	0	0	0	1	0	2080	deadlystrike_v	700	700	0	ignore_fire_resist_v	1000	700	0	5000	0
308718	308719	308717	3					0	0	0	0	0	0	0	0	1	0	3120	deadlystrike_v	1050	1050	0	ignore_fire_resist_v	1000	1050	0	6000	0
308719		308718	3					0	0	0	0	0	0	0	0	1	0	4680	deadlystrike_v	1370	1370	0	ignore_fire_resist_v	1000	1370	0	7000	0
308720	308721	301626	1	304226	1	507	27	0	0	0	0	0	0	0	0	1	0	3750	deadlystrike_v	1100	1100	0	ignore_fire_resist_v	1000	1100	0	5000	0
308721	308722	308720	3					0	0	0	0	0	0	0	0	1	0	4940	deadlystrike_v	1450	1450	0	ignore_fire_resist_v	1000	1450	0	6000	0
308722		308721	3					0	0	0	0	0	0	0	0	1	0	5990	deadlystrike_v	1760	1760	0	ignore_fire_resist_v	1000	1760	0	7000	0
308723	308724	301629	1	304229	1	507	27	0	0	0	0	0	0	0	0	1	0	5090	deadlystrike_v	1490	1490	0	ignore_fire_resist_v	1000	1490	0	5000	0
308724	308725	308723	3					0	0	0	0	0	0	0	0	1	0	6290	deadlystrike_v	1840	1840	0	ignore_fire_resist_v	1000	1840	0	6000	0
308725		308724	3					0	0	0	0	0	0	0	0	1	0	7300	deadlystrike_v	2140	2140	0	ignore_fire_resist_v	1000	2140	0	7000	0
308811	308812	302217	1	304217	1	507	25	0	0	0	0	0	0	0	0	1	0	810	ignore_fire_resist_v	1000	270	0	attackrating_v	270	270	0	3000	0
308812	308813	308811	3					0	0	0	0	0	0	0	0	1	0	1220	ignore_fire_resist_v	1000	400	0	attackrating_v	400	400	0	4000	0
308813		308812	3					0	0	0	0	0	0	0	0	1	0	1820	ignore_fire_resist_v	1000	600	0	attackrating_v	600	600	0	5000	0
308814	308815	302220	1	304220	1	507	27	0	0	0	0	0	0	0	0	1	0	1300	ignore_fire_resist_v	1000	440	0	attackrating_v	440	440	0	5000	0
308815	308816	308814	3					0	0	0	0	0	0	0	0	1	0	1950	ignore_fire_resist_v	1000	660	0	attackrating_v	660	660	0	6000	0
308816		308815	3					0	0	0	0	0	0	0	0	1	0	2930	ignore_fire_resist_v	1000	990	0	attackrating_v	990	990	0	7000	0
308817	308818	302223	1	304223	1	507	27	0	0	0	0	0	0	0	0	1	0	2080	ignore_fire_resist_v	1000	700	0	attackrating_v	700	700	0	5000	0
308818	308819	308817	3					0	0	0	0	0	0	0	0	1	0	3120	ignore_fire_resist_v	1000	1050	0	attackrating_v	1050	1050	0	6000	0
308819		308818	3					0	0	0	0	0	0	0	0	1	0	4680	ignore_fire_resist_v	1000	1370	0	attackrating_v	1370	1370	0	7000	0
308820	308821	302226	1	304226	1	507	27	0	0	0	0	0	0	0	0	1	0	3750	ignore_fire_resist_v	1000	1100	0	attackrating_v	1100	1100	0	5000	0
308821	308822	308820	3					0	0	0	0	0	0	0	0	1	0	4940	ignore_fire_resist_v	1000	1450	0	attackrating_v	1450	1450	0	6000	0
308822		308821	3					0	0	0	0	0	0	0	0	1	0	5990	ignore_fire_resist_v	1000	1760	0	attackrating_v	1760	1760	0	7000	0
308823	308824	302229	1	304229	1	507	27	0	0	0	0	0	0	0	0	1	0	5090	ignore_fire_resist_v	1000	1490	0	attackrating_v	1490	1490	0	5000	0
308824	308825	308823	3					0	0	0	0	0	0	0	0	1	0	6290	ignore_fire_resist_v	1000	1840	0	attackrating_v	1840	1840	0	6000	0
308825		308824	3					0	0	0	0	0	0	0	0	1	0	7300	ignore_fire_resist_v	1000	2140	0	attackrating_v	2140	2140	0	7000	0
308911	308912	301017	1	301617	1	507	25	0	0	0	0	0	0	0	0	1	0	810	deadlystrike_v	270	270	0	vitality_v	270	270	0	3000	0
308912	308913	308911	3					0	0	0	0	0	0	0	0	1	0	1220	deadlystrike_v	400	400	0	vitality_v	400	400	0	4000	0
308913		308912	3					0	0	0	0	0	0	0	0	1	0	1820	deadlystrike_v	600	600	0	vitality_v	600	600	0	5000	0
308914	308915	301020	1	301620	1	507	27	0	0	0	0	0	0	0	0	1	0	1300	deadlystrike_v	440	440	0	vitality_v	440	440	0	5000	0
308915	308916	308914	3					0	0	0	0	0	0	0	0	1	0	1950	deadlystrike_v	660	660	0	vitality_v	660	660	0	6000	0
308916		308915	3					0	0	0	0	0	0	0	0	1	0	2930	deadlystrike_v	990	990	0	vitality_v	990	990	0	7000	0
308917	308918	301023	1	301623	1	507	27	0	0	0	0	0	0	0	0	1	0	2080	deadlystrike_v	700	700	0	vitality_v	700	700	0	5000	0
308918	308919	308917	3					0	0	0	0	0	0	0	0	1	0	3120	deadlystrike_v	1050	1050	0	vitality_v	1050	1050	0	6000	0
308919		308918	3					0	0	0	0	0	0	0	0	1	0	4680	deadlystrike_v	1370	1370	0	vitality_v	1370	1370	0	7000	0
308920	308921	301026	1	301626	1	507	27	0	0	0	0	0	0	0	0	1	0	3750	deadlystrike_v	1100	1100	0	vitality_v	1100	1100	0	5000	0
308921	308922	308920	3					0	0	0	0	0	0	0	0	1	0	4940	deadlystrike_v	1450	1450	0	vitality_v	1450	1450	0	6000	0
308922		308921	3					0	0	0	0	0	0	0	0	1	0	5990	deadlystrike_v	1760	1760	0	vitality_v	1760	1760	0	7000	0
308923	308924	301029	1	301629	1	507	27	0	0	0	0	0	0	0	0	1	0	5090	deadlystrike_v	1490	1490	0	vitality_v	1490	1490	0	5000	0
308924	308925	308923	3					0	0	0	0	0	0	0	0	1	0	6290	deadlystrike_v	1840	1840	0	vitality_v	1840	1840	0	6000	0
308925		308924	3					0	0	0	0	0	0	0	0	1	0	7300	deadlystrike_v	2140	2140	0	vitality_v	2140	2140	0	7000	0
309011	309012	302217	1	303017	1	507	25	0	0	0	0	0	0	0	0	1	0	810	physical_firedamage_v	270	270	0	attackrating_v	270	270	0	3000	0
309012	309013	309011	3					0	0	0	0	0	0	0	0	1	0	1220	physical_firedamage_v	400	400	0	attackrating_v	400	400	0	4000	0
309013		309012	3					0	0	0	0	0	0	0	0	1	0	1820	physical_firedamage_v	600	600	0	attackrating_v	600	600	0	5000	0
309014	309015	302220	1	303020	1	507	27	0	0	0	0	0	0	0	0	1	0	1300	physical_firedamage_v	440	440	0	attackrating_v	440	440	0	5000	0
309015	309016	309014	3					0	0	0	0	0	0	0	0	1	0	1950	physical_firedamage_v	660	660	0	attackrating_v	660	660	0	6000	0
309016		309015	3					0	0	0	0	0	0	0	0	1	0	2930	physical_firedamage_v	990	990	0	attackrating_v	990	990	0	7000	0
309017	309018	302223	1	303023	1	507	27	0	0	0	0	0	0	0	0	1	0	2080	physical_firedamage_v	700	700	0	attackrating_v	700	700	0	5000	0
309018	309019	309017	3					0	0	0	0	0	0	0	0	1	0	3120	physical_firedamage_v	1050	1050	0	attackrating_v	1050	1050	0	6000	0
309019		309018	3					0	0	0	0	0	0	0	0	1	0	4680	physical_firedamage_v	1370	1370	0	attackrating_v	1370	1370	0	7000	0
309020	309021	302226	1	303026	1	507	27	0	0	0	0	0	0	0	0	1	0	3750	physical_firedamage_v	1100	1100	0	attackrating_v	1100	1100	0	5000	0
309021	309022	309020	3					0	0	0	0	0	0	0	0	1	0	4940	physical_firedamage_v	1450	1450	0	attackrating_v	1450	1450	0	6000	0
309022		309021	3					0	0	0	0	0	0	0	0	1	0	5990	physical_firedamage_v	1760	1760	0	attackrating_v	1760	1760	0	7000	0
309023	309024	302229	1	303029	1	507	27	0	0	0	0	0	0	0	0	1	0	5090	physical_firedamage_v	1490	1490	0	attackrating_v	1490	1490	0	5000	0
309024	309025	309023	3					0	0	0	0	0	0	0	0	1	0	6290	physical_firedamage_v	1840	1840	0	attackrating_v	1840	1840	0	6000	0
309025		309024	3					0	0	0	0	0	0	0	0	1	0	7300	physical_firedamage_v	2140	2140	0	attackrating_v	2140	2140	0	7000	0
309111	309112	301217	1	303117	1	507	25	0	0	0	0	0	0	1	0	0	0	810	energy_v	270	270	0	physical_metaldamage_v	270	270	0	3000	0
309112	309113	309111	3					0	0	0	0	0	0	1	0	0	0	1220	energy_v	400	400	0	physical_metaldamage_v	400	400	0	4000	0
309113		309112	3					0	0	0	0	0	0	1	0	0	0	1820	energy_v	600	600	0	physical_metaldamage_v	600	600	0	5000	0
309114	309115	301220	1	303120	1	507	27	0	0	0	0	0	0	1	0	0	0	1300	energy_v	440	440	0	physical_metaldamage_v	440	440	0	5000	0
309115	309116	309114	3					0	0	0	0	0	0	1	0	0	0	1950	energy_v	660	660	0	physical_metaldamage_v	660	660	0	6000	0
309116		309115	3					0	0	0	0	0	0	1	0	0	0	2930	energy_v	990	990	0	physical_metaldamage_v	990	990	0	7000	0
309117	309118	301223	1	303123	1	507	27	0	0	0	0	0	0	1	0	0	0	2080	energy_v	700	700	0	physical_metaldamage_v	700	700	0	5000	0
309118	309119	309117	3					0	0	0	0	0	0	1	0	0	0	3120	energy_v	1050	1050	0	physical_metaldamage_v	1050	1050	0	6000	0
309119		309118	3					0	0	0	0	0	0	1	0	0	0	4680	energy_v	1370	1370	0	physical_metaldamage_v	1370	1370	0	7000	0
309120	309121	301226	1	303126	1	507	27	0	0	0	0	0	0	1	0	0	0	3750	energy_v	1100	1100	0	physical_metaldamage_v	1100	1100	0	5000	0
309121	309122	309120	3					0	0	0	0	0	0	1	0	0	0	4940	energy_v	1450	1450	0	physical_metaldamage_v	1450	1450	0	6000	0
309122		309121	3					0	0	0	0	0	0	1	0	0	0	5990	energy_v	1760	1760	0	physical_metaldamage_v	1760	1760	0	7000	0
309123	309124	301229	1	303129	1	507	27	0	0	0	0	0	0	1	0	0	0	5090	energy_v	1490	1490	0	physical_metaldamage_v	1490	1490	0	5000	0
309124	309125	309123	3					0	0	0	0	0	0	1	0	0	0	6290	energy_v	1840	1840	0	physical_metaldamage_v	1840	1840	0	6000	0
309125		309124	3					0	0	0	0	0	0	1	0	0	0	7300	energy_v	2140	2140	0	physical_metaldamage_v	2140	2140	0	7000	0
309211	309212	301717	1	304317	1	507	25	0	0	0	0	0	0	1	0	0	0	810	weaken_deadlystrike_v	270	270	0	ignore_metal_resist_v	1000	270	0	3000	0
309212	309213	309211	3					0	0	0	0	0	0	1	0	0	0	1220	weaken_deadlystrike_v	400	400	0	ignore_metal_resist_v	1000	400	0	4000	0
309213		309212	3					0	0	0	0	0	0	1	0	0	0	1820	weaken_deadlystrike_v	600	600	0	ignore_metal_resist_v	1000	600	0	5000	0
309214	309215	301720	1	304320	1	507	27	0	0	0	0	0	0	1	0	0	0	1300	weaken_deadlystrike_v	440	440	0	ignore_metal_resist_v	1000	440	0	5000	0
309215	309216	309214	3					0	0	0	0	0	0	1	0	0	0	1950	weaken_deadlystrike_v	660	660	0	ignore_metal_resist_v	1000	660	0	6000	0
309216		309215	3					0	0	0	0	0	0	1	0	0	0	2930	weaken_deadlystrike_v	990	990	0	ignore_metal_resist_v	1000	990	0	7000	0
309217	309218	301723	1	304323	1	507	27	0	0	0	0	0	0	1	0	0	0	2080	weaken_deadlystrike_v	700	700	0	ignore_metal_resist_v	1000	700	0	5000	0
309218	309219	309217	3					0	0	0	0	0	0	1	0	0	0	3120	weaken_deadlystrike_v	1050	1050	0	ignore_metal_resist_v	1000	1050	0	6000	0
309219		309218	3					0	0	0	0	0	0	1	0	0	0	4680	weaken_deadlystrike_v	1370	1370	0	ignore_metal_resist_v	1000	1370	0	7000	0
309220	309221	301726	1	304326	1	507	27	0	0	0	0	0	0	1	0	0	0	3750	weaken_deadlystrike_v	1100	1100	0	ignore_metal_resist_v	1000	1100	0	5000	0
309221	309222	309220	3					0	0	0	0	0	0	1	0	0	0	4940	weaken_deadlystrike_v	1450	1450	0	ignore_metal_resist_v	1000	1450	0	6000	0
309222		309221	3					0	0	0	0	0	0	1	0	0	0	5990	weaken_deadlystrike_v	1760	1760	0	ignore_metal_resist_v	1000	1760	0	7000	0
309223	309224	301729	1	304329	1	507	27	0	0	0	0	0	0	1	0	0	0	5090	weaken_deadlystrike_v	1490	1490	0	ignore_metal_resist_v	1000	1490	0	5000	0
309224	309225	309223	3					0	0	0	0	0	0	1	0	0	0	6290	weaken_deadlystrike_v	1840	1840	0	ignore_metal_resist_v	1000	1840	0	6000	0
309225		309224	3					0	0	0	0	0	0	1	0	0	0	7300	weaken_deadlystrike_v	2140	2140	0	ignore_metal_resist_v	1000	2140	0	7000	0
309311	309312	302317	1	304317	1	507	25	0	0	0	0	0	0	1	0	0	0	810	ignore_metal_resist_v	1000	270	0	defense_v	270	270	0	3000	0
309312	309313	309311	3					0	0	0	0	0	0	1	0	0	0	1220	ignore_metal_resist_v	1000	400	0	defense_v	400	400	0	4000	0
309313		309312	3					0	0	0	0	0	0	1	0	0	0	1820	ignore_metal_resist_v	1000	600	0	defense_v	600	600	0	5000	0
309314	309315	302320	1	304320	1	507	27	0	0	0	0	0	0	1	0	0	0	1300	ignore_metal_resist_v	1000	440	0	defense_v	440	440	0	5000	0
309315	309316	309314	3					0	0	0	0	0	0	1	0	0	0	1950	ignore_metal_resist_v	1000	660	0	defense_v	660	660	0	6000	0
309316		309315	3					0	0	0	0	0	0	1	0	0	0	2930	ignore_metal_resist_v	1000	990	0	defense_v	990	990	0	7000	0
309317	309318	302323	1	304323	1	507	27	0	0	0	0	0	0	1	0	0	0	2080	ignore_metal_resist_v	1000	700	0	defense_v	700	700	0	5000	0
309318	309319	309317	3					0	0	0	0	0	0	1	0	0	0	3120	ignore_metal_resist_v	1000	1050	0	defense_v	1050	1050	0	6000	0
309319		309318	3					0	0	0	0	0	0	1	0	0	0	4680	ignore_metal_resist_v	1000	1370	0	defense_v	1370	1370	0	7000	0
309320	309321	302326	1	304326	1	507	27	0	0	0	0	0	0	1	0	0	0	3750	ignore_metal_resist_v	1000	1100	0	defense_v	1100	1100	0	5000	0
309321	309322	309320	3					0	0	0	0	0	0	1	0	0	0	4940	ignore_metal_resist_v	1000	1450	0	defense_v	1450	1450	0	6000	0
309322		309321	3					0	0	0	0	0	0	1	0	0	0	5990	ignore_metal_resist_v	1000	1760	0	defense_v	1760	1760	0	7000	0
309323	309324	302329	1	304329	1	507	27	0	0	0	0	0	0	1	0	0	0	5090	ignore_metal_resist_v	1000	1490	0	defense_v	1490	1490	0	5000	0
309324	309325	309323	3					0	0	0	0	0	0	1	0	0	0	6290	ignore_metal_resist_v	1000	1840	0	defense_v	1840	1840	0	6000	0
309325		309324	3					0	0	0	0	0	0	1	0	0	0	7300	ignore_metal_resist_v	1000	2140	0	defense_v	2140	2140	0	7000	0
309411	309412	301217	1	301717	1	507	25	0	0	0	0	0	0	1	0	0	0	810	weaken_deadlystrike_v	270	270	0	energy_v	270	270	0	3000	0
309412	309413	309411	3					0	0	0	0	0	0	1	0	0	0	1220	weaken_deadlystrike_v	400	400	0	energy_v	400	400	0	4000	0
309413		309412	3					0	0	0	0	0	0	1	0	0	0	1820	weaken_deadlystrike_v	600	600	0	energy_v	600	600	0	5000	0
309414	309415	301220	1	301720	1	507	27	0	0	0	0	0	0	1	0	0	0	1300	weaken_deadlystrike_v	440	440	0	energy_v	440	440	0	5000	0
309415	309416	309414	3					0	0	0	0	0	0	1	0	0	0	1950	weaken_deadlystrike_v	660	660	0	energy_v	660	660	0	6000	0
309416		309415	3					0	0	0	0	0	0	1	0	0	0	2930	weaken_deadlystrike_v	990	990	0	energy_v	990	990	0	7000	0
309417	309418	301223	1	301723	1	507	27	0	0	0	0	0	0	1	0	0	0	2080	weaken_deadlystrike_v	700	700	0	energy_v	700	700	0	5000	0
309418	309419	309417	3					0	0	0	0	0	0	1	0	0	0	3120	weaken_deadlystrike_v	1050	1050	0	energy_v	1050	1050	0	6000	0
309419		309418	3					0	0	0	0	0	0	1	0	0	0	4680	weaken_deadlystrike_v	1370	1370	0	energy_v	1370	1370	0	7000	0
309420	309421	301226	1	301726	1	507	27	0	0	0	0	0	0	1	0	0	0	3750	weaken_deadlystrike_v	1100	1100	0	energy_v	1100	1100	0	5000	0
309421	309422	309420	3					0	0	0	0	0	0	1	0	0	0	4940	weaken_deadlystrike_v	1450	1450	0	energy_v	1450	1450	0	6000	0
309422		309421	3					0	0	0	0	0	0	1	0	0	0	5990	weaken_deadlystrike_v	1760	1760	0	energy_v	1760	1760	0	7000	0
309423	309424	301229	1	301729	1	507	27	0	0	0	0	0	0	1	0	0	0	5090	weaken_deadlystrike_v	1490	1490	0	energy_v	1490	1490	0	5000	0
309424	309425	309423	3					0	0	0	0	0	0	1	0	0	0	6290	weaken_deadlystrike_v	1840	1840	0	energy_v	1840	1840	0	6000	0
309425		309424	3					0	0	0	0	0	0	1	0	0	0	7300	weaken_deadlystrike_v	2140	2140	0	energy_v	2140	2140	0	7000	0
309511	309512	302317	1	303117	1	507	25	0	0	0	0	0	0	1	0	0	0	810	physical_metaldamage_v	270	270	0	defense_v	270	270	0	3000	0
309512	309513	309511	3					0	0	0	0	0	0	1	0	0	0	1220	physical_metaldamage_v	400	400	0	defense_v	400	400	0	4000	0
309513		309512	3					0	0	0	0	0	0	1	0	0	0	1820	physical_metaldamage_v	600	600	0	defense_v	600	600	0	5000	0
309514	309515	302320	1	303120	1	507	27	0	0	0	0	0	0	1	0	0	0	1300	physical_metaldamage_v	440	440	0	defense_v	440	440	0	5000	0
309515	309516	309514	3					0	0	0	0	0	0	1	0	0	0	1950	physical_metaldamage_v	660	660	0	defense_v	660	660	0	6000	0
309516		309515	3					0	0	0	0	0	0	1	0	0	0	2930	physical_metaldamage_v	990	990	0	defense_v	990	990	0	7000	0
309517	309518	302323	1	303123	1	507	27	0	0	0	0	0	0	1	0	0	0	2080	physical_metaldamage_v	700	700	0	defense_v	700	700	0	5000	0
309518	309519	309517	3					0	0	0	0	0	0	1	0	0	0	3120	physical_metaldamage_v	1050	1050	0	defense_v	1050	1050	0	6000	0
309519		309518	3					0	0	0	0	0	0	1	0	0	0	4680	physical_metaldamage_v	1370	1370	0	defense_v	1370	1370	0	7000	0
309520	309521	302326	1	303126	1	507	27	0	0	0	0	0	0	1	0	0	0	3750	physical_metaldamage_v	1100	1100	0	defense_v	1100	1100	0	5000	0
309521	309522	309520	3					0	0	0	0	0	0	1	0	0	0	4940	physical_metaldamage_v	1450	1450	0	defense_v	1450	1450	0	6000	0
309522		309521	3					0	0	0	0	0	0	1	0	0	0	5990	physical_metaldamage_v	1760	1760	0	defense_v	1760	1760	0	7000	0
309523	309524	302329	1	303129	1	507	27	0	0	0	0	0	0	1	0	0	0	5090	physical_metaldamage_v	1490	1490	0	defense_v	1490	1490	0	5000	0
309524	309525	309523	3					0	0	0	0	0	0	1	0	0	0	6290	physical_metaldamage_v	1840	1840	0	defense_v	1840	1840	0	6000	0
309525		309524	3					0	0	0	0	0	0	1	0	0	0	7300	physical_metaldamage_v	2140	2140	0	defense_v	2140	2140	0	7000	0
309611	309612	301017	1	303217	1	507	25	0	0	0	0	0	0	0	1	0	0	810	vitality_v	270	270	0	physical_waterdamage_v	270	270	0	3000	0
309612	309613	309611	3					0	0	0	0	0	0	0	1	0	0	1220	vitality_v	400	400	0	physical_waterdamage_v	400	400	0	4000	0
309613		309612	3					0	0	0	0	0	0	0	1	0	0	1820	vitality_v	600	600	0	physical_waterdamage_v	600	600	0	5000	0
309614	309615	301020	1	303220	1	507	27	0	0	0	0	0	0	0	1	0	0	1300	vitality_v	440	440	0	physical_waterdamage_v	440	440	0	5000	0
309615	309616	309614	3					0	0	0	0	0	0	0	1	0	0	1950	vitality_v	660	660	0	physical_waterdamage_v	660	660	0	6000	0
309616		309615	3					0	0	0	0	0	0	0	1	0	0	2930	vitality_v	990	990	0	physical_waterdamage_v	990	990	0	7000	0
309617	309618	301023	1	303223	1	507	27	0	0	0	0	0	0	0	1	0	0	2080	vitality_v	700	700	0	physical_waterdamage_v	700	700	0	5000	0
309618	309619	309617	3					0	0	0	0	0	0	0	1	0	0	3120	vitality_v	1050	1050	0	physical_waterdamage_v	1050	1050	0	6000	0
309619		309618	3					0	0	0	0	0	0	0	1	0	0	4680	vitality_v	1370	1370	0	physical_waterdamage_v	1370	1370	0	7000	0
309620	309621	301026	1	303226	1	507	27	0	0	0	0	0	0	0	1	0	0	3750	vitality_v	1100	1100	0	physical_waterdamage_v	1100	1100	0	5000	0
309621	309622	309620	3					0	0	0	0	0	0	0	1	0	0	4940	vitality_v	1450	1450	0	physical_waterdamage_v	1450	1450	0	6000	0
309622		309621	3					0	0	0	0	0	0	0	1	0	0	5990	vitality_v	1760	1760	0	physical_waterdamage_v	1760	1760	0	7000	0
309623	309624	301029	1	303229	1	507	27	0	0	0	0	0	0	0	1	0	0	5090	vitality_v	1490	1490	0	physical_waterdamage_v	1490	1490	0	5000	0
309624	309625	309623	3					0	0	0	0	0	0	0	1	0	0	6290	vitality_v	1840	1840	0	physical_waterdamage_v	1840	1840	0	6000	0
309625		309624	3					0	0	0	0	0	0	0	1	0	0	7300	vitality_v	2140	2140	0	physical_waterdamage_v	2140	2140	0	7000	0
309711	309712	301817	1	304417	1	507	25	0	0	0	0	0	0	0	1	0	0	810	deadlystrike_damage_v	270	270	0	ignore_water_resist_v	1000	270	0	3000	0
309712	309713	309711	3					0	0	0	0	0	0	0	1	0	0	1220	deadlystrike_damage_v	400	400	0	ignore_water_resist_v	1000	400	0	4000	0
309713		309712	3					0	0	0	0	0	0	0	1	0	0	1820	deadlystrike_damage_v	600	600	0	ignore_water_resist_v	1000	600	0	5000	0
309714	309715	301820	1	304420	1	507	27	0	0	0	0	0	0	0	1	0	0	1300	deadlystrike_damage_v	440	440	0	ignore_water_resist_v	1000	440	0	5000	0
309715	309716	309714	3					0	0	0	0	0	0	0	1	0	0	1950	deadlystrike_damage_v	660	660	0	ignore_water_resist_v	1000	660	0	6000	0
309716		309715	3					0	0	0	0	0	0	0	1	0	0	2930	deadlystrike_damage_v	990	990	0	ignore_water_resist_v	1000	990	0	7000	0
309717	309718	301823	1	304423	1	507	27	0	0	0	0	0	0	0	1	0	0	2080	deadlystrike_damage_v	700	700	0	ignore_water_resist_v	1000	700	0	5000	0
309718	309719	309717	3					0	0	0	0	0	0	0	1	0	0	3120	deadlystrike_damage_v	1050	1050	0	ignore_water_resist_v	1000	1050	0	6000	0
309719		309718	3					0	0	0	0	0	0	0	1	0	0	4680	deadlystrike_damage_v	1370	1370	0	ignore_water_resist_v	1000	1370	0	7000	0
309720	309721	301826	1	304426	1	507	27	0	0	0	0	0	0	0	1	0	0	3750	deadlystrike_damage_v	1100	1100	0	ignore_water_resist_v	1000	1100	0	5000	0
309721	309722	309720	3					0	0	0	0	0	0	0	1	0	0	4940	deadlystrike_damage_v	1450	1450	0	ignore_water_resist_v	1000	1450	0	6000	0
309722		309721	3					0	0	0	0	0	0	0	1	0	0	5990	deadlystrike_damage_v	1760	1760	0	ignore_water_resist_v	1000	1760	0	7000	0
309723	309724	301829	1	304429	1	507	27	0	0	0	0	0	0	0	1	0	0	5090	deadlystrike_damage_v	1490	1490	0	ignore_water_resist_v	1000	1490	0	5000	0
309724	309725	309723	3					0	0	0	0	0	0	0	1	0	0	6290	deadlystrike_damage_v	1840	1840	0	ignore_water_resist_v	1000	1840	0	6000	0
309725		309724	3					0	0	0	0	0	0	0	1	0	0	7300	deadlystrike_damage_v	2140	2140	0	ignore_water_resist_v	1000	2140	0	7000	0
309811	309812	304417	1	305117	1	507	25	0	0	0	0	0	0	0	1	0	0	810	ignore_water_resist_v	1000	270	0	return_resist_range_v	1120	1120	0	3000	0
309812	309813	309811	3					0	0	0	0	0	0	0	1	0	0	1220	ignore_water_resist_v	1000	400	0	return_resist_range_v	1660	1660	0	4000	0
309813		309812	3					0	0	0	0	0	0	0	1	0	0	1820	ignore_water_resist_v	1000	600	0	return_resist_range_v	2470	2470	0	5000	0
309814	309815	304420	1	305120	1	507	27	0	0	0	0	0	0	0	1	0	0	1300	ignore_water_resist_v	1000	440	0	return_resist_range_v	1800	1800	0	5000	0
309815	309816	309814	3					0	0	0	0	0	0	0	1	0	0	1950	ignore_water_resist_v	1000	660	0	return_resist_range_v	2700	2700	0	6000	0
309816		309815	3					0	0	0	0	0	0	0	1	0	0	2930	ignore_water_resist_v	1000	990	0	return_resist_range_v	4050	4050	0	7000	0
309817	309818	304423	1	305123	1	507	27	0	0	0	0	0	0	0	1	0	0	2080	ignore_water_resist_v	1000	700	0	return_resist_range_v	2880	2880	0	5000	0
309818	309819	309817	3					0	0	0	0	0	0	0	1	0	0	3120	ignore_water_resist_v	1000	1050	0	return_resist_range_v	4320	4320	0	6000	0
309819		309818	3					0	0	0	0	0	0	0	1	0	0	4680	ignore_water_resist_v	1000	1370	0	return_resist_range_v	5620	5620	0	7000	0
309820	309821	304426	1	305126	1	507	27	0	0	0	0	0	0	0	1	0	0	3750	ignore_water_resist_v	1000	1100	0	return_resist_range_v	4500	4500	0	5000	0
309821	309822	309820	3					0	0	0	0	0	0	0	1	0	0	4940	ignore_water_resist_v	1000	1450	0	return_resist_range_v	5940	5940	0	6000	0
309822		309821	3					0	0	0	0	0	0	0	1	0	0	5990	ignore_water_resist_v	1000	1760	0	return_resist_range_v	7200	7200	0	7000	0
309823	309824	304429	1	305129	1	507	27	0	0	0	0	0	0	0	1	0	0	5090	ignore_water_resist_v	1000	1490	0	return_resist_range_v	6120	6120	0	5000	0
309824	309825	309823	3					0	0	0	0	0	0	0	1	0	0	6290	ignore_water_resist_v	1000	1840	0	return_resist_range_v	7560	7560	0	6000	0
309825		309824	3					0	0	0	0	0	0	0	1	0	0	7300	ignore_water_resist_v	1000	2140	0	return_resist_range_v	8770	8770	0	7000	0
309911	309912	301017	1	301817	1	507	25	0	0	0	0	0	0	0	1	0	0	810	deadlystrike_damage_v	270	270	0	vitality_v	270	270	0	3000	0
309912	309913	309911	3					0	0	0	0	0	0	0	1	0	0	1220	deadlystrike_damage_v	400	400	0	vitality_v	400	400	0	4000	0
309913		309912	3					0	0	0	0	0	0	0	1	0	0	1820	deadlystrike_damage_v	600	600	0	vitality_v	600	600	0	5000	0
309914	309915	301020	1	301820	1	507	27	0	0	0	0	0	0	0	1	0	0	1300	deadlystrike_damage_v	440	440	0	vitality_v	440	440	0	5000	0
309915	309916	309914	3					0	0	0	0	0	0	0	1	0	0	1950	deadlystrike_damage_v	660	660	0	vitality_v	660	660	0	6000	0
309916		309915	3					0	0	0	0	0	0	0	1	0	0	2930	deadlystrike_damage_v	990	990	0	vitality_v	990	990	0	7000	0
309917	309918	301023	1	301823	1	507	27	0	0	0	0	0	0	0	1	0	0	2080	deadlystrike_damage_v	700	700	0	vitality_v	700	700	0	5000	0
309918	309919	309917	3					0	0	0	0	0	0	0	1	0	0	3120	deadlystrike_damage_v	1050	1050	0	vitality_v	1050	1050	0	6000	0
309919		309918	3					0	0	0	0	0	0	0	1	0	0	4680	deadlystrike_damage_v	1370	1370	0	vitality_v	1370	1370	0	7000	0
309920	309921	301026	1	301826	1	507	27	0	0	0	0	0	0	0	1	0	0	3750	deadlystrike_damage_v	1100	1100	0	vitality_v	1100	1100	0	5000	0
309921	309922	309920	3					0	0	0	0	0	0	0	1	0	0	4940	deadlystrike_damage_v	1450	1450	0	vitality_v	1450	1450	0	6000	0
309922		309921	3					0	0	0	0	0	0	0	1	0	0	5990	deadlystrike_damage_v	1760	1760	0	vitality_v	1760	1760	0	7000	0
309923	309924	301029	1	301829	1	507	27	0	0	0	0	0	0	0	1	0	0	5090	deadlystrike_damage_v	1490	1490	0	vitality_v	1490	1490	0	5000	0
309924	309925	309923	3					0	0	0	0	0	0	0	1	0	0	6290	deadlystrike_damage_v	1840	1840	0	vitality_v	1840	1840	0	6000	0
309925		309924	3					0	0	0	0	0	0	0	1	0	0	7300	deadlystrike_damage_v	2140	2140	0	vitality_v	2140	2140	0	7000	0
310011	310012	305117	1	303217	1	507	25	0	0	0	0	0	0	0	1	0	0	810	physical_waterdamage_v	270	270	0	return_resist_range_v	1120	1120	0	3000	0
310012	310013	310011	3					0	0	0	0	0	0	0	1	0	0	1220	physical_waterdamage_v	400	400	0	return_resist_range_v	1660	1660	0	4000	0
310013		310012	3					0	0	0	0	0	0	0	1	0	0	1820	physical_waterdamage_v	600	600	0	return_resist_range_v	2470	2470	0	5000	0
310014	310015	305120	1	303220	1	507	27	0	0	0	0	0	0	0	1	0	0	1300	physical_waterdamage_v	440	440	0	return_resist_range_v	1800	1800	0	5000	0
310015	310016	310014	3					0	0	0	0	0	0	0	1	0	0	1950	physical_waterdamage_v	660	660	0	return_resist_range_v	2700	2700	0	6000	0
310016		310015	3					0	0	0	0	0	0	0	1	0	0	2930	physical_waterdamage_v	990	990	0	return_resist_range_v	4050	4050	0	7000	0
310017	310018	305123	1	303223	1	507	27	0	0	0	0	0	0	0	1	0	0	2080	physical_waterdamage_v	700	700	0	return_resist_range_v	2880	2880	0	5000	0
310018	310019	310017	3					0	0	0	0	0	0	0	1	0	0	3120	physical_waterdamage_v	1050	1050	0	return_resist_range_v	4320	4320	0	6000	0
310019		310018	3					0	0	0	0	0	0	0	1	0	0	4680	physical_waterdamage_v	1370	1370	0	return_resist_range_v	5620	5620	0	7000	0
310020	310021	305126	1	303226	1	507	27	0	0	0	0	0	0	0	1	0	0	3750	physical_waterdamage_v	1100	1100	0	return_resist_range_v	4500	4500	0	5000	0
310021	310022	310020	3					0	0	0	0	0	0	0	1	0	0	4940	physical_waterdamage_v	1450	1450	0	return_resist_range_v	5940	5940	0	6000	0
310022		310021	3					0	0	0	0	0	0	0	1	0	0	5990	physical_waterdamage_v	1760	1760	0	return_resist_range_v	7200	7200	0	7000	0
310023	310024	305129	1	303229	1	507	27	0	0	0	0	0	0	0	1	0	0	5090	physical_waterdamage_v	1490	1490	0	return_resist_range_v	6120	6120	0	5000	0
310024	310025	310023	3					0	0	0	0	0	0	0	1	0	0	6290	physical_waterdamage_v	1840	1840	0	return_resist_range_v	7560	7560	0	6000	0
310025		310024	3					0	0	0	0	0	0	0	1	0	0	7300	physical_waterdamage_v	2140	2140	0	return_resist_range_v	8770	8770	0	7000	0
310111	310112	301217	1	303317	1	507	25	0	0	0	0	0	0	0	0	0	1	810	energy_v	270	270	0	physical_wooddamage_v	270	270	0	3000	0
310112	310113	310111	3					0	0	0	0	0	0	0	0	0	1	1220	energy_v	400	400	0	physical_wooddamage_v	400	400	0	4000	0
310113		310112	3					0	0	0	0	0	0	0	0	0	1	1820	energy_v	600	600	0	physical_wooddamage_v	600	600	0	5000	0
310114	310115	301220	1	303320	1	507	27	0	0	0	0	0	0	0	0	0	1	1300	energy_v	440	440	0	physical_wooddamage_v	440	440	0	5000	0
310115	310116	310114	3					0	0	0	0	0	0	0	0	0	1	1950	energy_v	660	660	0	physical_wooddamage_v	660	660	0	6000	0
310116		310115	3					0	0	0	0	0	0	0	0	0	1	2930	energy_v	990	990	0	physical_wooddamage_v	990	990	0	7000	0
310117	310118	301223	1	303323	1	507	27	0	0	0	0	0	0	0	0	0	1	2080	energy_v	700	700	0	physical_wooddamage_v	700	700	0	5000	0
310118	310119	310117	3					0	0	0	0	0	0	0	0	0	1	3120	energy_v	1050	1050	0	physical_wooddamage_v	1050	1050	0	6000	0
310119		310118	3					0	0	0	0	0	0	0	0	0	1	4680	energy_v	1370	1370	0	physical_wooddamage_v	1370	1370	0	7000	0
310120	310121	301226	1	303326	1	507	27	0	0	0	0	0	0	0	0	0	1	3750	energy_v	1100	1100	0	physical_wooddamage_v	1100	1100	0	5000	0
310121	310122	310120	3					0	0	0	0	0	0	0	0	0	1	4940	energy_v	1450	1450	0	physical_wooddamage_v	1450	1450	0	6000	0
310122		310121	3					0	0	0	0	0	0	0	0	0	1	5990	energy_v	1760	1760	0	physical_wooddamage_v	1760	1760	0	7000	0
310123	310124	301229	1	303329	1	507	27	0	0	0	0	0	0	0	0	0	1	5090	energy_v	1490	1490	0	physical_wooddamage_v	1490	1490	0	5000	0
310124	310125	310123	3					0	0	0	0	0	0	0	0	0	1	6290	energy_v	1840	1840	0	physical_wooddamage_v	1840	1840	0	6000	0
310125		310124	3					0	0	0	0	0	0	0	0	0	1	7300	energy_v	2140	2140	0	physical_wooddamage_v	2140	2140	0	7000	0
310211	310212	301917	1	304517	1	507	25	0	0	0	0	0	0	0	0	0	1	810	weaken_deadlystrike_damage_v	270	270	0	ignore_wood_resist_v	1000	270	0	3000	0
310212	310213	310211	3					0	0	0	0	0	0	0	0	0	1	1220	weaken_deadlystrike_damage_v	400	400	0	ignore_wood_resist_v	1000	400	0	4000	0
310213		310212	3					0	0	0	0	0	0	0	0	0	1	1820	weaken_deadlystrike_damage_v	600	600	0	ignore_wood_resist_v	1000	600	0	5000	0
310214	310215	301920	1	304520	1	507	27	0	0	0	0	0	0	0	0	0	1	1300	weaken_deadlystrike_damage_v	440	440	0	ignore_wood_resist_v	1000	440	0	5000	0
310215	310216	310214	3					0	0	0	0	0	0	0	0	0	1	1950	weaken_deadlystrike_damage_v	660	660	0	ignore_wood_resist_v	1000	660	0	6000	0
310216		310215	3					0	0	0	0	0	0	0	0	0	1	2930	weaken_deadlystrike_damage_v	990	990	0	ignore_wood_resist_v	1000	990	0	7000	0
310217	310218	301923	1	304523	1	507	27	0	0	0	0	0	0	0	0	0	1	2080	weaken_deadlystrike_damage_v	700	700	0	ignore_wood_resist_v	1000	700	0	5000	0
310218	310219	310217	3					0	0	0	0	0	0	0	0	0	1	3120	weaken_deadlystrike_damage_v	1050	1050	0	ignore_wood_resist_v	1000	1050	0	6000	0
310219		310218	3					0	0	0	0	0	0	0	0	0	1	4680	weaken_deadlystrike_damage_v	1370	1370	0	ignore_wood_resist_v	1000	1370	0	7000	0
310220	310221	301926	1	304526	1	507	27	0	0	0	0	0	0	0	0	0	1	3750	weaken_deadlystrike_damage_v	1100	1100	0	ignore_wood_resist_v	1000	1100	0	5000	0
310221	310222	310220	3					0	0	0	0	0	0	0	0	0	1	4940	weaken_deadlystrike_damage_v	1450	1450	0	ignore_wood_resist_v	1000	1450	0	6000	0
310222		310221	3					0	0	0	0	0	0	0	0	0	1	5990	weaken_deadlystrike_damage_v	1760	1760	0	ignore_wood_resist_v	1000	1760	0	7000	0
310223	310224	301929	1	304529	1	507	27	0	0	0	0	0	0	0	0	0	1	5090	weaken_deadlystrike_damage_v	1490	1490	0	ignore_wood_resist_v	1000	1490	0	5000	0
310224	310225	310223	3					0	0	0	0	0	0	0	0	0	1	6290	weaken_deadlystrike_damage_v	1840	1840	0	ignore_wood_resist_v	1000	1840	0	6000	0
310225		310224	3					0	0	0	0	0	0	0	0	0	1	7300	weaken_deadlystrike_damage_v	2140	2140	0	ignore_wood_resist_v	1000	2140	0	7000	0
310311	310312	305017	1	304517	1	507	25	0	0	0	0	0	0	0	0	0	1	810	ignore_wood_resist_v	1000	270	0	return_resist_melee_v	1120	1120	0	3000	0
310312	310313	310311	3					0	0	0	0	0	0	0	0	0	1	1220	ignore_wood_resist_v	1000	400	0	return_resist_melee_v	1660	1660	0	4000	0
310313		310312	3					0	0	0	0	0	0	0	0	0	1	1820	ignore_wood_resist_v	1000	600	0	return_resist_melee_v	2470	2470	0	5000	0
310314	310315	305020	1	304520	1	507	27	0	0	0	0	0	0	0	0	0	1	1300	ignore_wood_resist_v	1000	440	0	return_resist_melee_v	1800	1800	0	5000	0
310315	310316	310314	3					0	0	0	0	0	0	0	0	0	1	1950	ignore_wood_resist_v	1000	660	0	return_resist_melee_v	2700	2700	0	6000	0
310316		310315	3					0	0	0	0	0	0	0	0	0	1	2930	ignore_wood_resist_v	1000	990	0	return_resist_melee_v	4050	4050	0	7000	0
310317	310318	305023	1	304523	1	507	27	0	0	0	0	0	0	0	0	0	1	2080	ignore_wood_resist_v	1000	700	0	return_resist_melee_v	2880	2880	0	5000	0
310318	310319	310317	3					0	0	0	0	0	0	0	0	0	1	3120	ignore_wood_resist_v	1000	1050	0	return_resist_melee_v	4320	4320	0	6000	0
310319		310318	3					0	0	0	0	0	0	0	0	0	1	4680	ignore_wood_resist_v	1000	1370	0	return_resist_melee_v	5620	5620	0	7000	0
310320	310321	305026	1	304526	1	507	27	0	0	0	0	0	0	0	0	0	1	3750	ignore_wood_resist_v	1000	1100	0	return_resist_melee_v	4500	4500	0	5000	0
310321	310322	310320	3					0	0	0	0	0	0	0	0	0	1	4940	ignore_wood_resist_v	1000	1450	0	return_resist_melee_v	5940	5940	0	6000	0
310322		310321	3					0	0	0	0	0	0	0	0	0	1	5990	ignore_wood_resist_v	1000	1760	0	return_resist_melee_v	7200	7200	0	7000	0
310323	310324	305029	1	304529	1	507	27	0	0	0	0	0	0	0	0	0	1	5090	ignore_wood_resist_v	1000	1490	0	return_resist_melee_v	6120	6120	0	5000	0
310324	310325	310323	3					0	0	0	0	0	0	0	0	0	1	6290	ignore_wood_resist_v	1000	1840	0	return_resist_melee_v	7560	7560	0	6000	0
310325		310324	3					0	0	0	0	0	0	0	0	0	1	7300	ignore_wood_resist_v	1000	2140	0	return_resist_melee_v	8770	8770	0	7000	0
310411	310412	301217	1	301917	1	507	25	0	0	0	0	0	0	0	0	0	1	810	weaken_deadlystrike_damage_v	270	270	0	energy_v	270	270	0	3000	0
310412	310413	310411	3					0	0	0	0	0	0	0	0	0	1	1220	weaken_deadlystrike_damage_v	400	400	0	energy_v	400	400	0	4000	0
310413		310412	3					0	0	0	0	0	0	0	0	0	1	1820	weaken_deadlystrike_damage_v	600	600	0	energy_v	600	600	0	5000	0
310414	310415	301220	1	301920	1	507	27	0	0	0	0	0	0	0	0	0	1	1300	weaken_deadlystrike_damage_v	440	440	0	energy_v	440	440	0	5000	0
310415	310416	310414	3					0	0	0	0	0	0	0	0	0	1	1950	weaken_deadlystrike_damage_v	660	660	0	energy_v	660	660	0	6000	0
310416		310415	3					0	0	0	0	0	0	0	0	0	1	2930	weaken_deadlystrike_damage_v	990	990	0	energy_v	990	990	0	7000	0
310417	310418	301223	1	301923	1	507	27	0	0	0	0	0	0	0	0	0	1	2080	weaken_deadlystrike_damage_v	700	700	0	energy_v	700	700	0	5000	0
310418	310419	310417	3					0	0	0	0	0	0	0	0	0	1	3120	weaken_deadlystrike_damage_v	1050	1050	0	energy_v	1050	1050	0	6000	0
310419		310418	3					0	0	0	0	0	0	0	0	0	1	4680	weaken_deadlystrike_damage_v	1370	1370	0	energy_v	1370	1370	0	7000	0
310420	310421	301226	1	301926	1	507	27	0	0	0	0	0	0	0	0	0	1	3750	weaken_deadlystrike_damage_v	1100	1100	0	energy_v	1100	1100	0	5000	0
310421	310422	310420	3					0	0	0	0	0	0	0	0	0	1	4940	weaken_deadlystrike_damage_v	1450	1450	0	energy_v	1450	1450	0	6000	0
310422		310421	3					0	0	0	0	0	0	0	0	0	1	5990	weaken_deadlystrike_damage_v	1760	1760	0	energy_v	1760	1760	0	7000	0
310423	310424	301229	1	301929	1	507	27	0	0	0	0	0	0	0	0	0	1	5090	weaken_deadlystrike_damage_v	1490	1490	0	energy_v	1490	1490	0	5000	0
310424	310425	310423	3					0	0	0	0	0	0	0	0	0	1	6290	weaken_deadlystrike_damage_v	1840	1840	0	energy_v	1840	1840	0	6000	0
310425		310424	3					0	0	0	0	0	0	0	0	0	1	7300	weaken_deadlystrike_damage_v	2140	2140	0	energy_v	2140	2140	0	7000	0
310511	310512	305017	1	303317	1	507	25	0	0	0	0	0	0	0	0	0	1	810	physical_wooddamage_v	270	270	0	return_resist_melee_v	1120	1120	0	3000	0
310512	310513	310511	3					0	0	0	0	0	0	0	0	0	1	1220	physical_wooddamage_v	400	400	0	return_resist_melee_v	1660	1660	0	4000	0
310513		310512	3					0	0	0	0	0	0	0	0	0	1	1820	physical_wooddamage_v	600	600	0	return_resist_melee_v	2470	2470	0	5000	0
310514	310515	305020	1	303320	1	507	27	0	0	0	0	0	0	0	0	0	1	1300	physical_wooddamage_v	440	440	0	return_resist_melee_v	1800	1800	0	5000	0
310515	310516	310514	3					0	0	0	0	0	0	0	0	0	1	1950	physical_wooddamage_v	660	660	0	return_resist_melee_v	2700	2700	0	6000	0
310516		310515	3					0	0	0	0	0	0	0	0	0	1	2930	physical_wooddamage_v	990	990	0	return_resist_melee_v	4050	4050	0	7000	0
310517	310518	305023	1	303323	1	507	27	0	0	0	0	0	0	0	0	0	1	2080	physical_wooddamage_v	700	700	0	return_resist_melee_v	2880	2880	0	5000	0
310518	310519	310517	3					0	0	0	0	0	0	0	0	0	1	3120	physical_wooddamage_v	1050	1050	0	return_resist_melee_v	4320	4320	0	6000	0
310519		310518	3					0	0	0	0	0	0	0	0	0	1	4680	physical_wooddamage_v	1370	1370	0	return_resist_melee_v	5620	5620	0	7000	0
310520	310521	305026	1	303326	1	507	27	0	0	0	0	0	0	0	0	0	1	3750	physical_wooddamage_v	1100	1100	0	return_resist_melee_v	4500	4500	0	5000	0
310521	310522	310520	3					0	0	0	0	0	0	0	0	0	1	4940	physical_wooddamage_v	1450	1450	0	return_resist_melee_v	5940	5940	0	6000	0
310522		310521	3					0	0	0	0	0	0	0	0	0	1	5990	physical_wooddamage_v	1760	1760	0	return_resist_melee_v	7200	7200	0	7000	0
310523	310524	305029	1	303329	1	507	27	0	0	0	0	0	0	0	0	0	1	5090	physical_wooddamage_v	1490	1490	0	return_resist_melee_v	6120	6120	0	5000	0
310524	310525	310523	3					0	0	0	0	0	0	0	0	0	1	6290	physical_wooddamage_v	1840	1840	0	return_resist_melee_v	7560	7560	0	6000	0
310525		310524	3					0	0	0	0	0	0	0	0	0	1	7300	physical_wooddamage_v	2140	2140	0	return_resist_melee_v	8770	8770	0	7000	0
310611	310612							0	0	1	0	0	0	1	0	0	0	220	ignore_defense_v	110	110	0					1000	1
310612	310613	310611	3					0	0	1	0	0	0	1	0	0	0	330	ignore_defense_v	160	160	0					2000	1
310613		310612	3					0	0	1	0	0	0	1	0	0	0	480	ignore_defense_v	240	240	0					3000	1
310614	310615							0	0	1	0	0	0	1	0	0	0	350	ignore_defense_v	170	170	0					2000	1
310615	310616	310614	3					0	0	1	0	0	0	1	0	0	0	520	ignore_defense_v	260	260	0					3000	1
310616		310615	3					0	0	1	0	0	0	1	0	0	0	780	ignore_defense_v	390	390	0					4000	1
310617	310618							0	0	1	0	0	0	1	0	0	0	540	ignore_defense_v	270	270	0					3000	1	300999	1
310618	310619	310617	3					0	0	1	0	0	0	1	0	0	0	800	ignore_defense_v	400	400	0					4000	1
310619		310618	3					0	0	1	0	0	0	1	0	0	0	1190	ignore_defense_v	600	600	0					5000	1
310620	310621							0	0	1	0	0	0	1	0	0	0	870	ignore_defense_v	440	440	0					4000	1	301000	1
310621	310622	310620	3					0	0	1	0	0	0	1	0	0	0	1300	ignore_defense_v	660	660	0					5000	1
310622		310621	3					0	0	1	0	0	0	1	0	0	0	1950	ignore_defense_v	990	990	0					6000	1
310623	310624							0	0	1	0	0	0	1	0	0	0	1390	ignore_defense_v	700	700	0					5000	1	301001	1
310624	310625	310623	3					0	0	1	0	0	0	1	0	0	0	2080	ignore_defense_v	1050	1050	0					6000	1
310625		310624	3					0	0	1	0	0	0	1	0	0	0	3120	ignore_defense_v	1370	1370	0					7000	1
310626	310627							0	0	1	0	0	0	1	0	0	0	2200	ignore_defense_v	1100	1100	0					5000	1	301002	1
310627	310628	310626	3					0	0	1	0	0	0	1	0	0	0	2900	ignore_defense_v	1450	1450	0					6000	1
310628		310627	3					0	0	1	0	0	0	1	0	0	0	3520	ignore_defense_v	1760	1760	0					7000	1
310629	310630							0	0	1	0	0	0	1	0	0	0	2980	ignore_defense_v	1490	1490	0					5000	1	301003	1
310630	310631	310629	3					0	0	1	0	0	0	1	0	0	0	3680	ignore_defense_v	1840	1840	0					6000	1
310631		310630	3					0	0	1	0	0	0	1	0	0	0	4280	ignore_defense_v	2140	2140	0					7000	1
310717	310718	310617	1	302117	1	507	25	0	0	1	0	0	0	0	0	0	0	810	ignore_defense_v	270	270	0	recover_life_v	270	90	0	3000	1
310718	310719	310717	3					0	0	1	0	0	0	0	0	0	0	1220	ignore_defense_v	400	400	0	recover_life_v	400	90	0	4000	1
310719		310718	3					0	0	1	0	0	0	0	0	0	0	1820	ignore_defense_v	600	600	0	recover_life_v	600	90	0	5000	1
310720	310721	310620	1	302120	1	507	27	0	0	1	0	0	0	0	0	0	0	1300	ignore_defense_v	440	440	0	recover_life_v	440	90	0	5000	1
310721	310722	310720	3					0	0	1	0	0	0	0	0	0	0	1950	ignore_defense_v	660	660	0	recover_life_v	660	90	0	6000	1
310722		310721	3					0	0	1	0	0	0	0	0	0	0	2930	ignore_defense_v	990	990	0	recover_life_v	990	90	0	7000	1
310723	310724	310623	1	302123	1	507	27	0	0	1	0	0	0	0	0	0	0	2080	ignore_defense_v	700	700	0	recover_life_v	700	90	0	5000	1
310724	310725	310723	3					0	0	1	0	0	0	0	0	0	0	3120	ignore_defense_v	1050	1050	0	recover_life_v	1050	90	0	6000	1
310725		310724	3					0	0	1	0	0	0	0	0	0	0	4680	ignore_defense_v	1370	1080	0	recover_life_v	1370	90	0	7000	1
310726	310727	310626	1	302126	1	507	27	0	0	1	0	0	0	0	0	0	0	3750	ignore_defense_v	1100	1370	0	recover_life_v	1100	90	0	5000	1
310727	310728	310726	3					0	0	1	0	0	0	0	0	0	0	4940	ignore_defense_v	1450	1450	0	recover_life_v	1450	90	0	6000	1
310728		310727	3					0	0	1	0	0	0	0	0	0	0	5990	ignore_defense_v	1760	1760	0	recover_life_v	1760	90	0	7000	1
310729	310730	310629	1	302129	1	507	27	0	0	1	0	0	0	0	0	0	0	5090	ignore_defense_v	1490	1490	0	recover_life_v	1490	90	0	5000	1
310730	310731	310729	3					0	0	1	0	0	0	0	0	0	0	6290	ignore_defense_v	1840	1840	0	recover_life_v	1840	90	0	6000	1
310731		310730	3					0	0	1	0	0	0	0	0	0	0	7300	ignore_defense_v	2140	2140	0	recover_life_v	2140	90	0	7000	1
310817	310818	310617	1	302317	1	507	25	0	0	0	0	0	0	1	0	0	0	810	ignore_defense_v	270	270	0	defense_v	270	270	0	3000	1
310818	310819	310817	3					0	0	0	0	0	0	1	0	0	0	1220	ignore_defense_v	400	400	0	defense_v	400	400	0	4000	1
310819		310818	3					0	0	0	0	0	0	1	0	0	0	1820	ignore_defense_v	600	600	0	defense_v	600	600	0	5000	1
310820	310821	310620	1	302320	1	507	27	0	0	0	0	0	0	1	0	0	0	1300	ignore_defense_v	440	440	0	defense_v	440	440	0	5000	1
310821	310822	310820	3					0	0	0	0	0	0	1	0	0	0	1950	ignore_defense_v	660	660	0	defense_v	660	660	0	6000	1
310822		310821	3					0	0	0	0	0	0	1	0	0	0	2930	ignore_defense_v	990	990	0	defense_v	990	990	0	7000	1
310823	310824	310623	1	302323	1	507	27	0	0	0	0	0	0	1	0	0	0	2080	ignore_defense_v	700	700	0	defense_v	700	700	0	5000	1
310824	310825	310823	3					0	0	0	0	0	0	1	0	0	0	3120	ignore_defense_v	1050	1050	0	defense_v	1050	1050	0	6000	1
310825		310824	3					0	0	0	0	0	0	1	0	0	0	4680	ignore_defense_v	1370	1080	0	defense_v	1370	1370	0	7000	1
310826	310827	310626	1	302326	1	507	27	0	0	0	0	0	0	1	0	0	0	3750	ignore_defense_v	1100	1370	0	defense_v	1100	1100	0	5000	1
310827	310828	310826	3					0	0	0	0	0	0	1	0	0	0	4940	ignore_defense_v	1450	1450	0	defense_v	1450	1450	0	6000	1
310828		310827	3					0	0	0	0	0	0	1	0	0	0	5990	ignore_defense_v	1760	1760	0	defense_v	1760	1760	0	7000	1
310829	310830	310629	1	302329	1	507	27	0	0	0	0	0	0	1	0	0	0	5090	ignore_defense_v	1490	1490	0	defense_v	1490	1490	0	5000	1
310830	310831	310829	3					0	0	0	0	0	0	1	0	0	0	6290	ignore_defense_v	1840	1840	0	defense_v	1840	1840	0	6000	1
310831		310830	3					0	0	0	0	0	0	1	0	0	0	7300	ignore_defense_v	2140	2140	0	defense_v	2140	2140	0	7000	1
301032	301033							1	0	0	1	0	0	0	1	1	0	3780	vitality_v	1890	1890	0					8000	0	301004	1
301033	301034	301032	3					1	0	0	1	0	0	0	1	1	0	4490	vitality_v	2240	2240	0					9000	0
301034		301033	3					1	0	0	1	0	0	0	1	1	0	5060	vitality_v	2530	2530	0					10000	0
301035	301036							1	0	0	1	0	0	0	1	1	0	4580	vitality_v	2280	2280	0					8000	0	301005	1
301036	301037	301035	3					1	0	0	1	0	0	0	1	1	0	5280	vitality_v	2640	2640	0					9000	0
301037		301036	3					1	0	0	1	0	0	0	1	1	0	5830	vitality_v	2910	2910	0					10000	0
301038	301039							1	0	0	1	0	0	0	1	1	0	5370	vitality_v	2680	2680	0					8000	0	301006	1
301039	301040	301038	3					1	0	0	1	0	0	0	1	1	0	6070	vitality_v	3030	3030	0					9000	0
301040		301039	3					1	0	0	1	0	0	0	1	1	0	6600	vitality_v	3300	3300	0					10000	0
301132	301133							0	0	0	0	0	1	0	0	0	0	3780	strength_v	1890	1890	0					8000	0	301004	1
301133	301134	301132	3					0	0	0	0	0	1	0	0	0	0	4490	strength_v	2240	2240	0					9000	0
301134		301133	3					0	0	0	0	0	1	0	0	0	0	5060	strength_v	2530	2530	0					10000	0
301135	301136							0	0	0	0	0	1	0	0	0	0	4580	strength_v	2280	2280	0					8000	0	301005	1
301136	301137	301135	3					0	0	0	0	0	1	0	0	0	0	5280	strength_v	2640	2640	0					9000	0
301137		301136	3					0	0	0	0	0	1	0	0	0	0	5830	strength_v	2910	2910	0					10000	0
301138	301139							0	0	0	0	0	1	0	0	0	0	5370	strength_v	2680	2680	0					8000	0	301006	1
301139	301140	301138	3					0	0	0	0	0	1	0	0	0	0	6070	strength_v	3030	3030	0					9000	0
301140		301139	3					0	0	0	0	0	1	0	0	0	0	6600	strength_v	3300	3300	0					10000	0
301232	301233							0	0	1	0	1	0	1	0	0	1	3780	energy_v	1890	1890	0					8000	0	301004	1
301233	301234	301232	3					0	0	1	0	1	0	1	0	0	1	4490	energy_v	2240	2240	0					9000	0
301234		301233	3					0	0	1	0	1	0	1	0	0	1	5060	energy_v	2530	2530	0					10000	0
301235	301236							0	0	1	0	1	0	1	0	0	1	4580	energy_v	2280	2280	0					8000	0	301005	1
301236	301237	301235	3					0	0	1	0	1	0	1	0	0	1	5280	energy_v	2640	2640	0					9000	0
301237		301236	3					0	0	1	0	1	0	1	0	0	1	5830	energy_v	2910	2910	0					10000	0
301238	301239							0	0	1	0	1	0	1	0	0	1	5370	energy_v	2680	2680	0					8000	0	301006	1
301239	301240	301238	3					0	0	1	0	1	0	1	0	0	1	6070	energy_v	3030	3030	0					9000	0
301240		301239	3					0	0	1	0	1	0	1	0	0	1	6600	energy_v	3300	3300	0					10000	0
301332	301333							0	1	0	0	0	0	0	0	0	0	3780	dexterity_v	1890	1890	0					8000	0	301004	1
301333	301334	301332	3					0	1	0	0	0	0	0	0	0	0	4490	dexterity_v	2240	2240	0					9000	0
301334		301333	3					0	1	0	0	0	0	0	0	0	0	5060	dexterity_v	2530	2530	0					10000	0
301335	301336							0	1	0	0	0	0	0	0	0	0	4580	dexterity_v	2280	2280	0					8000	0	301005	1
301336	301337	301335	3					0	1	0	0	0	0	0	0	0	0	5280	dexterity_v	2640	2640	0					9000	0
301337		301336	3					0	1	0	0	0	0	0	0	0	0	5830	dexterity_v	2910	2910	0					10000	0
301338	301339							0	1	0	0	0	0	0	0	0	0	5370	dexterity_v	2680	2680	0					8000	0	301006	1
301339	301340	301338	3					0	1	0	0	0	0	0	0	0	0	6070	dexterity_v	3030	3030	0					9000	0
301340		301339	3					0	1	0	0	0	0	0	0	0	0	6600	dexterity_v	3300	3300	0					10000	0
301432	301433							0	0	0	0	0	1	0	0	0	0	3780	steallife_v	3950	3950	0					8000	0	301004	1
301433	301434	301432	3					0	0	0	0	0	1	0	0	0	0	4490	steallife_v	4690	4690	0					9000	0
301434		301433	3					0	0	0	0	0	1	0	0	0	0	5060	steallife_v	5290	5290	0					10000	0
301435	301436							0	0	0	0	0	1	0	0	0	0	4580	steallife_v	4780	4780	0					8000	0	301005	1
301436	301437	301435	3					0	0	0	0	0	1	0	0	0	0	5280	steallife_v	5520	5520	0					9000	0
301437		301436	3					0	0	0	0	0	1	0	0	0	0	5830	steallife_v	6090	6090	0					10000	0
301438	301439							0	0	0	0	0	1	0	0	0	0	5370	steallife_v	5610	5610	0					8000	0	301006	1
301439	301440	301438	3					0	0	0	0	0	1	0	0	0	0	6070	steallife_v	6340	6340	0					9000	0
301440		301439	3					0	0	0	0	0	1	0	0	0	0	6600	steallife_v	6900	6900	0					10000	0
301532	301533							0	1	0	0	0	0	0	0	0	0	3780	stealmana_v	3950	3950	0					8000	0	301004	1
301533	301534	301532	3					0	1	0	0	0	0	0	0	0	0	4490	stealmana_v	4690	4690	0					9000	0
301534		301533	3					0	1	0	0	0	0	0	0	0	0	5060	stealmana_v	5290	5290	0					10000	0
301535	301536							0	1	0	0	0	0	0	0	0	0	4580	stealmana_v	4780	4780	0					8000	0	301005	1
301536	301537	301535	3					0	1	0	0	0	0	0	0	0	0	5280	stealmana_v	5520	5520	0					9000	0
301537		301536	3					0	1	0	0	0	0	0	0	0	0	5830	stealmana_v	6090	6090	0					10000	0
301538	301539							0	1	0	0	0	0	0	0	0	0	5370	stealmana_v	5610	5610	0					8000	0	301006	1
301539	301540	301538	3					0	1	0	0	0	0	0	0	0	0	6070	stealmana_v	6340	6340	0					9000	0
301540		301539	3					0	1	0	0	0	0	0	0	0	0	6600	stealmana_v	6900	6900	0					10000	0
301632	301633							1	0	0	0	0	0	0	0	1	0	3780	deadlystrike_v	1890	1890	0					8000	0	301004	1
301633	301634	301632	3					1	0	0	0	0	0	0	0	1	0	4490	deadlystrike_v	2240	2240	0					9000	0
301634		301633	3					1	0	0	0	0	0	0	0	1	0	5060	deadlystrike_v	2530	2530	0					10000	0
301635	301636							1	0	0	0	0	0	0	0	1	0	4580	deadlystrike_v	2280	2280	0					8000	0	301005	1
301636	301637	301635	3					1	0	0	0	0	0	0	0	1	0	5280	deadlystrike_v	2640	2640	0					9000	0
301637		301636	3					1	0	0	0	0	0	0	0	1	0	5830	deadlystrike_v	2910	2910	0					10000	0
301638	301639							1	0	0	0	0	0	0	0	1	0	5370	deadlystrike_v	2680	2680	0					8000	0	301006	1
301639	301640	301638	3					1	0	0	0	0	0	0	0	1	0	6070	deadlystrike_v	3030	3030	0					9000	0
301640		301639	3					1	0	0	0	0	0	0	0	1	0	6600	deadlystrike_v	3300	3300	0					10000	0
301732	301733							0	0	1	0	0	0	1	0	0	0	3780	weaken_deadlystrike_v	1890	1890	0					8000	0	301004	1
301733	301734	301732	3					0	0	1	0	0	0	1	0	0	0	4490	weaken_deadlystrike_v	2240	2240	0					9000	0
301734		301733	3					0	0	1	0	0	0	1	0	0	0	5060	weaken_deadlystrike_v	2530	2530	0					10000	0
301735	301736							0	0	1	0	0	0	1	0	0	0	4580	weaken_deadlystrike_v	2280	2280	0					8000	0	301005	1
301736	301737	301735	3					0	0	1	0	0	0	1	0	0	0	5280	weaken_deadlystrike_v	2640	2640	0					9000	0
301737		301736	3					0	0	1	0	0	0	1	0	0	0	5830	weaken_deadlystrike_v	2910	2910	0					10000	0
301738	301739							0	0	1	0	0	0	1	0	0	0	5370	weaken_deadlystrike_v	2680	2680	0					8000	0	301006	1
301739	301740	301738	3					0	0	1	0	0	0	1	0	0	0	6070	weaken_deadlystrike_v	3030	3030	0					9000	0
301740		301739	3					0	0	1	0	0	0	1	0	0	0	6600	weaken_deadlystrike_v	3300	3300	0					10000	0
301832	301833							0	0	0	1	0	0	0	1	0	0	3780	deadlystrike_damage_v	1890	1890	0					8000	0	301004	1
301833	301834	301832	3					0	0	0	1	0	0	0	1	0	0	4490	deadlystrike_damage_v	2240	2240	0					9000	0
301834		301833	3					0	0	0	1	0	0	0	1	0	0	5060	deadlystrike_damage_v	2530	2530	0					10000	0
301835	301836							0	0	0	1	0	0	0	1	0	0	4580	deadlystrike_damage_v	2280	2280	0					8000	0	301005	1
301836	301837	301835	3					0	0	0	1	0	0	0	1	0	0	5280	deadlystrike_damage_v	2640	2640	0					9000	0
301837		301836	3					0	0	0	1	0	0	0	1	0	0	5830	deadlystrike_damage_v	2910	2910	0					10000	0
301838	301839							0	0	0	1	0	0	0	1	0	0	5370	deadlystrike_damage_v	2680	2680	0					8000	0	301006	1
301839	301840	301838	3					0	0	0	1	0	0	0	1	0	0	6070	deadlystrike_damage_v	3030	3030	0					9000	0
301840		301839	3					0	0	0	1	0	0	0	1	0	0	6600	deadlystrike_damage_v	3300	3300	0					10000	0
301932	301933							0	0	0	0	1	0	0	0	0	1	3780	weaken_deadlystrike_damage_v	1890	1890	0					8000	0	301004	1
301933	301934	301932	3					0	0	0	0	1	0	0	0	0	1	4490	weaken_deadlystrike_damage_v	2240	2240	0					9000	0
301934		301933	3					0	0	0	0	1	0	0	0	0	1	5060	weaken_deadlystrike_damage_v	2530	2530	0					10000	0
301935	301936							0	0	0	0	1	0	0	0	0	1	4580	weaken_deadlystrike_damage_v	2280	2280	0					8000	0	301005	1
301936	301937	301935	3					0	0	0	0	1	0	0	0	0	1	5280	weaken_deadlystrike_damage_v	2640	2640	0					9000	0
301937		301936	3					0	0	0	0	1	0	0	0	0	1	5830	weaken_deadlystrike_damage_v	2910	2910	0					10000	0
301938	301939							0	0	0	0	1	0	0	0	0	1	5370	weaken_deadlystrike_damage_v	2680	2680	0					8000	0	301006	1
301939	301940	301938	3					0	0	0	0	1	0	0	0	0	1	6070	weaken_deadlystrike_damage_v	3030	3030	0					9000	0
301940		301939	3					0	0	0	0	1	0	0	0	0	1	6600	weaken_deadlystrike_damage_v	3300	3300	0					10000	0
302032	302033							1	0	0	0	0	0	0	0	0	0	3780	lifemax_v	38700	38700	0					8000	0	301004	1
302033	302034	302032	3					1	0	0	0	0	0	0	0	0	0	4490	lifemax_v	45900	45900	0					9000	0
302034		302033	3					1	0	0	0	0	0	0	0	0	0	5060	lifemax_v	51750	51750	0					10000	0
302035	302036							1	0	0	0	0	0	0	0	0	0	4580	lifemax_v	46800	46800	0					8000	0	301005	1
302036	302037	302035	3					1	0	0	0	0	0	0	0	0	0	5280	lifemax_v	54000	54000	0					9000	0
302037		302036	3					1	0	0	0	0	0	0	0	0	0	5830	lifemax_v	59620	59620	0					10000	0
302038	302039							1	0	0	0	0	0	0	0	0	0	5370	lifemax_v	54900	54900	0					8000	0	301006	1
302039	302040	302038	3					1	0	0	0	0	0	0	0	0	0	6070	lifemax_v	62100	62100	0					9000	0
302040		302039	3					1	0	0	0	0	0	0	0	0	0	6600	lifemax_v	67500	67500	0					10000	0
302132	302133							0	0	1	0	0	0	0	0	0	0	3780	recover_life_v	1890	1890	0					8000	0	301004	1
302133	302134	302132	3					0	0	1	0	0	0	0	0	0	0	4490	recover_life_v	2240	2240	0					9000	0
302134		302133	3					0	0	1	0	0	0	0	0	0	0	5060	recover_life_v	2530	2530	0					10000	0
302135	302136							0	0	1	0	0	0	0	0	0	0	4580	recover_life_v	2280	2280	0					8000	0	301005	1
302136	302137	302135	3					0	0	1	0	0	0	0	0	0	0	5280	recover_life_v	2640	2640	0					9000	0
302137		302136	3					0	0	1	0	0	0	0	0	0	0	5830	recover_life_v	2910	2910	0					10000	0
302138	302139							0	0	1	0	0	0	0	0	0	0	5370	recover_life_v	2680	2680	0					8000	0	301006	1
302139	302140	302138	3					0	0	1	0	0	0	0	0	0	0	6070	recover_life_v	3030	3030	0					9000	0
302140		302139	3					0	0	1	0	0	0	0	0	0	0	6600	recover_life_v	3300	3300	0					10000	0
302232	302233							0	0	0	0	0	0	0	0	1	0	3780	attackrating_v	1890	1890	0					8000	0	301004	1
302233	302234	302232	3					0	0	0	0	0	0	0	0	1	0	4490	attackrating_v	2240	2240	0					9000	0
302234		302233	3					0	0	0	0	0	0	0	0	1	0	5060	attackrating_v	2530	2530	0					10000	0
302235	302236							0	0	0	0	0	0	0	0	1	0	4580	attackrating_v	2280	2280	0					8000	0	301005	1
302236	302237	302235	3					0	0	0	0	0	0	0	0	1	0	5280	attackrating_v	2640	2640	0					9000	0
302237		302236	3					0	0	0	0	0	0	0	0	1	0	5830	attackrating_v	2910	2910	0					10000	0
302238	302239							0	0	0	0	0	0	0	0	1	0	5370	attackrating_v	2680	2680	0					8000	0	301006	1
302239	302240	302238	3					0	0	0	0	0	0	0	0	1	0	6070	attackrating_v	3030	3030	0					9000	0
302240		302239	3					0	0	0	0	0	0	0	0	1	0	6600	attackrating_v	3300	3300	0					10000	0
302332	302333							0	0	0	0	0	0	1	0	0	0	3780	defense_v	1890	1890	0					8000	0	301004	1
302333	302334	302332	3					0	0	0	0	0	0	1	0	0	0	4490	defense_v	2240	2240	0					9000	0
302334		302333	3					0	0	0	0	0	0	1	0	0	0	5060	defense_v	2530	2530	0					10000	0
302335	302336							0	0	0	0	0	0	1	0	0	0	4580	defense_v	2280	2280	0					8000	0	301005	1
302336	302337	302335	3					0	0	0	0	0	0	1	0	0	0	5280	defense_v	2640	2640	0					9000	0
302337		302336	3					0	0	0	0	0	0	1	0	0	0	5830	defense_v	2910	2910	0					10000	0
302338	302339							0	0	0	0	0	0	1	0	0	0	5370	defense_v	2680	2680	0					8000	0	301006	1
302339	302340	302338	3					0	0	0	0	0	0	1	0	0	0	6070	defense_v	3030	3030	0					9000	0
302340		302339	3					0	0	0	0	0	0	1	0	0	0	6600	defense_v	3300	3300	0					10000	0
302432	302433							0	0	0	0	0	1	0	0	0	0	3780	energy_earthdamage_v	1890	1890	0					8000	0	301004	1
302433	302434	302432	3					0	0	0	0	0	1	0	0	0	0	4490	energy_earthdamage_v	2240	2240	0					9000	0
302434		302433	3					0	0	0	0	0	1	0	0	0	0	5060	energy_earthdamage_v	2530	2530	0					10000	0
302435	302436							0	0	0	0	0	1	0	0	0	0	4580	energy_earthdamage_v	2280	2280	0					8000	0	301005	1
302436	302437	302435	3					0	0	0	0	0	1	0	0	0	0	5280	energy_earthdamage_v	2640	2640	0					9000	0
302437		302436	3					0	0	0	0	0	1	0	0	0	0	5830	energy_earthdamage_v	2910	2910	0					10000	0
302438	302439							0	0	0	0	0	1	0	0	0	0	5370	energy_earthdamage_v	2680	2680	0					8000	0	301006	1
302439	302440	302438	3					0	0	0	0	0	1	0	0	0	0	6070	energy_earthdamage_v	3030	3030	0					9000	0
302440		302439	3					0	0	0	0	0	1	0	0	0	0	6600	energy_earthdamage_v	3300	3300	0					10000	0
302532	302533							1	0	0	0	0	0	0	0	0	0	3780	energy_firedamage_v	1890	1890	0					8000	0	301004	1
302533	302534	302532	3					1	0	0	0	0	0	0	0	0	0	4490	energy_firedamage_v	2240	2240	0					9000	0
302534		302533	3					1	0	0	0	0	0	0	0	0	0	5060	energy_firedamage_v	2530	2530	0					10000	0
302535	302536							1	0	0	0	0	0	0	0	0	0	4580	energy_firedamage_v	2280	2280	0					8000	0	301005	1
302536	302537	302535	3					1	0	0	0	0	0	0	0	0	0	5280	energy_firedamage_v	2640	2640	0					9000	0
302537		302536	3					1	0	0	0	0	0	0	0	0	0	5830	energy_firedamage_v	2910	2910	0					10000	0
302538	302539							1	0	0	0	0	0	0	0	0	0	5370	energy_firedamage_v	2680	2680	0					8000	0	301006	1
302539	302540	302538	3					1	0	0	0	0	0	0	0	0	0	6070	energy_firedamage_v	3030	3030	0					9000	0
302540		302539	3					1	0	0	0	0	0	0	0	0	0	6600	energy_firedamage_v	3300	3300	0					10000	0
302632	302633							0	0	1	0	0	0	0	0	0	0	3780	energy_metaldamage_v	1890	1890	0					8000	0	301004	1
302633	302634	302632	3					0	0	1	0	0	0	0	0	0	0	4490	energy_metaldamage_v	2240	2240	0					9000	0
302634		302633	3					0	0	1	0	0	0	0	0	0	0	5060	energy_metaldamage_v	2530	2530	0					10000	0
302635	302636							0	0	1	0	0	0	0	0	0	0	4580	energy_metaldamage_v	2280	2280	0					8000	0	301005	1
302636	302637	302635	3					0	0	1	0	0	0	0	0	0	0	5280	energy_metaldamage_v	2640	2640	0					9000	0
302637		302636	3					0	0	1	0	0	0	0	0	0	0	5830	energy_metaldamage_v	2910	2910	0					10000	0
302638	302639							0	0	1	0	0	0	0	0	0	0	5370	energy_metaldamage_v	2680	2680	0					8000	0	301006	1
302639	302640	302638	3					0	0	1	0	0	0	0	0	0	0	6070	energy_metaldamage_v	3030	3030	0					9000	0
302640		302639	3					0	0	1	0	0	0	0	0	0	0	6600	energy_metaldamage_v	3300	3300	0					10000	0
302732	302733							0	0	0	1	0	0	0	0	0	0	3780	energy_waterdamage_v	1890	1890	0					8000	0	301004	1
302733	302734	302732	3					0	0	0	1	0	0	0	0	0	0	4490	energy_waterdamage_v	2240	2240	0					9000	0
302734		302733	3					0	0	0	1	0	0	0	0	0	0	5060	energy_waterdamage_v	2530	2530	0					10000	0
302735	302736							0	0	0	1	0	0	0	0	0	0	4580	energy_waterdamage_v	2280	2280	0					8000	0	301005	1
302736	302737	302735	3					0	0	0	1	0	0	0	0	0	0	5280	energy_waterdamage_v	2640	2640	0					9000	0
302737		302736	3					0	0	0	1	0	0	0	0	0	0	5830	energy_waterdamage_v	2910	2910	0					10000	0
302738	302739							0	0	0	1	0	0	0	0	0	0	5370	energy_waterdamage_v	2680	2680	0					8000	0	301006	1
302739	302740	302738	3					0	0	0	1	0	0	0	0	0	0	6070	energy_waterdamage_v	3030	3030	0					9000	0
302740		302739	3					0	0	0	1	0	0	0	0	0	0	6600	energy_waterdamage_v	3300	3300	0					10000	0
302832	302833							0	0	0	0	1	0	0	0	0	0	3780	energy_wooddamage_v	1890	1890	0					8000	0	301004	1
302833	302834	302832	3					0	0	0	0	1	0	0	0	0	0	4490	energy_wooddamage_v	2240	2240	0					9000	0
302834		302833	3					0	0	0	0	1	0	0	0	0	0	5060	energy_wooddamage_v	2530	2530	0					10000	0
302835	302836							0	0	0	0	1	0	0	0	0	0	4580	energy_wooddamage_v	2280	2280	0					8000	0	301005	1
302836	302837	302835	3					0	0	0	0	1	0	0	0	0	0	5280	energy_wooddamage_v	2640	2640	0					9000	0
302837		302836	3					0	0	0	0	1	0	0	0	0	0	5830	energy_wooddamage_v	2910	2910	0					10000	0
302838	302839							0	0	0	0	1	0	0	0	0	0	5370	energy_wooddamage_v	2680	2680	0					8000	0	301006	1
302839	302840	302838	3					0	0	0	0	1	0	0	0	0	0	6070	energy_wooddamage_v	3030	3030	0					9000	0
302840		302839	3					0	0	0	0	1	0	0	0	0	0	6600	energy_wooddamage_v	3300	3300	0					10000	0
302932	302933							0	1	0	0	0	0	0	0	0	0	3780	physical_earthdamage_v	1890	1890	0					8000	0	301004	1
302933	302934	302932	3					0	1	0	0	0	0	0	0	0	0	4490	physical_earthdamage_v	2240	2240	0					9000	0
302934		302933	3					0	1	0	0	0	0	0	0	0	0	5060	physical_earthdamage_v	2530	2530	0					10000	0
302935	302936							0	1	0	0	0	0	0	0	0	0	4580	physical_earthdamage_v	2280	2280	0					8000	0	301005	1
302936	302937	302935	3					0	1	0	0	0	0	0	0	0	0	5280	physical_earthdamage_v	2640	2640	0					9000	0
302937		302936	3					0	1	0	0	0	0	0	0	0	0	5830	physical_earthdamage_v	2910	2910	0					10000	0
302938	302939							0	1	0	0	0	0	0	0	0	0	5370	physical_earthdamage_v	2680	2680	0					8000	0	301006	1
302939	302940	302938	3					0	1	0	0	0	0	0	0	0	0	6070	physical_earthdamage_v	3030	3030	0					9000	0
302940		302939	3					0	1	0	0	0	0	0	0	0	0	6600	physical_earthdamage_v	3300	3300	0					10000	0
303032	303033							0	0	0	0	0	0	0	0	1	0	3780	physical_firedamage_v	1890	1890	0					8000	0	301004	1
303033	303034	303032	3					0	0	0	0	0	0	0	0	1	0	4490	physical_firedamage_v	2240	2240	0					9000	0
303034		303033	3					0	0	0	0	0	0	0	0	1	0	5060	physical_firedamage_v	2530	2530	0					10000	0
303035	303036							0	0	0	0	0	0	0	0	1	0	4580	physical_firedamage_v	2280	2280	0					8000	0	301005	1
303036	303037	303035	3					0	0	0	0	0	0	0	0	1	0	5280	physical_firedamage_v	2640	2640	0					9000	0
303037		303036	3					0	0	0	0	0	0	0	0	1	0	5830	physical_firedamage_v	2910	2910	0					10000	0
303038	303039							0	0	0	0	0	0	0	0	1	0	5370	physical_firedamage_v	2680	2680	0					8000	0	301006	1
303039	303040	303038	3					0	0	0	0	0	0	0	0	1	0	6070	physical_firedamage_v	3030	3030	0					9000	0
303040		303039	3					0	0	0	0	0	0	0	0	1	0	6600	physical_firedamage_v	3300	3300	0					10000	0
303132	303133							0	0	0	0	0	0	1	0	0	0	3780	physical_metaldamage_v	1890	1890	0					8000	0	301004	1
303133	303134	303132	3					0	0	0	0	0	0	1	0	0	0	4490	physical_metaldamage_v	2240	2240	0					9000	0
303134		303133	3					0	0	0	0	0	0	1	0	0	0	5060	physical_metaldamage_v	2530	2530	0					10000	0
303135	303136							0	0	0	0	0	0	1	0	0	0	4580	physical_metaldamage_v	2280	2280	0					8000	0	301005	1
303136	303137	303135	3					0	0	0	0	0	0	1	0	0	0	5280	physical_metaldamage_v	2640	2640	0					9000	0
303137		303136	3					0	0	0	0	0	0	1	0	0	0	5830	physical_metaldamage_v	2910	2910	0					10000	0
303138	303139							0	0	0	0	0	0	1	0	0	0	5370	physical_metaldamage_v	2680	2680	0					8000	0	301006	1
303139	303140	303138	3					0	0	0	0	0	0	1	0	0	0	6070	physical_metaldamage_v	3030	3030	0					9000	0
303140		303139	3					0	0	0	0	0	0	1	0	0	0	6600	physical_metaldamage_v	3300	3300	0					10000	0
303232	303233							0	0	0	0	0	0	0	1	0	0	3780	physical_waterdamage_v	1890	1890	0					8000	0	301004	1
303233	303234	303232	3					0	0	0	0	0	0	0	1	0	0	4490	physical_waterdamage_v	2240	2240	0					9000	0
303234		303233	3					0	0	0	0	0	0	0	1	0	0	5060	physical_waterdamage_v	2530	2530	0					10000	0
303235	303236							0	0	0	0	0	0	0	1	0	0	4580	physical_waterdamage_v	2280	2280	0					8000	0	301005	1
303236	303237	303235	3					0	0	0	0	0	0	0	1	0	0	5280	physical_waterdamage_v	2640	2640	0					9000	0
303237		303236	3					0	0	0	0	0	0	0	1	0	0	5830	physical_waterdamage_v	2910	2910	0					10000	0
303238	303239							0	0	0	0	0	0	0	1	0	0	5370	physical_waterdamage_v	2680	2680	0					8000	0	301006	1
303239	303240	303238	3					0	0	0	0	0	0	0	1	0	0	6070	physical_waterdamage_v	3030	3030	0					9000	0
303240		303239	3					0	0	0	0	0	0	0	1	0	0	6600	physical_waterdamage_v	3300	3300	0					10000	0
303332	303333							0	0	0	0	0	0	0	0	0	1	3780	physical_wooddamage_v	1890	1890	0					8000	0	301004	1
303333	303334	303332	3					0	0	0	0	0	0	0	0	0	1	4490	physical_wooddamage_v	2240	2240	0					9000	0
303334		303333	3					0	0	0	0	0	0	0	0	0	1	5060	physical_wooddamage_v	2530	2530	0					10000	0
303335	303336							0	0	0	0	0	0	0	0	0	1	4580	physical_wooddamage_v	2280	2280	0					8000	0	301005	1
303336	303337	303335	3					0	0	0	0	0	0	0	0	0	1	5280	physical_wooddamage_v	2640	2640	0					9000	0
303337		303336	3					0	0	0	0	0	0	0	0	0	1	5830	physical_wooddamage_v	2910	2910	0					10000	0
303338	303339							0	0	0	0	0	0	0	0	0	1	5370	physical_wooddamage_v	2680	2680	0					8000	0	301006	1
303339	303340	303338	3					0	0	0	0	0	0	0	0	0	1	6070	physical_wooddamage_v	3030	3030	0					9000	0
303340		303339	3					0	0	0	0	0	0	0	0	0	1	6600	physical_wooddamage_v	3300	3300	0					10000	0
303432	303433							0	0	0	0	0	1	0	0	0	0	3780	all_series_resist_v	1890	1890	0					8000	0	301004	1
303433	303434	303432	3					0	0	0	0	0	1	0	0	0	0	4490	all_series_resist_v	2240	2240	0					9000	0
303434		303433	3					0	0	0	0	0	1	0	0	0	0	5060	all_series_resist_v	2530	2530	0					10000	0
303435	303436							0	0	0	0	0	1	0	0	0	0	4580	all_series_resist_v	2280	2280	0					8000	0	301005	1
303436	303437	303435	3					0	0	0	0	0	1	0	0	0	0	5280	all_series_resist_v	2640	2640	0					9000	0
303437		303436	3					0	0	0	0	0	1	0	0	0	0	5830	all_series_resist_v	2910	2910	0					10000	0
303438	303439							0	0	0	0	0	1	0	0	0	0	5370	all_series_resist_v	2680	2680	0					8000	0	301006	1
303439	303440	303438	3					0	0	0	0	0	1	0	0	0	0	6070	all_series_resist_v	3030	3030	0					9000	0
303440		303439	3					0	0	0	0	0	1	0	0	0	0	6600	all_series_resist_v	3300	3300	0					10000	0
303532	303533							0	0	0	0	0	1	0	0	0	0	3780	earth_resist_v	9630	9630	0					8000	0	301004	1
303533	303534	303532	3					0	0	0	0	0	1	0	0	0	0	4490	earth_resist_v	11420	11420	0					9000	0
303534		303533	3					0	0	0	0	0	1	0	0	0	0	5060	earth_resist_v	12880	12880	0					10000	0
303535	303536							0	0	0	0	0	1	0	0	0	0	4580	earth_resist_v	11640	11640	0					8000	0	301005	1
303536	303537	303535	3					0	0	0	0	0	1	0	0	0	0	5280	earth_resist_v	13440	13440	0					9000	0
303537		303536	3					0	0	0	0	0	1	0	0	0	0	5830	earth_resist_v	14840	14840	0					10000	0
303538	303539							0	0	0	0	0	1	0	0	0	0	5370	earth_resist_v	13660	13660	0					8000	0	301006	1
303539	303540	303538	3					0	0	0	0	0	1	0	0	0	0	6070	earth_resist_v	15450	15450	0					9000	0
303540		303539	3					0	0	0	0	0	1	0	0	0	0	6600	earth_resist_v	16800	16800	0					10000	0
303632	303633							1	0	0	0	0	0	0	0	0	0	3780	fire_resist_v	9630	9630	0					8000	0	301004	1
303633	303634	303632	3					1	0	0	0	0	0	0	0	0	0	4490	fire_resist_v	11420	11420	0					9000	0
303634		303633	3					1	0	0	0	0	0	0	0	0	0	5060	fire_resist_v	12880	12880	0					10000	0
303635	303636							1	0	0	0	0	0	0	0	0	0	4580	fire_resist_v	11640	11640	0					8000	0	301005	1
303636	303637	303635	3					1	0	0	0	0	0	0	0	0	0	5280	fire_resist_v	13440	13440	0					9000	0
303637		303636	3					1	0	0	0	0	0	0	0	0	0	5830	fire_resist_v	14840	14840	0					10000	0
303638	303639							1	0	0	0	0	0	0	0	0	0	5370	fire_resist_v	13660	13660	0					8000	0	301006	1
303639	303640	303638	3					1	0	0	0	0	0	0	0	0	0	6070	fire_resist_v	15450	15450	0					9000	0
303640		303639	3					1	0	0	0	0	0	0	0	0	0	6600	fire_resist_v	16800	16800	0					10000	0
303732	303733							0	0	1	0	0	0	0	0	0	0	3780	metal_resist_v	9630	9630	0					8000	0	301004	1
303733	303734	303732	3					0	0	1	0	0	0	0	0	0	0	4490	metal_resist_v	11420	11420	0					9000	0
303734		303733	3					0	0	1	0	0	0	0	0	0	0	5060	metal_resist_v	12880	12880	0					10000	0
303735	303736							0	0	1	0	0	0	0	0	0	0	4580	metal_resist_v	11640	11640	0					8000	0	301005	1
303736	303737	303735	3					0	0	1	0	0	0	0	0	0	0	5280	metal_resist_v	13440	13440	0					9000	0
303737		303736	3					0	0	1	0	0	0	0	0	0	0	5830	metal_resist_v	14840	14840	0					10000	0
303738	303739							0	0	1	0	0	0	0	0	0	0	5370	metal_resist_v	13660	13660	0					8000	0	301006	1
303739	303740	303738	3					0	0	1	0	0	0	0	0	0	0	6070	metal_resist_v	15450	15450	0					9000	0
303740		303739	3					0	0	1	0	0	0	0	0	0	0	6600	metal_resist_v	16800	16800	0					10000	0
303832	303833							0	0	0	1	0	0	0	0	0	0	3780	water_resist_v	9630	9630	0					8000	0	301004	1
303833	303834	303832	3					0	0	0	1	0	0	0	0	0	0	4490	water_resist_v	11420	11420	0					9000	0
303834		303833	3					0	0	0	1	0	0	0	0	0	0	5060	water_resist_v	12880	12880	0					10000	0
303835	303836							0	0	0	1	0	0	0	0	0	0	4580	water_resist_v	11640	11640	0					8000	0	301005	1
303836	303837	303835	3					0	0	0	1	0	0	0	0	0	0	5280	water_resist_v	13440	13440	0					9000	0
303837		303836	3					0	0	0	1	0	0	0	0	0	0	5830	water_resist_v	14840	14840	0					10000	0
303838	303839							0	0	0	1	0	0	0	0	0	0	5370	water_resist_v	13660	13660	0					8000	0	301006	1
303839	303840	303838	3					0	0	0	1	0	0	0	0	0	0	6070	water_resist_v	15450	15450	0					9000	0
303840		303839	3					0	0	0	1	0	0	0	0	0	0	6600	water_resist_v	16800	16800	0					10000	0
303932	303933							0	0	0	0	1	0	0	0	0	0	3780	wood_resist_v	9630	9630	0					8000	0	301004	1
303933	303934	303932	3					0	0	0	0	1	0	0	0	0	0	4490	wood_resist_v	11420	11420	0					9000	0
303934		303933	3					0	0	0	0	1	0	0	0	0	0	5060	wood_resist_v	12880	12880	0					10000	0
303935	303936							0	0	0	0	1	0	0	0	0	0	4580	wood_resist_v	11640	11640	0					8000	0	301005	1
303936	303937	303935	3					0	0	0	0	1	0	0	0	0	0	5280	wood_resist_v	13440	13440	0					9000	0
303937		303936	3					0	0	0	0	1	0	0	0	0	0	5830	wood_resist_v	14840	14840	0					10000	0
303938	303939							0	0	0	0	1	0	0	0	0	0	5370	wood_resist_v	13660	13660	0					8000	0	301006	1
303939	303940	303938	3					0	0	0	0	1	0	0	0	0	0	6070	wood_resist_v	15450	15450	0					9000	0
303940		303939	3					0	0	0	0	1	0	0	0	0	0	6600	wood_resist_v	16800	16800	0					10000	0
304032	304033							0	1	0	0	0	0	0	0	0	0	3780	ignore_all_resist_v	1000	1890	0					8000	0	301004	1
304033	304034	304032	3					0	1	0	0	0	0	0	0	0	0	4490	ignore_all_resist_v	1000	2240	0					9000	0
304034		304033	3					0	1	0	0	0	0	0	0	0	0	5060	ignore_all_resist_v	1000	2530	0					10000	0
304035	304036							0	1	0	0	0	0	0	0	0	0	4580	ignore_all_resist_v	1000	2280	0					8000	0	301005	1
304036	304037	304035	3					0	1	0	0	0	0	0	0	0	0	5280	ignore_all_resist_v	1000	2640	0					9000	0
304037		304036	3					0	1	0	0	0	0	0	0	0	0	5830	ignore_all_resist_v	1000	2910	0					10000	0
304038	304039							0	1	0	0	0	0	0	0	0	0	5370	ignore_all_resist_v	1000	2680	0					8000	0	301006	1
304039	304040	304038	3					0	1	0	0	0	0	0	0	0	0	6070	ignore_all_resist_v	1000	3030	0					9000	0
304040		304039	3					0	1	0	0	0	0	0	0	0	0	6600	ignore_all_resist_v	1000	3300	0					10000	0
304132	304133							0	1	0	0	0	0	0	0	0	0	3780	ignore_earth_resist_v	1000	1890	0					8000	0	301004	1
304133	304134	304132	3					0	1	0	0	0	0	0	0	0	0	4490	ignore_earth_resist_v	1000	2240	0					9000	0
304134		304133	3					0	1	0	0	0	0	0	0	0	0	5060	ignore_earth_resist_v	1000	2530	0					10000	0
304135	304136							0	1	0	0	0	0	0	0	0	0	4580	ignore_earth_resist_v	1000	2280	0					8000	0	301005	1
304136	304137	304135	3					0	1	0	0	0	0	0	0	0	0	5280	ignore_earth_resist_v	1000	2640	0					9000	0
304137		304136	3					0	1	0	0	0	0	0	0	0	0	5830	ignore_earth_resist_v	1000	2910	0					10000	0
304138	304139							0	1	0	0	0	0	0	0	0	0	5370	ignore_earth_resist_v	1000	2680	0					8000	0	301006	1
304139	304140	304138	3					0	1	0	0	0	0	0	0	0	0	6070	ignore_earth_resist_v	1000	3030	0					9000	0
304140		304139	3					0	1	0	0	0	0	0	0	0	0	6600	ignore_earth_resist_v	1000	3300	0					10000	0
304232	304233							0	0	0	0	0	0	0	0	1	0	3780	ignore_fire_resist_v	1000	1890	0					8000	0	301004	1
304233	304234	304232	3					0	0	0	0	0	0	0	0	1	0	4490	ignore_fire_resist_v	1000	2240	0					9000	0
304234		304233	3					0	0	0	0	0	0	0	0	1	0	5060	ignore_fire_resist_v	1000	2530	0					10000	0
304235	304236							0	0	0	0	0	0	0	0	1	0	4580	ignore_fire_resist_v	1000	2280	0					8000	0	301005	1
304236	304237	304235	3					0	0	0	0	0	0	0	0	1	0	5280	ignore_fire_resist_v	1000	2640	0					9000	0
304237		304236	3					0	0	0	0	0	0	0	0	1	0	5830	ignore_fire_resist_v	1000	2910	0					10000	0
304238	304239							0	0	0	0	0	0	0	0	1	0	5370	ignore_fire_resist_v	1000	2680	0					8000	0	301006	1
304239	304240	304238	3					0	0	0	0	0	0	0	0	1	0	6070	ignore_fire_resist_v	1000	3030	0					9000	0
304240		304239	3					0	0	0	0	0	0	0	0	1	0	6600	ignore_fire_resist_v	1000	3300	0					10000	0
304332	304333							0	0	0	0	0	0	1	0	0	0	3780	ignore_metal_resist_v	1000	1890	0					8000	0	301004	1
304333	304334	304332	3					0	0	0	0	0	0	1	0	0	0	4490	ignore_metal_resist_v	1000	2240	0					9000	0
304334		304333	3					0	0	0	0	0	0	1	0	0	0	5060	ignore_metal_resist_v	1000	2530	0					10000	0
304335	304336							0	0	0	0	0	0	1	0	0	0	4580	ignore_metal_resist_v	1000	2280	0					8000	0	301005	1
304336	304337	304335	3					0	0	0	0	0	0	1	0	0	0	5280	ignore_metal_resist_v	1000	2640	0					9000	0
304337		304336	3					0	0	0	0	0	0	1	0	0	0	5830	ignore_metal_resist_v	1000	2910	0					10000	0
304338	304339							0	0	0	0	0	0	1	0	0	0	5370	ignore_metal_resist_v	1000	2680	0					8000	0	301006	1
304339	304340	304338	3					0	0	0	0	0	0	1	0	0	0	6070	ignore_metal_resist_v	1000	3030	0					9000	0
304340		304339	3					0	0	0	0	0	0	1	0	0	0	6600	ignore_metal_resist_v	1000	3300	0					10000	0
304432	304433							0	0	0	0	0	0	0	1	0	0	3780	ignore_water_resist_v	1000	1890	0					8000	0	301004	1
304433	304434	304432	3					0	0	0	0	0	0	0	1	0	0	4490	ignore_water_resist_v	1000	2240	0					9000	0
304434		304433	3					0	0	0	0	0	0	0	1	0	0	5060	ignore_water_resist_v	1000	2530	0					10000	0
304435	304436							0	0	0	0	0	0	0	1	0	0	4580	ignore_water_resist_v	1000	2280	0					8000	0	301005	1
304436	304437	304435	3					0	0	0	0	0	0	0	1	0	0	5280	ignore_water_resist_v	1000	2640	0					9000	0
304437		304436	3					0	0	0	0	0	0	0	1	0	0	5830	ignore_water_resist_v	1000	2910	0					10000	0
304438	304439							0	0	0	0	0	0	0	1	0	0	5370	ignore_water_resist_v	1000	2680	0					8000	0	301006	1
304439	304440	304438	3					0	0	0	0	0	0	0	1	0	0	6070	ignore_water_resist_v	1000	3030	0					9000	0
304440		304439	3					0	0	0	0	0	0	0	1	0	0	6600	ignore_water_resist_v	1000	3300	0					10000	0
304532	304533							0	0	0	0	0	0	0	0	0	1	3780	ignore_wood_resist_v	1000	1890	0					8000	0	301004	1
304533	304534	304532	3					0	0	0	0	0	0	0	0	0	1	4490	ignore_wood_resist_v	1000	2240	0					9000	0
304534		304533	3					0	0	0	0	0	0	0	0	0	1	5060	ignore_wood_resist_v	1000	2530	0					10000	0
304535	304536							0	0	0	0	0	0	0	0	0	1	4580	ignore_wood_resist_v	1000	2280	0					8000	0	301005	1
304536	304537	304535	3					0	0	0	0	0	0	0	0	0	1	5280	ignore_wood_resist_v	1000	2640	0					9000	0
304537		304536	3					0	0	0	0	0	0	0	0	0	1	5830	ignore_wood_resist_v	1000	2910	0					10000	0
304538	304539							0	0	0	0	0	0	0	0	0	1	5370	ignore_wood_resist_v	1000	2680	0					8000	0	301006	1
304539	304540	304538	3					0	0	0	0	0	0	0	0	0	1	6070	ignore_wood_resist_v	1000	3030	0					9000	0
304540		304539	3					0	0	0	0	0	0	0	0	0	1	6600	ignore_wood_resist_v	1000	3300	0					10000	0
304632	304633							0	0	0	0	0	1	0	0	0	0	3780	series_abate_v	1890	1890	0					8000	0	301004	1
304633	304634	304632	3					0	0	0	0	0	1	0	0	0	0	4490	series_abate_v	2240	2240	0					9000	0
304634		304633	3					0	0	0	0	0	1	0	0	0	0	5060	series_abate_v	2530	2530	0					10000	0
304635	304636							0	0	0	0	0	1	0	0	0	0	4580	series_abate_v	2280	2280	0					8000	0	301005	1
304636	304637	304635	3					0	0	0	0	0	1	0	0	0	0	5280	series_abate_v	2640	2640	0					9000	0
304637		304636	3					0	0	0	0	0	1	0	0	0	0	5830	series_abate_v	2910	2910	0					10000	0
304638	304639							0	0	0	0	0	1	0	0	0	0	5370	series_abate_v	2680	2680	0					8000	0	301006	1
304639	304640	304638	3					0	0	0	0	0	1	0	0	0	0	6070	series_abate_v	3030	3030	0					9000	0
304640		304639	3					0	0	0	0	0	1	0	0	0	0	6600	series_abate_v	3300	3300	0					10000	0
304732	304733							0	1	0	0	0	0	0	0	0	0	3780	series_enhance_v	1890	1890	0					8000	0	301004	1
304733	304734	304732	3					0	1	0	0	0	0	0	0	0	0	4490	series_enhance_v	2240	2240	0					9000	0
304734		304733	3					0	1	0	0	0	0	0	0	0	0	5060	series_enhance_v	2530	2530	0					10000	0
304735	304736							0	1	0	0	0	0	0	0	0	0	4580	series_enhance_v	2280	2280	0					8000	0	301005	1
304736	304737	304735	3					0	1	0	0	0	0	0	0	0	0	5280	series_enhance_v	2640	2640	0					9000	0
304737		304736	3					0	1	0	0	0	0	0	0	0	0	5830	series_enhance_v	2910	2910	0					10000	0
304738	304739							0	1	0	0	0	0	0	0	0	0	5370	series_enhance_v	2680	2680	0					8000	0	301006	1
304739	304740	304738	3					0	1	0	0	0	0	0	0	0	0	6070	series_enhance_v	3030	3030	0					9000	0
304740		304739	3					0	1	0	0	0	0	0	0	0	0	6600	series_enhance_v	3300	3300	0					10000	0
304832	304833							0	0	0	0	1	0	0	0	0	0	3780	meleedamage_return_v	7740	7740	0					8000	0	301004	1
304833	304834	304832	3					0	0	0	0	1	0	0	0	0	0	4490	meleedamage_return_v	9180	9180	0					9000	0
304834		304833	3					0	0	0	0	1	0	0	0	0	0	5060	meleedamage_return_v	10350	10350	0					10000	0
304835	304836							0	0	0	0	1	0	0	0	0	0	4580	meleedamage_return_v	9360	9360	0					8000	0	301005	1
304836	304837	304835	3					0	0	0	0	1	0	0	0	0	0	5280	meleedamage_return_v	10800	10800	0					9000	0
304837		304836	3					0	0	0	0	1	0	0	0	0	0	5830	meleedamage_return_v	11920	11920	0					10000	0
304838	304839							0	0	0	0	1	0	0	0	0	0	5370	meleedamage_return_v	10980	10980	0					8000	0	301006	1
304839	304840	304838	3					0	0	0	0	1	0	0	0	0	0	6070	meleedamage_return_v	12420	12420	0					9000	0
304840		304839	3					0	0	0	0	1	0	0	0	0	0	6600	meleedamage_return_v	13500	13500	0					10000	0
304932	304933							0	0	0	1	0	0	0	0	0	0	3780	rangedamage_return_v	7740	7740	0					8000	0	301004	1
304933	304934	304932	3					0	0	0	1	0	0	0	0	0	0	4490	rangedamage_return_v	9180	9180	0					9000	0
304934		304933	3					0	0	0	1	0	0	0	0	0	0	5060	rangedamage_return_v	10350	10350	0					10000	0
304935	304936							0	0	0	1	0	0	0	0	0	0	4580	rangedamage_return_v	9360	9360	0					8000	0	301005	1
304936	304937	304935	3					0	0	0	1	0	0	0	0	0	0	5280	rangedamage_return_v	10800	10800	0					9000	0
304937		304936	3					0	0	0	1	0	0	0	0	0	0	5830	rangedamage_return_v	11920	11920	0					10000	0
304938	304939							0	0	0	1	0	0	0	0	0	0	5370	rangedamage_return_v	10980	10980	0					8000	0	301006	1
304939	304940	304938	3					0	0	0	1	0	0	0	0	0	0	6070	rangedamage_return_v	12420	12420	0					9000	0
304940		304939	3					0	0	0	1	0	0	0	0	0	0	6600	rangedamage_return_v	13500	13500	0					10000	0
305032	305033							0	0	0	0	0	0	0	0	0	1	3780	return_resist_melee_v	7740	7740	0					8000	0	301004	1
305033	305034	305032	3					0	0	0	0	0	0	0	0	0	1	4490	return_resist_melee_v	9180	9180	0					9000	0
305034		305033	3					0	0	0	0	0	0	0	0	0	1	5060	return_resist_melee_v	10350	10350	0					10000	0
305035	305036							0	0	0	0	0	0	0	0	0	1	4580	return_resist_melee_v	9360	9360	0					8000	0	301005	1
305036	305037	305035	3					0	0	0	0	0	0	0	0	0	1	5280	return_resist_melee_v	10800	10800	0					9000	0
305037		305036	3					0	0	0	0	0	0	0	0	0	1	5830	return_resist_melee_v	11920	11920	0					10000	0
305038	305039							0	0	0	0	0	0	0	0	0	1	5370	return_resist_melee_v	10980	10980	0					8000	0	301006	1
305039	305040	305038	3					0	0	0	0	0	0	0	0	0	1	6070	return_resist_melee_v	12420	12420	0					9000	0
305040		305039	3					0	0	0	0	0	0	0	0	0	1	6600	return_resist_melee_v	13500	13500	0					10000	0
305132	305133							0	0	0	0	0	0	0	1	0	0	3780	return_resist_range_v	7740	7740	0					8000	0	301004	1
305133	305134	305132	3					0	0	0	0	0	0	0	1	0	0	4490	return_resist_range_v	9180	9180	0					9000	0
305134		305133	3					0	0	0	0	0	0	0	1	0	0	5060	return_resist_range_v	10350	10350	0					10000	0
305135	305136							0	0	0	0	0	0	0	1	0	0	4580	return_resist_range_v	9360	9360	0					8000	0	301005	1
305136	305137	305135	3					0	0	0	0	0	0	0	1	0	0	5280	return_resist_range_v	10800	10800	0					9000	0
305137		305136	3					0	0	0	0	0	0	0	1	0	0	5830	return_resist_range_v	11920	11920	0					10000	0
305138	305139							0	0	0	0	0	0	0	1	0	0	5370	return_resist_range_v	10980	10980	0					8000	0	301006	1
305139	305140	305138	3					0	0	0	0	0	0	0	1	0	0	6070	return_resist_range_v	12420	12420	0					9000	0
305140		305139	3					0	0	0	0	0	0	0	1	0	0	6600	return_resist_range_v	13500	13500	0					10000	0
305232	305233							0	0	0	0	0	1	0	0	0	0	3780	enhance_final_damage_p	170	170	0					8000	1	301004	1
305233	305234	305232	3					0	0	0	0	0	1	0	0	0	0	4490	enhance_final_damage_p	200	200	0					9000	1
305234		305233	3					0	0	0	0	0	1	0	0	0	0	5060	enhance_final_damage_p	230	230	0					10000	1
305235	305236							0	0	0	0	0	1	0	0	0	0	4580	enhance_final_damage_p	200	200	0					8000	1	301005	1
305236	305237	305235	3					0	0	0	0	0	1	0	0	0	0	5280	enhance_final_damage_p	240	240	0					9000	1
305237		305236	3					0	0	0	0	0	1	0	0	0	0	5830	enhance_final_damage_p	260	260	0					10000	1
305238	305239							0	0	0	0	0	1	0	0	0	0	5370	enhance_final_damage_p	240	240	0					8000	1	301006	1
305239	305240	305238	3					0	0	0	0	0	1	0	0	0	0	6070	enhance_final_damage_p	270	270	0					9000	1
305240		305239	3					0	0	0	0	0	1	0	0	0	0	6600	enhance_final_damage_p	300	300	0					10000	1
305332	305333							0	1	0	0	0	0	0	0	0	0	3780	reduce_final_damage_p	170	170	0					8000	1	301004	1
305333	305334	305332	3					0	1	0	0	0	0	0	0	0	0	4490	reduce_final_damage_p	200	200	0					9000	1
305334		305333	3					0	1	0	0	0	0	0	0	0	0	5060	reduce_final_damage_p	230	230	0					10000	1
305335	305336							0	1	0	0	0	0	0	0	0	0	4580	reduce_final_damage_p	200	200	0					8000	1	301005	1
305336	305337	305335	3					0	1	0	0	0	0	0	0	0	0	5280	reduce_final_damage_p	240	240	0					9000	1
305337		305336	3					0	1	0	0	0	0	0	0	0	0	5830	reduce_final_damage_p	260	260	0					10000	1
305338	305339							0	1	0	0	0	0	0	0	0	0	5370	reduce_final_damage_p	240	240	0					8000	1	301006	1
305339	305340	305338	3					0	1	0	0	0	0	0	0	0	0	6070	reduce_final_damage_p	270	270	0					9000	1
305340		305339	3					0	1	0	0	0	0	0	0	0	0	6600	reduce_final_damage_p	300	300	0					10000	1
310632	310633							0	0	1	0	0	0	1	0	0	0	3780	ignore_defense_v	1890	1890	0					8000	1	301004	1
310633	310634	310632	3					0	0	1	0	0	0	1	0	0	0	4490	ignore_defense_v	2240	2240	0					9000	1
310634		310633	3					0	0	1	0	0	0	1	0	0	0	5060	ignore_defense_v	2530	2530	0					10000	1
310635	310636							0	0	1	0	0	0	1	0	0	0	4580	ignore_defense_v	2280	2280	0					8000	1	301005	1
310636	310637	310635	3					0	0	1	0	0	0	1	0	0	0	5280	ignore_defense_v	2640	2640	0					9000	1
310637		310636	3					0	0	1	0	0	0	1	0	0	0	5830	ignore_defense_v	2910	2910	0					10000	1
310638	310639							0	0	1	0	0	0	1	0	0	0	5370	ignore_defense_v	2680	2680	0					8000	1	301006	1
310639	310640	310638	3					0	0	1	0	0	0	1	0	0	0	6070	ignore_defense_v	3030	3030	0					9000	1
310640		310639	3					0	0	1	0	0	0	1	0	0	0	6600	ignore_defense_v	3300	3300	0					10000	1
305432	305433	302432	1	303532	1	507	14	0	0	0	0	0	1	0	0	0	0	5670	energy_earthdamage_v	1890	1890	0	earth_resist_v	9630	9630	0	8000	0
305433	305434	305432	3					0	0	0	0	0	1	0	0	0	0	6740	energy_earthdamage_v	2240	2240	0	earth_resist_v	11420	11420	0	9000	0
305434		305433	3					0	0	0	0	0	1	0	0	0	0	7590	energy_earthdamage_v	2530	2530	0	earth_resist_v	12880	12880	0	10000	0
305435	305436	302435	1	303535	1	507	14	0	0	0	0	0	1	0	0	0	0	6870	energy_earthdamage_v	2280	2280	0	earth_resist_v	11640	11640	0	8000	0
305436	305437	305435	3					0	0	0	0	0	1	0	0	0	0	7920	energy_earthdamage_v	2640	2640	0	earth_resist_v	13440	13440	0	9000	0
305437		305436	3					0	0	0	0	0	1	0	0	0	0	8750	energy_earthdamage_v	2910	2910	0	earth_resist_v	14840	14840	0	10000	0
305438	305439	302438	1	303538	1	507	14	0	0	0	0	0	1	0	0	0	0	8060	energy_earthdamage_v	2680	2680	0	earth_resist_v	13660	13660	0	8000	0
305439	305440	305438	3					0	0	0	0	0	1	0	0	0	0	9110	energy_earthdamage_v	3030	3030	0	earth_resist_v	15450	15450	0	9000	0
305440		305439	3					0	0	0	0	0	1	0	0	0	0	9900	energy_earthdamage_v	3300	3300	0	earth_resist_v	16800	16800	0	10000	0
305532	305533	303532	1	301432	1	507	14	0	0	0	0	0	1	0	0	0	0	5670	steallife_v	3950	3950	0	earth_resist_v	9630	9630	0	8000	0
305533	305534	305532	3					0	0	0	0	0	1	0	0	0	0	6740	steallife_v	4690	4690	0	earth_resist_v	11420	11420	0	9000	0
305534		305533	3					0	0	0	0	0	1	0	0	0	0	7590	steallife_v	5290	5290	0	earth_resist_v	12880	12880	0	10000	0
305535	305536	303535	1	301435	1	507	14	0	0	0	0	0	1	0	0	0	0	6870	steallife_v	4780	4780	0	earth_resist_v	11640	11640	0	8000	0
305536	305537	305535	3					0	0	0	0	0	1	0	0	0	0	7920	steallife_v	5520	5520	0	earth_resist_v	13440	13440	0	9000	0
305537		305536	3					0	0	0	0	0	1	0	0	0	0	8750	steallife_v	6090	6090	0	earth_resist_v	14840	14840	0	10000	0
305538	305539	303538	1	301438	1	507	14	0	0	0	0	0	1	0	0	0	0	8060	steallife_v	5610	5610	0	earth_resist_v	13660	13660	0	8000	0
305539	305540	305538	3					0	0	0	0	0	1	0	0	0	0	9110	steallife_v	6340	6340	0	earth_resist_v	15450	15450	0	9000	0
305540		305539	3					0	0	0	0	0	1	0	0	0	0	9900	steallife_v	6900	6900	0	earth_resist_v	16800	16800	0	10000	0
305632	305633	301132	1	303432	1	507	14	0	0	0	0	0	1	0	0	0	0	5670	strength_v	1890	1890	0	all_series_resist_v	1890	1890	0	8000	0
305633	305634	305632	3					0	0	0	0	0	1	0	0	0	0	6740	strength_v	2240	2240	0	all_series_resist_v	2240	2240	0	9000	0
305634		305633	3					0	0	0	0	0	1	0	0	0	0	7590	strength_v	2530	2530	0	all_series_resist_v	2530	2530	0	10000	0
305635	305636	301135	1	303435	1	507	14	0	0	0	0	0	1	0	0	0	0	6870	strength_v	2280	2280	0	all_series_resist_v	2280	2280	0	8000	0
305636	305637	305635	3					0	0	0	0	0	1	0	0	0	0	7920	strength_v	2640	2640	0	all_series_resist_v	2640	2640	0	9000	0
305637		305636	3					0	0	0	0	0	1	0	0	0	0	8750	strength_v	2910	2910	0	all_series_resist_v	2910	2910	0	10000	0
305638	305639	301138	1	303438	1	507	14	0	0	0	0	0	1	0	0	0	0	8060	strength_v	2680	2680	0	all_series_resist_v	2680	2680	0	8000	0
305639	305640	305638	3					0	0	0	0	0	1	0	0	0	0	9110	strength_v	3030	3030	0	all_series_resist_v	3030	3030	0	9000	0
305640		305639	3					0	0	0	0	0	1	0	0	0	0	9900	strength_v	3300	3300	0	all_series_resist_v	3300	3300	0	10000	0
305732	305733	301432	1	304632	1	507	14	0	0	0	0	0	1	0	0	0	0	5670	series_abate_v	1890	1890	0	steallife_v	3950	3950	0	8000	0
305733	305734	305732	3					0	0	0	0	0	1	0	0	0	0	6740	series_abate_v	2240	2240	0	steallife_v	4690	4690	0	9000	0
305734		305733	3					0	0	0	0	0	1	0	0	0	0	7590	series_abate_v	2530	2530	0	steallife_v	5290	5290	0	10000	0
305735	305736	301435	1	304635	1	507	14	0	0	0	0	0	1	0	0	0	0	6870	series_abate_v	2280	2280	0	steallife_v	4780	4780	0	8000	0
305736	305737	305735	3					0	0	0	0	0	1	0	0	0	0	7920	series_abate_v	2640	2640	0	steallife_v	5520	5520	0	9000	0
305737		305736	3					0	0	0	0	0	1	0	0	0	0	8750	series_abate_v	2910	2910	0	steallife_v	6090	6090	0	10000	0
305738	305739	301438	1	304638	1	507	14	0	0	0	0	0	1	0	0	0	0	8060	series_abate_v	2680	2680	0	steallife_v	5610	5610	0	8000	0
305739	305740	305738	3					0	0	0	0	0	1	0	0	0	0	9110	series_abate_v	3030	3030	0	steallife_v	6340	6340	0	9000	0
305740		305739	3					0	0	0	0	0	1	0	0	0	0	9900	series_abate_v	3300	3300	0	steallife_v	6900	6900	0	10000	0
305832	305833	301132	1	303532	1	507	14	0	0	0	0	0	1	0	0	0	0	5670	strength_v	1890	1890	0	earth_resist_v	9630	9630	0	8000	0
305833	305834	305832	3					0	0	0	0	0	1	0	0	0	0	6740	strength_v	2240	2240	0	earth_resist_v	11420	11420	0	9000	0
305834		305833	3					0	0	0	0	0	1	0	0	0	0	7590	strength_v	2530	2530	0	earth_resist_v	12880	12880	0	10000	0
305835	305836	301135	1	303535	1	507	14	0	0	0	0	0	1	0	0	0	0	6870	strength_v	2280	2280	0	earth_resist_v	11640	11640	0	8000	0
305836	305837	305835	3					0	0	0	0	0	1	0	0	0	0	7920	strength_v	2640	2640	0	earth_resist_v	13440	13440	0	9000	0
305837		305836	3					0	0	0	0	0	1	0	0	0	0	8750	strength_v	2910	2910	0	earth_resist_v	14840	14840	0	10000	0
305838	305839	301138	1	303538	1	507	14	0	0	0	0	0	1	0	0	0	0	8060	strength_v	2680	2680	0	earth_resist_v	13660	13660	0	8000	0
305839	305840	305838	3					0	0	0	0	0	1	0	0	0	0	9110	strength_v	3030	3030	0	earth_resist_v	15450	15450	0	9000	0
305840		305839	3					0	0	0	0	0	1	0	0	0	0	9900	strength_v	3300	3300	0	earth_resist_v	16800	16800	0	10000	0
305932	305933	303432	1	305232	1	507	14	0	0	0	0	0	1	0	0	0	0	5670	enhance_final_damage_p	170	170	0	all_series_resist_v	1890	1890	0	8000	1
305933	305934	305932	3					0	0	0	0	0	1	0	0	0	0	6740	enhance_final_damage_p	200	200	0	all_series_resist_v	2240	2240	0	9000	1
305934		305933	3					0	0	0	0	0	1	0	0	0	0	7590	enhance_final_damage_p	230	230	0	all_series_resist_v	2530	2530	0	10000	1
305935	305936	303435	1	305235	1	507	14	0	0	0	0	0	1	0	0	0	0	6870	enhance_final_damage_p	200	200	0	all_series_resist_v	2280	2280	0	8000	1
305936	305937	305935	3					0	0	0	0	0	1	0	0	0	0	7920	enhance_final_damage_p	240	240	0	all_series_resist_v	2640	2640	0	9000	1
305937		305936	3					0	0	0	0	0	1	0	0	0	0	8750	enhance_final_damage_p	260	260	0	all_series_resist_v	2910	2910	0	10000	1
305938	305939	303438	1	305238	1	507	14	0	0	0	0	0	1	0	0	0	0	8060	enhance_final_damage_p	240	240	0	all_series_resist_v	2680	2680	0	8000	1
305939	305940	305938	3					0	0	0	0	0	1	0	0	0	0	9110	enhance_final_damage_p	270	270	0	all_series_resist_v	3030	3030	0	9000	1
305940		305939	3					0	0	0	0	0	1	0	0	0	0	9900	enhance_final_damage_p	300	300	0	all_series_resist_v	3300	3300	0	10000	1
306032	306033	302932	1	304132	1	507	14	0	1	0	0	0	0	0	0	0	0	5670	physical_earthdamage_v	1890	1890	0	ignore_earth_resist_v	1000	1890	0	8000	0
306033	306034	306032	3					0	1	0	0	0	0	0	0	0	0	6740	physical_earthdamage_v	2240	2240	0	ignore_earth_resist_v	1000	2240	0	9000	0
306034		306033	3					0	1	0	0	0	0	0	0	0	0	7590	physical_earthdamage_v	2530	2530	0	ignore_earth_resist_v	1000	2530	0	10000	0
306035	306036	302935	1	304135	1	507	14	0	1	0	0	0	0	0	0	0	0	6870	physical_earthdamage_v	2280	2280	0	ignore_earth_resist_v	1000	2280	0	8000	0
306036	306037	306035	3					0	1	0	0	0	0	0	0	0	0	7920	physical_earthdamage_v	2640	2640	0	ignore_earth_resist_v	1000	2640	0	9000	0
306037		306036	3					0	1	0	0	0	0	0	0	0	0	8750	physical_earthdamage_v	2910	2910	0	ignore_earth_resist_v	1000	2910	0	10000	0
306038	306039	302938	1	304138	1	507	14	0	1	0	0	0	0	0	0	0	0	8060	physical_earthdamage_v	2680	2680	0	ignore_earth_resist_v	1000	2680	0	8000	0
306039	306040	306038	3					0	1	0	0	0	0	0	0	0	0	9110	physical_earthdamage_v	3030	3030	0	ignore_earth_resist_v	1000	3030	0	9000	0
306040		306039	3					0	1	0	0	0	0	0	0	0	0	9900	physical_earthdamage_v	3300	3300	0	ignore_earth_resist_v	1000	3300	0	10000	0
306132	306133	304132	1	301532	1	507	14	0	1	0	0	0	0	0	0	0	0	5670	stealmana_v	3950	3950	0	ignore_earth_resist_v	1000	1890	0	8000	0
306133	306134	306132	3					0	1	0	0	0	0	0	0	0	0	6740	stealmana_v	4690	4690	0	ignore_earth_resist_v	1000	2240	0	9000	0
306134		306133	3					0	1	0	0	0	0	0	0	0	0	7590	stealmana_v	5290	5290	0	ignore_earth_resist_v	1000	2530	0	10000	0
306135	306136	304135	1	301535	1	507	14	0	1	0	0	0	0	0	0	0	0	6870	stealmana_v	4780	4780	0	ignore_earth_resist_v	1000	2280	0	8000	0
306136	306137	306135	3					0	1	0	0	0	0	0	0	0	0	7920	stealmana_v	5520	5520	0	ignore_earth_resist_v	1000	2640	0	9000	0
306137		306136	3					0	1	0	0	0	0	0	0	0	0	8750	stealmana_v	6090	6090	0	ignore_earth_resist_v	1000	2910	0	10000	0
306138	306139	304138	1	301538	1	507	14	0	1	0	0	0	0	0	0	0	0	8060	stealmana_v	5610	5610	0	ignore_earth_resist_v	1000	2680	0	8000	0
306139	306140	306138	3					0	1	0	0	0	0	0	0	0	0	9110	stealmana_v	6340	6340	0	ignore_earth_resist_v	1000	3030	0	9000	0
306140		306139	3					0	1	0	0	0	0	0	0	0	0	9900	stealmana_v	6900	6900	0	ignore_earth_resist_v	1000	3300	0	10000	0
306232	306233	301332	1	304032	1	507	14	0	1	0	0	0	0	0	0	0	0	5670	dexterity_v	1890	1890	0	ignore_all_resist_v	1000	1890	0	8000	0
306233	306234	306232	3					0	1	0	0	0	0	0	0	0	0	6740	dexterity_v	2240	2240	0	ignore_all_resist_v	1000	2240	0	9000	0
306234		306233	3					0	1	0	0	0	0	0	0	0	0	7590	dexterity_v	2530	2530	0	ignore_all_resist_v	1000	2530	0	10000	0
306235	306236	301335	1	304035	1	507	14	0	1	0	0	0	0	0	0	0	0	6870	dexterity_v	2280	2280	0	ignore_all_resist_v	1000	2280	0	8000	0
306236	306237	306235	3					0	1	0	0	0	0	0	0	0	0	7920	dexterity_v	2640	2640	0	ignore_all_resist_v	1000	2640	0	9000	0
306237		306236	3					0	1	0	0	0	0	0	0	0	0	8750	dexterity_v	2910	2910	0	ignore_all_resist_v	1000	2910	0	10000	0
306238	306239	301338	1	304038	1	507	14	0	1	0	0	0	0	0	0	0	0	8060	dexterity_v	2680	2680	0	ignore_all_resist_v	1000	2680	0	8000	0
306239	306240	306238	3					0	1	0	0	0	0	0	0	0	0	9110	dexterity_v	3030	3030	0	ignore_all_resist_v	1000	3030	0	9000	0
306240		306239	3					0	1	0	0	0	0	0	0	0	0	9900	dexterity_v	3300	3300	0	ignore_all_resist_v	1000	3300	0	10000	0
306332	306333	301532	1	304732	1	507	14	0	1	0	0	0	0	0	0	0	0	5670	series_enhance_v	1890	1890	0	stealmana_v	3950	3950	0	8000	0
306333	306334	306332	3					0	1	0	0	0	0	0	0	0	0	6740	series_enhance_v	2240	2240	0	stealmana_v	4690	4690	0	9000	0
306334		306333	3					0	1	0	0	0	0	0	0	0	0	7590	series_enhance_v	2530	2530	0	stealmana_v	5290	5290	0	10000	0
306335	306336	301535	1	304735	1	507	14	0	1	0	0	0	0	0	0	0	0	6870	series_enhance_v	2280	2280	0	stealmana_v	4780	4780	0	8000	0
306336	306337	306335	3					0	1	0	0	0	0	0	0	0	0	7920	series_enhance_v	2640	2640	0	stealmana_v	5520	5520	0	9000	0
306337		306336	3					0	1	0	0	0	0	0	0	0	0	8750	series_enhance_v	2910	2910	0	stealmana_v	6090	6090	0	10000	0
306338	306339	301538	1	304738	1	507	14	0	1	0	0	0	0	0	0	0	0	8060	series_enhance_v	2680	2680	0	stealmana_v	5610	5610	0	8000	0
306339	306340	306338	3					0	1	0	0	0	0	0	0	0	0	9110	series_enhance_v	3030	3030	0	stealmana_v	6340	6340	0	9000	0
306340		306339	3					0	1	0	0	0	0	0	0	0	0	9900	series_enhance_v	3300	3300	0	stealmana_v	6900	6900	0	10000	0
306432	306433	301332	1	304132	1	507	14	0	1	0	0	0	0	0	0	0	0	5670	dexterity_v	1890	1890	0	ignore_earth_resist_v	1000	1890	0	8000	0
306433	306434	306432	3					0	1	0	0	0	0	0	0	0	0	6740	dexterity_v	2240	2240	0	ignore_earth_resist_v	1000	2240	0	9000	0
306434		306433	3					0	1	0	0	0	0	0	0	0	0	7590	dexterity_v	2530	2530	0	ignore_earth_resist_v	1000	2530	0	10000	0
306435	306436	301335	1	304135	1	507	14	0	1	0	0	0	0	0	0	0	0	6870	dexterity_v	2280	2280	0	ignore_earth_resist_v	1000	2280	0	8000	0
306436	306437	306435	3					0	1	0	0	0	0	0	0	0	0	7920	dexterity_v	2640	2640	0	ignore_earth_resist_v	1000	2640	0	9000	0
306437		306436	3					0	1	0	0	0	0	0	0	0	0	8750	dexterity_v	2910	2910	0	ignore_earth_resist_v	1000	2910	0	10000	0
306438	306439	301338	1	304138	1	507	14	0	1	0	0	0	0	0	0	0	0	8060	dexterity_v	2680	2680	0	ignore_earth_resist_v	1000	2680	0	8000	0
306439	306440	306438	3					0	1	0	0	0	0	0	0	0	0	9110	dexterity_v	3030	3030	0	ignore_earth_resist_v	1000	3030	0	9000	0
306440		306439	3					0	1	0	0	0	0	0	0	0	0	9900	dexterity_v	3300	3300	0	ignore_earth_resist_v	1000	3300	0	10000	0
306532	306533	304032	1	305332	1	507	14	0	1	0	0	0	0	0	0	0	0	5670	reduce_final_damage_p	170	170	0	ignore_all_resist_v	1000	1890	0	8000	1
306533	306534	306532	3					0	1	0	0	0	0	0	0	0	0	6740	reduce_final_damage_p	200	200	0	ignore_all_resist_v	1000	2240	0	9000	1
306534		306533	3					0	1	0	0	0	0	0	0	0	0	7590	reduce_final_damage_p	230	230	0	ignore_all_resist_v	1000	2530	0	10000	1
306535	306536	304035	1	305335	1	507	14	0	1	0	0	0	0	0	0	0	0	6870	reduce_final_damage_p	200	200	0	ignore_all_resist_v	1000	2280	0	8000	1
306536	306537	306535	3					0	1	0	0	0	0	0	0	0	0	7920	reduce_final_damage_p	240	240	0	ignore_all_resist_v	1000	2640	0	9000	1
306537		306536	3					0	1	0	0	0	0	0	0	0	0	8750	reduce_final_damage_p	260	260	0	ignore_all_resist_v	1000	2910	0	10000	1
306538	306539	304038	1	305338	1	507	14	0	1	0	0	0	0	0	0	0	0	8060	reduce_final_damage_p	240	240	0	ignore_all_resist_v	1000	2680	0	8000	1
306539	306540	306538	3					0	1	0	0	0	0	0	0	0	0	9110	reduce_final_damage_p	270	270	0	ignore_all_resist_v	1000	3030	0	9000	1
306540		306539	3					0	1	0	0	0	0	0	0	0	0	9900	reduce_final_damage_p	300	300	0	ignore_all_resist_v	1000	3300	0	10000	1
306632	306633	302532	1	303632	1	507	14	1	0	0	0	0	0	0	0	0	0	5670	energy_firedamage_v	1890	1890	0	fire_resist_v	9630	9630	0	8000	0
306633	306634	306632	3					1	0	0	0	0	0	0	0	0	0	6740	energy_firedamage_v	2240	2240	0	fire_resist_v	11420	11420	0	9000	0
306634		306633	3					1	0	0	0	0	0	0	0	0	0	7590	energy_firedamage_v	2530	2530	0	fire_resist_v	12880	12880	0	10000	0
306635	306636	302535	1	303635	1	507	14	1	0	0	0	0	0	0	0	0	0	6870	energy_firedamage_v	2280	2280	0	fire_resist_v	11640	11640	0	8000	0
306636	306637	306635	3					1	0	0	0	0	0	0	0	0	0	7920	energy_firedamage_v	2640	2640	0	fire_resist_v	13440	13440	0	9000	0
306637		306636	3					1	0	0	0	0	0	0	0	0	0	8750	energy_firedamage_v	2910	2910	0	fire_resist_v	14840	14840	0	10000	0
306638	306639	302538	1	303638	1	507	14	1	0	0	0	0	0	0	0	0	0	8060	energy_firedamage_v	2680	2680	0	fire_resist_v	13660	13660	0	8000	0
306639	306640	306638	3					1	0	0	0	0	0	0	0	0	0	9110	energy_firedamage_v	3030	3030	0	fire_resist_v	15450	15450	0	9000	0
306640		306639	3					1	0	0	0	0	0	0	0	0	0	9900	energy_firedamage_v	3300	3300	0	fire_resist_v	16800	16800	0	10000	0
306732	306733	301032	1	301632	1	507	14	1	0	0	0	0	0	0	0	0	0	5670	vitality_v	1890	1890	0	deadlystrike_v	1890	1890	0	8000	0
306733	306734	306732	3					1	0	0	0	0	0	0	0	0	0	6740	vitality_v	2240	2240	0	deadlystrike_v	2240	2240	0	9000	0
306734		306733	3					1	0	0	0	0	0	0	0	0	0	7590	vitality_v	2530	2530	0	deadlystrike_v	2530	2530	0	10000	0
306735	306736	301035	1	301635	1	507	14	1	0	0	0	0	0	0	0	0	0	6870	vitality_v	2280	2280	0	deadlystrike_v	2280	2280	0	8000	0
306736	306737	306735	3					1	0	0	0	0	0	0	0	0	0	7920	vitality_v	2640	2640	0	deadlystrike_v	2640	2640	0	9000	0
306737		306736	3					1	0	0	0	0	0	0	0	0	0	8750	vitality_v	2910	2910	0	deadlystrike_v	2910	2910	0	10000	0
306738	306739	301038	1	301638	1	507	14	1	0	0	0	0	0	0	0	0	0	8060	vitality_v	2680	2680	0	deadlystrike_v	2680	2680	0	8000	0
306739	306740	306738	3					1	0	0	0	0	0	0	0	0	0	9110	vitality_v	3030	3030	0	deadlystrike_v	3030	3030	0	9000	0
306740		306739	3					1	0	0	0	0	0	0	0	0	0	9900	vitality_v	3300	3300	0	deadlystrike_v	3300	3300	0	10000	0
306832	306833	301632	1	302032	1	507	14	1	0	0	0	0	0	0	0	0	0	5670	deadlystrike_v	1890	1890	0	lifemax_v	38700	38700	0	8000	0
306833	306834	306832	3					1	0	0	0	0	0	0	0	0	0	6740	deadlystrike_v	2240	2240	0	lifemax_v	45900	45900	0	9000	0
306834		306833	3					1	0	0	0	0	0	0	0	0	0	7590	deadlystrike_v	2530	2530	0	lifemax_v	51750	51750	0	10000	0
306835	306836	301635	1	302035	1	507	14	1	0	0	0	0	0	0	0	0	0	6870	deadlystrike_v	2280	2280	0	lifemax_v	46800	46800	0	8000	0
306836	306837	306835	3					1	0	0	0	0	0	0	0	0	0	7920	deadlystrike_v	2640	2640	0	lifemax_v	54000	54000	0	9000	0
306837		306836	3					1	0	0	0	0	0	0	0	0	0	8750	deadlystrike_v	2910	2910	0	lifemax_v	59620	59620	0	10000	0
306838	306839	301638	1	302038	1	507	14	1	0	0	0	0	0	0	0	0	0	8060	deadlystrike_v	2680	2680	0	lifemax_v	54900	54900	0	8000	0
306839	306840	306838	3					1	0	0	0	0	0	0	0	0	0	9110	deadlystrike_v	3030	3030	0	lifemax_v	62100	62100	0	9000	0
306840		306839	3					1	0	0	0	0	0	0	0	0	0	9900	deadlystrike_v	3300	3300	0	lifemax_v	67500	67500	0	10000	0
306932	306933	301032	1	303632	1	507	14	1	0	0	0	0	0	0	0	0	0	5670	vitality_v	1890	1890	0	fire_resist_v	9630	9630	0	8000	0
306933	306934	306932	3					1	0	0	0	0	0	0	0	0	0	6740	vitality_v	2240	2240	0	fire_resist_v	11420	11420	0	9000	0
306934		306933	3					1	0	0	0	0	0	0	0	0	0	7590	vitality_v	2530	2530	0	fire_resist_v	12880	12880	0	10000	0
306935	306936	301035	1	303635	1	507	14	1	0	0	0	0	0	0	0	0	0	6870	vitality_v	2280	2280	0	fire_resist_v	11640	11640	0	8000	0
306936	306937	306935	3					1	0	0	0	0	0	0	0	0	0	7920	vitality_v	2640	2640	0	fire_resist_v	13440	13440	0	9000	0
306937		306936	3					1	0	0	0	0	0	0	0	0	0	8750	vitality_v	2910	2910	0	fire_resist_v	14840	14840	0	10000	0
306938	306939	301038	1	303638	1	507	14	1	0	0	0	0	0	0	0	0	0	8060	vitality_v	2680	2680	0	fire_resist_v	13660	13660	0	8000	0
306939	306940	306938	3					1	0	0	0	0	0	0	0	0	0	9110	vitality_v	3030	3030	0	fire_resist_v	15450	15450	0	9000	0
306940		306939	3					1	0	0	0	0	0	0	0	0	0	9900	vitality_v	3300	3300	0	fire_resist_v	16800	16800	0	10000	0
307032	307033	302032	1	302532	1	507	14	1	0	0	0	0	0	0	0	0	0	5670	energy_firedamage_v	1890	1890	0	lifemax_v	38700	38700	0	8000	0
307033	307034	307032	3					1	0	0	0	0	0	0	0	0	0	6740	energy_firedamage_v	2240	2240	0	lifemax_v	45900	45900	0	9000	0
307034		307033	3					1	0	0	0	0	0	0	0	0	0	7590	energy_firedamage_v	2530	2530	0	lifemax_v	51750	51750	0	10000	0
307035	307036	302035	1	302535	1	507	14	1	0	0	0	0	0	0	0	0	0	6870	energy_firedamage_v	2280	2280	0	lifemax_v	46800	46800	0	8000	0
307036	307037	307035	3					1	0	0	0	0	0	0	0	0	0	7920	energy_firedamage_v	2640	2640	0	lifemax_v	54000	54000	0	9000	0
307037		307036	3					1	0	0	0	0	0	0	0	0	0	8750	energy_firedamage_v	2910	2910	0	lifemax_v	59620	59620	0	10000	0
307038	307039	302038	1	302538	1	507	14	1	0	0	0	0	0	0	0	0	0	8060	energy_firedamage_v	2680	2680	0	lifemax_v	54900	54900	0	8000	0
307039	307040	307038	3					1	0	0	0	0	0	0	0	0	0	9110	energy_firedamage_v	3030	3030	0	lifemax_v	62100	62100	0	9000	0
307040		307039	3					1	0	0	0	0	0	0	0	0	0	9900	energy_firedamage_v	3300	3300	0	lifemax_v	67500	67500	0	10000	0
307132	307133	302632	1	303732	1	507	14	0	0	1	0	0	0	0	0	0	0	5670	energy_metaldamage_v	1890	1890	0	metal_resist_v	9630	9630	0	8000	0
307133	307134	307132	3					0	0	1	0	0	0	0	0	0	0	6740	energy_metaldamage_v	2240	2240	0	metal_resist_v	11420	11420	0	9000	0
307134		307133	3					0	0	1	0	0	0	0	0	0	0	7590	energy_metaldamage_v	2530	2530	0	metal_resist_v	12880	12880	0	10000	0
307135	307136	302635	1	303735	1	507	14	0	0	1	0	0	0	0	0	0	0	6870	energy_metaldamage_v	2280	2280	0	metal_resist_v	11640	11640	0	8000	0
307136	307137	307135	3					0	0	1	0	0	0	0	0	0	0	7920	energy_metaldamage_v	2640	2640	0	metal_resist_v	13440	13440	0	9000	0
307137		307136	3					0	0	1	0	0	0	0	0	0	0	8750	energy_metaldamage_v	2910	2910	0	metal_resist_v	14840	14840	0	10000	0
307138	307139	302638	1	303738	1	507	14	0	0	1	0	0	0	0	0	0	0	8060	energy_metaldamage_v	2680	2680	0	metal_resist_v	13660	13660	0	8000	0
307139	307140	307138	3					0	0	1	0	0	0	0	0	0	0	9110	energy_metaldamage_v	3030	3030	0	metal_resist_v	15450	15450	0	9000	0
307140		307139	3					0	0	1	0	0	0	0	0	0	0	9900	energy_metaldamage_v	3300	3300	0	metal_resist_v	16800	16800	0	10000	0
307232	307233	301232	1	301732	1	507	14	0	0	1	0	0	0	0	0	0	0	5670	energy_v	1890	1890	0	weaken_deadlystrike_v	1890	1890	0	8000	0
307233	307234	307232	3					0	0	1	0	0	0	0	0	0	0	6740	energy_v	2240	2240	0	weaken_deadlystrike_v	2240	2240	0	9000	0
307234		307233	3					0	0	1	0	0	0	0	0	0	0	7590	energy_v	2530	2530	0	weaken_deadlystrike_v	2530	2530	0	10000	0
307235	307236	301235	1	301735	1	507	14	0	0	1	0	0	0	0	0	0	0	6870	energy_v	2280	2280	0	weaken_deadlystrike_v	2280	2280	0	8000	0
307236	307237	307235	3					0	0	1	0	0	0	0	0	0	0	7920	energy_v	2640	2640	0	weaken_deadlystrike_v	2640	2640	0	9000	0
307237		307236	3					0	0	1	0	0	0	0	0	0	0	8750	energy_v	2910	2910	0	weaken_deadlystrike_v	2910	2910	0	10000	0
307238	307239	301238	1	301738	1	507	14	0	0	1	0	0	0	0	0	0	0	8060	energy_v	2680	2680	0	weaken_deadlystrike_v	2680	2680	0	8000	0
307239	307240	307238	3					0	0	1	0	0	0	0	0	0	0	9110	energy_v	3030	3030	0	weaken_deadlystrike_v	3030	3030	0	9000	0
307240		307239	3					0	0	1	0	0	0	0	0	0	0	9900	energy_v	3300	3300	0	weaken_deadlystrike_v	3300	3300	0	10000	0
307332	307333	301732	1	302132	1	507	14	0	0	1	0	0	0	0	0	0	0	5670	weaken_deadlystrike_v	1890	1890	0	recover_life_v	1890	1890	0	8000	0
307333	307334	307332	3					0	0	1	0	0	0	0	0	0	0	6740	weaken_deadlystrike_v	2240	2240	0	recover_life_v	2240	2240	0	9000	0
307334		307333	3					0	0	1	0	0	0	0	0	0	0	7590	weaken_deadlystrike_v	2530	2530	0	recover_life_v	2530	2530	0	10000	0
307335	307336	301735	1	302135	1	507	14	0	0	1	0	0	0	0	0	0	0	6870	weaken_deadlystrike_v	2280	2280	0	recover_life_v	2280	2280	0	8000	0
307336	307337	307335	3					0	0	1	0	0	0	0	0	0	0	7920	weaken_deadlystrike_v	2640	2640	0	recover_life_v	2640	2640	0	9000	0
307337		307336	3					0	0	1	0	0	0	0	0	0	0	8750	weaken_deadlystrike_v	2910	2910	0	recover_life_v	2910	2910	0	10000	0
307338	307339	301738	1	302138	1	507	14	0	0	1	0	0	0	0	0	0	0	8060	weaken_deadlystrike_v	2680	2680	0	recover_life_v	2680	2680	0	8000	0
307339	307340	307338	3					0	0	1	0	0	0	0	0	0	0	9110	weaken_deadlystrike_v	3030	3030	0	recover_life_v	3030	3030	0	9000	0
307340		307339	3					0	0	1	0	0	0	0	0	0	0	9900	weaken_deadlystrike_v	3300	3300	0	recover_life_v	3300	3300	0	10000	0
307432	307433	302132	1	303732	1	507	14	0	0	1	0	0	0	0	0	0	0	5670	recover_life_v	1890	1890	0	metal_resist_v	9630	9630	0	8000	0
307433	307434	307432	3					0	0	1	0	0	0	0	0	0	0	6740	recover_life_v	2240	2240	0	metal_resist_v	11420	11420	0	9000	0
307434		307433	3					0	0	1	0	0	0	0	0	0	0	7590	recover_life_v	2530	2530	0	metal_resist_v	12880	12880	0	10000	0
307435	307436	302135	1	303735	1	507	14	0	0	1	0	0	0	0	0	0	0	6870	recover_life_v	2280	2280	0	metal_resist_v	11640	11640	0	8000	0
307436	307437	307435	3					0	0	1	0	0	0	0	0	0	0	7920	recover_life_v	2640	2640	0	metal_resist_v	13440	13440	0	9000	0
307437		307436	3					0	0	1	0	0	0	0	0	0	0	8750	recover_life_v	2910	2910	0	metal_resist_v	14840	14840	0	10000	0
307438	307439	302138	1	303738	1	507	14	0	0	1	0	0	0	0	0	0	0	8060	recover_life_v	2680	2680	0	metal_resist_v	13660	13660	0	8000	0
307439	307440	307438	3					0	0	1	0	0	0	0	0	0	0	9110	recover_life_v	3030	3030	0	metal_resist_v	15450	15450	0	9000	0
307440		307439	3					0	0	1	0	0	0	0	0	0	0	9900	recover_life_v	3300	3300	0	metal_resist_v	16800	16800	0	10000	0
307532	307533	301232	1	302632	1	507	14	0	0	1	0	0	0	0	0	0	0	5670	energy_metaldamage_v	1890	1890	0	energy_v	1890	1890	0	8000	0
307533	307534	307532	3					0	0	1	0	0	0	0	0	0	0	6740	energy_metaldamage_v	2240	2240	0	energy_v	2240	2240	0	9000	0
307534		307533	3					0	0	1	0	0	0	0	0	0	0	7590	energy_metaldamage_v	2530	2530	0	energy_v	2530	2530	0	10000	0
307535	307536	301235	1	302635	1	507	14	0	0	1	0	0	0	0	0	0	0	6870	energy_metaldamage_v	2280	2280	0	energy_v	2280	2280	0	8000	0
307536	307537	307535	3					0	0	1	0	0	0	0	0	0	0	7920	energy_metaldamage_v	2640	2640	0	energy_v	2640	2640	0	9000	0
307537		307536	3					0	0	1	0	0	0	0	0	0	0	8750	energy_metaldamage_v	2910	2910	0	energy_v	2910	2910	0	10000	0
307538	307539	301238	1	302638	1	507	14	0	0	1	0	0	0	0	0	0	0	8060	energy_metaldamage_v	2680	2680	0	energy_v	2680	2680	0	8000	0
307539	307540	307538	3					0	0	1	0	0	0	0	0	0	0	9110	energy_metaldamage_v	3030	3030	0	energy_v	3030	3030	0	9000	0
307540		307539	3					0	0	1	0	0	0	0	0	0	0	9900	energy_metaldamage_v	3300	3300	0	energy_v	3300	3300	0	10000	0
307632	307633	302732	1	303832	1	507	14	0	0	0	1	0	0	0	0	0	0	5670	energy_waterdamage_v	1890	1890	0	water_resist_v	9630	9630	0	8000	0
307633	307634	307632	3					0	0	0	1	0	0	0	0	0	0	6740	energy_waterdamage_v	2240	2240	0	water_resist_v	11420	11420	0	9000	0
307634		307633	3					0	0	0	1	0	0	0	0	0	0	7590	energy_waterdamage_v	2530	2530	0	water_resist_v	12880	12880	0	10000	0
307635	307636	302735	1	303835	1	507	14	0	0	0	1	0	0	0	0	0	0	6870	energy_waterdamage_v	2280	2280	0	water_resist_v	11640	11640	0	8000	0
307636	307637	307635	3					0	0	0	1	0	0	0	0	0	0	7920	energy_waterdamage_v	2640	2640	0	water_resist_v	13440	13440	0	9000	0
307637		307636	3					0	0	0	1	0	0	0	0	0	0	8750	energy_waterdamage_v	2910	2910	0	water_resist_v	14840	14840	0	10000	0
307638	307639	302738	1	303838	1	507	14	0	0	0	1	0	0	0	0	0	0	8060	energy_waterdamage_v	2680	2680	0	water_resist_v	13660	13660	0	8000	0
307639	307640	307638	3					0	0	0	1	0	0	0	0	0	0	9110	energy_waterdamage_v	3030	3030	0	water_resist_v	15450	15450	0	9000	0
307640		307639	3					0	0	0	1	0	0	0	0	0	0	9900	energy_waterdamage_v	3300	3300	0	water_resist_v	16800	16800	0	10000	0
307732	307733	301032	1	301832	1	507	14	0	0	0	1	0	0	0	0	0	0	5670	vitality_v	1890	1890	0	deadlystrike_damage_v	1890	1890	0	8000	0
307733	307734	307732	3					0	0	0	1	0	0	0	0	0	0	6740	vitality_v	2240	2240	0	deadlystrike_damage_v	2240	2240	0	9000	0
307734		307733	3					0	0	0	1	0	0	0	0	0	0	7590	vitality_v	2530	2530	0	deadlystrike_damage_v	2530	2530	0	10000	0
307735	307736	301035	1	301835	1	507	14	0	0	0	1	0	0	0	0	0	0	6870	vitality_v	2280	2280	0	deadlystrike_damage_v	2280	2280	0	8000	0
307736	307737	307735	3					0	0	0	1	0	0	0	0	0	0	7920	vitality_v	2640	2640	0	deadlystrike_damage_v	2640	2640	0	9000	0
307737		307736	3					0	0	0	1	0	0	0	0	0	0	8750	vitality_v	2910	2910	0	deadlystrike_damage_v	2910	2910	0	10000	0
307738	307739	301038	1	301838	1	507	14	0	0	0	1	0	0	0	0	0	0	8060	vitality_v	2680	2680	0	deadlystrike_damage_v	2680	2680	0	8000	0
307739	307740	307738	3					0	0	0	1	0	0	0	0	0	0	9110	vitality_v	3030	3030	0	deadlystrike_damage_v	3030	3030	0	9000	0
307740		307739	3					0	0	0	1	0	0	0	0	0	0	9900	vitality_v	3300	3300	0	deadlystrike_damage_v	3300	3300	0	10000	0
307832	307833	301832	1	304932	1	507	14	0	0	0	1	0	0	0	0	0	0	5670	deadlystrike_damage_v	1890	1890	0	rangedamage_return_v	7740	7740	0	8000	0
307833	307834	307832	3					0	0	0	1	0	0	0	0	0	0	6740	deadlystrike_damage_v	2240	2240	0	rangedamage_return_v	9180	9180	0	9000	0
307834		307833	3					0	0	0	1	0	0	0	0	0	0	7590	deadlystrike_damage_v	2530	2530	0	rangedamage_return_v	10350	10350	0	10000	0
307835	307836	301835	1	304935	1	507	14	0	0	0	1	0	0	0	0	0	0	6870	deadlystrike_damage_v	2280	2280	0	rangedamage_return_v	9360	9360	0	8000	0
307836	307837	307835	3					0	0	0	1	0	0	0	0	0	0	7920	deadlystrike_damage_v	2640	2640	0	rangedamage_return_v	10800	10800	0	9000	0
307837		307836	3					0	0	0	1	0	0	0	0	0	0	8750	deadlystrike_damage_v	2910	2910	0	rangedamage_return_v	11920	11920	0	10000	0
307838	307839	301838	1	304938	1	507	14	0	0	0	1	0	0	0	0	0	0	8060	deadlystrike_damage_v	2680	2680	0	rangedamage_return_v	10980	10980	0	8000	0
307839	307840	307838	3					0	0	0	1	0	0	0	0	0	0	9110	deadlystrike_damage_v	3030	3030	0	rangedamage_return_v	12420	12420	0	9000	0
307840		307839	3					0	0	0	1	0	0	0	0	0	0	9900	deadlystrike_damage_v	3300	3300	0	rangedamage_return_v	13500	13500	0	10000	0
307932	307933	301032	1	303832	1	507	14	0	0	0	1	0	0	0	0	0	0	5670	vitality_v	1890	1890	0	water_resist_v	9630	9630	0	8000	0
307933	307934	307932	3					0	0	0	1	0	0	0	0	0	0	6740	vitality_v	2240	2240	0	water_resist_v	11420	11420	0	9000	0
307934		307933	3					0	0	0	1	0	0	0	0	0	0	7590	vitality_v	2530	2530	0	water_resist_v	12880	12880	0	10000	0
307935	307936	301035	1	303835	1	507	14	0	0	0	1	0	0	0	0	0	0	6870	vitality_v	2280	2280	0	water_resist_v	11640	11640	0	8000	0
307936	307937	307935	3					0	0	0	1	0	0	0	0	0	0	7920	vitality_v	2640	2640	0	water_resist_v	13440	13440	0	9000	0
307937		307936	3					0	0	0	1	0	0	0	0	0	0	8750	vitality_v	2910	2910	0	water_resist_v	14840	14840	0	10000	0
307938	307939	301038	1	303838	1	507	14	0	0	0	1	0	0	0	0	0	0	8060	vitality_v	2680	2680	0	water_resist_v	13660	13660	0	8000	0
307939	307940	307938	3					0	0	0	1	0	0	0	0	0	0	9110	vitality_v	3030	3030	0	water_resist_v	15450	15450	0	9000	0
307940		307939	3					0	0	0	1	0	0	0	0	0	0	9900	vitality_v	3300	3300	0	water_resist_v	16800	16800	0	10000	0
308032	308033	302732	1	304932	1	507	14	0	0	0	1	0	0	0	0	0	0	5670	energy_waterdamage_v	1890	1890	0	rangedamage_return_v	7740	7740	0	8000	0
308033	308034	308032	3					0	0	0	1	0	0	0	0	0	0	6740	energy_waterdamage_v	2240	2240	0	rangedamage_return_v	9180	9180	0	9000	0
308034		308033	3					0	0	0	1	0	0	0	0	0	0	7590	energy_waterdamage_v	2530	2530	0	rangedamage_return_v	10350	10350	0	10000	0
308035	308036	302735	1	304935	1	507	14	0	0	0	1	0	0	0	0	0	0	6870	energy_waterdamage_v	2280	2280	0	rangedamage_return_v	9360	9360	0	8000	0
308036	308037	308035	3					0	0	0	1	0	0	0	0	0	0	7920	energy_waterdamage_v	2640	2640	0	rangedamage_return_v	10800	10800	0	9000	0
308037		308036	3					0	0	0	1	0	0	0	0	0	0	8750	energy_waterdamage_v	2910	2910	0	rangedamage_return_v	11920	11920	0	10000	0
308038	308039	302738	1	304938	1	507	14	0	0	0	1	0	0	0	0	0	0	8060	energy_waterdamage_v	2680	2680	0	rangedamage_return_v	10980	10980	0	8000	0
308039	308040	308038	3					0	0	0	1	0	0	0	0	0	0	9110	energy_waterdamage_v	3030	3030	0	rangedamage_return_v	12420	12420	0	9000	0
308040		308039	3					0	0	0	1	0	0	0	0	0	0	9900	energy_waterdamage_v	3300	3300	0	rangedamage_return_v	13500	13500	0	10000	0
308132	308133	302832	1	303932	1	507	14	0	0	0	0	1	0	0	0	0	0	5670	energy_wooddamage_v	1890	1890	0	wood_resist_v	9630	9630	0	8000	0
308133	308134	308132	3					0	0	0	0	1	0	0	0	0	0	6740	energy_wooddamage_v	2240	2240	0	wood_resist_v	11420	11420	0	9000	0
308134		308133	3					0	0	0	0	1	0	0	0	0	0	7590	energy_wooddamage_v	2530	2530	0	wood_resist_v	12880	12880	0	10000	0
308135	308136	302835	1	303935	1	507	14	0	0	0	0	1	0	0	0	0	0	6870	energy_wooddamage_v	2280	2280	0	wood_resist_v	11640	11640	0	8000	0
308136	308137	308135	3					0	0	0	0	1	0	0	0	0	0	7920	energy_wooddamage_v	2640	2640	0	wood_resist_v	13440	13440	0	9000	0
308137		308136	3					0	0	0	0	1	0	0	0	0	0	8750	energy_wooddamage_v	2910	2910	0	wood_resist_v	14840	14840	0	10000	0
308138	308139	302838	1	303938	1	507	14	0	0	0	0	1	0	0	0	0	0	8060	energy_wooddamage_v	2680	2680	0	wood_resist_v	13660	13660	0	8000	0
308139	308140	308138	3					0	0	0	0	1	0	0	0	0	0	9110	energy_wooddamage_v	3030	3030	0	wood_resist_v	15450	15450	0	9000	0
308140		308139	3					0	0	0	0	1	0	0	0	0	0	9900	energy_wooddamage_v	3300	3300	0	wood_resist_v	16800	16800	0	10000	0
308232	308233	301232	1	301932	1	507	14	0	0	0	0	1	0	0	0	0	0	5670	energy_v	1890	1890	0	weaken_deadlystrike_damage_v	1890	1890	0	8000	0
308233	308234	308232	3					0	0	0	0	1	0	0	0	0	0	6740	energy_v	2240	2240	0	weaken_deadlystrike_damage_v	2240	2240	0	9000	0
308234		308233	3					0	0	0	0	1	0	0	0	0	0	7590	energy_v	2530	2530	0	weaken_deadlystrike_damage_v	2530	2530	0	10000	0
308235	308236	301235	1	301935	1	507	14	0	0	0	0	1	0	0	0	0	0	6870	energy_v	2280	2280	0	weaken_deadlystrike_damage_v	2280	2280	0	8000	0
308236	308237	308235	3					0	0	0	0	1	0	0	0	0	0	7920	energy_v	2640	2640	0	weaken_deadlystrike_damage_v	2640	2640	0	9000	0
308237		308236	3					0	0	0	0	1	0	0	0	0	0	8750	energy_v	2910	2910	0	weaken_deadlystrike_damage_v	2910	2910	0	10000	0
308238	308239	301238	1	301938	1	507	14	0	0	0	0	1	0	0	0	0	0	8060	energy_v	2680	2680	0	weaken_deadlystrike_damage_v	2680	2680	0	8000	0
308239	308240	308238	3					0	0	0	0	1	0	0	0	0	0	9110	energy_v	3030	3030	0	weaken_deadlystrike_damage_v	3030	3030	0	9000	0
308240		308239	3					0	0	0	0	1	0	0	0	0	0	9900	energy_v	3300	3300	0	weaken_deadlystrike_damage_v	3300	3300	0	10000	0
308332	308333	301932	1	304832	1	507	14	0	0	0	0	1	0	0	0	0	0	5670	weaken_deadlystrike_damage_v	1890	1890	0	meleedamage_return_v	7740	7740	0	8000	0
308333	308334	308332	3					0	0	0	0	1	0	0	0	0	0	6740	weaken_deadlystrike_damage_v	2240	2240	0	meleedamage_return_v	9180	9180	0	9000	0
308334		308333	3					0	0	0	0	1	0	0	0	0	0	7590	weaken_deadlystrike_damage_v	2530	2530	0	meleedamage_return_v	10350	10350	0	10000	0
308335	308336	301935	1	304835	1	507	14	0	0	0	0	1	0	0	0	0	0	6870	weaken_deadlystrike_damage_v	2280	2280	0	meleedamage_return_v	9360	9360	0	8000	0
308336	308337	308335	3					0	0	0	0	1	0	0	0	0	0	7920	weaken_deadlystrike_damage_v	2640	2640	0	meleedamage_return_v	10800	10800	0	9000	0
308337		308336	3					0	0	0	0	1	0	0	0	0	0	8750	weaken_deadlystrike_damage_v	2910	2910	0	meleedamage_return_v	11920	11920	0	10000	0
308338	308339	301938	1	304838	1	507	14	0	0	0	0	1	0	0	0	0	0	8060	weaken_deadlystrike_damage_v	2680	2680	0	meleedamage_return_v	10980	10980	0	8000	0
308339	308340	308338	3					0	0	0	0	1	0	0	0	0	0	9110	weaken_deadlystrike_damage_v	3030	3030	0	meleedamage_return_v	12420	12420	0	9000	0
308340		308339	3					0	0	0	0	1	0	0	0	0	0	9900	weaken_deadlystrike_damage_v	3300	3300	0	meleedamage_return_v	13500	13500	0	10000	0
308432	308433	301232	1	303932	1	507	14	0	0	0	0	1	0	0	0	0	0	5670	energy_v	1890	1890	0	wood_resist_v	9630	9630	0	8000	0
308433	308434	308432	3					0	0	0	0	1	0	0	0	0	0	6740	energy_v	2240	2240	0	wood_resist_v	11420	11420	0	9000	0
308434		308433	3					0	0	0	0	1	0	0	0	0	0	7590	energy_v	2530	2530	0	wood_resist_v	12880	12880	0	10000	0
308435	308436	301235	1	303935	1	507	14	0	0	0	0	1	0	0	0	0	0	6870	energy_v	2280	2280	0	wood_resist_v	11640	11640	0	8000	0
308436	308437	308435	3					0	0	0	0	1	0	0	0	0	0	7920	energy_v	2640	2640	0	wood_resist_v	13440	13440	0	9000	0
308437		308436	3					0	0	0	0	1	0	0	0	0	0	8750	energy_v	2910	2910	0	wood_resist_v	14840	14840	0	10000	0
308438	308439	301238	1	303938	1	507	14	0	0	0	0	1	0	0	0	0	0	8060	energy_v	2680	2680	0	wood_resist_v	13660	13660	0	8000	0
308439	308440	308438	3					0	0	0	0	1	0	0	0	0	0	9110	energy_v	3030	3030	0	wood_resist_v	15450	15450	0	9000	0
308440		308439	3					0	0	0	0	1	0	0	0	0	0	9900	energy_v	3300	3300	0	wood_resist_v	16800	16800	0	10000	0
308532	308533	302832	1	304832	1	507	14	0	0	0	0	1	0	0	0	0	0	5670	energy_wooddamage_v	1890	1890	0	meleedamage_return_v	7740	7740	0	8000	0
308533	308534	308532	3					0	0	0	0	1	0	0	0	0	0	6740	energy_wooddamage_v	2240	2240	0	meleedamage_return_v	9180	9180	0	9000	0
308534		308533	3					0	0	0	0	1	0	0	0	0	0	7590	energy_wooddamage_v	2530	2530	0	meleedamage_return_v	10350	10350	0	10000	0
308535	308536	302835	1	304835	1	507	14	0	0	0	0	1	0	0	0	0	0	6870	energy_wooddamage_v	2280	2280	0	meleedamage_return_v	9360	9360	0	8000	0
308536	308537	308535	3					0	0	0	0	1	0	0	0	0	0	7920	energy_wooddamage_v	2640	2640	0	meleedamage_return_v	10800	10800	0	9000	0
308537		308536	3					0	0	0	0	1	0	0	0	0	0	8750	energy_wooddamage_v	2910	2910	0	meleedamage_return_v	11920	11920	0	10000	0
308538	308539	302838	1	304838	1	507	14	0	0	0	0	1	0	0	0	0	0	8060	energy_wooddamage_v	2680	2680	0	meleedamage_return_v	10980	10980	0	8000	0
308539	308540	308538	3					0	0	0	0	1	0	0	0	0	0	9110	energy_wooddamage_v	3030	3030	0	meleedamage_return_v	12420	12420	0	9000	0
308540		308539	3					0	0	0	0	1	0	0	0	0	0	9900	energy_wooddamage_v	3300	3300	0	meleedamage_return_v	13500	13500	0	10000	0
308632	308633	301032	1	303032	1	507	14	0	0	0	0	0	0	0	0	1	0	5670	vitality_v	1890	1890	0	physical_firedamage_v	1890	1890	0	8000	0
308633	308634	308632	3					0	0	0	0	0	0	0	0	1	0	6740	vitality_v	2240	2240	0	physical_firedamage_v	2240	2240	0	9000	0
308634		308633	3					0	0	0	0	0	0	0	0	1	0	7590	vitality_v	2530	2530	0	physical_firedamage_v	2530	2530	0	10000	0
308635	308636	301035	1	303035	1	507	14	0	0	0	0	0	0	0	0	1	0	6870	vitality_v	2280	2280	0	physical_firedamage_v	2280	2280	0	8000	0
308636	308637	308635	3					0	0	0	0	0	0	0	0	1	0	7920	vitality_v	2640	2640	0	physical_firedamage_v	2640	2640	0	9000	0
308637		308636	3					0	0	0	0	0	0	0	0	1	0	8750	vitality_v	2910	2910	0	physical_firedamage_v	2910	2910	0	10000	0
308638	308639	301038	1	303038	1	507	14	0	0	0	0	0	0	0	0	1	0	8060	vitality_v	2680	2680	0	physical_firedamage_v	2680	2680	0	8000	0
308639	308640	308638	3					0	0	0	0	0	0	0	0	1	0	9110	vitality_v	3030	3030	0	physical_firedamage_v	3030	3030	0	9000	0
308640		308639	3					0	0	0	0	0	0	0	0	1	0	9900	vitality_v	3300	3300	0	physical_firedamage_v	3300	3300	0	10000	0
308732	308733	301632	1	304232	1	507	14	0	0	0	0	0	0	0	0	1	0	5670	deadlystrike_v	1890	1890	0	ignore_fire_resist_v	1000	1890	0	8000	0
308733	308734	308732	3					0	0	0	0	0	0	0	0	1	0	6740	deadlystrike_v	2240	2240	0	ignore_fire_resist_v	1000	2240	0	9000	0
308734		308733	3					0	0	0	0	0	0	0	0	1	0	7590	deadlystrike_v	2530	2530	0	ignore_fire_resist_v	1000	2530	0	10000	0
308735	308736	301635	1	304235	1	507	14	0	0	0	0	0	0	0	0	1	0	6870	deadlystrike_v	2280	2280	0	ignore_fire_resist_v	1000	2280	0	8000	0
308736	308737	308735	3					0	0	0	0	0	0	0	0	1	0	7920	deadlystrike_v	2640	2640	0	ignore_fire_resist_v	1000	2640	0	9000	0
308737		308736	3					0	0	0	0	0	0	0	0	1	0	8750	deadlystrike_v	2910	2910	0	ignore_fire_resist_v	1000	2910	0	10000	0
308738	308739	301638	1	304238	1	507	14	0	0	0	0	0	0	0	0	1	0	8060	deadlystrike_v	2680	2680	0	ignore_fire_resist_v	1000	2680	0	8000	0
308739	308740	308738	3					0	0	0	0	0	0	0	0	1	0	9110	deadlystrike_v	3030	3030	0	ignore_fire_resist_v	1000	3030	0	9000	0
308740		308739	3					0	0	0	0	0	0	0	0	1	0	9900	deadlystrike_v	3300	3300	0	ignore_fire_resist_v	1000	3300	0	10000	0
308832	308833	302232	1	304232	1	507	14	0	0	0	0	0	0	0	0	1	0	5670	ignore_fire_resist_v	1000	1890	0	attackrating_v	1890	1890	0	8000	0
308833	308834	308832	3					0	0	0	0	0	0	0	0	1	0	6740	ignore_fire_resist_v	1000	2240	0	attackrating_v	2240	2240	0	9000	0
308834		308833	3					0	0	0	0	0	0	0	0	1	0	7590	ignore_fire_resist_v	1000	2530	0	attackrating_v	2530	2530	0	10000	0
308835	308836	302235	1	304235	1	507	14	0	0	0	0	0	0	0	0	1	0	6870	ignore_fire_resist_v	1000	2280	0	attackrating_v	2280	2280	0	8000	0
308836	308837	308835	3					0	0	0	0	0	0	0	0	1	0	7920	ignore_fire_resist_v	1000	2640	0	attackrating_v	2640	2640	0	9000	0
308837		308836	3					0	0	0	0	0	0	0	0	1	0	8750	ignore_fire_resist_v	1000	2910	0	attackrating_v	2910	2910	0	10000	0
308838	308839	302238	1	304238	1	507	14	0	0	0	0	0	0	0	0	1	0	8060	ignore_fire_resist_v	1000	2680	0	attackrating_v	2680	2680	0	8000	0
308839	308840	308838	3					0	0	0	0	0	0	0	0	1	0	9110	ignore_fire_resist_v	1000	3030	0	attackrating_v	3030	3030	0	9000	0
308840		308839	3					0	0	0	0	0	0	0	0	1	0	9900	ignore_fire_resist_v	1000	3300	0	attackrating_v	3300	3300	0	10000	0
308932	308933	301032	1	301632	1	507	14	0	0	0	0	0	0	0	0	1	0	5670	deadlystrike_v	1890	1890	0	vitality_v	1890	1890	0	8000	0
308933	308934	308932	3					0	0	0	0	0	0	0	0	1	0	6740	deadlystrike_v	2240	2240	0	vitality_v	2240	2240	0	9000	0
308934		308933	3					0	0	0	0	0	0	0	0	1	0	7590	deadlystrike_v	2530	2530	0	vitality_v	2530	2530	0	10000	0
308935	308936	301035	1	301635	1	507	14	0	0	0	0	0	0	0	0	1	0	6870	deadlystrike_v	2280	2280	0	vitality_v	2280	2280	0	8000	0
308936	308937	308935	3					0	0	0	0	0	0	0	0	1	0	7920	deadlystrike_v	2640	2640	0	vitality_v	2640	2640	0	9000	0
308937		308936	3					0	0	0	0	0	0	0	0	1	0	8750	deadlystrike_v	2910	2910	0	vitality_v	2910	2910	0	10000	0
308938	308939	301038	1	301638	1	507	14	0	0	0	0	0	0	0	0	1	0	8060	deadlystrike_v	2680	2680	0	vitality_v	2680	2680	0	8000	0
308939	308940	308938	3					0	0	0	0	0	0	0	0	1	0	9110	deadlystrike_v	3030	3030	0	vitality_v	3030	3030	0	9000	0
308940		308939	3					0	0	0	0	0	0	0	0	1	0	9900	deadlystrike_v	3300	3300	0	vitality_v	3300	3300	0	10000	0
309032	309033	302232	1	303032	1	507	14	0	0	0	0	0	0	0	0	1	0	5670	physical_firedamage_v	1890	1890	0	attackrating_v	1890	1890	0	8000	0
309033	309034	309032	3					0	0	0	0	0	0	0	0	1	0	6740	physical_firedamage_v	2240	2240	0	attackrating_v	2240	2240	0	9000	0
309034		309033	3					0	0	0	0	0	0	0	0	1	0	7590	physical_firedamage_v	2530	2530	0	attackrating_v	2530	2530	0	10000	0
309035	309036	302235	1	303035	1	507	14	0	0	0	0	0	0	0	0	1	0	6870	physical_firedamage_v	2280	2280	0	attackrating_v	2280	2280	0	8000	0
309036	309037	309035	3					0	0	0	0	0	0	0	0	1	0	7920	physical_firedamage_v	2640	2640	0	attackrating_v	2640	2640	0	9000	0
309037		309036	3					0	0	0	0	0	0	0	0	1	0	8750	physical_firedamage_v	2910	2910	0	attackrating_v	2910	2910	0	10000	0
309038	309039	302238	1	303038	1	507	14	0	0	0	0	0	0	0	0	1	0	8060	physical_firedamage_v	2680	2680	0	attackrating_v	2680	2680	0	8000	0
309039	309040	309038	3					0	0	0	0	0	0	0	0	1	0	9110	physical_firedamage_v	3030	3030	0	attackrating_v	3030	3030	0	9000	0
309040		309039	3					0	0	0	0	0	0	0	0	1	0	9900	physical_firedamage_v	3300	3300	0	attackrating_v	3300	3300	0	10000	0
309132	309133	301232	1	303132	1	507	14	0	0	0	0	0	0	1	0	0	0	5670	energy_v	1890	1890	0	physical_metaldamage_v	1890	1890	0	8000	0
309133	309134	309132	3					0	0	0	0	0	0	1	0	0	0	6740	energy_v	2240	2240	0	physical_metaldamage_v	2240	2240	0	9000	0
309134		309133	3					0	0	0	0	0	0	1	0	0	0	7590	energy_v	2530	2530	0	physical_metaldamage_v	2530	2530	0	10000	0
309135	309136	301235	1	303135	1	507	14	0	0	0	0	0	0	1	0	0	0	6870	energy_v	2280	2280	0	physical_metaldamage_v	2280	2280	0	8000	0
309136	309137	309135	3					0	0	0	0	0	0	1	0	0	0	7920	energy_v	2640	2640	0	physical_metaldamage_v	2640	2640	0	9000	0
309137		309136	3					0	0	0	0	0	0	1	0	0	0	8750	energy_v	2910	2910	0	physical_metaldamage_v	2910	2910	0	10000	0
309138	309139	301238	1	303138	1	507	14	0	0	0	0	0	0	1	0	0	0	8060	energy_v	2680	2680	0	physical_metaldamage_v	2680	2680	0	8000	0
309139	309140	309138	3					0	0	0	0	0	0	1	0	0	0	9110	energy_v	3030	3030	0	physical_metaldamage_v	3030	3030	0	9000	0
309140		309139	3					0	0	0	0	0	0	1	0	0	0	9900	energy_v	3300	3300	0	physical_metaldamage_v	3300	3300	0	10000	0
309232	309233	301732	1	304332	1	507	14	0	0	0	0	0	0	1	0	0	0	5670	weaken_deadlystrike_v	1890	1890	0	ignore_metal_resist_v	1000	1890	0	8000	0
309233	309234	309232	3					0	0	0	0	0	0	1	0	0	0	6740	weaken_deadlystrike_v	2240	2240	0	ignore_metal_resist_v	1000	2240	0	9000	0
309234		309233	3					0	0	0	0	0	0	1	0	0	0	7590	weaken_deadlystrike_v	2530	2530	0	ignore_metal_resist_v	1000	2530	0	10000	0
309235	309236	301735	1	304335	1	507	14	0	0	0	0	0	0	1	0	0	0	6870	weaken_deadlystrike_v	2280	2280	0	ignore_metal_resist_v	1000	2280	0	8000	0
309236	309237	309235	3					0	0	0	0	0	0	1	0	0	0	7920	weaken_deadlystrike_v	2640	2640	0	ignore_metal_resist_v	1000	2640	0	9000	0
309237		309236	3					0	0	0	0	0	0	1	0	0	0	8750	weaken_deadlystrike_v	2910	2910	0	ignore_metal_resist_v	1000	2910	0	10000	0
309238	309239	301738	1	304338	1	507	14	0	0	0	0	0	0	1	0	0	0	8060	weaken_deadlystrike_v	2680	2680	0	ignore_metal_resist_v	1000	2680	0	8000	0
309239	309240	309238	3					0	0	0	0	0	0	1	0	0	0	9110	weaken_deadlystrike_v	3030	3030	0	ignore_metal_resist_v	1000	3030	0	9000	0
309240		309239	3					0	0	0	0	0	0	1	0	0	0	9900	weaken_deadlystrike_v	3300	3300	0	ignore_metal_resist_v	1000	3300	0	10000	0
309332	309333	302332	1	304332	1	507	14	0	0	0	0	0	0	1	0	0	0	5670	ignore_metal_resist_v	1000	1890	0	defense_v	1890	1890	0	8000	0
309333	309334	309332	3					0	0	0	0	0	0	1	0	0	0	6740	ignore_metal_resist_v	1000	2240	0	defense_v	2240	2240	0	9000	0
309334		309333	3					0	0	0	0	0	0	1	0	0	0	7590	ignore_metal_resist_v	1000	2530	0	defense_v	2530	2530	0	10000	0
309335	309336	302335	1	304335	1	507	14	0	0	0	0	0	0	1	0	0	0	6870	ignore_metal_resist_v	1000	2280	0	defense_v	2280	2280	0	8000	0
309336	309337	309335	3					0	0	0	0	0	0	1	0	0	0	7920	ignore_metal_resist_v	1000	2640	0	defense_v	2640	2640	0	9000	0
309337		309336	3					0	0	0	0	0	0	1	0	0	0	8750	ignore_metal_resist_v	1000	2910	0	defense_v	2910	2910	0	10000	0
309338	309339	302338	1	304338	1	507	14	0	0	0	0	0	0	1	0	0	0	8060	ignore_metal_resist_v	1000	2680	0	defense_v	2680	2680	0	8000	0
309339	309340	309338	3					0	0	0	0	0	0	1	0	0	0	9110	ignore_metal_resist_v	1000	3030	0	defense_v	3030	3030	0	9000	0
309340		309339	3					0	0	0	0	0	0	1	0	0	0	9900	ignore_metal_resist_v	1000	3300	0	defense_v	3300	3300	0	10000	0
309432	309433	301232	1	301732	1	507	14	0	0	0	0	0	0	1	0	0	0	5670	weaken_deadlystrike_v	1890	1890	0	energy_v	1890	1890	0	8000	0
309433	309434	309432	3					0	0	0	0	0	0	1	0	0	0	6740	weaken_deadlystrike_v	2240	2240	0	energy_v	2240	2240	0	9000	0
309434		309433	3					0	0	0	0	0	0	1	0	0	0	7590	weaken_deadlystrike_v	2530	2530	0	energy_v	2530	2530	0	10000	0
309435	309436	301235	1	301735	1	507	14	0	0	0	0	0	0	1	0	0	0	6870	weaken_deadlystrike_v	2280	2280	0	energy_v	2280	2280	0	8000	0
309436	309437	309435	3					0	0	0	0	0	0	1	0	0	0	7920	weaken_deadlystrike_v	2640	2640	0	energy_v	2640	2640	0	9000	0
309437		309436	3					0	0	0	0	0	0	1	0	0	0	8750	weaken_deadlystrike_v	2910	2910	0	energy_v	2910	2910	0	10000	0
309438	309439	301238	1	301738	1	507	14	0	0	0	0	0	0	1	0	0	0	8060	weaken_deadlystrike_v	2680	2680	0	energy_v	2680	2680	0	8000	0
309439	309440	309438	3					0	0	0	0	0	0	1	0	0	0	9110	weaken_deadlystrike_v	3030	3030	0	energy_v	3030	3030	0	9000	0
309440		309439	3					0	0	0	0	0	0	1	0	0	0	9900	weaken_deadlystrike_v	3300	3300	0	energy_v	3300	3300	0	10000	0
309532	309533	302332	1	303132	1	507	14	0	0	0	0	0	0	1	0	0	0	5670	physical_metaldamage_v	1890	1890	0	defense_v	1890	1890	0	8000	0
309533	309534	309532	3					0	0	0	0	0	0	1	0	0	0	6740	physical_metaldamage_v	2240	2240	0	defense_v	2240	2240	0	9000	0
309534		309533	3					0	0	0	0	0	0	1	0	0	0	7590	physical_metaldamage_v	2530	2530	0	defense_v	2530	2530	0	10000	0
309535	309536	302335	1	303135	1	507	14	0	0	0	0	0	0	1	0	0	0	6870	physical_metaldamage_v	2280	2280	0	defense_v	2280	2280	0	8000	0
309536	309537	309535	3					0	0	0	0	0	0	1	0	0	0	7920	physical_metaldamage_v	2640	2640	0	defense_v	2640	2640	0	9000	0
309537		309536	3					0	0	0	0	0	0	1	0	0	0	8750	physical_metaldamage_v	2910	2910	0	defense_v	2910	2910	0	10000	0
309538	309539	302338	1	303138	1	507	14	0	0	0	0	0	0	1	0	0	0	8060	physical_metaldamage_v	2680	2680	0	defense_v	2680	2680	0	8000	0
309539	309540	309538	3					0	0	0	0	0	0	1	0	0	0	9110	physical_metaldamage_v	3030	3030	0	defense_v	3030	3030	0	9000	0
309540		309539	3					0	0	0	0	0	0	1	0	0	0	9900	physical_metaldamage_v	3300	3300	0	defense_v	3300	3300	0	10000	0
309632	309633	301032	1	303232	1	507	14	0	0	0	0	0	0	0	1	0	0	5670	vitality_v	1890	1890	0	physical_waterdamage_v	1890	1890	0	8000	0
309633	309634	309632	3					0	0	0	0	0	0	0	1	0	0	6740	vitality_v	2240	2240	0	physical_waterdamage_v	2240	2240	0	9000	0
309634		309633	3					0	0	0	0	0	0	0	1	0	0	7590	vitality_v	2530	2530	0	physical_waterdamage_v	2530	2530	0	10000	0
309635	309636	301035	1	303235	1	507	14	0	0	0	0	0	0	0	1	0	0	6870	vitality_v	2280	2280	0	physical_waterdamage_v	2280	2280	0	8000	0
309636	309637	309635	3					0	0	0	0	0	0	0	1	0	0	7920	vitality_v	2640	2640	0	physical_waterdamage_v	2640	2640	0	9000	0
309637		309636	3					0	0	0	0	0	0	0	1	0	0	8750	vitality_v	2910	2910	0	physical_waterdamage_v	2910	2910	0	10000	0
309638	309639	301038	1	303238	1	507	14	0	0	0	0	0	0	0	1	0	0	8060	vitality_v	2680	2680	0	physical_waterdamage_v	2680	2680	0	8000	0
309639	309640	309638	3					0	0	0	0	0	0	0	1	0	0	9110	vitality_v	3030	3030	0	physical_waterdamage_v	3030	3030	0	9000	0
309640		309639	3					0	0	0	0	0	0	0	1	0	0	9900	vitality_v	3300	3300	0	physical_waterdamage_v	3300	3300	0	10000	0
309732	309733	301832	1	304432	1	507	14	0	0	0	0	0	0	0	1	0	0	5670	deadlystrike_damage_v	1890	1890	0	ignore_water_resist_v	1000	1890	0	8000	0
309733	309734	309732	3					0	0	0	0	0	0	0	1	0	0	6740	deadlystrike_damage_v	2240	2240	0	ignore_water_resist_v	1000	2240	0	9000	0
309734		309733	3					0	0	0	0	0	0	0	1	0	0	7590	deadlystrike_damage_v	2530	2530	0	ignore_water_resist_v	1000	2530	0	10000	0
309735	309736	301835	1	304435	1	507	14	0	0	0	0	0	0	0	1	0	0	6870	deadlystrike_damage_v	2280	2280	0	ignore_water_resist_v	1000	2280	0	8000	0
309736	309737	309735	3					0	0	0	0	0	0	0	1	0	0	7920	deadlystrike_damage_v	2640	2640	0	ignore_water_resist_v	1000	2640	0	9000	0
309737		309736	3					0	0	0	0	0	0	0	1	0	0	8750	deadlystrike_damage_v	2910	2910	0	ignore_water_resist_v	1000	2910	0	10000	0
309738	309739	301838	1	304438	1	507	14	0	0	0	0	0	0	0	1	0	0	8060	deadlystrike_damage_v	2680	2680	0	ignore_water_resist_v	1000	2680	0	8000	0
309739	309740	309738	3					0	0	0	0	0	0	0	1	0	0	9110	deadlystrike_damage_v	3030	3030	0	ignore_water_resist_v	1000	3030	0	9000	0
309740		309739	3					0	0	0	0	0	0	0	1	0	0	9900	deadlystrike_damage_v	3300	3300	0	ignore_water_resist_v	1000	3300	0	10000	0
309832	309833	304432	1	305132	1	507	14	0	0	0	0	0	0	0	1	0	0	5670	ignore_water_resist_v	1000	1890	0	return_resist_range_v	7740	7740	0	8000	0
309833	309834	309832	3					0	0	0	0	0	0	0	1	0	0	6740	ignore_water_resist_v	1000	2240	0	return_resist_range_v	9180	9180	0	9000	0
309834		309833	3					0	0	0	0	0	0	0	1	0	0	7590	ignore_water_resist_v	1000	2530	0	return_resist_range_v	10350	10350	0	10000	0
309835	309836	304435	1	305135	1	507	14	0	0	0	0	0	0	0	1	0	0	6870	ignore_water_resist_v	1000	2280	0	return_resist_range_v	9360	9360	0	8000	0
309836	309837	309835	3					0	0	0	0	0	0	0	1	0	0	7920	ignore_water_resist_v	1000	2640	0	return_resist_range_v	10800	10800	0	9000	0
309837		309836	3					0	0	0	0	0	0	0	1	0	0	8750	ignore_water_resist_v	1000	2910	0	return_resist_range_v	11920	11920	0	10000	0
309838	309839	304438	1	305138	1	507	14	0	0	0	0	0	0	0	1	0	0	8060	ignore_water_resist_v	1000	2680	0	return_resist_range_v	10980	10980	0	8000	0
309839	309840	309838	3					0	0	0	0	0	0	0	1	0	0	9110	ignore_water_resist_v	1000	3030	0	return_resist_range_v	12420	12420	0	9000	0
309840		309839	3					0	0	0	0	0	0	0	1	0	0	9900	ignore_water_resist_v	1000	3300	0	return_resist_range_v	13500	13500	0	10000	0
309932	309933	301032	1	301832	1	507	14	0	0	0	0	0	0	0	1	0	0	5670	deadlystrike_damage_v	1890	1890	0	vitality_v	1890	1890	0	8000	0
309933	309934	309932	3					0	0	0	0	0	0	0	1	0	0	6740	deadlystrike_damage_v	2240	2240	0	vitality_v	2240	2240	0	9000	0
309934		309933	3					0	0	0	0	0	0	0	1	0	0	7590	deadlystrike_damage_v	2530	2530	0	vitality_v	2530	2530	0	10000	0
309935	309936	301035	1	301835	1	507	14	0	0	0	0	0	0	0	1	0	0	6870	deadlystrike_damage_v	2280	2280	0	vitality_v	2280	2280	0	8000	0
309936	309937	309935	3					0	0	0	0	0	0	0	1	0	0	7920	deadlystrike_damage_v	2640	2640	0	vitality_v	2640	2640	0	9000	0
309937		309936	3					0	0	0	0	0	0	0	1	0	0	8750	deadlystrike_damage_v	2910	2910	0	vitality_v	2910	2910	0	10000	0
309938	309939	301038	1	301838	1	507	14	0	0	0	0	0	0	0	1	0	0	8060	deadlystrike_damage_v	2680	2680	0	vitality_v	2680	2680	0	8000	0
309939	309940	309938	3					0	0	0	0	0	0	0	1	0	0	9110	deadlystrike_damage_v	3030	3030	0	vitality_v	3030	3030	0	9000	0
309940		309939	3					0	0	0	0	0	0	0	1	0	0	9900	deadlystrike_damage_v	3300	3300	0	vitality_v	3300	3300	0	10000	0
310032	310033	305132	1	303232	1	507	14	0	0	0	0	0	0	0	1	0	0	5670	physical_waterdamage_v	1890	1890	0	return_resist_range_v	7740	7740	0	8000	0
310033	310034	310032	3					0	0	0	0	0	0	0	1	0	0	6740	physical_waterdamage_v	2240	2240	0	return_resist_range_v	9180	9180	0	9000	0
310034		310033	3					0	0	0	0	0	0	0	1	0	0	7590	physical_waterdamage_v	2530	2530	0	return_resist_range_v	10350	10350	0	10000	0
310035	310036	305135	1	303235	1	507	14	0	0	0	0	0	0	0	1	0	0	6870	physical_waterdamage_v	2280	2280	0	return_resist_range_v	9360	9360	0	8000	0
310036	310037	310035	3					0	0	0	0	0	0	0	1	0	0	7920	physical_waterdamage_v	2640	2640	0	return_resist_range_v	10800	10800	0	9000	0
310037		310036	3					0	0	0	0	0	0	0	1	0	0	8750	physical_waterdamage_v	2910	2910	0	return_resist_range_v	11920	11920	0	10000	0
310038	310039	305138	1	303238	1	507	14	0	0	0	0	0	0	0	1	0	0	8060	physical_waterdamage_v	2680	2680	0	return_resist_range_v	10980	10980	0	8000	0
310039	310040	310038	3					0	0	0	0	0	0	0	1	0	0	9110	physical_waterdamage_v	3030	3030	0	return_resist_range_v	12420	12420	0	9000	0
310040		310039	3					0	0	0	0	0	0	0	1	0	0	9900	physical_waterdamage_v	3300	3300	0	return_resist_range_v	13500	13500	0	10000	0
310132	310133	301232	1	303332	1	507	14	0	0	0	0	0	0	0	0	0	1	5670	energy_v	1890	1890	0	physical_wooddamage_v	1890	1890	0	8000	0
310133	310134	310132	3					0	0	0	0	0	0	0	0	0	1	6740	energy_v	2240	2240	0	physical_wooddamage_v	2240	2240	0	9000	0
310134		310133	3					0	0	0	0	0	0	0	0	0	1	7590	energy_v	2530	2530	0	physical_wooddamage_v	2530	2530	0	10000	0
310135	310136	301235	1	303335	1	507	14	0	0	0	0	0	0	0	0	0	1	6870	energy_v	2280	2280	0	physical_wooddamage_v	2280	2280	0	8000	0
310136	310137	310135	3					0	0	0	0	0	0	0	0	0	1	7920	energy_v	2640	2640	0	physical_wooddamage_v	2640	2640	0	9000	0
310137		310136	3					0	0	0	0	0	0	0	0	0	1	8750	energy_v	2910	2910	0	physical_wooddamage_v	2910	2910	0	10000	0
310138	310139	301238	1	303338	1	507	14	0	0	0	0	0	0	0	0	0	1	8060	energy_v	2680	2680	0	physical_wooddamage_v	2680	2680	0	8000	0
310139	310140	310138	3					0	0	0	0	0	0	0	0	0	1	9110	energy_v	3030	3030	0	physical_wooddamage_v	3030	3030	0	9000	0
310140		310139	3					0	0	0	0	0	0	0	0	0	1	9900	energy_v	3300	3300	0	physical_wooddamage_v	3300	3300	0	10000	0
310232	310233	301932	1	304532	1	507	14	0	0	0	0	0	0	0	0	0	1	5670	weaken_deadlystrike_damage_v	1890	1890	0	ignore_wood_resist_v	1000	1890	0	8000	0
310233	310234	310232	3					0	0	0	0	0	0	0	0	0	1	6740	weaken_deadlystrike_damage_v	2240	2240	0	ignore_wood_resist_v	1000	2240	0	9000	0
310234		310233	3					0	0	0	0	0	0	0	0	0	1	7590	weaken_deadlystrike_damage_v	2530	2530	0	ignore_wood_resist_v	1000	2530	0	10000	0
310235	310236	301935	1	304535	1	507	14	0	0	0	0	0	0	0	0	0	1	6870	weaken_deadlystrike_damage_v	2280	2280	0	ignore_wood_resist_v	1000	2280	0	8000	0
310236	310237	310235	3					0	0	0	0	0	0	0	0	0	1	7920	weaken_deadlystrike_damage_v	2640	2640	0	ignore_wood_resist_v	1000	2640	0	9000	0
310237		310236	3					0	0	0	0	0	0	0	0	0	1	8750	weaken_deadlystrike_damage_v	2910	2910	0	ignore_wood_resist_v	1000	2910	0	10000	0
310238	310239	301938	1	304538	1	507	14	0	0	0	0	0	0	0	0	0	1	8060	weaken_deadlystrike_damage_v	2680	2680	0	ignore_wood_resist_v	1000	2680	0	8000	0
310239	310240	310238	3					0	0	0	0	0	0	0	0	0	1	9110	weaken_deadlystrike_damage_v	3030	3030	0	ignore_wood_resist_v	1000	3030	0	9000	0
310240		310239	3					0	0	0	0	0	0	0	0	0	1	9900	weaken_deadlystrike_damage_v	3300	3300	0	ignore_wood_resist_v	1000	3300	0	10000	0
310332	310333	305032	1	304532	1	507	14	0	0	0	0	0	0	0	0	0	1	5670	ignore_wood_resist_v	1000	1890	0	return_resist_melee_v	7740	7740	0	8000	0
310333	310334	310332	3					0	0	0	0	0	0	0	0	0	1	6740	ignore_wood_resist_v	1000	2240	0	return_resist_melee_v	9180	9180	0	9000	0
310334		310333	3					0	0	0	0	0	0	0	0	0	1	7590	ignore_wood_resist_v	1000	2530	0	return_resist_melee_v	10350	10350	0	10000	0
310335	310336	305035	1	304535	1	507	14	0	0	0	0	0	0	0	0	0	1	6870	ignore_wood_resist_v	1000	2280	0	return_resist_melee_v	9360	9360	0	8000	0
310336	310337	310335	3					0	0	0	0	0	0	0	0	0	1	7920	ignore_wood_resist_v	1000	2640	0	return_resist_melee_v	10800	10800	0	9000	0
310337		310336	3					0	0	0	0	0	0	0	0	0	1	8750	ignore_wood_resist_v	1000	2910	0	return_resist_melee_v	11920	11920	0	10000	0
310338	310339	305038	1	304538	1	507	14	0	0	0	0	0	0	0	0	0	1	8060	ignore_wood_resist_v	1000	2680	0	return_resist_melee_v	10980	10980	0	8000	0
310339	310340	310338	3					0	0	0	0	0	0	0	0	0	1	9110	ignore_wood_resist_v	1000	3030	0	return_resist_melee_v	12420	12420	0	9000	0
310340		310339	3					0	0	0	0	0	0	0	0	0	1	9900	ignore_wood_resist_v	1000	3300	0	return_resist_melee_v	13500	13500	0	10000	0
310432	310433	301232	1	301932	1	507	14	0	0	0	0	0	0	0	0	0	1	5670	weaken_deadlystrike_damage_v	1890	1890	0	energy_v	1890	1890	0	8000	0
310433	310434	310432	3					0	0	0	0	0	0	0	0	0	1	6740	weaken_deadlystrike_damage_v	2240	2240	0	energy_v	2240	2240	0	9000	0
310434		310433	3					0	0	0	0	0	0	0	0	0	1	7590	weaken_deadlystrike_damage_v	2530	2530	0	energy_v	2530	2530	0	10000	0
310435	310436	301235	1	301935	1	507	14	0	0	0	0	0	0	0	0	0	1	6870	weaken_deadlystrike_damage_v	2280	2280	0	energy_v	2280	2280	0	8000	0
310436	310437	310435	3					0	0	0	0	0	0	0	0	0	1	7920	weaken_deadlystrike_damage_v	2640	2640	0	energy_v	2640	2640	0	9000	0
310437		310436	3					0	0	0	0	0	0	0	0	0	1	8750	weaken_deadlystrike_damage_v	2910	2910	0	energy_v	2910	2910	0	10000	0
310438	310439	301238	1	301938	1	507	14	0	0	0	0	0	0	0	0	0	1	8060	weaken_deadlystrike_damage_v	2680	2680	0	energy_v	2680	2680	0	8000	0
310439	310440	310438	3					0	0	0	0	0	0	0	0	0	1	9110	weaken_deadlystrike_damage_v	3030	3030	0	energy_v	3030	3030	0	9000	0
310440		310439	3					0	0	0	0	0	0	0	0	0	1	9900	weaken_deadlystrike_damage_v	3300	3300	0	energy_v	3300	3300	0	10000	0
310532	310533	305032	1	303332	1	507	14	0	0	0	0	0	0	0	0	0	1	5670	physical_wooddamage_v	1890	1890	0	return_resist_melee_v	7740	7740	0	8000	0
310533	310534	310532	3					0	0	0	0	0	0	0	0	0	1	6740	physical_wooddamage_v	2240	2240	0	return_resist_melee_v	9180	9180	0	9000	0
310534		310533	3					0	0	0	0	0	0	0	0	0	1	7590	physical_wooddamage_v	2530	2530	0	return_resist_melee_v	10350	10350	0	10000	0
310535	310536	305035	1	303335	1	507	14	0	0	0	0	0	0	0	0	0	1	6870	physical_wooddamage_v	2280	2280	0	return_resist_melee_v	9360	9360	0	8000	0
310536	310537	310535	3					0	0	0	0	0	0	0	0	0	1	7920	physical_wooddamage_v	2640	2640	0	return_resist_melee_v	10800	10800	0	9000	0
310537		310536	3					0	0	0	0	0	0	0	0	0	1	8750	physical_wooddamage_v	2910	2910	0	return_resist_melee_v	11920	11920	0	10000	0
310538	310539	305038	1	303338	1	507	14	0	0	0	0	0	0	0	0	0	1	8060	physical_wooddamage_v	2680	2680	0	return_resist_melee_v	10980	10980	0	8000	0
310539	310540	310538	3					0	0	0	0	0	0	0	0	0	1	9110	physical_wooddamage_v	3030	3030	0	return_resist_melee_v	12420	12420	0	9000	0
310540		310539	3					0	0	0	0	0	0	0	0	0	1	9900	physical_wooddamage_v	3300	3300	0	return_resist_melee_v	13500	13500	0	10000	0
310732	310733	310632	1	302132	1	507	14	0	0	1	0	0	0	0	0	0	0	5670	ignore_defense_v	1890	1890	0	recover_life_v	1890	90	0	8000	1
310733	310734	310732	3					0	0	1	0	0	0	0	0	0	0	6740	ignore_defense_v	2240	2240	0	recover_life_v	2240	90	0	9000	1
310734		310733	3					0	0	1	0	0	0	0	0	0	0	7590	ignore_defense_v	2530	2530	0	recover_life_v	2530	90	0	10000	1
310735	310736	310635	1	302135	1	507	14	0	0	1	0	0	0	0	0	0	0	6870	ignore_defense_v	2280	2280	0	recover_life_v	2280	90	0	8000	1
310736	310737	310735	3					0	0	1	0	0	0	0	0	0	0	7920	ignore_defense_v	2640	2640	0	recover_life_v	2640	90	0	9000	1
310737		310736	3					0	0	1	0	0	0	0	0	0	0	8750	ignore_defense_v	2910	2910	0	recover_life_v	2910	90	0	10000	1
310738	310739	310638	1	302138	1	507	14	0	0	1	0	0	0	0	0	0	0	8060	ignore_defense_v	2680	2680	0	recover_life_v	2680	90	0	8000	1
310739	310740	310738	3					0	0	1	0	0	0	0	0	0	0	9110	ignore_defense_v	3030	3030	0	recover_life_v	3030	90	0	9000	1
310740		310739	3					0	0	1	0	0	0	0	0	0	0	9900	ignore_defense_v	3300	3300	0	recover_life_v	1370	90	0	10000	1
310832	310833	310632	1	302332	1	507	14	0	0	0	0	0	0	1	0	0	0	5670	ignore_defense_v	1890	1890	0	defense_v	1890	1890	0	8000	1
310833	310834	310832	3					0	0	0	0	0	0	1	0	0	0	6740	ignore_defense_v	2240	2240	0	defense_v	2240	2240	0	9000	1
310834		310833	3					0	0	0	0	0	0	1	0	0	0	7590	ignore_defense_v	2530	2530	0	defense_v	2530	2530	0	10000	1
310835	310836	310635	1	302335	1	507	14	0	0	0	0	0	0	1	0	0	0	6870	ignore_defense_v	2280	2280	0	defense_v	2280	2280	0	8000	1
310836	310837	310835	3					0	0	0	0	0	0	1	0	0	0	7920	ignore_defense_v	2640	2640	0	defense_v	2640	2640	0	9000	1
310837		310836	3					0	0	0	0	0	0	1	0	0	0	8750	ignore_defense_v	2910	2910	0	defense_v	2910	2910	0	10000	1
310838	310839	310638	1	302338	1	507	14	0	0	0	0	0	0	1	0	0	0	8060	ignore_defense_v	2680	2680	0	defense_v	2680	2680	0	8000	1
310839	310840	310838	3					0	0	0	0	0	0	1	0	0	0	9110	ignore_defense_v	3030	3030	0	defense_v	3030	3030	0	9000	1
310840		310839	3					0	0	0	0	0	0	1	0	0	0	9900	ignore_defense_v	3300	3300	0	defense_v	1370	1370	0	10000	1
