FactionID	FactionSect	Level	Vitality	Strength	Dexterity	Energy
1	0	1	25	25	25	25
1	0	2	29	30	25	26
1	0	3	33	35	25	27
1	0	4	37	40	25	28
1	0	5	41	45	25	29
1	0	6	45	50	25	30
1	0	7	49	55	25	31
1	0	8	53	60	25	32
1	0	9	57	65	25	33
1	0	10	61	70	25	34
1	0	11	65	75	25	35
1	0	12	69	80	25	36
1	0	13	73	85	25	37
1	0	14	77	90	25	38
1	0	15	81	95	25	39
1	0	16	85	100	25	40
1	0	17	89	105	25	41
1	0	18	93	110	25	42
1	0	19	97	115	25	43
1	0	20	101	120	25	44
1	0	21	105	125	25	45
1	0	22	109	130	25	46
1	0	23	113	135	25	47
1	0	24	117	140	25	48
1	0	25	121	145	25	49
1	0	26	125	150	25	50
1	0	27	129	155	25	51
1	0	28	133	160	25	52
1	0	29	137	165	25	53
1	0	30	141	170	25	54
1	0	31	145	175	25	55
1	0	32	149	180	25	56
1	0	33	153	185	25	57
1	0	34	157	190	25	58
1	0	35	161	195	25	59
1	0	36	165	200	25	60
1	0	37	169	205	25	61
1	0	38	173	210	25	62
1	0	39	177	215	25	63
1	0	40	181	220	25	64
1	0	41	185	225	25	65
1	0	42	189	230	25	66
1	0	43	193	235	25	67
1	0	44	197	240	25	68
1	0	45	201	245	25	69
1	0	46	205	250	25	70
1	0	47	209	255	25	71
1	0	48	213	260	25	72
1	0	49	217	265	25	73
1	0	50	221	270	25	74
1	0	51	225	275	25	75
1	0	52	229	280	25	76
1	0	53	233	285	25	77
1	0	54	237	290	25	78
1	0	55	241	295	25	79
1	0	56	245	300	25	80
1	0	57	249	305	25	81
1	0	58	253	310	25	82
1	0	59	257	315	25	83
1	0	60	261	320	25	84
1	0	61	265	325	25	85
1	0	62	269	330	25	86
1	0	63	273	335	25	87
1	0	64	277	340	25	88
1	0	65	281	345	25	89
1	0	66	285	350	25	90
1	0	67	289	355	25	91
1	0	68	293	360	25	92
1	0	69	297	365	25	93
1	0	70	301	370	25	94
1	0	71	305	375	25	95
1	0	72	309	380	25	96
1	0	73	313	385	25	97
1	0	74	317	390	25	98
1	0	75	321	395	25	99
1	0	76	325	400	25	100
1	0	77	329	405	25	101
1	0	78	333	410	25	102
1	0	79	337	415	25	103
1	0	80	341	420	25	104
1	0	81	345	425	25	105
1	0	82	349	430	25	106
1	0	83	353	435	25	107
1	0	84	357	440	25	108
1	0	85	361	445	25	109
1	0	86	365	450	25	110
1	0	87	369	455	25	111
1	0	88	373	460	25	112
1	0	89	377	465	25	113
1	0	90	381	470	25	114
1	0	91	385	475	25	115
1	0	92	389	480	25	116
1	0	93	393	485	25	117
1	0	94	397	490	25	118
1	0	95	401	495	25	119
1	0	96	405	500	25	120
1	0	97	409	505	25	121
1	0	98	413	510	25	122
1	0	99	417	515	25	123
1	0	100	421	520	25	124
1	0	101	425	525	25	125
1	0	102	429	530	25	126
1	0	103	433	535	25	127
1	0	104	437	540	25	128
1	0	105	441	545	25	129
1	0	106	445	550	25	130
1	0	107	449	555	25	131
1	0	108	453	560	25	132
1	0	109	457	565	25	133
1	0	110	461	570	25	134
1	0	111	465	575	25	135
1	0	112	469	580	25	136
1	0	113	473	585	25	137
1	0	114	477	590	25	138
1	0	115	481	595	25	139
1	0	116	485	600	25	140
1	0	117	489	605	25	141
1	0	118	493	610	25	142
1	0	119	497	615	25	143
1	0	120	501	620	25	144
1	0	121	505	625	25	145
1	0	122	509	630	25	146
1	0	123	513	635	25	147
1	0	124	517	640	25	148
1	0	125	521	645	25	149
1	0	126	525	650	25	150
1	0	127	529	655	25	151
1	0	128	533	660	25	152
1	0	129	537	665	25	153
1	0	130	541	670	25	154
1	0	131	545	675	25	155
1	0	132	549	680	25	156
1	0	133	553	685	25	157
1	0	134	557	690	25	158
1	0	135	561	695	25	159
1	0	136	565	700	25	160
1	0	137	569	705	25	161
1	0	138	573	710	25	162
1	0	139	577	715	25	163
1	0	140	581	720	25	164
1	0	141	585	725	25	165
1	0	142	589	730	25	166
1	0	143	593	735	25	167
1	0	144	597	740	25	168
1	0	145	601	745	25	169
1	0	146	605	750	25	170
1	0	147	609	755	25	171
1	0	148	613	760	25	172
1	0	149	617	765	25	173
1	0	150	621	770	25	174
1	0	151	625	775	25	175
1	0	152	629	780	25	176
1	0	153	633	785	25	177
1	0	154	637	790	25	178
1	0	155	641	795	25	179
1	0	156	645	800	25	180
1	0	157	649	805	25	181
1	0	158	653	810	25	182
1	0	159	657	815	25	183
1	0	160	661	820	25	184
1	0	161	665	825	25	185
1	0	162	669	830	25	186
1	0	163	673	835	25	187
1	0	164	677	840	25	188
1	0	165	681	845	25	189
1	0	166	685	850	25	190
1	0	167	689	855	25	191
1	0	168	693	860	25	192
1	0	169	697	865	25	193
1	0	170	701	870	25	194
1	0	171	705	875	25	195
1	0	172	709	880	25	196
1	0	173	713	885	25	197
1	0	174	717	890	25	198
1	0	175	721	895	25	199
1	0	176	725	900	25	200
1	0	177	729	905	25	201
1	0	178	733	910	25	202
1	0	179	737	915	25	203
1	0	180	741	920	25	204
1	0	181	745	925	25	205
1	0	182	749	930	25	206
1	0	183	753	935	25	207
1	0	184	757	940	25	208
1	0	185	761	945	25	209
1	0	186	765	950	25	210
1	0	187	769	955	25	211
1	0	188	773	960	25	212
1	0	189	777	965	25	213
1	0	190	781	970	25	214
1	0	191	785	975	25	215
1	0	192	789	980	25	216
1	0	193	793	985	25	217
1	0	194	797	990	25	218
1	0	195	801	995	25	219
1	0	196	805	1000	25	220
1	0	197	809	1005	25	221
1	0	198	813	1010	25	222
1	0	199	817	1015	25	223
1	0	200	821	1020	25	224
1	0	201	825	1025	25	225
1	0	202	829	1030	25	226
1	0	203	833	1035	25	227
1	0	204	837	1040	25	228
1	0	205	841	1045	25	229
1	0	206	845	1050	25	230
1	0	207	849	1055	25	231
1	0	208	853	1060	25	232
1	0	209	857	1065	25	233
1	0	210	861	1070	25	234
1	0	211	865	1075	25	235
1	0	212	869	1080	25	236
1	0	213	873	1085	25	237
1	0	214	877	1090	25	238
1	0	215	881	1095	25	239
1	0	216	885	1100	25	240
1	0	217	889	1105	25	241
1	0	218	893	1110	25	242
1	0	219	897	1115	25	243
1	0	220	901	1120	25	244
1	0	221	905	1125	25	245
1	0	222	909	1130	25	246
1	0	223	913	1135	25	247
1	0	224	917	1140	25	248
1	0	225	921	1145	25	249
1	0	226	925	1150	25	250
1	0	227	929	1155	25	251
1	0	228	933	1160	25	252
1	0	229	937	1165	25	253
1	0	230	941	1170	25	254
1	0	231	945	1175	25	255
1	0	232	949	1180	25	256
1	0	233	953	1185	25	257
1	0	234	957	1190	25	258
1	0	235	961	1195	25	259
1	0	236	965	1200	25	260
1	0	237	969	1205	25	261
1	0	238	973	1210	25	262
1	0	239	977	1215	25	263
1	0	240	981	1220	25	264
1	0	241	985	1225	25	265
1	0	242	989	1230	25	266
1	0	243	993	1235	25	267
1	0	244	997	1240	25	268
1	0	245	1001	1245	25	269
1	0	246	1005	1250	25	270
1	0	247	1009	1255	25	271
1	0	248	1013	1260	25	272
1	0	249	1017	1265	25	273
1	0	250	1021	1270	25	274
1	0	251	1025	1275	25	275
1	0	252	1029	1280	25	276
1	0	253	1033	1285	25	277
1	0	254	1037	1290	25	278
1	0	255	1041	1295	25	279
1	0	256	1045	1300	25	280
1	0	257	1049	1305	25	281
1	0	258	1053	1310	25	282
1	0	259	1057	1315	25	283
1	0	260	1061	1320	25	284
1	0	261	1065	1325	25	285
1	0	262	1069	1330	25	286
1	0	263	1073	1335	25	287
1	0	264	1077	1340	25	288
1	0	265	1081	1345	25	289
1	0	266	1085	1350	25	290
1	0	267	1089	1355	25	291
1	0	268	1093	1360	25	292
1	0	269	1097	1365	25	293
1	0	270	1101	1370	25	294
1	0	271	1105	1375	25	295
1	0	272	1109	1380	25	296
1	0	273	1113	1385	25	297
1	0	274	1117	1390	25	298
1	0	275	1121	1395	25	299
1	0	276	1125	1400	25	300
1	0	277	1129	1405	25	301
1	0	278	1133	1410	25	302
1	0	279	1137	1415	25	303
1	0	280	1141	1420	25	304
1	0	281	1145	1425	25	305
1	0	282	1149	1430	25	306
1	0	283	1153	1435	25	307
1	0	284	1157	1440	25	308
1	0	285	1161	1445	25	309
1	0	286	1165	1450	25	310
1	0	287	1169	1455	25	311
1	0	288	1173	1460	25	312
1	0	289	1177	1465	25	313
1	0	290	1181	1470	25	314
1	0	291	1185	1475	25	315
1	0	292	1189	1480	25	316
1	0	293	1193	1485	25	317
1	0	294	1197	1490	25	318
1	0	295	1201	1495	25	319
1	0	296	1205	1500	25	320
1	0	297	1209	1505	25	321
1	0	298	1213	1510	25	322
1	0	299	1217	1515	25	323
1	0	300	1221	1520	25	324
1	0	301	1225	1525	25	325
1	0	302	1229	1530	25	326
1	0	303	1233	1535	25	327
1	0	304	1237	1540	25	328
1	0	305	1241	1545	25	329
1	0	306	1245	1550	25	330
1	0	307	1249	1555	25	331
1	0	308	1253	1560	25	332
1	0	309	1257	1565	25	333
1	0	310	1261	1570	25	334
1	0	311	1265	1575	25	335
1	0	312	1269	1580	25	336
1	0	313	1273	1585	25	337
1	0	314	1277	1590	25	338
1	0	315	1281	1595	25	339
1	0	316	1285	1600	25	340
1	0	317	1289	1605	25	341
1	0	318	1293	1610	25	342
1	0	319	1297	1615	25	343
1	0	320	1301	1620	25	344
1	0	321	1305	1625	25	345
1	0	322	1309	1630	25	346
1	0	323	1313	1635	25	347
1	0	324	1317	1640	25	348
1	0	325	1321	1645	25	349
1	0	326	1325	1650	25	350
1	0	327	1329	1655	25	351
1	0	328	1333	1660	25	352
1	0	329	1337	1665	25	353
1	0	330	1341	1670	25	354
1	0	331	1345	1675	25	355
1	0	332	1349	1680	25	356
1	0	333	1353	1685	25	357
1	0	334	1357	1690	25	358
1	0	335	1361	1695	25	359
1	0	336	1365	1700	25	360
1	0	337	1369	1705	25	361
1	0	338	1373	1710	25	362
1	0	339	1377	1715	25	363
1	0	340	1381	1720	25	364
1	0	341	1385	1725	25	365
1	0	342	1389	1730	25	366
1	0	343	1393	1735	25	367
1	0	344	1397	1740	25	368
1	0	345	1401	1745	25	369
1	0	346	1405	1750	25	370
1	0	347	1409	1755	25	371
1	0	348	1413	1760	25	372
1	0	349	1417	1765	25	373
1	0	350	1421	1770	25	374
1	0	351	1425	1775	25	375
1	0	352	1429	1780	25	376
1	0	353	1433	1785	25	377
1	0	354	1437	1790	25	378
1	0	355	1441	1795	25	379
1	0	356	1445	1800	25	380
1	0	357	1449	1805	25	381
1	0	358	1453	1810	25	382
1	0	359	1457	1815	25	383
1	0	360	1461	1820	25	384
1	0	361	1465	1825	25	385
1	0	362	1469	1830	25	386
1	0	363	1473	1835	25	387
1	0	364	1477	1840	25	388
1	0	365	1481	1845	25	389
1	0	366	1485	1850	25	390
1	0	367	1489	1855	25	391
1	0	368	1493	1860	25	392
1	0	369	1497	1865	25	393
1	0	370	1501	1870	25	394
1	0	371	1505	1875	25	395
1	0	372	1509	1880	25	396
1	0	373	1513	1885	25	397
1	0	374	1517	1890	25	398
1	0	375	1521	1895	25	399
1	0	376	1525	1900	25	400
1	0	377	1529	1905	25	401
1	0	378	1533	1910	25	402
1	0	379	1537	1915	25	403
1	0	380	1541	1920	25	404
1	0	381	1545	1925	25	405
1	0	382	1549	1930	25	406
1	0	383	1553	1935	25	407
1	0	384	1557	1940	25	408
1	0	385	1561	1945	25	409
1	0	386	1565	1950	25	410
1	0	387	1569	1955	25	411
1	0	388	1573	1960	25	412
1	0	389	1577	1965	25	413
1	0	390	1581	1970	25	414
1	0	391	1585	1975	25	415
1	0	392	1589	1980	25	416
1	0	393	1593	1985	25	417
1	0	394	1597	1990	25	418
1	0	395	1601	1995	25	419
1	0	396	1605	2000	25	420
1	0	397	1609	2005	25	421
1	0	398	1613	2010	25	422
1	0	399	1617	2015	25	423
1	1	1	25	25	25	25
1	1	2	29	30	25	26
1	1	3	33	35	25	27
1	1	4	37	40	25	28
1	1	5	41	45	25	29
1	1	6	45	50	25	30
1	1	7	49	55	25	31
1	1	8	53	60	25	32
1	1	9	57	65	25	33
1	1	10	61	70	25	34
1	1	11	65	75	25	35
1	1	12	69	80	25	36
1	1	13	73	85	25	37
1	1	14	77	90	25	38
1	1	15	81	95	25	39
1	1	16	85	100	25	40
1	1	17	89	105	25	41
1	1	18	93	110	25	42
1	1	19	97	115	25	43
1	1	20	101	120	25	44
1	1	21	105	125	25	45
1	1	22	109	130	25	46
1	1	23	113	135	25	47
1	1	24	117	140	25	48
1	1	25	121	145	25	49
1	1	26	125	150	25	50
1	1	27	129	155	25	51
1	1	28	133	160	25	52
1	1	29	137	165	25	53
1	1	30	141	170	25	54
1	1	31	145	175	25	55
1	1	32	149	180	25	56
1	1	33	153	185	25	57
1	1	34	157	190	25	58
1	1	35	161	195	25	59
1	1	36	165	200	25	60
1	1	37	169	205	25	61
1	1	38	173	210	25	62
1	1	39	177	215	25	63
1	1	40	181	220	25	64
1	1	41	185	225	25	65
1	1	42	189	230	25	66
1	1	43	193	235	25	67
1	1	44	197	240	25	68
1	1	45	201	245	25	69
1	1	46	205	250	25	70
1	1	47	209	255	25	71
1	1	48	213	260	25	72
1	1	49	217	265	25	73
1	1	50	221	270	25	74
1	1	51	225	275	25	75
1	1	52	229	280	25	76
1	1	53	233	285	25	77
1	1	54	237	290	25	78
1	1	55	241	295	25	79
1	1	56	245	300	25	80
1	1	57	249	305	25	81
1	1	58	253	310	25	82
1	1	59	257	315	25	83
1	1	60	261	320	25	84
1	1	61	265	325	25	85
1	1	62	269	330	25	86
1	1	63	273	335	25	87
1	1	64	277	340	25	88
1	1	65	281	345	25	89
1	1	66	285	350	25	90
1	1	67	289	355	25	91
1	1	68	293	360	25	92
1	1	69	297	365	25	93
1	1	70	301	370	25	94
1	1	71	305	375	25	95
1	1	72	309	380	25	96
1	1	73	313	385	25	97
1	1	74	317	390	25	98
1	1	75	321	395	25	99
1	1	76	325	400	25	100
1	1	77	329	405	25	101
1	1	78	333	410	25	102
1	1	79	337	415	25	103
1	1	80	341	420	25	104
1	1	81	345	425	25	105
1	1	82	349	430	25	106
1	1	83	353	435	25	107
1	1	84	357	440	25	108
1	1	85	361	445	25	109
1	1	86	365	450	25	110
1	1	87	369	455	25	111
1	1	88	373	460	25	112
1	1	89	377	465	25	113
1	1	90	381	470	25	114
1	1	91	385	475	25	115
1	1	92	389	480	25	116
1	1	93	393	485	25	117
1	1	94	397	490	25	118
1	1	95	401	495	25	119
1	1	96	405	500	25	120
1	1	97	409	505	25	121
1	1	98	413	510	25	122
1	1	99	417	515	25	123
1	1	100	421	520	25	124
1	1	101	425	525	25	125
1	1	102	429	530	25	126
1	1	103	433	535	25	127
1	1	104	437	540	25	128
1	1	105	441	545	25	129
1	1	106	445	550	25	130
1	1	107	449	555	25	131
1	1	108	453	560	25	132
1	1	109	457	565	25	133
1	1	110	461	570	25	134
1	1	111	465	575	25	135
1	1	112	469	580	25	136
1	1	113	473	585	25	137
1	1	114	477	590	25	138
1	1	115	481	595	25	139
1	1	116	485	600	25	140
1	1	117	489	605	25	141
1	1	118	493	610	25	142
1	1	119	497	615	25	143
1	1	120	501	620	25	144
1	1	121	505	625	25	145
1	1	122	509	630	25	146
1	1	123	513	635	25	147
1	1	124	517	640	25	148
1	1	125	521	645	25	149
1	1	126	525	650	25	150
1	1	127	529	655	25	151
1	1	128	533	660	25	152
1	1	129	537	665	25	153
1	1	130	541	670	25	154
1	1	131	545	675	25	155
1	1	132	549	680	25	156
1	1	133	553	685	25	157
1	1	134	557	690	25	158
1	1	135	561	695	25	159
1	1	136	565	700	25	160
1	1	137	569	705	25	161
1	1	138	573	710	25	162
1	1	139	577	715	25	163
1	1	140	581	720	25	164
1	1	141	585	725	25	165
1	1	142	589	730	25	166
1	1	143	593	735	25	167
1	1	144	597	740	25	168
1	1	145	601	745	25	169
1	1	146	605	750	25	170
1	1	147	609	755	25	171
1	1	148	613	760	25	172
1	1	149	617	765	25	173
1	1	150	621	770	25	174
1	1	151	625	775	25	175
1	1	152	629	780	25	176
1	1	153	633	785	25	177
1	1	154	637	790	25	178
1	1	155	641	795	25	179
1	1	156	645	800	25	180
1	1	157	649	805	25	181
1	1	158	653	810	25	182
1	1	159	657	815	25	183
1	1	160	661	820	25	184
1	1	161	665	825	25	185
1	1	162	669	830	25	186
1	1	163	673	835	25	187
1	1	164	677	840	25	188
1	1	165	681	845	25	189
1	1	166	685	850	25	190
1	1	167	689	855	25	191
1	1	168	693	860	25	192
1	1	169	697	865	25	193
1	1	170	701	870	25	194
1	1	171	705	875	25	195
1	1	172	709	880	25	196
1	1	173	713	885	25	197
1	1	174	717	890	25	198
1	1	175	721	895	25	199
1	1	176	725	900	25	200
1	1	177	729	905	25	201
1	1	178	733	910	25	202
1	1	179	737	915	25	203
1	1	180	741	920	25	204
1	1	181	745	925	25	205
1	1	182	749	930	25	206
1	1	183	753	935	25	207
1	1	184	757	940	25	208
1	1	185	761	945	25	209
1	1	186	765	950	25	210
1	1	187	769	955	25	211
1	1	188	773	960	25	212
1	1	189	777	965	25	213
1	1	190	781	970	25	214
1	1	191	785	975	25	215
1	1	192	789	980	25	216
1	1	193	793	985	25	217
1	1	194	797	990	25	218
1	1	195	801	995	25	219
1	1	196	805	1000	25	220
1	1	197	809	1005	25	221
1	1	198	813	1010	25	222
1	1	199	817	1015	25	223
1	1	200	821	1020	25	224
1	1	201	825	1025	25	225
1	1	202	829	1030	25	226
1	1	203	833	1035	25	227
1	1	204	837	1040	25	228
1	1	205	841	1045	25	229
1	1	206	845	1050	25	230
1	1	207	849	1055	25	231
1	1	208	853	1060	25	232
1	1	209	857	1065	25	233
1	1	210	861	1070	25	234
1	1	211	865	1075	25	235
1	1	212	869	1080	25	236
1	1	213	873	1085	25	237
1	1	214	877	1090	25	238
1	1	215	881	1095	25	239
1	1	216	885	1100	25	240
1	1	217	889	1105	25	241
1	1	218	893	1110	25	242
1	1	219	897	1115	25	243
1	1	220	901	1120	25	244
1	1	221	905	1125	25	245
1	1	222	909	1130	25	246
1	1	223	913	1135	25	247
1	1	224	917	1140	25	248
1	1	225	921	1145	25	249
1	1	226	925	1150	25	250
1	1	227	929	1155	25	251
1	1	228	933	1160	25	252
1	1	229	937	1165	25	253
1	1	230	941	1170	25	254
1	1	231	945	1175	25	255
1	1	232	949	1180	25	256
1	1	233	953	1185	25	257
1	1	234	957	1190	25	258
1	1	235	961	1195	25	259
1	1	236	965	1200	25	260
1	1	237	969	1205	25	261
1	1	238	973	1210	25	262
1	1	239	977	1215	25	263
1	1	240	981	1220	25	264
1	1	241	985	1225	25	265
1	1	242	989	1230	25	266
1	1	243	993	1235	25	267
1	1	244	997	1240	25	268
1	1	245	1001	1245	25	269
1	1	246	1005	1250	25	270
1	1	247	1009	1255	25	271
1	1	248	1013	1260	25	272
1	1	249	1017	1265	25	273
1	1	250	1021	1270	25	274
1	1	251	1025	1275	25	275
1	1	252	1029	1280	25	276
1	1	253	1033	1285	25	277
1	1	254	1037	1290	25	278
1	1	255	1041	1295	25	279
1	1	256	1045	1300	25	280
1	1	257	1049	1305	25	281
1	1	258	1053	1310	25	282
1	1	259	1057	1315	25	283
1	1	260	1061	1320	25	284
1	1	261	1065	1325	25	285
1	1	262	1069	1330	25	286
1	1	263	1073	1335	25	287
1	1	264	1077	1340	25	288
1	1	265	1081	1345	25	289
1	1	266	1085	1350	25	290
1	1	267	1089	1355	25	291
1	1	268	1093	1360	25	292
1	1	269	1097	1365	25	293
1	1	270	1101	1370	25	294
1	1	271	1105	1375	25	295
1	1	272	1109	1380	25	296
1	1	273	1113	1385	25	297
1	1	274	1117	1390	25	298
1	1	275	1121	1395	25	299
1	1	276	1125	1400	25	300
1	1	277	1129	1405	25	301
1	1	278	1133	1410	25	302
1	1	279	1137	1415	25	303
1	1	280	1141	1420	25	304
1	1	281	1145	1425	25	305
1	1	282	1149	1430	25	306
1	1	283	1153	1435	25	307
1	1	284	1157	1440	25	308
1	1	285	1161	1445	25	309
1	1	286	1165	1450	25	310
1	1	287	1169	1455	25	311
1	1	288	1173	1460	25	312
1	1	289	1177	1465	25	313
1	1	290	1181	1470	25	314
1	1	291	1185	1475	25	315
1	1	292	1189	1480	25	316
1	1	293	1193	1485	25	317
1	1	294	1197	1490	25	318
1	1	295	1201	1495	25	319
1	1	296	1205	1500	25	320
1	1	297	1209	1505	25	321
1	1	298	1213	1510	25	322
1	1	299	1217	1515	25	323
1	1	300	1221	1520	25	324
1	1	301	1225	1525	25	325
1	1	302	1229	1530	25	326
1	1	303	1233	1535	25	327
1	1	304	1237	1540	25	328
1	1	305	1241	1545	25	329
1	1	306	1245	1550	25	330
1	1	307	1249	1555	25	331
1	1	308	1253	1560	25	332
1	1	309	1257	1565	25	333
1	1	310	1261	1570	25	334
1	1	311	1265	1575	25	335
1	1	312	1269	1580	25	336
1	1	313	1273	1585	25	337
1	1	314	1277	1590	25	338
1	1	315	1281	1595	25	339
1	1	316	1285	1600	25	340
1	1	317	1289	1605	25	341
1	1	318	1293	1610	25	342
1	1	319	1297	1615	25	343
1	1	320	1301	1620	25	344
1	1	321	1305	1625	25	345
1	1	322	1309	1630	25	346
1	1	323	1313	1635	25	347
1	1	324	1317	1640	25	348
1	1	325	1321	1645	25	349
1	1	326	1325	1650	25	350
1	1	327	1329	1655	25	351
1	1	328	1333	1660	25	352
1	1	329	1337	1665	25	353
1	1	330	1341	1670	25	354
1	1	331	1345	1675	25	355
1	1	332	1349	1680	25	356
1	1	333	1353	1685	25	357
1	1	334	1357	1690	25	358
1	1	335	1361	1695	25	359
1	1	336	1365	1700	25	360
1	1	337	1369	1705	25	361
1	1	338	1373	1710	25	362
1	1	339	1377	1715	25	363
1	1	340	1381	1720	25	364
1	1	341	1385	1725	25	365
1	1	342	1389	1730	25	366
1	1	343	1393	1735	25	367
1	1	344	1397	1740	25	368
1	1	345	1401	1745	25	369
1	1	346	1405	1750	25	370
1	1	347	1409	1755	25	371
1	1	348	1413	1760	25	372
1	1	349	1417	1765	25	373
1	1	350	1421	1770	25	374
1	1	351	1425	1775	25	375
1	1	352	1429	1780	25	376
1	1	353	1433	1785	25	377
1	1	354	1437	1790	25	378
1	1	355	1441	1795	25	379
1	1	356	1445	1800	25	380
1	1	357	1449	1805	25	381
1	1	358	1453	1810	25	382
1	1	359	1457	1815	25	383
1	1	360	1461	1820	25	384
1	1	361	1465	1825	25	385
1	1	362	1469	1830	25	386
1	1	363	1473	1835	25	387
1	1	364	1477	1840	25	388
1	1	365	1481	1845	25	389
1	1	366	1485	1850	25	390
1	1	367	1489	1855	25	391
1	1	368	1493	1860	25	392
1	1	369	1497	1865	25	393
1	1	370	1501	1870	25	394
1	1	371	1505	1875	25	395
1	1	372	1509	1880	25	396
1	1	373	1513	1885	25	397
1	1	374	1517	1890	25	398
1	1	375	1521	1895	25	399
1	1	376	1525	1900	25	400
1	1	377	1529	1905	25	401
1	1	378	1533	1910	25	402
1	1	379	1537	1915	25	403
1	1	380	1541	1920	25	404
1	1	381	1545	1925	25	405
1	1	382	1549	1930	25	406
1	1	383	1553	1935	25	407
1	1	384	1557	1940	25	408
1	1	385	1561	1945	25	409
1	1	386	1565	1950	25	410
1	1	387	1569	1955	25	411
1	1	388	1573	1960	25	412
1	1	389	1577	1965	25	413
1	1	390	1581	1970	25	414
1	1	391	1585	1975	25	415
1	1	392	1589	1980	25	416
1	1	393	1593	1985	25	417
1	1	394	1597	1990	25	418
1	1	395	1601	1995	25	419
1	1	396	1605	2000	25	420
1	1	397	1609	2005	25	421
1	1	398	1613	2010	25	422
1	1	399	1617	2015	25	423
2	0	1	25	25	25	25
2	0	2	29	30	25	26
2	0	3	33	35	25	27
2	0	4	37	40	25	28
2	0	5	41	45	25	29
2	0	6	45	50	25	30
2	0	7	49	55	25	31
2	0	8	53	60	25	32
2	0	9	57	65	25	33
2	0	10	61	70	25	34
2	0	11	65	75	25	35
2	0	12	69	80	25	36
2	0	13	73	85	25	37
2	0	14	77	90	25	38
2	0	15	81	95	25	39
2	0	16	85	100	25	40
2	0	17	89	105	25	41
2	0	18	93	110	25	42
2	0	19	97	115	25	43
2	0	20	101	120	25	44
2	0	21	105	125	25	45
2	0	22	109	130	25	46
2	0	23	113	135	25	47
2	0	24	117	140	25	48
2	0	25	121	145	25	49
2	0	26	125	150	25	50
2	0	27	129	155	25	51
2	0	28	133	160	25	52
2	0	29	137	165	25	53
2	0	30	141	170	25	54
2	0	31	145	175	25	55
2	0	32	149	180	25	56
2	0	33	153	185	25	57
2	0	34	157	190	25	58
2	0	35	161	195	25	59
2	0	36	165	200	25	60
2	0	37	169	205	25	61
2	0	38	173	210	25	62
2	0	39	177	215	25	63
2	0	40	181	220	25	64
2	0	41	185	225	25	65
2	0	42	189	230	25	66
2	0	43	193	235	25	67
2	0	44	197	240	25	68
2	0	45	201	245	25	69
2	0	46	205	250	25	70
2	0	47	209	255	25	71
2	0	48	213	260	25	72
2	0	49	217	265	25	73
2	0	50	221	270	25	74
2	0	51	225	275	25	75
2	0	52	229	280	25	76
2	0	53	233	285	25	77
2	0	54	237	290	25	78
2	0	55	241	295	25	79
2	0	56	245	300	25	80
2	0	57	249	305	25	81
2	0	58	253	310	25	82
2	0	59	257	315	25	83
2	0	60	261	320	25	84
2	0	61	265	325	25	85
2	0	62	269	330	25	86
2	0	63	273	335	25	87
2	0	64	277	340	25	88
2	0	65	281	345	25	89
2	0	66	285	350	25	90
2	0	67	289	355	25	91
2	0	68	293	360	25	92
2	0	69	297	365	25	93
2	0	70	301	370	25	94
2	0	71	305	375	25	95
2	0	72	309	380	25	96
2	0	73	313	385	25	97
2	0	74	317	390	25	98
2	0	75	321	395	25	99
2	0	76	325	400	25	100
2	0	77	329	405	25	101
2	0	78	333	410	25	102
2	0	79	337	415	25	103
2	0	80	341	420	25	104
2	0	81	345	425	25	105
2	0	82	349	430	25	106
2	0	83	353	435	25	107
2	0	84	357	440	25	108
2	0	85	361	445	25	109
2	0	86	365	450	25	110
2	0	87	369	455	25	111
2	0	88	373	460	25	112
2	0	89	377	465	25	113
2	0	90	381	470	25	114
2	0	91	385	475	25	115
2	0	92	389	480	25	116
2	0	93	393	485	25	117
2	0	94	397	490	25	118
2	0	95	401	495	25	119
2	0	96	405	500	25	120
2	0	97	409	505	25	121
2	0	98	413	510	25	122
2	0	99	417	515	25	123
2	0	100	421	520	25	124
2	0	101	425	525	25	125
2	0	102	429	530	25	126
2	0	103	433	535	25	127
2	0	104	437	540	25	128
2	0	105	441	545	25	129
2	0	106	445	550	25	130
2	0	107	449	555	25	131
2	0	108	453	560	25	132
2	0	109	457	565	25	133
2	0	110	461	570	25	134
2	0	111	465	575	25	135
2	0	112	469	580	25	136
2	0	113	473	585	25	137
2	0	114	477	590	25	138
2	0	115	481	595	25	139
2	0	116	485	600	25	140
2	0	117	489	605	25	141
2	0	118	493	610	25	142
2	0	119	497	615	25	143
2	0	120	501	620	25	144
2	0	121	505	625	25	145
2	0	122	509	630	25	146
2	0	123	513	635	25	147
2	0	124	517	640	25	148
2	0	125	521	645	25	149
2	0	126	525	650	25	150
2	0	127	529	655	25	151
2	0	128	533	660	25	152
2	0	129	537	665	25	153
2	0	130	541	670	25	154
2	0	131	545	675	25	155
2	0	132	549	680	25	156
2	0	133	553	685	25	157
2	0	134	557	690	25	158
2	0	135	561	695	25	159
2	0	136	565	700	25	160
2	0	137	569	705	25	161
2	0	138	573	710	25	162
2	0	139	577	715	25	163
2	0	140	581	720	25	164
2	0	141	585	725	25	165
2	0	142	589	730	25	166
2	0	143	593	735	25	167
2	0	144	597	740	25	168
2	0	145	601	745	25	169
2	0	146	605	750	25	170
2	0	147	609	755	25	171
2	0	148	613	760	25	172
2	0	149	617	765	25	173
2	0	150	621	770	25	174
2	0	151	625	775	25	175
2	0	152	629	780	25	176
2	0	153	633	785	25	177
2	0	154	637	790	25	178
2	0	155	641	795	25	179
2	0	156	645	800	25	180
2	0	157	649	805	25	181
2	0	158	653	810	25	182
2	0	159	657	815	25	183
2	0	160	661	820	25	184
2	0	161	665	825	25	185
2	0	162	669	830	25	186
2	0	163	673	835	25	187
2	0	164	677	840	25	188
2	0	165	681	845	25	189
2	0	166	685	850	25	190
2	0	167	689	855	25	191
2	0	168	693	860	25	192
2	0	169	697	865	25	193
2	0	170	701	870	25	194
2	0	171	705	875	25	195
2	0	172	709	880	25	196
2	0	173	713	885	25	197
2	0	174	717	890	25	198
2	0	175	721	895	25	199
2	0	176	725	900	25	200
2	0	177	729	905	25	201
2	0	178	733	910	25	202
2	0	179	737	915	25	203
2	0	180	741	920	25	204
2	0	181	745	925	25	205
2	0	182	749	930	25	206
2	0	183	753	935	25	207
2	0	184	757	940	25	208
2	0	185	761	945	25	209
2	0	186	765	950	25	210
2	0	187	769	955	25	211
2	0	188	773	960	25	212
2	0	189	777	965	25	213
2	0	190	781	970	25	214
2	0	191	785	975	25	215
2	0	192	789	980	25	216
2	0	193	793	985	25	217
2	0	194	797	990	25	218
2	0	195	801	995	25	219
2	0	196	805	1000	25	220
2	0	197	809	1005	25	221
2	0	198	813	1010	25	222
2	0	199	817	1015	25	223
2	0	200	821	1020	25	224
2	0	201	825	1025	25	225
2	0	202	829	1030	25	226
2	0	203	833	1035	25	227
2	0	204	837	1040	25	228
2	0	205	841	1045	25	229
2	0	206	845	1050	25	230
2	0	207	849	1055	25	231
2	0	208	853	1060	25	232
2	0	209	857	1065	25	233
2	0	210	861	1070	25	234
2	0	211	865	1075	25	235
2	0	212	869	1080	25	236
2	0	213	873	1085	25	237
2	0	214	877	1090	25	238
2	0	215	881	1095	25	239
2	0	216	885	1100	25	240
2	0	217	889	1105	25	241
2	0	218	893	1110	25	242
2	0	219	897	1115	25	243
2	0	220	901	1120	25	244
2	0	221	905	1125	25	245
2	0	222	909	1130	25	246
2	0	223	913	1135	25	247
2	0	224	917	1140	25	248
2	0	225	921	1145	25	249
2	0	226	925	1150	25	250
2	0	227	929	1155	25	251
2	0	228	933	1160	25	252
2	0	229	937	1165	25	253
2	0	230	941	1170	25	254
2	0	231	945	1175	25	255
2	0	232	949	1180	25	256
2	0	233	953	1185	25	257
2	0	234	957	1190	25	258
2	0	235	961	1195	25	259
2	0	236	965	1200	25	260
2	0	237	969	1205	25	261
2	0	238	973	1210	25	262
2	0	239	977	1215	25	263
2	0	240	981	1220	25	264
2	0	241	985	1225	25	265
2	0	242	989	1230	25	266
2	0	243	993	1235	25	267
2	0	244	997	1240	25	268
2	0	245	1001	1245	25	269
2	0	246	1005	1250	25	270
2	0	247	1009	1255	25	271
2	0	248	1013	1260	25	272
2	0	249	1017	1265	25	273
2	0	250	1021	1270	25	274
2	0	251	1025	1275	25	275
2	0	252	1029	1280	25	276
2	0	253	1033	1285	25	277
2	0	254	1037	1290	25	278
2	0	255	1041	1295	25	279
2	0	256	1045	1300	25	280
2	0	257	1049	1305	25	281
2	0	258	1053	1310	25	282
2	0	259	1057	1315	25	283
2	0	260	1061	1320	25	284
2	0	261	1065	1325	25	285
2	0	262	1069	1330	25	286
2	0	263	1073	1335	25	287
2	0	264	1077	1340	25	288
2	0	265	1081	1345	25	289
2	0	266	1085	1350	25	290
2	0	267	1089	1355	25	291
2	0	268	1093	1360	25	292
2	0	269	1097	1365	25	293
2	0	270	1101	1370	25	294
2	0	271	1105	1375	25	295
2	0	272	1109	1380	25	296
2	0	273	1113	1385	25	297
2	0	274	1117	1390	25	298
2	0	275	1121	1395	25	299
2	0	276	1125	1400	25	300
2	0	277	1129	1405	25	301
2	0	278	1133	1410	25	302
2	0	279	1137	1415	25	303
2	0	280	1141	1420	25	304
2	0	281	1145	1425	25	305
2	0	282	1149	1430	25	306
2	0	283	1153	1435	25	307
2	0	284	1157	1440	25	308
2	0	285	1161	1445	25	309
2	0	286	1165	1450	25	310
2	0	287	1169	1455	25	311
2	0	288	1173	1460	25	312
2	0	289	1177	1465	25	313
2	0	290	1181	1470	25	314
2	0	291	1185	1475	25	315
2	0	292	1189	1480	25	316
2	0	293	1193	1485	25	317
2	0	294	1197	1490	25	318
2	0	295	1201	1495	25	319
2	0	296	1205	1500	25	320
2	0	297	1209	1505	25	321
2	0	298	1213	1510	25	322
2	0	299	1217	1515	25	323
2	0	300	1221	1520	25	324
2	0	301	1225	1525	25	325
2	0	302	1229	1530	25	326
2	0	303	1233	1535	25	327
2	0	304	1237	1540	25	328
2	0	305	1241	1545	25	329
2	0	306	1245	1550	25	330
2	0	307	1249	1555	25	331
2	0	308	1253	1560	25	332
2	0	309	1257	1565	25	333
2	0	310	1261	1570	25	334
2	0	311	1265	1575	25	335
2	0	312	1269	1580	25	336
2	0	313	1273	1585	25	337
2	0	314	1277	1590	25	338
2	0	315	1281	1595	25	339
2	0	316	1285	1600	25	340
2	0	317	1289	1605	25	341
2	0	318	1293	1610	25	342
2	0	319	1297	1615	25	343
2	0	320	1301	1620	25	344
2	0	321	1305	1625	25	345
2	0	322	1309	1630	25	346
2	0	323	1313	1635	25	347
2	0	324	1317	1640	25	348
2	0	325	1321	1645	25	349
2	0	326	1325	1650	25	350
2	0	327	1329	1655	25	351
2	0	328	1333	1660	25	352
2	0	329	1337	1665	25	353
2	0	330	1341	1670	25	354
2	0	331	1345	1675	25	355
2	0	332	1349	1680	25	356
2	0	333	1353	1685	25	357
2	0	334	1357	1690	25	358
2	0	335	1361	1695	25	359
2	0	336	1365	1700	25	360
2	0	337	1369	1705	25	361
2	0	338	1373	1710	25	362
2	0	339	1377	1715	25	363
2	0	340	1381	1720	25	364
2	0	341	1385	1725	25	365
2	0	342	1389	1730	25	366
2	0	343	1393	1735	25	367
2	0	344	1397	1740	25	368
2	0	345	1401	1745	25	369
2	0	346	1405	1750	25	370
2	0	347	1409	1755	25	371
2	0	348	1413	1760	25	372
2	0	349	1417	1765	25	373
2	0	350	1421	1770	25	374
2	0	351	1425	1775	25	375
2	0	352	1429	1780	25	376
2	0	353	1433	1785	25	377
2	0	354	1437	1790	25	378
2	0	355	1441	1795	25	379
2	0	356	1445	1800	25	380
2	0	357	1449	1805	25	381
2	0	358	1453	1810	25	382
2	0	359	1457	1815	25	383
2	0	360	1461	1820	25	384
2	0	361	1465	1825	25	385
2	0	362	1469	1830	25	386
2	0	363	1473	1835	25	387
2	0	364	1477	1840	25	388
2	0	365	1481	1845	25	389
2	0	366	1485	1850	25	390
2	0	367	1489	1855	25	391
2	0	368	1493	1860	25	392
2	0	369	1497	1865	25	393
2	0	370	1501	1870	25	394
2	0	371	1505	1875	25	395
2	0	372	1509	1880	25	396
2	0	373	1513	1885	25	397
2	0	374	1517	1890	25	398
2	0	375	1521	1895	25	399
2	0	376	1525	1900	25	400
2	0	377	1529	1905	25	401
2	0	378	1533	1910	25	402
2	0	379	1537	1915	25	403
2	0	380	1541	1920	25	404
2	0	381	1545	1925	25	405
2	0	382	1549	1930	25	406
2	0	383	1553	1935	25	407
2	0	384	1557	1940	25	408
2	0	385	1561	1945	25	409
2	0	386	1565	1950	25	410
2	0	387	1569	1955	25	411
2	0	388	1573	1960	25	412
2	0	389	1577	1965	25	413
2	0	390	1581	1970	25	414
2	0	391	1585	1975	25	415
2	0	392	1589	1980	25	416
2	0	393	1593	1985	25	417
2	0	394	1597	1990	25	418
2	0	395	1601	1995	25	419
2	0	396	1605	2000	25	420
2	0	397	1609	2005	25	421
2	0	398	1613	2010	25	422
2	0	399	1617	2015	25	423
2	1	1	25	25	25	25
2	1	2	29	30	25	26
2	1	3	33	35	25	27
2	1	4	37	40	25	28
2	1	5	41	45	25	29
2	1	6	45	50	25	30
2	1	7	49	55	25	31
2	1	8	53	60	25	32
2	1	9	57	65	25	33
2	1	10	61	70	25	34
2	1	11	65	75	25	35
2	1	12	69	80	25	36
2	1	13	73	85	25	37
2	1	14	77	90	25	38
2	1	15	81	95	25	39
2	1	16	85	100	25	40
2	1	17	89	105	25	41
2	1	18	93	110	25	42
2	1	19	97	115	25	43
2	1	20	101	120	25	44
2	1	21	105	125	25	45
2	1	22	109	130	25	46
2	1	23	113	135	25	47
2	1	24	117	140	25	48
2	1	25	121	145	25	49
2	1	26	125	150	25	50
2	1	27	129	155	25	51
2	1	28	133	160	25	52
2	1	29	137	165	25	53
2	1	30	141	170	25	54
2	1	31	145	175	25	55
2	1	32	149	180	25	56
2	1	33	153	185	25	57
2	1	34	157	190	25	58
2	1	35	161	195	25	59
2	1	36	165	200	25	60
2	1	37	169	205	25	61
2	1	38	173	210	25	62
2	1	39	177	215	25	63
2	1	40	181	220	25	64
2	1	41	185	225	25	65
2	1	42	189	230	25	66
2	1	43	193	235	25	67
2	1	44	197	240	25	68
2	1	45	201	245	25	69
2	1	46	205	250	25	70
2	1	47	209	255	25	71
2	1	48	213	260	25	72
2	1	49	217	265	25	73
2	1	50	221	270	25	74
2	1	51	225	275	25	75
2	1	52	229	280	25	76
2	1	53	233	285	25	77
2	1	54	237	290	25	78
2	1	55	241	295	25	79
2	1	56	245	300	25	80
2	1	57	249	305	25	81
2	1	58	253	310	25	82
2	1	59	257	315	25	83
2	1	60	261	320	25	84
2	1	61	265	325	25	85
2	1	62	269	330	25	86
2	1	63	273	335	25	87
2	1	64	277	340	25	88
2	1	65	281	345	25	89
2	1	66	285	350	25	90
2	1	67	289	355	25	91
2	1	68	293	360	25	92
2	1	69	297	365	25	93
2	1	70	301	370	25	94
2	1	71	305	375	25	95
2	1	72	309	380	25	96
2	1	73	313	385	25	97
2	1	74	317	390	25	98
2	1	75	321	395	25	99
2	1	76	325	400	25	100
2	1	77	329	405	25	101
2	1	78	333	410	25	102
2	1	79	337	415	25	103
2	1	80	341	420	25	104
2	1	81	345	425	25	105
2	1	82	349	430	25	106
2	1	83	353	435	25	107
2	1	84	357	440	25	108
2	1	85	361	445	25	109
2	1	86	365	450	25	110
2	1	87	369	455	25	111
2	1	88	373	460	25	112
2	1	89	377	465	25	113
2	1	90	381	470	25	114
2	1	91	385	475	25	115
2	1	92	389	480	25	116
2	1	93	393	485	25	117
2	1	94	397	490	25	118
2	1	95	401	495	25	119
2	1	96	405	500	25	120
2	1	97	409	505	25	121
2	1	98	413	510	25	122
2	1	99	417	515	25	123
2	1	100	421	520	25	124
2	1	101	425	525	25	125
2	1	102	429	530	25	126
2	1	103	433	535	25	127
2	1	104	437	540	25	128
2	1	105	441	545	25	129
2	1	106	445	550	25	130
2	1	107	449	555	25	131
2	1	108	453	560	25	132
2	1	109	457	565	25	133
2	1	110	461	570	25	134
2	1	111	465	575	25	135
2	1	112	469	580	25	136
2	1	113	473	585	25	137
2	1	114	477	590	25	138
2	1	115	481	595	25	139
2	1	116	485	600	25	140
2	1	117	489	605	25	141
2	1	118	493	610	25	142
2	1	119	497	615	25	143
2	1	120	501	620	25	144
2	1	121	505	625	25	145
2	1	122	509	630	25	146
2	1	123	513	635	25	147
2	1	124	517	640	25	148
2	1	125	521	645	25	149
2	1	126	525	650	25	150
2	1	127	529	655	25	151
2	1	128	533	660	25	152
2	1	129	537	665	25	153
2	1	130	541	670	25	154
2	1	131	545	675	25	155
2	1	132	549	680	25	156
2	1	133	553	685	25	157
2	1	134	557	690	25	158
2	1	135	561	695	25	159
2	1	136	565	700	25	160
2	1	137	569	705	25	161
2	1	138	573	710	25	162
2	1	139	577	715	25	163
2	1	140	581	720	25	164
2	1	141	585	725	25	165
2	1	142	589	730	25	166
2	1	143	593	735	25	167
2	1	144	597	740	25	168
2	1	145	601	745	25	169
2	1	146	605	750	25	170
2	1	147	609	755	25	171
2	1	148	613	760	25	172
2	1	149	617	765	25	173
2	1	150	621	770	25	174
2	1	151	625	775	25	175
2	1	152	629	780	25	176
2	1	153	633	785	25	177
2	1	154	637	790	25	178
2	1	155	641	795	25	179
2	1	156	645	800	25	180
2	1	157	649	805	25	181
2	1	158	653	810	25	182
2	1	159	657	815	25	183
2	1	160	661	820	25	184
2	1	161	665	825	25	185
2	1	162	669	830	25	186
2	1	163	673	835	25	187
2	1	164	677	840	25	188
2	1	165	681	845	25	189
2	1	166	685	850	25	190
2	1	167	689	855	25	191
2	1	168	693	860	25	192
2	1	169	697	865	25	193
2	1	170	701	870	25	194
2	1	171	705	875	25	195
2	1	172	709	880	25	196
2	1	173	713	885	25	197
2	1	174	717	890	25	198
2	1	175	721	895	25	199
2	1	176	725	900	25	200
2	1	177	729	905	25	201
2	1	178	733	910	25	202
2	1	179	737	915	25	203
2	1	180	741	920	25	204
2	1	181	745	925	25	205
2	1	182	749	930	25	206
2	1	183	753	935	25	207
2	1	184	757	940	25	208
2	1	185	761	945	25	209
2	1	186	765	950	25	210
2	1	187	769	955	25	211
2	1	188	773	960	25	212
2	1	189	777	965	25	213
2	1	190	781	970	25	214
2	1	191	785	975	25	215
2	1	192	789	980	25	216
2	1	193	793	985	25	217
2	1	194	797	990	25	218
2	1	195	801	995	25	219
2	1	196	805	1000	25	220
2	1	197	809	1005	25	221
2	1	198	813	1010	25	222
2	1	199	817	1015	25	223
2	1	200	821	1020	25	224
2	1	201	825	1025	25	225
2	1	202	829	1030	25	226
2	1	203	833	1035	25	227
2	1	204	837	1040	25	228
2	1	205	841	1045	25	229
2	1	206	845	1050	25	230
2	1	207	849	1055	25	231
2	1	208	853	1060	25	232
2	1	209	857	1065	25	233
2	1	210	861	1070	25	234
2	1	211	865	1075	25	235
2	1	212	869	1080	25	236
2	1	213	873	1085	25	237
2	1	214	877	1090	25	238
2	1	215	881	1095	25	239
2	1	216	885	1100	25	240
2	1	217	889	1105	25	241
2	1	218	893	1110	25	242
2	1	219	897	1115	25	243
2	1	220	901	1120	25	244
2	1	221	905	1125	25	245
2	1	222	909	1130	25	246
2	1	223	913	1135	25	247
2	1	224	917	1140	25	248
2	1	225	921	1145	25	249
2	1	226	925	1150	25	250
2	1	227	929	1155	25	251
2	1	228	933	1160	25	252
2	1	229	937	1165	25	253
2	1	230	941	1170	25	254
2	1	231	945	1175	25	255
2	1	232	949	1180	25	256
2	1	233	953	1185	25	257
2	1	234	957	1190	25	258
2	1	235	961	1195	25	259
2	1	236	965	1200	25	260
2	1	237	969	1205	25	261
2	1	238	973	1210	25	262
2	1	239	977	1215	25	263
2	1	240	981	1220	25	264
2	1	241	985	1225	25	265
2	1	242	989	1230	25	266
2	1	243	993	1235	25	267
2	1	244	997	1240	25	268
2	1	245	1001	1245	25	269
2	1	246	1005	1250	25	270
2	1	247	1009	1255	25	271
2	1	248	1013	1260	25	272
2	1	249	1017	1265	25	273
2	1	250	1021	1270	25	274
2	1	251	1025	1275	25	275
2	1	252	1029	1280	25	276
2	1	253	1033	1285	25	277
2	1	254	1037	1290	25	278
2	1	255	1041	1295	25	279
2	1	256	1045	1300	25	280
2	1	257	1049	1305	25	281
2	1	258	1053	1310	25	282
2	1	259	1057	1315	25	283
2	1	260	1061	1320	25	284
2	1	261	1065	1325	25	285
2	1	262	1069	1330	25	286
2	1	263	1073	1335	25	287
2	1	264	1077	1340	25	288
2	1	265	1081	1345	25	289
2	1	266	1085	1350	25	290
2	1	267	1089	1355	25	291
2	1	268	1093	1360	25	292
2	1	269	1097	1365	25	293
2	1	270	1101	1370	25	294
2	1	271	1105	1375	25	295
2	1	272	1109	1380	25	296
2	1	273	1113	1385	25	297
2	1	274	1117	1390	25	298
2	1	275	1121	1395	25	299
2	1	276	1125	1400	25	300
2	1	277	1129	1405	25	301
2	1	278	1133	1410	25	302
2	1	279	1137	1415	25	303
2	1	280	1141	1420	25	304
2	1	281	1145	1425	25	305
2	1	282	1149	1430	25	306
2	1	283	1153	1435	25	307
2	1	284	1157	1440	25	308
2	1	285	1161	1445	25	309
2	1	286	1165	1450	25	310
2	1	287	1169	1455	25	311
2	1	288	1173	1460	25	312
2	1	289	1177	1465	25	313
2	1	290	1181	1470	25	314
2	1	291	1185	1475	25	315
2	1	292	1189	1480	25	316
2	1	293	1193	1485	25	317
2	1	294	1197	1490	25	318
2	1	295	1201	1495	25	319
2	1	296	1205	1500	25	320
2	1	297	1209	1505	25	321
2	1	298	1213	1510	25	322
2	1	299	1217	1515	25	323
2	1	300	1221	1520	25	324
2	1	301	1225	1525	25	325
2	1	302	1229	1530	25	326
2	1	303	1233	1535	25	327
2	1	304	1237	1540	25	328
2	1	305	1241	1545	25	329
2	1	306	1245	1550	25	330
2	1	307	1249	1555	25	331
2	1	308	1253	1560	25	332
2	1	309	1257	1565	25	333
2	1	310	1261	1570	25	334
2	1	311	1265	1575	25	335
2	1	312	1269	1580	25	336
2	1	313	1273	1585	25	337
2	1	314	1277	1590	25	338
2	1	315	1281	1595	25	339
2	1	316	1285	1600	25	340
2	1	317	1289	1605	25	341
2	1	318	1293	1610	25	342
2	1	319	1297	1615	25	343
2	1	320	1301	1620	25	344
2	1	321	1305	1625	25	345
2	1	322	1309	1630	25	346
2	1	323	1313	1635	25	347
2	1	324	1317	1640	25	348
2	1	325	1321	1645	25	349
2	1	326	1325	1650	25	350
2	1	327	1329	1655	25	351
2	1	328	1333	1660	25	352
2	1	329	1337	1665	25	353
2	1	330	1341	1670	25	354
2	1	331	1345	1675	25	355
2	1	332	1349	1680	25	356
2	1	333	1353	1685	25	357
2	1	334	1357	1690	25	358
2	1	335	1361	1695	25	359
2	1	336	1365	1700	25	360
2	1	337	1369	1705	25	361
2	1	338	1373	1710	25	362
2	1	339	1377	1715	25	363
2	1	340	1381	1720	25	364
2	1	341	1385	1725	25	365
2	1	342	1389	1730	25	366
2	1	343	1393	1735	25	367
2	1	344	1397	1740	25	368
2	1	345	1401	1745	25	369
2	1	346	1405	1750	25	370
2	1	347	1409	1755	25	371
2	1	348	1413	1760	25	372
2	1	349	1417	1765	25	373
2	1	350	1421	1770	25	374
2	1	351	1425	1775	25	375
2	1	352	1429	1780	25	376
2	1	353	1433	1785	25	377
2	1	354	1437	1790	25	378
2	1	355	1441	1795	25	379
2	1	356	1445	1800	25	380
2	1	357	1449	1805	25	381
2	1	358	1453	1810	25	382
2	1	359	1457	1815	25	383
2	1	360	1461	1820	25	384
2	1	361	1465	1825	25	385
2	1	362	1469	1830	25	386
2	1	363	1473	1835	25	387
2	1	364	1477	1840	25	388
2	1	365	1481	1845	25	389
2	1	366	1485	1850	25	390
2	1	367	1489	1855	25	391
2	1	368	1493	1860	25	392
2	1	369	1497	1865	25	393
2	1	370	1501	1870	25	394
2	1	371	1505	1875	25	395
2	1	372	1509	1880	25	396
2	1	373	1513	1885	25	397
2	1	374	1517	1890	25	398
2	1	375	1521	1895	25	399
2	1	376	1525	1900	25	400
2	1	377	1529	1905	25	401
2	1	378	1533	1910	25	402
2	1	379	1537	1915	25	403
2	1	380	1541	1920	25	404
2	1	381	1545	1925	25	405
2	1	382	1549	1930	25	406
2	1	383	1553	1935	25	407
2	1	384	1557	1940	25	408
2	1	385	1561	1945	25	409
2	1	386	1565	1950	25	410
2	1	387	1569	1955	25	411
2	1	388	1573	1960	25	412
2	1	389	1577	1965	25	413
2	1	390	1581	1970	25	414
2	1	391	1585	1975	25	415
2	1	392	1589	1980	25	416
2	1	393	1593	1985	25	417
2	1	394	1597	1990	25	418
2	1	395	1601	1995	25	419
2	1	396	1605	2000	25	420
2	1	397	1609	2005	25	421
2	1	398	1613	2010	25	422
2	1	399	1617	2015	25	423
3	0	1	25	25	25	25
3	0	2	28	30	25	27
3	0	3	31	35	25	29
3	0	4	34	40	25	31
3	0	5	37	45	25	33
3	0	6	40	50	25	35
3	0	7	43	55	25	37
3	0	8	46	60	25	39
3	0	9	49	65	25	41
3	0	10	52	70	25	43
3	0	11	55	75	25	45
3	0	12	58	80	25	47
3	0	13	61	85	25	49
3	0	14	64	90	25	51
3	0	15	67	95	25	53
3	0	16	70	100	25	55
3	0	17	73	105	25	57
3	0	18	76	110	25	59
3	0	19	79	115	25	61
3	0	20	82	120	25	63
3	0	21	85	125	25	65
3	0	22	88	130	25	67
3	0	23	91	135	25	69
3	0	24	94	140	25	71
3	0	25	97	145	25	73
3	0	26	100	150	25	75
3	0	27	103	155	25	77
3	0	28	106	160	25	79
3	0	29	109	165	25	81
3	0	30	112	170	25	83
3	0	31	115	175	25	85
3	0	32	118	180	25	87
3	0	33	121	185	25	89
3	0	34	124	190	25	91
3	0	35	127	195	25	93
3	0	36	130	200	25	95
3	0	37	133	205	25	97
3	0	38	136	210	25	99
3	0	39	139	215	25	101
3	0	40	142	220	25	103
3	0	41	145	225	25	105
3	0	42	148	230	25	107
3	0	43	151	235	25	109
3	0	44	154	240	25	111
3	0	45	157	245	25	113
3	0	46	160	250	25	115
3	0	47	163	255	25	117
3	0	48	166	260	25	119
3	0	49	169	265	25	121
3	0	50	172	270	25	123
3	0	51	175	275	25	125
3	0	52	178	280	25	127
3	0	53	181	285	25	129
3	0	54	184	290	25	131
3	0	55	187	295	25	133
3	0	56	190	300	25	135
3	0	57	193	305	25	137
3	0	58	196	310	25	139
3	0	59	199	315	25	141
3	0	60	202	320	25	143
3	0	61	205	325	25	145
3	0	62	208	330	25	147
3	0	63	211	335	25	149
3	0	64	214	340	25	151
3	0	65	217	345	25	153
3	0	66	220	350	25	155
3	0	67	223	355	25	157
3	0	68	226	360	25	159
3	0	69	229	365	25	161
3	0	70	232	370	25	163
3	0	71	235	375	25	165
3	0	72	238	380	25	167
3	0	73	241	385	25	169
3	0	74	244	390	25	171
3	0	75	247	395	25	173
3	0	76	250	400	25	175
3	0	77	253	405	25	177
3	0	78	256	410	25	179
3	0	79	259	415	25	181
3	0	80	262	420	25	183
3	0	81	265	425	25	185
3	0	82	268	430	25	187
3	0	83	271	435	25	189
3	0	84	274	440	25	191
3	0	85	277	445	25	193
3	0	86	280	450	25	195
3	0	87	283	455	25	197
3	0	88	286	460	25	199
3	0	89	289	465	25	201
3	0	90	292	470	25	203
3	0	91	295	475	25	205
3	0	92	298	480	25	207
3	0	93	301	485	25	209
3	0	94	304	490	25	211
3	0	95	307	495	25	213
3	0	96	310	500	25	215
3	0	97	313	505	25	217
3	0	98	316	510	25	219
3	0	99	319	515	25	221
3	0	100	322	520	25	223
3	0	101	325	525	25	225
3	0	102	328	530	25	227
3	0	103	331	535	25	229
3	0	104	334	540	25	231
3	0	105	337	545	25	233
3	0	106	340	550	25	235
3	0	107	343	555	25	237
3	0	108	346	560	25	239
3	0	109	349	565	25	241
3	0	110	352	570	25	243
3	0	111	355	575	25	245
3	0	112	358	580	25	247
3	0	113	361	585	25	249
3	0	114	364	590	25	251
3	0	115	367	595	25	253
3	0	116	370	600	25	255
3	0	117	373	605	25	257
3	0	118	376	610	25	259
3	0	119	379	615	25	261
3	0	120	382	620	25	263
3	0	121	385	625	25	265
3	0	122	388	630	25	267
3	0	123	391	635	25	269
3	0	124	394	640	25	271
3	0	125	397	645	25	273
3	0	126	400	650	25	275
3	0	127	403	655	25	277
3	0	128	406	660	25	279
3	0	129	409	665	25	281
3	0	130	412	670	25	283
3	0	131	415	675	25	285
3	0	132	418	680	25	287
3	0	133	421	685	25	289
3	0	134	424	690	25	291
3	0	135	427	695	25	293
3	0	136	430	700	25	295
3	0	137	433	705	25	297
3	0	138	436	710	25	299
3	0	139	439	715	25	301
3	0	140	442	720	25	303
3	0	141	445	725	25	305
3	0	142	448	730	25	307
3	0	143	451	735	25	309
3	0	144	454	740	25	311
3	0	145	457	745	25	313
3	0	146	460	750	25	315
3	0	147	463	755	25	317
3	0	148	466	760	25	319
3	0	149	469	765	25	321
3	0	150	472	770	25	323
3	0	151	475	775	25	325
3	0	152	478	780	25	327
3	0	153	481	785	25	329
3	0	154	484	790	25	331
3	0	155	487	795	25	333
3	0	156	490	800	25	335
3	0	157	493	805	25	337
3	0	158	496	810	25	339
3	0	159	499	815	25	341
3	0	160	502	820	25	343
3	0	161	505	825	25	345
3	0	162	508	830	25	347
3	0	163	511	835	25	349
3	0	164	514	840	25	351
3	0	165	517	845	25	353
3	0	166	520	850	25	355
3	0	167	523	855	25	357
3	0	168	526	860	25	359
3	0	169	529	865	25	361
3	0	170	532	870	25	363
3	0	171	535	875	25	365
3	0	172	538	880	25	367
3	0	173	541	885	25	369
3	0	174	544	890	25	371
3	0	175	547	895	25	373
3	0	176	550	900	25	375
3	0	177	553	905	25	377
3	0	178	556	910	25	379
3	0	179	559	915	25	381
3	0	180	562	920	25	383
3	0	181	565	925	25	385
3	0	182	568	930	25	387
3	0	183	571	935	25	389
3	0	184	574	940	25	391
3	0	185	577	945	25	393
3	0	186	580	950	25	395
3	0	187	583	955	25	397
3	0	188	586	960	25	399
3	0	189	589	965	25	401
3	0	190	592	970	25	403
3	0	191	595	975	25	405
3	0	192	598	980	25	407
3	0	193	601	985	25	409
3	0	194	604	990	25	411
3	0	195	607	995	25	413
3	0	196	610	1000	25	415
3	0	197	613	1005	25	417
3	0	198	616	1010	25	419
3	0	199	619	1015	25	421
3	0	200	622	1020	25	423
3	0	201	625	1025	25	425
3	0	202	628	1030	25	427
3	0	203	631	1035	25	429
3	0	204	634	1040	25	431
3	0	205	637	1045	25	433
3	0	206	640	1050	25	435
3	0	207	643	1055	25	437
3	0	208	646	1060	25	439
3	0	209	649	1065	25	441
3	0	210	652	1070	25	443
3	0	211	655	1075	25	445
3	0	212	658	1080	25	447
3	0	213	661	1085	25	449
3	0	214	664	1090	25	451
3	0	215	667	1095	25	453
3	0	216	670	1100	25	455
3	0	217	673	1105	25	457
3	0	218	676	1110	25	459
3	0	219	679	1115	25	461
3	0	220	682	1120	25	463
3	0	221	685	1125	25	465
3	0	222	688	1130	25	467
3	0	223	691	1135	25	469
3	0	224	694	1140	25	471
3	0	225	697	1145	25	473
3	0	226	700	1150	25	475
3	0	227	703	1155	25	477
3	0	228	706	1160	25	479
3	0	229	709	1165	25	481
3	0	230	712	1170	25	483
3	0	231	715	1175	25	485
3	0	232	718	1180	25	487
3	0	233	721	1185	25	489
3	0	234	724	1190	25	491
3	0	235	727	1195	25	493
3	0	236	730	1200	25	495
3	0	237	733	1205	25	497
3	0	238	736	1210	25	499
3	0	239	739	1215	25	501
3	0	240	742	1220	25	503
3	0	241	745	1225	25	505
3	0	242	748	1230	25	507
3	0	243	751	1235	25	509
3	0	244	754	1240	25	511
3	0	245	757	1245	25	513
3	0	246	760	1250	25	515
3	0	247	763	1255	25	517
3	0	248	766	1260	25	519
3	0	249	769	1265	25	521
3	0	250	772	1270	25	523
3	0	251	775	1275	25	525
3	0	252	778	1280	25	527
3	0	253	781	1285	25	529
3	0	254	784	1290	25	531
3	0	255	787	1295	25	533
3	0	256	790	1300	25	535
3	0	257	793	1305	25	537
3	0	258	796	1310	25	539
3	0	259	799	1315	25	541
3	0	260	802	1320	25	543
3	0	261	805	1325	25	545
3	0	262	808	1330	25	547
3	0	263	811	1335	25	549
3	0	264	814	1340	25	551
3	0	265	817	1345	25	553
3	0	266	820	1350	25	555
3	0	267	823	1355	25	557
3	0	268	826	1360	25	559
3	0	269	829	1365	25	561
3	0	270	832	1370	25	563
3	0	271	835	1375	25	565
3	0	272	838	1380	25	567
3	0	273	841	1385	25	569
3	0	274	844	1390	25	571
3	0	275	847	1395	25	573
3	0	276	850	1400	25	575
3	0	277	853	1405	25	577
3	0	278	856	1410	25	579
3	0	279	859	1415	25	581
3	0	280	862	1420	25	583
3	0	281	865	1425	25	585
3	0	282	868	1430	25	587
3	0	283	871	1435	25	589
3	0	284	874	1440	25	591
3	0	285	877	1445	25	593
3	0	286	880	1450	25	595
3	0	287	883	1455	25	597
3	0	288	886	1460	25	599
3	0	289	889	1465	25	601
3	0	290	892	1470	25	603
3	0	291	895	1475	25	605
3	0	292	898	1480	25	607
3	0	293	901	1485	25	609
3	0	294	904	1490	25	611
3	0	295	907	1495	25	613
3	0	296	910	1500	25	615
3	0	297	913	1505	25	617
3	0	298	916	1510	25	619
3	0	299	919	1515	25	621
3	0	300	922	1520	25	623
3	0	301	925	1525	25	625
3	0	302	928	1530	25	627
3	0	303	931	1535	25	629
3	0	304	934	1540	25	631
3	0	305	937	1545	25	633
3	0	306	940	1550	25	635
3	0	307	943	1555	25	637
3	0	308	946	1560	25	639
3	0	309	949	1565	25	641
3	0	310	952	1570	25	643
3	0	311	955	1575	25	645
3	0	312	958	1580	25	647
3	0	313	961	1585	25	649
3	0	314	964	1590	25	651
3	0	315	967	1595	25	653
3	0	316	970	1600	25	655
3	0	317	973	1605	25	657
3	0	318	976	1610	25	659
3	0	319	979	1615	25	661
3	0	320	982	1620	25	663
3	0	321	985	1625	25	665
3	0	322	988	1630	25	667
3	0	323	991	1635	25	669
3	0	324	994	1640	25	671
3	0	325	997	1645	25	673
3	0	326	1000	1650	25	675
3	0	327	1003	1655	25	677
3	0	328	1006	1660	25	679
3	0	329	1009	1665	25	681
3	0	330	1012	1670	25	683
3	0	331	1015	1675	25	685
3	0	332	1018	1680	25	687
3	0	333	1021	1685	25	689
3	0	334	1024	1690	25	691
3	0	335	1027	1695	25	693
3	0	336	1030	1700	25	695
3	0	337	1033	1705	25	697
3	0	338	1036	1710	25	699
3	0	339	1039	1715	25	701
3	0	340	1042	1720	25	703
3	0	341	1045	1725	25	705
3	0	342	1048	1730	25	707
3	0	343	1051	1735	25	709
3	0	344	1054	1740	25	711
3	0	345	1057	1745	25	713
3	0	346	1060	1750	25	715
3	0	347	1063	1755	25	717
3	0	348	1066	1760	25	719
3	0	349	1069	1765	25	721
3	0	350	1072	1770	25	723
3	0	351	1075	1775	25	725
3	0	352	1078	1780	25	727
3	0	353	1081	1785	25	729
3	0	354	1084	1790	25	731
3	0	355	1087	1795	25	733
3	0	356	1090	1800	25	735
3	0	357	1093	1805	25	737
3	0	358	1096	1810	25	739
3	0	359	1099	1815	25	741
3	0	360	1102	1820	25	743
3	0	361	1105	1825	25	745
3	0	362	1108	1830	25	747
3	0	363	1111	1835	25	749
3	0	364	1114	1840	25	751
3	0	365	1117	1845	25	753
3	0	366	1120	1850	25	755
3	0	367	1123	1855	25	757
3	0	368	1126	1860	25	759
3	0	369	1129	1865	25	761
3	0	370	1132	1870	25	763
3	0	371	1135	1875	25	765
3	0	372	1138	1880	25	767
3	0	373	1141	1885	25	769
3	0	374	1144	1890	25	771
3	0	375	1147	1895	25	773
3	0	376	1150	1900	25	775
3	0	377	1153	1905	25	777
3	0	378	1156	1910	25	779
3	0	379	1159	1915	25	781
3	0	380	1162	1920	25	783
3	0	381	1165	1925	25	785
3	0	382	1168	1930	25	787
3	0	383	1171	1935	25	789
3	0	384	1174	1940	25	791
3	0	385	1177	1945	25	793
3	0	386	1180	1950	25	795
3	0	387	1183	1955	25	797
3	0	388	1186	1960	25	799
3	0	389	1189	1965	25	801
3	0	390	1192	1970	25	803
3	0	391	1195	1975	25	805
3	0	392	1198	1980	25	807
3	0	393	1201	1985	25	809
3	0	394	1204	1990	25	811
3	0	395	1207	1995	25	813
3	0	396	1210	2000	25	815
3	0	397	1213	2005	25	817
3	0	398	1216	2010	25	819
3	0	399	1219	2015	25	821
3	1	1	25	25	25	25
3	1	2	28	30	25	27
3	1	3	31	35	25	29
3	1	4	34	40	25	31
3	1	5	37	45	25	33
3	1	6	40	50	25	35
3	1	7	43	55	25	37
3	1	8	46	60	25	39
3	1	9	49	65	25	41
3	1	10	52	70	25	43
3	1	11	55	75	25	45
3	1	12	58	80	25	47
3	1	13	61	85	25	49
3	1	14	64	90	25	51
3	1	15	67	95	25	53
3	1	16	70	100	25	55
3	1	17	73	105	25	57
3	1	18	76	110	25	59
3	1	19	79	115	25	61
3	1	20	82	120	25	63
3	1	21	85	125	25	65
3	1	22	88	130	25	67
3	1	23	91	135	25	69
3	1	24	94	140	25	71
3	1	25	97	145	25	73
3	1	26	100	150	25	75
3	1	27	103	155	25	77
3	1	28	106	160	25	79
3	1	29	109	165	25	81
3	1	30	112	170	25	83
3	1	31	115	175	25	85
3	1	32	118	180	25	87
3	1	33	121	185	25	89
3	1	34	124	190	25	91
3	1	35	127	195	25	93
3	1	36	130	200	25	95
3	1	37	133	205	25	97
3	1	38	136	210	25	99
3	1	39	139	215	25	101
3	1	40	142	220	25	103
3	1	41	145	225	25	105
3	1	42	148	230	25	107
3	1	43	151	235	25	109
3	1	44	154	240	25	111
3	1	45	157	245	25	113
3	1	46	160	250	25	115
3	1	47	163	255	25	117
3	1	48	166	260	25	119
3	1	49	169	265	25	121
3	1	50	172	270	25	123
3	1	51	175	275	25	125
3	1	52	178	280	25	127
3	1	53	181	285	25	129
3	1	54	184	290	25	131
3	1	55	187	295	25	133
3	1	56	190	300	25	135
3	1	57	193	305	25	137
3	1	58	196	310	25	139
3	1	59	199	315	25	141
3	1	60	202	320	25	143
3	1	61	205	325	25	145
3	1	62	208	330	25	147
3	1	63	211	335	25	149
3	1	64	214	340	25	151
3	1	65	217	345	25	153
3	1	66	220	350	25	155
3	1	67	223	355	25	157
3	1	68	226	360	25	159
3	1	69	229	365	25	161
3	1	70	232	370	25	163
3	1	71	235	375	25	165
3	1	72	238	380	25	167
3	1	73	241	385	25	169
3	1	74	244	390	25	171
3	1	75	247	395	25	173
3	1	76	250	400	25	175
3	1	77	253	405	25	177
3	1	78	256	410	25	179
3	1	79	259	415	25	181
3	1	80	262	420	25	183
3	1	81	265	425	25	185
3	1	82	268	430	25	187
3	1	83	271	435	25	189
3	1	84	274	440	25	191
3	1	85	277	445	25	193
3	1	86	280	450	25	195
3	1	87	283	455	25	197
3	1	88	286	460	25	199
3	1	89	289	465	25	201
3	1	90	292	470	25	203
3	1	91	295	475	25	205
3	1	92	298	480	25	207
3	1	93	301	485	25	209
3	1	94	304	490	25	211
3	1	95	307	495	25	213
3	1	96	310	500	25	215
3	1	97	313	505	25	217
3	1	98	316	510	25	219
3	1	99	319	515	25	221
3	1	100	322	520	25	223
3	1	101	325	525	25	225
3	1	102	328	530	25	227
3	1	103	331	535	25	229
3	1	104	334	540	25	231
3	1	105	337	545	25	233
3	1	106	340	550	25	235
3	1	107	343	555	25	237
3	1	108	346	560	25	239
3	1	109	349	565	25	241
3	1	110	352	570	25	243
3	1	111	355	575	25	245
3	1	112	358	580	25	247
3	1	113	361	585	25	249
3	1	114	364	590	25	251
3	1	115	367	595	25	253
3	1	116	370	600	25	255
3	1	117	373	605	25	257
3	1	118	376	610	25	259
3	1	119	379	615	25	261
3	1	120	382	620	25	263
3	1	121	385	625	25	265
3	1	122	388	630	25	267
3	1	123	391	635	25	269
3	1	124	394	640	25	271
3	1	125	397	645	25	273
3	1	126	400	650	25	275
3	1	127	403	655	25	277
3	1	128	406	660	25	279
3	1	129	409	665	25	281
3	1	130	412	670	25	283
3	1	131	415	675	25	285
3	1	132	418	680	25	287
3	1	133	421	685	25	289
3	1	134	424	690	25	291
3	1	135	427	695	25	293
3	1	136	430	700	25	295
3	1	137	433	705	25	297
3	1	138	436	710	25	299
3	1	139	439	715	25	301
3	1	140	442	720	25	303
3	1	141	445	725	25	305
3	1	142	448	730	25	307
3	1	143	451	735	25	309
3	1	144	454	740	25	311
3	1	145	457	745	25	313
3	1	146	460	750	25	315
3	1	147	463	755	25	317
3	1	148	466	760	25	319
3	1	149	469	765	25	321
3	1	150	472	770	25	323
3	1	151	475	775	25	325
3	1	152	478	780	25	327
3	1	153	481	785	25	329
3	1	154	484	790	25	331
3	1	155	487	795	25	333
3	1	156	490	800	25	335
3	1	157	493	805	25	337
3	1	158	496	810	25	339
3	1	159	499	815	25	341
3	1	160	502	820	25	343
3	1	161	505	825	25	345
3	1	162	508	830	25	347
3	1	163	511	835	25	349
3	1	164	514	840	25	351
3	1	165	517	845	25	353
3	1	166	520	850	25	355
3	1	167	523	855	25	357
3	1	168	526	860	25	359
3	1	169	529	865	25	361
3	1	170	532	870	25	363
3	1	171	535	875	25	365
3	1	172	538	880	25	367
3	1	173	541	885	25	369
3	1	174	544	890	25	371
3	1	175	547	895	25	373
3	1	176	550	900	25	375
3	1	177	553	905	25	377
3	1	178	556	910	25	379
3	1	179	559	915	25	381
3	1	180	562	920	25	383
3	1	181	565	925	25	385
3	1	182	568	930	25	387
3	1	183	571	935	25	389
3	1	184	574	940	25	391
3	1	185	577	945	25	393
3	1	186	580	950	25	395
3	1	187	583	955	25	397
3	1	188	586	960	25	399
3	1	189	589	965	25	401
3	1	190	592	970	25	403
3	1	191	595	975	25	405
3	1	192	598	980	25	407
3	1	193	601	985	25	409
3	1	194	604	990	25	411
3	1	195	607	995	25	413
3	1	196	610	1000	25	415
3	1	197	613	1005	25	417
3	1	198	616	1010	25	419
3	1	199	619	1015	25	421
3	1	200	622	1020	25	423
3	1	201	625	1025	25	425
3	1	202	628	1030	25	427
3	1	203	631	1035	25	429
3	1	204	634	1040	25	431
3	1	205	637	1045	25	433
3	1	206	640	1050	25	435
3	1	207	643	1055	25	437
3	1	208	646	1060	25	439
3	1	209	649	1065	25	441
3	1	210	652	1070	25	443
3	1	211	655	1075	25	445
3	1	212	658	1080	25	447
3	1	213	661	1085	25	449
3	1	214	664	1090	25	451
3	1	215	667	1095	25	453
3	1	216	670	1100	25	455
3	1	217	673	1105	25	457
3	1	218	676	1110	25	459
3	1	219	679	1115	25	461
3	1	220	682	1120	25	463
3	1	221	685	1125	25	465
3	1	222	688	1130	25	467
3	1	223	691	1135	25	469
3	1	224	694	1140	25	471
3	1	225	697	1145	25	473
3	1	226	700	1150	25	475
3	1	227	703	1155	25	477
3	1	228	706	1160	25	479
3	1	229	709	1165	25	481
3	1	230	712	1170	25	483
3	1	231	715	1175	25	485
3	1	232	718	1180	25	487
3	1	233	721	1185	25	489
3	1	234	724	1190	25	491
3	1	235	727	1195	25	493
3	1	236	730	1200	25	495
3	1	237	733	1205	25	497
3	1	238	736	1210	25	499
3	1	239	739	1215	25	501
3	1	240	742	1220	25	503
3	1	241	745	1225	25	505
3	1	242	748	1230	25	507
3	1	243	751	1235	25	509
3	1	244	754	1240	25	511
3	1	245	757	1245	25	513
3	1	246	760	1250	25	515
3	1	247	763	1255	25	517
3	1	248	766	1260	25	519
3	1	249	769	1265	25	521
3	1	250	772	1270	25	523
3	1	251	775	1275	25	525
3	1	252	778	1280	25	527
3	1	253	781	1285	25	529
3	1	254	784	1290	25	531
3	1	255	787	1295	25	533
3	1	256	790	1300	25	535
3	1	257	793	1305	25	537
3	1	258	796	1310	25	539
3	1	259	799	1315	25	541
3	1	260	802	1320	25	543
3	1	261	805	1325	25	545
3	1	262	808	1330	25	547
3	1	263	811	1335	25	549
3	1	264	814	1340	25	551
3	1	265	817	1345	25	553
3	1	266	820	1350	25	555
3	1	267	823	1355	25	557
3	1	268	826	1360	25	559
3	1	269	829	1365	25	561
3	1	270	832	1370	25	563
3	1	271	835	1375	25	565
3	1	272	838	1380	25	567
3	1	273	841	1385	25	569
3	1	274	844	1390	25	571
3	1	275	847	1395	25	573
3	1	276	850	1400	25	575
3	1	277	853	1405	25	577
3	1	278	856	1410	25	579
3	1	279	859	1415	25	581
3	1	280	862	1420	25	583
3	1	281	865	1425	25	585
3	1	282	868	1430	25	587
3	1	283	871	1435	25	589
3	1	284	874	1440	25	591
3	1	285	877	1445	25	593
3	1	286	880	1450	25	595
3	1	287	883	1455	25	597
3	1	288	886	1460	25	599
3	1	289	889	1465	25	601
3	1	290	892	1470	25	603
3	1	291	895	1475	25	605
3	1	292	898	1480	25	607
3	1	293	901	1485	25	609
3	1	294	904	1490	25	611
3	1	295	907	1495	25	613
3	1	296	910	1500	25	615
3	1	297	913	1505	25	617
3	1	298	916	1510	25	619
3	1	299	919	1515	25	621
3	1	300	922	1520	25	623
3	1	301	925	1525	25	625
3	1	302	928	1530	25	627
3	1	303	931	1535	25	629
3	1	304	934	1540	25	631
3	1	305	937	1545	25	633
3	1	306	940	1550	25	635
3	1	307	943	1555	25	637
3	1	308	946	1560	25	639
3	1	309	949	1565	25	641
3	1	310	952	1570	25	643
3	1	311	955	1575	25	645
3	1	312	958	1580	25	647
3	1	313	961	1585	25	649
3	1	314	964	1590	25	651
3	1	315	967	1595	25	653
3	1	316	970	1600	25	655
3	1	317	973	1605	25	657
3	1	318	976	1610	25	659
3	1	319	979	1615	25	661
3	1	320	982	1620	25	663
3	1	321	985	1625	25	665
3	1	322	988	1630	25	667
3	1	323	991	1635	25	669
3	1	324	994	1640	25	671
3	1	325	997	1645	25	673
3	1	326	1000	1650	25	675
3	1	327	1003	1655	25	677
3	1	328	1006	1660	25	679
3	1	329	1009	1665	25	681
3	1	330	1012	1670	25	683
3	1	331	1015	1675	25	685
3	1	332	1018	1680	25	687
3	1	333	1021	1685	25	689
3	1	334	1024	1690	25	691
3	1	335	1027	1695	25	693
3	1	336	1030	1700	25	695
3	1	337	1033	1705	25	697
3	1	338	1036	1710	25	699
3	1	339	1039	1715	25	701
3	1	340	1042	1720	25	703
3	1	341	1045	1725	25	705
3	1	342	1048	1730	25	707
3	1	343	1051	1735	25	709
3	1	344	1054	1740	25	711
3	1	345	1057	1745	25	713
3	1	346	1060	1750	25	715
3	1	347	1063	1755	25	717
3	1	348	1066	1760	25	719
3	1	349	1069	1765	25	721
3	1	350	1072	1770	25	723
3	1	351	1075	1775	25	725
3	1	352	1078	1780	25	727
3	1	353	1081	1785	25	729
3	1	354	1084	1790	25	731
3	1	355	1087	1795	25	733
3	1	356	1090	1800	25	735
3	1	357	1093	1805	25	737
3	1	358	1096	1810	25	739
3	1	359	1099	1815	25	741
3	1	360	1102	1820	25	743
3	1	361	1105	1825	25	745
3	1	362	1108	1830	25	747
3	1	363	1111	1835	25	749
3	1	364	1114	1840	25	751
3	1	365	1117	1845	25	753
3	1	366	1120	1850	25	755
3	1	367	1123	1855	25	757
3	1	368	1126	1860	25	759
3	1	369	1129	1865	25	761
3	1	370	1132	1870	25	763
3	1	371	1135	1875	25	765
3	1	372	1138	1880	25	767
3	1	373	1141	1885	25	769
3	1	374	1144	1890	25	771
3	1	375	1147	1895	25	773
3	1	376	1150	1900	25	775
3	1	377	1153	1905	25	777
3	1	378	1156	1910	25	779
3	1	379	1159	1915	25	781
3	1	380	1162	1920	25	783
3	1	381	1165	1925	25	785
3	1	382	1168	1930	25	787
3	1	383	1171	1935	25	789
3	1	384	1174	1940	25	791
3	1	385	1177	1945	25	793
3	1	386	1180	1950	25	795
3	1	387	1183	1955	25	797
3	1	388	1186	1960	25	799
3	1	389	1189	1965	25	801
3	1	390	1192	1970	25	803
3	1	391	1195	1975	25	805
3	1	392	1198	1980	25	807
3	1	393	1201	1985	25	809
3	1	394	1204	1990	25	811
3	1	395	1207	1995	25	813
3	1	396	1210	2000	25	815
3	1	397	1213	2005	25	817
3	1	398	1216	2010	25	819
3	1	399	1219	2015	25	821
4	0	1	25	25	25	25
4	0	2	29	30	25	26
4	0	3	33	35	25	27
4	0	4	37	40	25	28
4	0	5	41	45	25	29
4	0	6	45	50	25	30
4	0	7	49	55	25	31
4	0	8	53	60	25	32
4	0	9	57	65	25	33
4	0	10	61	70	25	34
4	0	11	65	75	25	35
4	0	12	69	80	25	36
4	0	13	73	85	25	37
4	0	14	77	90	25	38
4	0	15	81	95	25	39
4	0	16	85	100	25	40
4	0	17	89	105	25	41
4	0	18	93	110	25	42
4	0	19	97	115	25	43
4	0	20	101	120	25	44
4	0	21	105	125	25	45
4	0	22	109	130	25	46
4	0	23	113	135	25	47
4	0	24	117	140	25	48
4	0	25	121	145	25	49
4	0	26	125	150	25	50
4	0	27	129	155	25	51
4	0	28	133	160	25	52
4	0	29	137	165	25	53
4	0	30	141	170	25	54
4	0	31	145	175	25	55
4	0	32	149	180	25	56
4	0	33	153	185	25	57
4	0	34	157	190	25	58
4	0	35	161	195	25	59
4	0	36	165	200	25	60
4	0	37	169	205	25	61
4	0	38	173	210	25	62
4	0	39	177	215	25	63
4	0	40	181	220	25	64
4	0	41	185	225	25	65
4	0	42	189	230	25	66
4	0	43	193	235	25	67
4	0	44	197	240	25	68
4	0	45	201	245	25	69
4	0	46	205	250	25	70
4	0	47	209	255	25	71
4	0	48	213	260	25	72
4	0	49	217	265	25	73
4	0	50	221	270	25	74
4	0	51	225	275	25	75
4	0	52	229	280	25	76
4	0	53	233	285	25	77
4	0	54	237	290	25	78
4	0	55	241	295	25	79
4	0	56	245	300	25	80
4	0	57	249	305	25	81
4	0	58	253	310	25	82
4	0	59	257	315	25	83
4	0	60	261	320	25	84
4	0	61	265	325	25	85
4	0	62	269	330	25	86
4	0	63	273	335	25	87
4	0	64	277	340	25	88
4	0	65	281	345	25	89
4	0	66	285	350	25	90
4	0	67	289	355	25	91
4	0	68	293	360	25	92
4	0	69	297	365	25	93
4	0	70	301	370	25	94
4	0	71	305	375	25	95
4	0	72	309	380	25	96
4	0	73	313	385	25	97
4	0	74	317	390	25	98
4	0	75	321	395	25	99
4	0	76	325	400	25	100
4	0	77	329	405	25	101
4	0	78	333	410	25	102
4	0	79	337	415	25	103
4	0	80	341	420	25	104
4	0	81	345	425	25	105
4	0	82	349	430	25	106
4	0	83	353	435	25	107
4	0	84	357	440	25	108
4	0	85	361	445	25	109
4	0	86	365	450	25	110
4	0	87	369	455	25	111
4	0	88	373	460	25	112
4	0	89	377	465	25	113
4	0	90	381	470	25	114
4	0	91	385	475	25	115
4	0	92	389	480	25	116
4	0	93	393	485	25	117
4	0	94	397	490	25	118
4	0	95	401	495	25	119
4	0	96	405	500	25	120
4	0	97	409	505	25	121
4	0	98	413	510	25	122
4	0	99	417	515	25	123
4	0	100	421	520	25	124
4	0	101	425	525	25	125
4	0	102	429	530	25	126
4	0	103	433	535	25	127
4	0	104	437	540	25	128
4	0	105	441	545	25	129
4	0	106	445	550	25	130
4	0	107	449	555	25	131
4	0	108	453	560	25	132
4	0	109	457	565	25	133
4	0	110	461	570	25	134
4	0	111	465	575	25	135
4	0	112	469	580	25	136
4	0	113	473	585	25	137
4	0	114	477	590	25	138
4	0	115	481	595	25	139
4	0	116	485	600	25	140
4	0	117	489	605	25	141
4	0	118	493	610	25	142
4	0	119	497	615	25	143
4	0	120	501	620	25	144
4	0	121	505	625	25	145
4	0	122	509	630	25	146
4	0	123	513	635	25	147
4	0	124	517	640	25	148
4	0	125	521	645	25	149
4	0	126	525	650	25	150
4	0	127	529	655	25	151
4	0	128	533	660	25	152
4	0	129	537	665	25	153
4	0	130	541	670	25	154
4	0	131	545	675	25	155
4	0	132	549	680	25	156
4	0	133	553	685	25	157
4	0	134	557	690	25	158
4	0	135	561	695	25	159
4	0	136	565	700	25	160
4	0	137	569	705	25	161
4	0	138	573	710	25	162
4	0	139	577	715	25	163
4	0	140	581	720	25	164
4	0	141	585	725	25	165
4	0	142	589	730	25	166
4	0	143	593	735	25	167
4	0	144	597	740	25	168
4	0	145	601	745	25	169
4	0	146	605	750	25	170
4	0	147	609	755	25	171
4	0	148	613	760	25	172
4	0	149	617	765	25	173
4	0	150	621	770	25	174
4	0	151	625	775	25	175
4	0	152	629	780	25	176
4	0	153	633	785	25	177
4	0	154	637	790	25	178
4	0	155	641	795	25	179
4	0	156	645	800	25	180
4	0	157	649	805	25	181
4	0	158	653	810	25	182
4	0	159	657	815	25	183
4	0	160	661	820	25	184
4	0	161	665	825	25	185
4	0	162	669	830	25	186
4	0	163	673	835	25	187
4	0	164	677	840	25	188
4	0	165	681	845	25	189
4	0	166	685	850	25	190
4	0	167	689	855	25	191
4	0	168	693	860	25	192
4	0	169	697	865	25	193
4	0	170	701	870	25	194
4	0	171	705	875	25	195
4	0	172	709	880	25	196
4	0	173	713	885	25	197
4	0	174	717	890	25	198
4	0	175	721	895	25	199
4	0	176	725	900	25	200
4	0	177	729	905	25	201
4	0	178	733	910	25	202
4	0	179	737	915	25	203
4	0	180	741	920	25	204
4	0	181	745	925	25	205
4	0	182	749	930	25	206
4	0	183	753	935	25	207
4	0	184	757	940	25	208
4	0	185	761	945	25	209
4	0	186	765	950	25	210
4	0	187	769	955	25	211
4	0	188	773	960	25	212
4	0	189	777	965	25	213
4	0	190	781	970	25	214
4	0	191	785	975	25	215
4	0	192	789	980	25	216
4	0	193	793	985	25	217
4	0	194	797	990	25	218
4	0	195	801	995	25	219
4	0	196	805	1000	25	220
4	0	197	809	1005	25	221
4	0	198	813	1010	25	222
4	0	199	817	1015	25	223
4	0	200	821	1020	25	224
4	0	201	825	1025	25	225
4	0	202	829	1030	25	226
4	0	203	833	1035	25	227
4	0	204	837	1040	25	228
4	0	205	841	1045	25	229
4	0	206	845	1050	25	230
4	0	207	849	1055	25	231
4	0	208	853	1060	25	232
4	0	209	857	1065	25	233
4	0	210	861	1070	25	234
4	0	211	865	1075	25	235
4	0	212	869	1080	25	236
4	0	213	873	1085	25	237
4	0	214	877	1090	25	238
4	0	215	881	1095	25	239
4	0	216	885	1100	25	240
4	0	217	889	1105	25	241
4	0	218	893	1110	25	242
4	0	219	897	1115	25	243
4	0	220	901	1120	25	244
4	0	221	905	1125	25	245
4	0	222	909	1130	25	246
4	0	223	913	1135	25	247
4	0	224	917	1140	25	248
4	0	225	921	1145	25	249
4	0	226	925	1150	25	250
4	0	227	929	1155	25	251
4	0	228	933	1160	25	252
4	0	229	937	1165	25	253
4	0	230	941	1170	25	254
4	0	231	945	1175	25	255
4	0	232	949	1180	25	256
4	0	233	953	1185	25	257
4	0	234	957	1190	25	258
4	0	235	961	1195	25	259
4	0	236	965	1200	25	260
4	0	237	969	1205	25	261
4	0	238	973	1210	25	262
4	0	239	977	1215	25	263
4	0	240	981	1220	25	264
4	0	241	985	1225	25	265
4	0	242	989	1230	25	266
4	0	243	993	1235	25	267
4	0	244	997	1240	25	268
4	0	245	1001	1245	25	269
4	0	246	1005	1250	25	270
4	0	247	1009	1255	25	271
4	0	248	1013	1260	25	272
4	0	249	1017	1265	25	273
4	0	250	1021	1270	25	274
4	0	251	1025	1275	25	275
4	0	252	1029	1280	25	276
4	0	253	1033	1285	25	277
4	0	254	1037	1290	25	278
4	0	255	1041	1295	25	279
4	0	256	1045	1300	25	280
4	0	257	1049	1305	25	281
4	0	258	1053	1310	25	282
4	0	259	1057	1315	25	283
4	0	260	1061	1320	25	284
4	0	261	1065	1325	25	285
4	0	262	1069	1330	25	286
4	0	263	1073	1335	25	287
4	0	264	1077	1340	25	288
4	0	265	1081	1345	25	289
4	0	266	1085	1350	25	290
4	0	267	1089	1355	25	291
4	0	268	1093	1360	25	292
4	0	269	1097	1365	25	293
4	0	270	1101	1370	25	294
4	0	271	1105	1375	25	295
4	0	272	1109	1380	25	296
4	0	273	1113	1385	25	297
4	0	274	1117	1390	25	298
4	0	275	1121	1395	25	299
4	0	276	1125	1400	25	300
4	0	277	1129	1405	25	301
4	0	278	1133	1410	25	302
4	0	279	1137	1415	25	303
4	0	280	1141	1420	25	304
4	0	281	1145	1425	25	305
4	0	282	1149	1430	25	306
4	0	283	1153	1435	25	307
4	0	284	1157	1440	25	308
4	0	285	1161	1445	25	309
4	0	286	1165	1450	25	310
4	0	287	1169	1455	25	311
4	0	288	1173	1460	25	312
4	0	289	1177	1465	25	313
4	0	290	1181	1470	25	314
4	0	291	1185	1475	25	315
4	0	292	1189	1480	25	316
4	0	293	1193	1485	25	317
4	0	294	1197	1490	25	318
4	0	295	1201	1495	25	319
4	0	296	1205	1500	25	320
4	0	297	1209	1505	25	321
4	0	298	1213	1510	25	322
4	0	299	1217	1515	25	323
4	0	300	1221	1520	25	324
4	0	301	1225	1525	25	325
4	0	302	1229	1530	25	326
4	0	303	1233	1535	25	327
4	0	304	1237	1540	25	328
4	0	305	1241	1545	25	329
4	0	306	1245	1550	25	330
4	0	307	1249	1555	25	331
4	0	308	1253	1560	25	332
4	0	309	1257	1565	25	333
4	0	310	1261	1570	25	334
4	0	311	1265	1575	25	335
4	0	312	1269	1580	25	336
4	0	313	1273	1585	25	337
4	0	314	1277	1590	25	338
4	0	315	1281	1595	25	339
4	0	316	1285	1600	25	340
4	0	317	1289	1605	25	341
4	0	318	1293	1610	25	342
4	0	319	1297	1615	25	343
4	0	320	1301	1620	25	344
4	0	321	1305	1625	25	345
4	0	322	1309	1630	25	346
4	0	323	1313	1635	25	347
4	0	324	1317	1640	25	348
4	0	325	1321	1645	25	349
4	0	326	1325	1650	25	350
4	0	327	1329	1655	25	351
4	0	328	1333	1660	25	352
4	0	329	1337	1665	25	353
4	0	330	1341	1670	25	354
4	0	331	1345	1675	25	355
4	0	332	1349	1680	25	356
4	0	333	1353	1685	25	357
4	0	334	1357	1690	25	358
4	0	335	1361	1695	25	359
4	0	336	1365	1700	25	360
4	0	337	1369	1705	25	361
4	0	338	1373	1710	25	362
4	0	339	1377	1715	25	363
4	0	340	1381	1720	25	364
4	0	341	1385	1725	25	365
4	0	342	1389	1730	25	366
4	0	343	1393	1735	25	367
4	0	344	1397	1740	25	368
4	0	345	1401	1745	25	369
4	0	346	1405	1750	25	370
4	0	347	1409	1755	25	371
4	0	348	1413	1760	25	372
4	0	349	1417	1765	25	373
4	0	350	1421	1770	25	374
4	0	351	1425	1775	25	375
4	0	352	1429	1780	25	376
4	0	353	1433	1785	25	377
4	0	354	1437	1790	25	378
4	0	355	1441	1795	25	379
4	0	356	1445	1800	25	380
4	0	357	1449	1805	25	381
4	0	358	1453	1810	25	382
4	0	359	1457	1815	25	383
4	0	360	1461	1820	25	384
4	0	361	1465	1825	25	385
4	0	362	1469	1830	25	386
4	0	363	1473	1835	25	387
4	0	364	1477	1840	25	388
4	0	365	1481	1845	25	389
4	0	366	1485	1850	25	390
4	0	367	1489	1855	25	391
4	0	368	1493	1860	25	392
4	0	369	1497	1865	25	393
4	0	370	1501	1870	25	394
4	0	371	1505	1875	25	395
4	0	372	1509	1880	25	396
4	0	373	1513	1885	25	397
4	0	374	1517	1890	25	398
4	0	375	1521	1895	25	399
4	0	376	1525	1900	25	400
4	0	377	1529	1905	25	401
4	0	378	1533	1910	25	402
4	0	379	1537	1915	25	403
4	0	380	1541	1920	25	404
4	0	381	1545	1925	25	405
4	0	382	1549	1930	25	406
4	0	383	1553	1935	25	407
4	0	384	1557	1940	25	408
4	0	385	1561	1945	25	409
4	0	386	1565	1950	25	410
4	0	387	1569	1955	25	411
4	0	388	1573	1960	25	412
4	0	389	1577	1965	25	413
4	0	390	1581	1970	25	414
4	0	391	1585	1975	25	415
4	0	392	1589	1980	25	416
4	0	393	1593	1985	25	417
4	0	394	1597	1990	25	418
4	0	395	1601	1995	25	419
4	0	396	1605	2000	25	420
4	0	397	1609	2005	25	421
4	0	398	1613	2010	25	422
4	0	399	1617	2015	25	423
4	1	1	25	25	25	25
4	1	2	29	25	30	26
4	1	3	33	25	35	27
4	1	4	37	25	40	28
4	1	5	41	25	45	29
4	1	6	45	25	50	30
4	1	7	49	25	55	31
4	1	8	53	25	60	32
4	1	9	57	25	65	33
4	1	10	61	25	70	34
4	1	11	65	25	75	35
4	1	12	69	25	80	36
4	1	13	73	25	85	37
4	1	14	77	25	90	38
4	1	15	81	25	95	39
4	1	16	85	25	100	40
4	1	17	89	25	105	41
4	1	18	93	25	110	42
4	1	19	97	25	115	43
4	1	20	101	25	120	44
4	1	21	105	25	125	45
4	1	22	109	25	130	46
4	1	23	113	25	135	47
4	1	24	117	25	140	48
4	1	25	121	25	145	49
4	1	26	125	25	150	50
4	1	27	129	25	155	51
4	1	28	133	25	160	52
4	1	29	137	25	165	53
4	1	30	141	25	170	54
4	1	31	145	25	175	55
4	1	32	149	25	180	56
4	1	33	153	25	185	57
4	1	34	157	25	190	58
4	1	35	161	25	195	59
4	1	36	165	25	200	60
4	1	37	169	25	205	61
4	1	38	173	25	210	62
4	1	39	177	25	215	63
4	1	40	181	25	220	64
4	1	41	185	25	225	65
4	1	42	189	25	230	66
4	1	43	193	25	235	67
4	1	44	197	25	240	68
4	1	45	201	25	245	69
4	1	46	205	25	250	70
4	1	47	209	25	255	71
4	1	48	213	25	260	72
4	1	49	217	25	265	73
4	1	50	221	25	270	74
4	1	51	225	25	275	75
4	1	52	229	25	280	76
4	1	53	233	25	285	77
4	1	54	237	25	290	78
4	1	55	241	25	295	79
4	1	56	245	25	300	80
4	1	57	249	25	305	81
4	1	58	253	25	310	82
4	1	59	257	25	315	83
4	1	60	261	25	320	84
4	1	61	265	25	325	85
4	1	62	269	25	330	86
4	1	63	273	25	335	87
4	1	64	277	25	340	88
4	1	65	281	25	345	89
4	1	66	285	25	350	90
4	1	67	289	25	355	91
4	1	68	293	25	360	92
4	1	69	297	25	365	93
4	1	70	301	25	370	94
4	1	71	305	25	375	95
4	1	72	309	25	380	96
4	1	73	313	25	385	97
4	1	74	317	25	390	98
4	1	75	321	25	395	99
4	1	76	325	25	400	100
4	1	77	329	25	405	101
4	1	78	333	25	410	102
4	1	79	337	25	415	103
4	1	80	341	25	420	104
4	1	81	345	25	425	105
4	1	82	349	25	430	106
4	1	83	353	25	435	107
4	1	84	357	25	440	108
4	1	85	361	25	445	109
4	1	86	365	25	450	110
4	1	87	369	25	455	111
4	1	88	373	25	460	112
4	1	89	377	25	465	113
4	1	90	381	25	470	114
4	1	91	385	25	475	115
4	1	92	389	25	480	116
4	1	93	393	25	485	117
4	1	94	397	25	490	118
4	1	95	401	25	495	119
4	1	96	405	25	500	120
4	1	97	409	25	505	121
4	1	98	413	25	510	122
4	1	99	417	25	515	123
4	1	100	421	25	520	124
4	1	101	425	25	525	125
4	1	102	429	25	530	126
4	1	103	433	25	535	127
4	1	104	437	25	540	128
4	1	105	441	25	545	129
4	1	106	445	25	550	130
4	1	107	449	25	555	131
4	1	108	453	25	560	132
4	1	109	457	25	565	133
4	1	110	461	25	570	134
4	1	111	465	25	575	135
4	1	112	469	25	580	136
4	1	113	473	25	585	137
4	1	114	477	25	590	138
4	1	115	481	25	595	139
4	1	116	485	25	600	140
4	1	117	489	25	605	141
4	1	118	493	25	610	142
4	1	119	497	25	615	143
4	1	120	501	25	620	144
4	1	121	505	25	625	145
4	1	122	509	25	630	146
4	1	123	513	25	635	147
4	1	124	517	25	640	148
4	1	125	521	25	645	149
4	1	126	525	25	650	150
4	1	127	529	25	655	151
4	1	128	533	25	660	152
4	1	129	537	25	665	153
4	1	130	541	25	670	154
4	1	131	545	25	675	155
4	1	132	549	25	680	156
4	1	133	553	25	685	157
4	1	134	557	25	690	158
4	1	135	561	25	695	159
4	1	136	565	25	700	160
4	1	137	569	25	705	161
4	1	138	573	25	710	162
4	1	139	577	25	715	163
4	1	140	581	25	720	164
4	1	141	585	25	725	165
4	1	142	589	25	730	166
4	1	143	593	25	735	167
4	1	144	597	25	740	168
4	1	145	601	25	745	169
4	1	146	605	25	750	170
4	1	147	609	25	755	171
4	1	148	613	25	760	172
4	1	149	617	25	765	173
4	1	150	621	25	770	174
4	1	151	625	25	775	175
4	1	152	629	25	780	176
4	1	153	633	25	785	177
4	1	154	637	25	790	178
4	1	155	641	25	795	179
4	1	156	645	25	800	180
4	1	157	649	25	805	181
4	1	158	653	25	810	182
4	1	159	657	25	815	183
4	1	160	661	25	820	184
4	1	161	665	25	825	185
4	1	162	669	25	830	186
4	1	163	673	25	835	187
4	1	164	677	25	840	188
4	1	165	681	25	845	189
4	1	166	685	25	850	190
4	1	167	689	25	855	191
4	1	168	693	25	860	192
4	1	169	697	25	865	193
4	1	170	701	25	870	194
4	1	171	705	25	875	195
4	1	172	709	25	880	196
4	1	173	713	25	885	197
4	1	174	717	25	890	198
4	1	175	721	25	895	199
4	1	176	725	25	900	200
4	1	177	729	25	905	201
4	1	178	733	25	910	202
4	1	179	737	25	915	203
4	1	180	741	25	920	204
4	1	181	745	25	925	205
4	1	182	749	25	930	206
4	1	183	753	25	935	207
4	1	184	757	25	940	208
4	1	185	761	25	945	209
4	1	186	765	25	950	210
4	1	187	769	25	955	211
4	1	188	773	25	960	212
4	1	189	777	25	965	213
4	1	190	781	25	970	214
4	1	191	785	25	975	215
4	1	192	789	25	980	216
4	1	193	793	25	985	217
4	1	194	797	25	990	218
4	1	195	801	25	995	219
4	1	196	805	25	1000	220
4	1	197	809	25	1005	221
4	1	198	813	25	1010	222
4	1	199	817	25	1015	223
4	1	200	821	25	1020	224
4	1	201	825	25	1025	225
4	1	202	829	25	1030	226
4	1	203	833	25	1035	227
4	1	204	837	25	1040	228
4	1	205	841	25	1045	229
4	1	206	845	25	1050	230
4	1	207	849	25	1055	231
4	1	208	853	25	1060	232
4	1	209	857	25	1065	233
4	1	210	861	25	1070	234
4	1	211	865	25	1075	235
4	1	212	869	25	1080	236
4	1	213	873	25	1085	237
4	1	214	877	25	1090	238
4	1	215	881	25	1095	239
4	1	216	885	25	1100	240
4	1	217	889	25	1105	241
4	1	218	893	25	1110	242
4	1	219	897	25	1115	243
4	1	220	901	25	1120	244
4	1	221	905	25	1125	245
4	1	222	909	25	1130	246
4	1	223	913	25	1135	247
4	1	224	917	25	1140	248
4	1	225	921	25	1145	249
4	1	226	925	25	1150	250
4	1	227	929	25	1155	251
4	1	228	933	25	1160	252
4	1	229	937	25	1165	253
4	1	230	941	25	1170	254
4	1	231	945	25	1175	255
4	1	232	949	25	1180	256
4	1	233	953	25	1185	257
4	1	234	957	25	1190	258
4	1	235	961	25	1195	259
4	1	236	965	25	1200	260
4	1	237	969	25	1205	261
4	1	238	973	25	1210	262
4	1	239	977	25	1215	263
4	1	240	981	25	1220	264
4	1	241	985	25	1225	265
4	1	242	989	25	1230	266
4	1	243	993	25	1235	267
4	1	244	997	25	1240	268
4	1	245	1001	25	1245	269
4	1	246	1005	25	1250	270
4	1	247	1009	25	1255	271
4	1	248	1013	25	1260	272
4	1	249	1017	25	1265	273
4	1	250	1021	25	1270	274
4	1	251	1025	25	1275	275
4	1	252	1029	25	1280	276
4	1	253	1033	25	1285	277
4	1	254	1037	25	1290	278
4	1	255	1041	25	1295	279
4	1	256	1045	25	1300	280
4	1	257	1049	25	1305	281
4	1	258	1053	25	1310	282
4	1	259	1057	25	1315	283
4	1	260	1061	25	1320	284
4	1	261	1065	25	1325	285
4	1	262	1069	25	1330	286
4	1	263	1073	25	1335	287
4	1	264	1077	25	1340	288
4	1	265	1081	25	1345	289
4	1	266	1085	25	1350	290
4	1	267	1089	25	1355	291
4	1	268	1093	25	1360	292
4	1	269	1097	25	1365	293
4	1	270	1101	25	1370	294
4	1	271	1105	25	1375	295
4	1	272	1109	25	1380	296
4	1	273	1113	25	1385	297
4	1	274	1117	25	1390	298
4	1	275	1121	25	1395	299
4	1	276	1125	25	1400	300
4	1	277	1129	25	1405	301
4	1	278	1133	25	1410	302
4	1	279	1137	25	1415	303
4	1	280	1141	25	1420	304
4	1	281	1145	25	1425	305
4	1	282	1149	25	1430	306
4	1	283	1153	25	1435	307
4	1	284	1157	25	1440	308
4	1	285	1161	25	1445	309
4	1	286	1165	25	1450	310
4	1	287	1169	25	1455	311
4	1	288	1173	25	1460	312
4	1	289	1177	25	1465	313
4	1	290	1181	25	1470	314
4	1	291	1185	25	1475	315
4	1	292	1189	25	1480	316
4	1	293	1193	25	1485	317
4	1	294	1197	25	1490	318
4	1	295	1201	25	1495	319
4	1	296	1205	25	1500	320
4	1	297	1209	25	1505	321
4	1	298	1213	25	1510	322
4	1	299	1217	25	1515	323
4	1	300	1221	25	1520	324
4	1	301	1225	25	1525	325
4	1	302	1229	25	1530	326
4	1	303	1233	25	1535	327
4	1	304	1237	25	1540	328
4	1	305	1241	25	1545	329
4	1	306	1245	25	1550	330
4	1	307	1249	25	1555	331
4	1	308	1253	25	1560	332
4	1	309	1257	25	1565	333
4	1	310	1261	25	1570	334
4	1	311	1265	25	1575	335
4	1	312	1269	25	1580	336
4	1	313	1273	25	1585	337
4	1	314	1277	25	1590	338
4	1	315	1281	25	1595	339
4	1	316	1285	25	1600	340
4	1	317	1289	25	1605	341
4	1	318	1293	25	1610	342
4	1	319	1297	25	1615	343
4	1	320	1301	25	1620	344
4	1	321	1305	25	1625	345
4	1	322	1309	25	1630	346
4	1	323	1313	25	1635	347
4	1	324	1317	25	1640	348
4	1	325	1321	25	1645	349
4	1	326	1325	25	1650	350
4	1	327	1329	25	1655	351
4	1	328	1333	25	1660	352
4	1	329	1337	25	1665	353
4	1	330	1341	25	1670	354
4	1	331	1345	25	1675	355
4	1	332	1349	25	1680	356
4	1	333	1353	25	1685	357
4	1	334	1357	25	1690	358
4	1	335	1361	25	1695	359
4	1	336	1365	25	1700	360
4	1	337	1369	25	1705	361
4	1	338	1373	25	1710	362
4	1	339	1377	25	1715	363
4	1	340	1381	25	1720	364
4	1	341	1385	25	1725	365
4	1	342	1389	25	1730	366
4	1	343	1393	25	1735	367
4	1	344	1397	25	1740	368
4	1	345	1401	25	1745	369
4	1	346	1405	25	1750	370
4	1	347	1409	25	1755	371
4	1	348	1413	25	1760	372
4	1	349	1417	25	1765	373
4	1	350	1421	25	1770	374
4	1	351	1425	25	1775	375
4	1	352	1429	25	1780	376
4	1	353	1433	25	1785	377
4	1	354	1437	25	1790	378
4	1	355	1441	25	1795	379
4	1	356	1445	25	1800	380
4	1	357	1449	25	1805	381
4	1	358	1453	25	1810	382
4	1	359	1457	25	1815	383
4	1	360	1461	25	1820	384
4	1	361	1465	25	1825	385
4	1	362	1469	25	1830	386
4	1	363	1473	25	1835	387
4	1	364	1477	25	1840	388
4	1	365	1481	25	1845	389
4	1	366	1485	25	1850	390
4	1	367	1489	25	1855	391
4	1	368	1493	25	1860	392
4	1	369	1497	25	1865	393
4	1	370	1501	25	1870	394
4	1	371	1505	25	1875	395
4	1	372	1509	25	1880	396
4	1	373	1513	25	1885	397
4	1	374	1517	25	1890	398
4	1	375	1521	25	1895	399
4	1	376	1525	25	1900	400
4	1	377	1529	25	1905	401
4	1	378	1533	25	1910	402
4	1	379	1537	25	1915	403
4	1	380	1541	25	1920	404
4	1	381	1545	25	1925	405
4	1	382	1549	25	1930	406
4	1	383	1553	25	1935	407
4	1	384	1557	25	1940	408
4	1	385	1561	25	1945	409
4	1	386	1565	25	1950	410
4	1	387	1569	25	1955	411
4	1	388	1573	25	1960	412
4	1	389	1577	25	1965	413
4	1	390	1581	25	1970	414
4	1	391	1585	25	1975	415
4	1	392	1589	25	1980	416
4	1	393	1593	25	1985	417
4	1	394	1597	25	1990	418
4	1	395	1601	25	1995	419
4	1	396	1605	25	2000	420
4	1	397	1609	25	2005	421
4	1	398	1613	25	2010	422
4	1	399	1617	25	2015	423
5	0	1	25	25	25	25
5	0	2	29	25	30	26
5	0	3	33	25	35	27
5	0	4	37	25	40	28
5	0	5	41	25	45	29
5	0	6	45	25	50	30
5	0	7	49	25	55	31
5	0	8	53	25	60	32
5	0	9	57	25	65	33
5	0	10	61	25	70	34
5	0	11	65	25	75	35
5	0	12	69	25	80	36
5	0	13	73	25	85	37
5	0	14	77	25	90	38
5	0	15	81	25	95	39
5	0	16	85	25	100	40
5	0	17	89	25	105	41
5	0	18	93	25	110	42
5	0	19	97	25	115	43
5	0	20	101	25	120	44
5	0	21	105	25	125	45
5	0	22	109	25	130	46
5	0	23	113	25	135	47
5	0	24	117	25	140	48
5	0	25	121	25	145	49
5	0	26	125	25	150	50
5	0	27	129	25	155	51
5	0	28	133	25	160	52
5	0	29	137	25	165	53
5	0	30	141	25	170	54
5	0	31	145	25	175	55
5	0	32	149	25	180	56
5	0	33	153	25	185	57
5	0	34	157	25	190	58
5	0	35	161	25	195	59
5	0	36	165	25	200	60
5	0	37	169	25	205	61
5	0	38	173	25	210	62
5	0	39	177	25	215	63
5	0	40	181	25	220	64
5	0	41	185	25	225	65
5	0	42	189	25	230	66
5	0	43	193	25	235	67
5	0	44	197	25	240	68
5	0	45	201	25	245	69
5	0	46	205	25	250	70
5	0	47	209	25	255	71
5	0	48	213	25	260	72
5	0	49	217	25	265	73
5	0	50	221	25	270	74
5	0	51	225	25	275	75
5	0	52	229	25	280	76
5	0	53	233	25	285	77
5	0	54	237	25	290	78
5	0	55	241	25	295	79
5	0	56	245	25	300	80
5	0	57	249	25	305	81
5	0	58	253	25	310	82
5	0	59	257	25	315	83
5	0	60	261	25	320	84
5	0	61	265	25	325	85
5	0	62	269	25	330	86
5	0	63	273	25	335	87
5	0	64	277	25	340	88
5	0	65	281	25	345	89
5	0	66	285	25	350	90
5	0	67	289	25	355	91
5	0	68	293	25	360	92
5	0	69	297	25	365	93
5	0	70	301	25	370	94
5	0	71	305	25	375	95
5	0	72	309	25	380	96
5	0	73	313	25	385	97
5	0	74	317	25	390	98
5	0	75	321	25	395	99
5	0	76	325	25	400	100
5	0	77	329	25	405	101
5	0	78	333	25	410	102
5	0	79	337	25	415	103
5	0	80	341	25	420	104
5	0	81	345	25	425	105
5	0	82	349	25	430	106
5	0	83	353	25	435	107
5	0	84	357	25	440	108
5	0	85	361	25	445	109
5	0	86	365	25	450	110
5	0	87	369	25	455	111
5	0	88	373	25	460	112
5	0	89	377	25	465	113
5	0	90	381	25	470	114
5	0	91	385	25	475	115
5	0	92	389	25	480	116
5	0	93	393	25	485	117
5	0	94	397	25	490	118
5	0	95	401	25	495	119
5	0	96	405	25	500	120
5	0	97	409	25	505	121
5	0	98	413	25	510	122
5	0	99	417	25	515	123
5	0	100	421	25	520	124
5	0	101	425	25	525	125
5	0	102	429	25	530	126
5	0	103	433	25	535	127
5	0	104	437	25	540	128
5	0	105	441	25	545	129
5	0	106	445	25	550	130
5	0	107	449	25	555	131
5	0	108	453	25	560	132
5	0	109	457	25	565	133
5	0	110	461	25	570	134
5	0	111	465	25	575	135
5	0	112	469	25	580	136
5	0	113	473	25	585	137
5	0	114	477	25	590	138
5	0	115	481	25	595	139
5	0	116	485	25	600	140
5	0	117	489	25	605	141
5	0	118	493	25	610	142
5	0	119	497	25	615	143
5	0	120	501	25	620	144
5	0	121	505	25	625	145
5	0	122	509	25	630	146
5	0	123	513	25	635	147
5	0	124	517	25	640	148
5	0	125	521	25	645	149
5	0	126	525	25	650	150
5	0	127	529	25	655	151
5	0	128	533	25	660	152
5	0	129	537	25	665	153
5	0	130	541	25	670	154
5	0	131	545	25	675	155
5	0	132	549	25	680	156
5	0	133	553	25	685	157
5	0	134	557	25	690	158
5	0	135	561	25	695	159
5	0	136	565	25	700	160
5	0	137	569	25	705	161
5	0	138	573	25	710	162
5	0	139	577	25	715	163
5	0	140	581	25	720	164
5	0	141	585	25	725	165
5	0	142	589	25	730	166
5	0	143	593	25	735	167
5	0	144	597	25	740	168
5	0	145	601	25	745	169
5	0	146	605	25	750	170
5	0	147	609	25	755	171
5	0	148	613	25	760	172
5	0	149	617	25	765	173
5	0	150	621	25	770	174
5	0	151	625	25	775	175
5	0	152	629	25	780	176
5	0	153	633	25	785	177
5	0	154	637	25	790	178
5	0	155	641	25	795	179
5	0	156	645	25	800	180
5	0	157	649	25	805	181
5	0	158	653	25	810	182
5	0	159	657	25	815	183
5	0	160	661	25	820	184
5	0	161	665	25	825	185
5	0	162	669	25	830	186
5	0	163	673	25	835	187
5	0	164	677	25	840	188
5	0	165	681	25	845	189
5	0	166	685	25	850	190
5	0	167	689	25	855	191
5	0	168	693	25	860	192
5	0	169	697	25	865	193
5	0	170	701	25	870	194
5	0	171	705	25	875	195
5	0	172	709	25	880	196
5	0	173	713	25	885	197
5	0	174	717	25	890	198
5	0	175	721	25	895	199
5	0	176	725	25	900	200
5	0	177	729	25	905	201
5	0	178	733	25	910	202
5	0	179	737	25	915	203
5	0	180	741	25	920	204
5	0	181	745	25	925	205
5	0	182	749	25	930	206
5	0	183	753	25	935	207
5	0	184	757	25	940	208
5	0	185	761	25	945	209
5	0	186	765	25	950	210
5	0	187	769	25	955	211
5	0	188	773	25	960	212
5	0	189	777	25	965	213
5	0	190	781	25	970	214
5	0	191	785	25	975	215
5	0	192	789	25	980	216
5	0	193	793	25	985	217
5	0	194	797	25	990	218
5	0	195	801	25	995	219
5	0	196	805	25	1000	220
5	0	197	809	25	1005	221
5	0	198	813	25	1010	222
5	0	199	817	25	1015	223
5	0	200	821	25	1020	224
5	0	201	825	25	1025	225
5	0	202	829	25	1030	226
5	0	203	833	25	1035	227
5	0	204	837	25	1040	228
5	0	205	841	25	1045	229
5	0	206	845	25	1050	230
5	0	207	849	25	1055	231
5	0	208	853	25	1060	232
5	0	209	857	25	1065	233
5	0	210	861	25	1070	234
5	0	211	865	25	1075	235
5	0	212	869	25	1080	236
5	0	213	873	25	1085	237
5	0	214	877	25	1090	238
5	0	215	881	25	1095	239
5	0	216	885	25	1100	240
5	0	217	889	25	1105	241
5	0	218	893	25	1110	242
5	0	219	897	25	1115	243
5	0	220	901	25	1120	244
5	0	221	905	25	1125	245
5	0	222	909	25	1130	246
5	0	223	913	25	1135	247
5	0	224	917	25	1140	248
5	0	225	921	25	1145	249
5	0	226	925	25	1150	250
5	0	227	929	25	1155	251
5	0	228	933	25	1160	252
5	0	229	937	25	1165	253
5	0	230	941	25	1170	254
5	0	231	945	25	1175	255
5	0	232	949	25	1180	256
5	0	233	953	25	1185	257
5	0	234	957	25	1190	258
5	0	235	961	25	1195	259
5	0	236	965	25	1200	260
5	0	237	969	25	1205	261
5	0	238	973	25	1210	262
5	0	239	977	25	1215	263
5	0	240	981	25	1220	264
5	0	241	985	25	1225	265
5	0	242	989	25	1230	266
5	0	243	993	25	1235	267
5	0	244	997	25	1240	268
5	0	245	1001	25	1245	269
5	0	246	1005	25	1250	270
5	0	247	1009	25	1255	271
5	0	248	1013	25	1260	272
5	0	249	1017	25	1265	273
5	0	250	1021	25	1270	274
5	0	251	1025	25	1275	275
5	0	252	1029	25	1280	276
5	0	253	1033	25	1285	277
5	0	254	1037	25	1290	278
5	0	255	1041	25	1295	279
5	0	256	1045	25	1300	280
5	0	257	1049	25	1305	281
5	0	258	1053	25	1310	282
5	0	259	1057	25	1315	283
5	0	260	1061	25	1320	284
5	0	261	1065	25	1325	285
5	0	262	1069	25	1330	286
5	0	263	1073	25	1335	287
5	0	264	1077	25	1340	288
5	0	265	1081	25	1345	289
5	0	266	1085	25	1350	290
5	0	267	1089	25	1355	291
5	0	268	1093	25	1360	292
5	0	269	1097	25	1365	293
5	0	270	1101	25	1370	294
5	0	271	1105	25	1375	295
5	0	272	1109	25	1380	296
5	0	273	1113	25	1385	297
5	0	274	1117	25	1390	298
5	0	275	1121	25	1395	299
5	0	276	1125	25	1400	300
5	0	277	1129	25	1405	301
5	0	278	1133	25	1410	302
5	0	279	1137	25	1415	303
5	0	280	1141	25	1420	304
5	0	281	1145	25	1425	305
5	0	282	1149	25	1430	306
5	0	283	1153	25	1435	307
5	0	284	1157	25	1440	308
5	0	285	1161	25	1445	309
5	0	286	1165	25	1450	310
5	0	287	1169	25	1455	311
5	0	288	1173	25	1460	312
5	0	289	1177	25	1465	313
5	0	290	1181	25	1470	314
5	0	291	1185	25	1475	315
5	0	292	1189	25	1480	316
5	0	293	1193	25	1485	317
5	0	294	1197	25	1490	318
5	0	295	1201	25	1495	319
5	0	296	1205	25	1500	320
5	0	297	1209	25	1505	321
5	0	298	1213	25	1510	322
5	0	299	1217	25	1515	323
5	0	300	1221	25	1520	324
5	0	301	1225	25	1525	325
5	0	302	1229	25	1530	326
5	0	303	1233	25	1535	327
5	0	304	1237	25	1540	328
5	0	305	1241	25	1545	329
5	0	306	1245	25	1550	330
5	0	307	1249	25	1555	331
5	0	308	1253	25	1560	332
5	0	309	1257	25	1565	333
5	0	310	1261	25	1570	334
5	0	311	1265	25	1575	335
5	0	312	1269	25	1580	336
5	0	313	1273	25	1585	337
5	0	314	1277	25	1590	338
5	0	315	1281	25	1595	339
5	0	316	1285	25	1600	340
5	0	317	1289	25	1605	341
5	0	318	1293	25	1610	342
5	0	319	1297	25	1615	343
5	0	320	1301	25	1620	344
5	0	321	1305	25	1625	345
5	0	322	1309	25	1630	346
5	0	323	1313	25	1635	347
5	0	324	1317	25	1640	348
5	0	325	1321	25	1645	349
5	0	326	1325	25	1650	350
5	0	327	1329	25	1655	351
5	0	328	1333	25	1660	352
5	0	329	1337	25	1665	353
5	0	330	1341	25	1670	354
5	0	331	1345	25	1675	355
5	0	332	1349	25	1680	356
5	0	333	1353	25	1685	357
5	0	334	1357	25	1690	358
5	0	335	1361	25	1695	359
5	0	336	1365	25	1700	360
5	0	337	1369	25	1705	361
5	0	338	1373	25	1710	362
5	0	339	1377	25	1715	363
5	0	340	1381	25	1720	364
5	0	341	1385	25	1725	365
5	0	342	1389	25	1730	366
5	0	343	1393	25	1735	367
5	0	344	1397	25	1740	368
5	0	345	1401	25	1745	369
5	0	346	1405	25	1750	370
5	0	347	1409	25	1755	371
5	0	348	1413	25	1760	372
5	0	349	1417	25	1765	373
5	0	350	1421	25	1770	374
5	0	351	1425	25	1775	375
5	0	352	1429	25	1780	376
5	0	353	1433	25	1785	377
5	0	354	1437	25	1790	378
5	0	355	1441	25	1795	379
5	0	356	1445	25	1800	380
5	0	357	1449	25	1805	381
5	0	358	1453	25	1810	382
5	0	359	1457	25	1815	383
5	0	360	1461	25	1820	384
5	0	361	1465	25	1825	385
5	0	362	1469	25	1830	386
5	0	363	1473	25	1835	387
5	0	364	1477	25	1840	388
5	0	365	1481	25	1845	389
5	0	366	1485	25	1850	390
5	0	367	1489	25	1855	391
5	0	368	1493	25	1860	392
5	0	369	1497	25	1865	393
5	0	370	1501	25	1870	394
5	0	371	1505	25	1875	395
5	0	372	1509	25	1880	396
5	0	373	1513	25	1885	397
5	0	374	1517	25	1890	398
5	0	375	1521	25	1895	399
5	0	376	1525	25	1900	400
5	0	377	1529	25	1905	401
5	0	378	1533	25	1910	402
5	0	379	1537	25	1915	403
5	0	380	1541	25	1920	404
5	0	381	1545	25	1925	405
5	0	382	1549	25	1930	406
5	0	383	1553	25	1935	407
5	0	384	1557	25	1940	408
5	0	385	1561	25	1945	409
5	0	386	1565	25	1950	410
5	0	387	1569	25	1955	411
5	0	388	1573	25	1960	412
5	0	389	1577	25	1965	413
5	0	390	1581	25	1970	414
5	0	391	1585	25	1975	415
5	0	392	1589	25	1980	416
5	0	393	1593	25	1985	417
5	0	394	1597	25	1990	418
5	0	395	1601	25	1995	419
5	0	396	1605	25	2000	420
5	0	397	1609	25	2005	421
5	0	398	1613	25	2010	422
5	0	399	1617	25	2015	423
5	1	1	25	25	25	25
5	1	2	29	25	30	26
5	1	3	33	25	35	27
5	1	4	37	25	40	28
5	1	5	41	25	45	29
5	1	6	45	25	50	30
5	1	7	49	25	55	31
5	1	8	53	25	60	32
5	1	9	57	25	65	33
5	1	10	61	25	70	34
5	1	11	65	25	75	35
5	1	12	69	25	80	36
5	1	13	73	25	85	37
5	1	14	77	25	90	38
5	1	15	81	25	95	39
5	1	16	85	25	100	40
5	1	17	89	25	105	41
5	1	18	93	25	110	42
5	1	19	97	25	115	43
5	1	20	101	25	120	44
5	1	21	105	25	125	45
5	1	22	109	25	130	46
5	1	23	113	25	135	47
5	1	24	117	25	140	48
5	1	25	121	25	145	49
5	1	26	125	25	150	50
5	1	27	129	25	155	51
5	1	28	133	25	160	52
5	1	29	137	25	165	53
5	1	30	141	25	170	54
5	1	31	145	25	175	55
5	1	32	149	25	180	56
5	1	33	153	25	185	57
5	1	34	157	25	190	58
5	1	35	161	25	195	59
5	1	36	165	25	200	60
5	1	37	169	25	205	61
5	1	38	173	25	210	62
5	1	39	177	25	215	63
5	1	40	181	25	220	64
5	1	41	185	25	225	65
5	1	42	189	25	230	66
5	1	43	193	25	235	67
5	1	44	197	25	240	68
5	1	45	201	25	245	69
5	1	46	205	25	250	70
5	1	47	209	25	255	71
5	1	48	213	25	260	72
5	1	49	217	25	265	73
5	1	50	221	25	270	74
5	1	51	225	25	275	75
5	1	52	229	25	280	76
5	1	53	233	25	285	77
5	1	54	237	25	290	78
5	1	55	241	25	295	79
5	1	56	245	25	300	80
5	1	57	249	25	305	81
5	1	58	253	25	310	82
5	1	59	257	25	315	83
5	1	60	261	25	320	84
5	1	61	265	25	325	85
5	1	62	269	25	330	86
5	1	63	273	25	335	87
5	1	64	277	25	340	88
5	1	65	281	25	345	89
5	1	66	285	25	350	90
5	1	67	289	25	355	91
5	1	68	293	25	360	92
5	1	69	297	25	365	93
5	1	70	301	25	370	94
5	1	71	305	25	375	95
5	1	72	309	25	380	96
5	1	73	313	25	385	97
5	1	74	317	25	390	98
5	1	75	321	25	395	99
5	1	76	325	25	400	100
5	1	77	329	25	405	101
5	1	78	333	25	410	102
5	1	79	337	25	415	103
5	1	80	341	25	420	104
5	1	81	345	25	425	105
5	1	82	349	25	430	106
5	1	83	353	25	435	107
5	1	84	357	25	440	108
5	1	85	361	25	445	109
5	1	86	365	25	450	110
5	1	87	369	25	455	111
5	1	88	373	25	460	112
5	1	89	377	25	465	113
5	1	90	381	25	470	114
5	1	91	385	25	475	115
5	1	92	389	25	480	116
5	1	93	393	25	485	117
5	1	94	397	25	490	118
5	1	95	401	25	495	119
5	1	96	405	25	500	120
5	1	97	409	25	505	121
5	1	98	413	25	510	122
5	1	99	417	25	515	123
5	1	100	421	25	520	124
5	1	101	425	25	525	125
5	1	102	429	25	530	126
5	1	103	433	25	535	127
5	1	104	437	25	540	128
5	1	105	441	25	545	129
5	1	106	445	25	550	130
5	1	107	449	25	555	131
5	1	108	453	25	560	132
5	1	109	457	25	565	133
5	1	110	461	25	570	134
5	1	111	465	25	575	135
5	1	112	469	25	580	136
5	1	113	473	25	585	137
5	1	114	477	25	590	138
5	1	115	481	25	595	139
5	1	116	485	25	600	140
5	1	117	489	25	605	141
5	1	118	493	25	610	142
5	1	119	497	25	615	143
5	1	120	501	25	620	144
5	1	121	505	25	625	145
5	1	122	509	25	630	146
5	1	123	513	25	635	147
5	1	124	517	25	640	148
5	1	125	521	25	645	149
5	1	126	525	25	650	150
5	1	127	529	25	655	151
5	1	128	533	25	660	152
5	1	129	537	25	665	153
5	1	130	541	25	670	154
5	1	131	545	25	675	155
5	1	132	549	25	680	156
5	1	133	553	25	685	157
5	1	134	557	25	690	158
5	1	135	561	25	695	159
5	1	136	565	25	700	160
5	1	137	569	25	705	161
5	1	138	573	25	710	162
5	1	139	577	25	715	163
5	1	140	581	25	720	164
5	1	141	585	25	725	165
5	1	142	589	25	730	166
5	1	143	593	25	735	167
5	1	144	597	25	740	168
5	1	145	601	25	745	169
5	1	146	605	25	750	170
5	1	147	609	25	755	171
5	1	148	613	25	760	172
5	1	149	617	25	765	173
5	1	150	621	25	770	174
5	1	151	625	25	775	175
5	1	152	629	25	780	176
5	1	153	633	25	785	177
5	1	154	637	25	790	178
5	1	155	641	25	795	179
5	1	156	645	25	800	180
5	1	157	649	25	805	181
5	1	158	653	25	810	182
5	1	159	657	25	815	183
5	1	160	661	25	820	184
5	1	161	665	25	825	185
5	1	162	669	25	830	186
5	1	163	673	25	835	187
5	1	164	677	25	840	188
5	1	165	681	25	845	189
5	1	166	685	25	850	190
5	1	167	689	25	855	191
5	1	168	693	25	860	192
5	1	169	697	25	865	193
5	1	170	701	25	870	194
5	1	171	705	25	875	195
5	1	172	709	25	880	196
5	1	173	713	25	885	197
5	1	174	717	25	890	198
5	1	175	721	25	895	199
5	1	176	725	25	900	200
5	1	177	729	25	905	201
5	1	178	733	25	910	202
5	1	179	737	25	915	203
5	1	180	741	25	920	204
5	1	181	745	25	925	205
5	1	182	749	25	930	206
5	1	183	753	25	935	207
5	1	184	757	25	940	208
5	1	185	761	25	945	209
5	1	186	765	25	950	210
5	1	187	769	25	955	211
5	1	188	773	25	960	212
5	1	189	777	25	965	213
5	1	190	781	25	970	214
5	1	191	785	25	975	215
5	1	192	789	25	980	216
5	1	193	793	25	985	217
5	1	194	797	25	990	218
5	1	195	801	25	995	219
5	1	196	805	25	1000	220
5	1	197	809	25	1005	221
5	1	198	813	25	1010	222
5	1	199	817	25	1015	223
5	1	200	821	25	1020	224
5	1	201	825	25	1025	225
5	1	202	829	25	1030	226
5	1	203	833	25	1035	227
5	1	204	837	25	1040	228
5	1	205	841	25	1045	229
5	1	206	845	25	1050	230
5	1	207	849	25	1055	231
5	1	208	853	25	1060	232
5	1	209	857	25	1065	233
5	1	210	861	25	1070	234
5	1	211	865	25	1075	235
5	1	212	869	25	1080	236
5	1	213	873	25	1085	237
5	1	214	877	25	1090	238
5	1	215	881	25	1095	239
5	1	216	885	25	1100	240
5	1	217	889	25	1105	241
5	1	218	893	25	1110	242
5	1	219	897	25	1115	243
5	1	220	901	25	1120	244
5	1	221	905	25	1125	245
5	1	222	909	25	1130	246
5	1	223	913	25	1135	247
5	1	224	917	25	1140	248
5	1	225	921	25	1145	249
5	1	226	925	25	1150	250
5	1	227	929	25	1155	251
5	1	228	933	25	1160	252
5	1	229	937	25	1165	253
5	1	230	941	25	1170	254
5	1	231	945	25	1175	255
5	1	232	949	25	1180	256
5	1	233	953	25	1185	257
5	1	234	957	25	1190	258
5	1	235	961	25	1195	259
5	1	236	965	25	1200	260
5	1	237	969	25	1205	261
5	1	238	973	25	1210	262
5	1	239	977	25	1215	263
5	1	240	981	25	1220	264
5	1	241	985	25	1225	265
5	1	242	989	25	1230	266
5	1	243	993	25	1235	267
5	1	244	997	25	1240	268
5	1	245	1001	25	1245	269
5	1	246	1005	25	1250	270
5	1	247	1009	25	1255	271
5	1	248	1013	25	1260	272
5	1	249	1017	25	1265	273
5	1	250	1021	25	1270	274
5	1	251	1025	25	1275	275
5	1	252	1029	25	1280	276
5	1	253	1033	25	1285	277
5	1	254	1037	25	1290	278
5	1	255	1041	25	1295	279
5	1	256	1045	25	1300	280
5	1	257	1049	25	1305	281
5	1	258	1053	25	1310	282
5	1	259	1057	25	1315	283
5	1	260	1061	25	1320	284
5	1	261	1065	25	1325	285
5	1	262	1069	25	1330	286
5	1	263	1073	25	1335	287
5	1	264	1077	25	1340	288
5	1	265	1081	25	1345	289
5	1	266	1085	25	1350	290
5	1	267	1089	25	1355	291
5	1	268	1093	25	1360	292
5	1	269	1097	25	1365	293
5	1	270	1101	25	1370	294
5	1	271	1105	25	1375	295
5	1	272	1109	25	1380	296
5	1	273	1113	25	1385	297
5	1	274	1117	25	1390	298
5	1	275	1121	25	1395	299
5	1	276	1125	25	1400	300
5	1	277	1129	25	1405	301
5	1	278	1133	25	1410	302
5	1	279	1137	25	1415	303
5	1	280	1141	25	1420	304
5	1	281	1145	25	1425	305
5	1	282	1149	25	1430	306
5	1	283	1153	25	1435	307
5	1	284	1157	25	1440	308
5	1	285	1161	25	1445	309
5	1	286	1165	25	1450	310
5	1	287	1169	25	1455	311
5	1	288	1173	25	1460	312
5	1	289	1177	25	1465	313
5	1	290	1181	25	1470	314
5	1	291	1185	25	1475	315
5	1	292	1189	25	1480	316
5	1	293	1193	25	1485	317
5	1	294	1197	25	1490	318
5	1	295	1201	25	1495	319
5	1	296	1205	25	1500	320
5	1	297	1209	25	1505	321
5	1	298	1213	25	1510	322
5	1	299	1217	25	1515	323
5	1	300	1221	25	1520	324
5	1	301	1225	25	1525	325
5	1	302	1229	25	1530	326
5	1	303	1233	25	1535	327
5	1	304	1237	25	1540	328
5	1	305	1241	25	1545	329
5	1	306	1245	25	1550	330
5	1	307	1249	25	1555	331
5	1	308	1253	25	1560	332
5	1	309	1257	25	1565	333
5	1	310	1261	25	1570	334
5	1	311	1265	25	1575	335
5	1	312	1269	25	1580	336
5	1	313	1273	25	1585	337
5	1	314	1277	25	1590	338
5	1	315	1281	25	1595	339
5	1	316	1285	25	1600	340
5	1	317	1289	25	1605	341
5	1	318	1293	25	1610	342
5	1	319	1297	25	1615	343
5	1	320	1301	25	1620	344
5	1	321	1305	25	1625	345
5	1	322	1309	25	1630	346
5	1	323	1313	25	1635	347
5	1	324	1317	25	1640	348
5	1	325	1321	25	1645	349
5	1	326	1325	25	1650	350
5	1	327	1329	25	1655	351
5	1	328	1333	25	1660	352
5	1	329	1337	25	1665	353
5	1	330	1341	25	1670	354
5	1	331	1345	25	1675	355
5	1	332	1349	25	1680	356
5	1	333	1353	25	1685	357
5	1	334	1357	25	1690	358
5	1	335	1361	25	1695	359
5	1	336	1365	25	1700	360
5	1	337	1369	25	1705	361
5	1	338	1373	25	1710	362
5	1	339	1377	25	1715	363
5	1	340	1381	25	1720	364
5	1	341	1385	25	1725	365
5	1	342	1389	25	1730	366
5	1	343	1393	25	1735	367
5	1	344	1397	25	1740	368
5	1	345	1401	25	1745	369
5	1	346	1405	25	1750	370
5	1	347	1409	25	1755	371
5	1	348	1413	25	1760	372
5	1	349	1417	25	1765	373
5	1	350	1421	25	1770	374
5	1	351	1425	25	1775	375
5	1	352	1429	25	1780	376
5	1	353	1433	25	1785	377
5	1	354	1437	25	1790	378
5	1	355	1441	25	1795	379
5	1	356	1445	25	1800	380
5	1	357	1449	25	1805	381
5	1	358	1453	25	1810	382
5	1	359	1457	25	1815	383
5	1	360	1461	25	1820	384
5	1	361	1465	25	1825	385
5	1	362	1469	25	1830	386
5	1	363	1473	25	1835	387
5	1	364	1477	25	1840	388
5	1	365	1481	25	1845	389
5	1	366	1485	25	1850	390
5	1	367	1489	25	1855	391
5	1	368	1493	25	1860	392
5	1	369	1497	25	1865	393
5	1	370	1501	25	1870	394
5	1	371	1505	25	1875	395
5	1	372	1509	25	1880	396
5	1	373	1513	25	1885	397
5	1	374	1517	25	1890	398
5	1	375	1521	25	1895	399
5	1	376	1525	25	1900	400
5	1	377	1529	25	1905	401
5	1	378	1533	25	1910	402
5	1	379	1537	25	1915	403
5	1	380	1541	25	1920	404
5	1	381	1545	25	1925	405
5	1	382	1549	25	1930	406
5	1	383	1553	25	1935	407
5	1	384	1557	25	1940	408
5	1	385	1561	25	1945	409
5	1	386	1565	25	1950	410
5	1	387	1569	25	1955	411
5	1	388	1573	25	1960	412
5	1	389	1577	25	1965	413
5	1	390	1581	25	1970	414
5	1	391	1585	25	1975	415
5	1	392	1589	25	1980	416
5	1	393	1593	25	1985	417
5	1	394	1597	25	1990	418
5	1	395	1601	25	1995	419
5	1	396	1605	25	2000	420
5	1	397	1609	25	2005	421
5	1	398	1613	25	2010	422
5	1	399	1617	25	2015	423
6	0	1	25	25	25	25
6	0	2	29	25	30	26
6	0	3	33	25	35	27
6	0	4	37	25	40	28
6	0	5	41	25	45	29
6	0	6	45	25	50	30
6	0	7	49	25	55	31
6	0	8	53	25	60	32
6	0	9	57	25	65	33
6	0	10	61	25	70	34
6	0	11	65	25	75	35
6	0	12	69	25	80	36
6	0	13	73	25	85	37
6	0	14	77	25	90	38
6	0	15	81	25	95	39
6	0	16	85	25	100	40
6	0	17	89	25	105	41
6	0	18	93	25	110	42
6	0	19	97	25	115	43
6	0	20	101	25	120	44
6	0	21	105	25	125	45
6	0	22	109	25	130	46
6	0	23	113	25	135	47
6	0	24	117	25	140	48
6	0	25	121	25	145	49
6	0	26	125	25	150	50
6	0	27	129	25	155	51
6	0	28	133	25	160	52
6	0	29	137	25	165	53
6	0	30	141	25	170	54
6	0	31	145	25	175	55
6	0	32	149	25	180	56
6	0	33	153	25	185	57
6	0	34	157	25	190	58
6	0	35	161	25	195	59
6	0	36	165	25	200	60
6	0	37	169	25	205	61
6	0	38	173	25	210	62
6	0	39	177	25	215	63
6	0	40	181	25	220	64
6	0	41	185	25	225	65
6	0	42	189	25	230	66
6	0	43	193	25	235	67
6	0	44	197	25	240	68
6	0	45	201	25	245	69
6	0	46	205	25	250	70
6	0	47	209	25	255	71
6	0	48	213	25	260	72
6	0	49	217	25	265	73
6	0	50	221	25	270	74
6	0	51	225	25	275	75
6	0	52	229	25	280	76
6	0	53	233	25	285	77
6	0	54	237	25	290	78
6	0	55	241	25	295	79
6	0	56	245	25	300	80
6	0	57	249	25	305	81
6	0	58	253	25	310	82
6	0	59	257	25	315	83
6	0	60	261	25	320	84
6	0	61	265	25	325	85
6	0	62	269	25	330	86
6	0	63	273	25	335	87
6	0	64	277	25	340	88
6	0	65	281	25	345	89
6	0	66	285	25	350	90
6	0	67	289	25	355	91
6	0	68	293	25	360	92
6	0	69	297	25	365	93
6	0	70	301	25	370	94
6	0	71	305	25	375	95
6	0	72	309	25	380	96
6	0	73	313	25	385	97
6	0	74	317	25	390	98
6	0	75	321	25	395	99
6	0	76	325	25	400	100
6	0	77	329	25	405	101
6	0	78	333	25	410	102
6	0	79	337	25	415	103
6	0	80	341	25	420	104
6	0	81	345	25	425	105
6	0	82	349	25	430	106
6	0	83	353	25	435	107
6	0	84	357	25	440	108
6	0	85	361	25	445	109
6	0	86	365	25	450	110
6	0	87	369	25	455	111
6	0	88	373	25	460	112
6	0	89	377	25	465	113
6	0	90	381	25	470	114
6	0	91	385	25	475	115
6	0	92	389	25	480	116
6	0	93	393	25	485	117
6	0	94	397	25	490	118
6	0	95	401	25	495	119
6	0	96	405	25	500	120
6	0	97	409	25	505	121
6	0	98	413	25	510	122
6	0	99	417	25	515	123
6	0	100	421	25	520	124
6	0	101	425	25	525	125
6	0	102	429	25	530	126
6	0	103	433	25	535	127
6	0	104	437	25	540	128
6	0	105	441	25	545	129
6	0	106	445	25	550	130
6	0	107	449	25	555	131
6	0	108	453	25	560	132
6	0	109	457	25	565	133
6	0	110	461	25	570	134
6	0	111	465	25	575	135
6	0	112	469	25	580	136
6	0	113	473	25	585	137
6	0	114	477	25	590	138
6	0	115	481	25	595	139
6	0	116	485	25	600	140
6	0	117	489	25	605	141
6	0	118	493	25	610	142
6	0	119	497	25	615	143
6	0	120	501	25	620	144
6	0	121	505	25	625	145
6	0	122	509	25	630	146
6	0	123	513	25	635	147
6	0	124	517	25	640	148
6	0	125	521	25	645	149
6	0	126	525	25	650	150
6	0	127	529	25	655	151
6	0	128	533	25	660	152
6	0	129	537	25	665	153
6	0	130	541	25	670	154
6	0	131	545	25	675	155
6	0	132	549	25	680	156
6	0	133	553	25	685	157
6	0	134	557	25	690	158
6	0	135	561	25	695	159
6	0	136	565	25	700	160
6	0	137	569	25	705	161
6	0	138	573	25	710	162
6	0	139	577	25	715	163
6	0	140	581	25	720	164
6	0	141	585	25	725	165
6	0	142	589	25	730	166
6	0	143	593	25	735	167
6	0	144	597	25	740	168
6	0	145	601	25	745	169
6	0	146	605	25	750	170
6	0	147	609	25	755	171
6	0	148	613	25	760	172
6	0	149	617	25	765	173
6	0	150	621	25	770	174
6	0	151	625	25	775	175
6	0	152	629	25	780	176
6	0	153	633	25	785	177
6	0	154	637	25	790	178
6	0	155	641	25	795	179
6	0	156	645	25	800	180
6	0	157	649	25	805	181
6	0	158	653	25	810	182
6	0	159	657	25	815	183
6	0	160	661	25	820	184
6	0	161	665	25	825	185
6	0	162	669	25	830	186
6	0	163	673	25	835	187
6	0	164	677	25	840	188
6	0	165	681	25	845	189
6	0	166	685	25	850	190
6	0	167	689	25	855	191
6	0	168	693	25	860	192
6	0	169	697	25	865	193
6	0	170	701	25	870	194
6	0	171	705	25	875	195
6	0	172	709	25	880	196
6	0	173	713	25	885	197
6	0	174	717	25	890	198
6	0	175	721	25	895	199
6	0	176	725	25	900	200
6	0	177	729	25	905	201
6	0	178	733	25	910	202
6	0	179	737	25	915	203
6	0	180	741	25	920	204
6	0	181	745	25	925	205
6	0	182	749	25	930	206
6	0	183	753	25	935	207
6	0	184	757	25	940	208
6	0	185	761	25	945	209
6	0	186	765	25	950	210
6	0	187	769	25	955	211
6	0	188	773	25	960	212
6	0	189	777	25	965	213
6	0	190	781	25	970	214
6	0	191	785	25	975	215
6	0	192	789	25	980	216
6	0	193	793	25	985	217
6	0	194	797	25	990	218
6	0	195	801	25	995	219
6	0	196	805	25	1000	220
6	0	197	809	25	1005	221
6	0	198	813	25	1010	222
6	0	199	817	25	1015	223
6	0	200	821	25	1020	224
6	0	201	825	25	1025	225
6	0	202	829	25	1030	226
6	0	203	833	25	1035	227
6	0	204	837	25	1040	228
6	0	205	841	25	1045	229
6	0	206	845	25	1050	230
6	0	207	849	25	1055	231
6	0	208	853	25	1060	232
6	0	209	857	25	1065	233
6	0	210	861	25	1070	234
6	0	211	865	25	1075	235
6	0	212	869	25	1080	236
6	0	213	873	25	1085	237
6	0	214	877	25	1090	238
6	0	215	881	25	1095	239
6	0	216	885	25	1100	240
6	0	217	889	25	1105	241
6	0	218	893	25	1110	242
6	0	219	897	25	1115	243
6	0	220	901	25	1120	244
6	0	221	905	25	1125	245
6	0	222	909	25	1130	246
6	0	223	913	25	1135	247
6	0	224	917	25	1140	248
6	0	225	921	25	1145	249
6	0	226	925	25	1150	250
6	0	227	929	25	1155	251
6	0	228	933	25	1160	252
6	0	229	937	25	1165	253
6	0	230	941	25	1170	254
6	0	231	945	25	1175	255
6	0	232	949	25	1180	256
6	0	233	953	25	1185	257
6	0	234	957	25	1190	258
6	0	235	961	25	1195	259
6	0	236	965	25	1200	260
6	0	237	969	25	1205	261
6	0	238	973	25	1210	262
6	0	239	977	25	1215	263
6	0	240	981	25	1220	264
6	0	241	985	25	1225	265
6	0	242	989	25	1230	266
6	0	243	993	25	1235	267
6	0	244	997	25	1240	268
6	0	245	1001	25	1245	269
6	0	246	1005	25	1250	270
6	0	247	1009	25	1255	271
6	0	248	1013	25	1260	272
6	0	249	1017	25	1265	273
6	0	250	1021	25	1270	274
6	0	251	1025	25	1275	275
6	0	252	1029	25	1280	276
6	0	253	1033	25	1285	277
6	0	254	1037	25	1290	278
6	0	255	1041	25	1295	279
6	0	256	1045	25	1300	280
6	0	257	1049	25	1305	281
6	0	258	1053	25	1310	282
6	0	259	1057	25	1315	283
6	0	260	1061	25	1320	284
6	0	261	1065	25	1325	285
6	0	262	1069	25	1330	286
6	0	263	1073	25	1335	287
6	0	264	1077	25	1340	288
6	0	265	1081	25	1345	289
6	0	266	1085	25	1350	290
6	0	267	1089	25	1355	291
6	0	268	1093	25	1360	292
6	0	269	1097	25	1365	293
6	0	270	1101	25	1370	294
6	0	271	1105	25	1375	295
6	0	272	1109	25	1380	296
6	0	273	1113	25	1385	297
6	0	274	1117	25	1390	298
6	0	275	1121	25	1395	299
6	0	276	1125	25	1400	300
6	0	277	1129	25	1405	301
6	0	278	1133	25	1410	302
6	0	279	1137	25	1415	303
6	0	280	1141	25	1420	304
6	0	281	1145	25	1425	305
6	0	282	1149	25	1430	306
6	0	283	1153	25	1435	307
6	0	284	1157	25	1440	308
6	0	285	1161	25	1445	309
6	0	286	1165	25	1450	310
6	0	287	1169	25	1455	311
6	0	288	1173	25	1460	312
6	0	289	1177	25	1465	313
6	0	290	1181	25	1470	314
6	0	291	1185	25	1475	315
6	0	292	1189	25	1480	316
6	0	293	1193	25	1485	317
6	0	294	1197	25	1490	318
6	0	295	1201	25	1495	319
6	0	296	1205	25	1500	320
6	0	297	1209	25	1505	321
6	0	298	1213	25	1510	322
6	0	299	1217	25	1515	323
6	0	300	1221	25	1520	324
6	0	301	1225	25	1525	325
6	0	302	1229	25	1530	326
6	0	303	1233	25	1535	327
6	0	304	1237	25	1540	328
6	0	305	1241	25	1545	329
6	0	306	1245	25	1550	330
6	0	307	1249	25	1555	331
6	0	308	1253	25	1560	332
6	0	309	1257	25	1565	333
6	0	310	1261	25	1570	334
6	0	311	1265	25	1575	335
6	0	312	1269	25	1580	336
6	0	313	1273	25	1585	337
6	0	314	1277	25	1590	338
6	0	315	1281	25	1595	339
6	0	316	1285	25	1600	340
6	0	317	1289	25	1605	341
6	0	318	1293	25	1610	342
6	0	319	1297	25	1615	343
6	0	320	1301	25	1620	344
6	0	321	1305	25	1625	345
6	0	322	1309	25	1630	346
6	0	323	1313	25	1635	347
6	0	324	1317	25	1640	348
6	0	325	1321	25	1645	349
6	0	326	1325	25	1650	350
6	0	327	1329	25	1655	351
6	0	328	1333	25	1660	352
6	0	329	1337	25	1665	353
6	0	330	1341	25	1670	354
6	0	331	1345	25	1675	355
6	0	332	1349	25	1680	356
6	0	333	1353	25	1685	357
6	0	334	1357	25	1690	358
6	0	335	1361	25	1695	359
6	0	336	1365	25	1700	360
6	0	337	1369	25	1705	361
6	0	338	1373	25	1710	362
6	0	339	1377	25	1715	363
6	0	340	1381	25	1720	364
6	0	341	1385	25	1725	365
6	0	342	1389	25	1730	366
6	0	343	1393	25	1735	367
6	0	344	1397	25	1740	368
6	0	345	1401	25	1745	369
6	0	346	1405	25	1750	370
6	0	347	1409	25	1755	371
6	0	348	1413	25	1760	372
6	0	349	1417	25	1765	373
6	0	350	1421	25	1770	374
6	0	351	1425	25	1775	375
6	0	352	1429	25	1780	376
6	0	353	1433	25	1785	377
6	0	354	1437	25	1790	378
6	0	355	1441	25	1795	379
6	0	356	1445	25	1800	380
6	0	357	1449	25	1805	381
6	0	358	1453	25	1810	382
6	0	359	1457	25	1815	383
6	0	360	1461	25	1820	384
6	0	361	1465	25	1825	385
6	0	362	1469	25	1830	386
6	0	363	1473	25	1835	387
6	0	364	1477	25	1840	388
6	0	365	1481	25	1845	389
6	0	366	1485	25	1850	390
6	0	367	1489	25	1855	391
6	0	368	1493	25	1860	392
6	0	369	1497	25	1865	393
6	0	370	1501	25	1870	394
6	0	371	1505	25	1875	395
6	0	372	1509	25	1880	396
6	0	373	1513	25	1885	397
6	0	374	1517	25	1890	398
6	0	375	1521	25	1895	399
6	0	376	1525	25	1900	400
6	0	377	1529	25	1905	401
6	0	378	1533	25	1910	402
6	0	379	1537	25	1915	403
6	0	380	1541	25	1920	404
6	0	381	1545	25	1925	405
6	0	382	1549	25	1930	406
6	0	383	1553	25	1935	407
6	0	384	1557	25	1940	408
6	0	385	1561	25	1945	409
6	0	386	1565	25	1950	410
6	0	387	1569	25	1955	411
6	0	388	1573	25	1960	412
6	0	389	1577	25	1965	413
6	0	390	1581	25	1970	414
6	0	391	1585	25	1975	415
6	0	392	1589	25	1980	416
6	0	393	1593	25	1985	417
6	0	394	1597	25	1990	418
6	0	395	1601	25	1995	419
6	0	396	1605	25	2000	420
6	0	397	1609	25	2005	421
6	0	398	1613	25	2010	422
6	0	399	1617	25	2015	423
6	1	1	25	25	25	25
6	1	2	29	30	25	26
6	1	3	33	35	25	27
6	1	4	37	40	25	28
6	1	5	41	45	25	29
6	1	6	45	50	25	30
6	1	7	49	55	25	31
6	1	8	53	60	25	32
6	1	9	57	65	25	33
6	1	10	61	70	25	34
6	1	11	65	75	25	35
6	1	12	69	80	25	36
6	1	13	73	85	25	37
6	1	14	77	90	25	38
6	1	15	81	95	25	39
6	1	16	85	100	25	40
6	1	17	89	105	25	41
6	1	18	93	110	25	42
6	1	19	97	115	25	43
6	1	20	101	120	25	44
6	1	21	105	125	25	45
6	1	22	109	130	25	46
6	1	23	113	135	25	47
6	1	24	117	140	25	48
6	1	25	121	145	25	49
6	1	26	125	150	25	50
6	1	27	129	155	25	51
6	1	28	133	160	25	52
6	1	29	137	165	25	53
6	1	30	141	170	25	54
6	1	31	145	175	25	55
6	1	32	149	180	25	56
6	1	33	153	185	25	57
6	1	34	157	190	25	58
6	1	35	161	195	25	59
6	1	36	165	200	25	60
6	1	37	169	205	25	61
6	1	38	173	210	25	62
6	1	39	177	215	25	63
6	1	40	181	220	25	64
6	1	41	185	225	25	65
6	1	42	189	230	25	66
6	1	43	193	235	25	67
6	1	44	197	240	25	68
6	1	45	201	245	25	69
6	1	46	205	250	25	70
6	1	47	209	255	25	71
6	1	48	213	260	25	72
6	1	49	217	265	25	73
6	1	50	221	270	25	74
6	1	51	225	275	25	75
6	1	52	229	280	25	76
6	1	53	233	285	25	77
6	1	54	237	290	25	78
6	1	55	241	295	25	79
6	1	56	245	300	25	80
6	1	57	249	305	25	81
6	1	58	253	310	25	82
6	1	59	257	315	25	83
6	1	60	261	320	25	84
6	1	61	265	325	25	85
6	1	62	269	330	25	86
6	1	63	273	335	25	87
6	1	64	277	340	25	88
6	1	65	281	345	25	89
6	1	66	285	350	25	90
6	1	67	289	355	25	91
6	1	68	293	360	25	92
6	1	69	297	365	25	93
6	1	70	301	370	25	94
6	1	71	305	375	25	95
6	1	72	309	380	25	96
6	1	73	313	385	25	97
6	1	74	317	390	25	98
6	1	75	321	395	25	99
6	1	76	325	400	25	100
6	1	77	329	405	25	101
6	1	78	333	410	25	102
6	1	79	337	415	25	103
6	1	80	341	420	25	104
6	1	81	345	425	25	105
6	1	82	349	430	25	106
6	1	83	353	435	25	107
6	1	84	357	440	25	108
6	1	85	361	445	25	109
6	1	86	365	450	25	110
6	1	87	369	455	25	111
6	1	88	373	460	25	112
6	1	89	377	465	25	113
6	1	90	381	470	25	114
6	1	91	385	475	25	115
6	1	92	389	480	25	116
6	1	93	393	485	25	117
6	1	94	397	490	25	118
6	1	95	401	495	25	119
6	1	96	405	500	25	120
6	1	97	409	505	25	121
6	1	98	413	510	25	122
6	1	99	417	515	25	123
6	1	100	421	520	25	124
6	1	101	425	525	25	125
6	1	102	429	530	25	126
6	1	103	433	535	25	127
6	1	104	437	540	25	128
6	1	105	441	545	25	129
6	1	106	445	550	25	130
6	1	107	449	555	25	131
6	1	108	453	560	25	132
6	1	109	457	565	25	133
6	1	110	461	570	25	134
6	1	111	465	575	25	135
6	1	112	469	580	25	136
6	1	113	473	585	25	137
6	1	114	477	590	25	138
6	1	115	481	595	25	139
6	1	116	485	600	25	140
6	1	117	489	605	25	141
6	1	118	493	610	25	142
6	1	119	497	615	25	143
6	1	120	501	620	25	144
6	1	121	505	625	25	145
6	1	122	509	630	25	146
6	1	123	513	635	25	147
6	1	124	517	640	25	148
6	1	125	521	645	25	149
6	1	126	525	650	25	150
6	1	127	529	655	25	151
6	1	128	533	660	25	152
6	1	129	537	665	25	153
6	1	130	541	670	25	154
6	1	131	545	675	25	155
6	1	132	549	680	25	156
6	1	133	553	685	25	157
6	1	134	557	690	25	158
6	1	135	561	695	25	159
6	1	136	565	700	25	160
6	1	137	569	705	25	161
6	1	138	573	710	25	162
6	1	139	577	715	25	163
6	1	140	581	720	25	164
6	1	141	585	725	25	165
6	1	142	589	730	25	166
6	1	143	593	735	25	167
6	1	144	597	740	25	168
6	1	145	601	745	25	169
6	1	146	605	750	25	170
6	1	147	609	755	25	171
6	1	148	613	760	25	172
6	1	149	617	765	25	173
6	1	150	621	770	25	174
6	1	151	625	775	25	175
6	1	152	629	780	25	176
6	1	153	633	785	25	177
6	1	154	637	790	25	178
6	1	155	641	795	25	179
6	1	156	645	800	25	180
6	1	157	649	805	25	181
6	1	158	653	810	25	182
6	1	159	657	815	25	183
6	1	160	661	820	25	184
6	1	161	665	825	25	185
6	1	162	669	830	25	186
6	1	163	673	835	25	187
6	1	164	677	840	25	188
6	1	165	681	845	25	189
6	1	166	685	850	25	190
6	1	167	689	855	25	191
6	1	168	693	860	25	192
6	1	169	697	865	25	193
6	1	170	701	870	25	194
6	1	171	705	875	25	195
6	1	172	709	880	25	196
6	1	173	713	885	25	197
6	1	174	717	890	25	198
6	1	175	721	895	25	199
6	1	176	725	900	25	200
6	1	177	729	905	25	201
6	1	178	733	910	25	202
6	1	179	737	915	25	203
6	1	180	741	920	25	204
6	1	181	745	925	25	205
6	1	182	749	930	25	206
6	1	183	753	935	25	207
6	1	184	757	940	25	208
6	1	185	761	945	25	209
6	1	186	765	950	25	210
6	1	187	769	955	25	211
6	1	188	773	960	25	212
6	1	189	777	965	25	213
6	1	190	781	970	25	214
6	1	191	785	975	25	215
6	1	192	789	980	25	216
6	1	193	793	985	25	217
6	1	194	797	990	25	218
6	1	195	801	995	25	219
6	1	196	805	1000	25	220
6	1	197	809	1005	25	221
6	1	198	813	1010	25	222
6	1	199	817	1015	25	223
6	1	200	821	1020	25	224
6	1	201	825	1025	25	225
6	1	202	829	1030	25	226
6	1	203	833	1035	25	227
6	1	204	837	1040	25	228
6	1	205	841	1045	25	229
6	1	206	845	1050	25	230
6	1	207	849	1055	25	231
6	1	208	853	1060	25	232
6	1	209	857	1065	25	233
6	1	210	861	1070	25	234
6	1	211	865	1075	25	235
6	1	212	869	1080	25	236
6	1	213	873	1085	25	237
6	1	214	877	1090	25	238
6	1	215	881	1095	25	239
6	1	216	885	1100	25	240
6	1	217	889	1105	25	241
6	1	218	893	1110	25	242
6	1	219	897	1115	25	243
6	1	220	901	1120	25	244
6	1	221	905	1125	25	245
6	1	222	909	1130	25	246
6	1	223	913	1135	25	247
6	1	224	917	1140	25	248
6	1	225	921	1145	25	249
6	1	226	925	1150	25	250
6	1	227	929	1155	25	251
6	1	228	933	1160	25	252
6	1	229	937	1165	25	253
6	1	230	941	1170	25	254
6	1	231	945	1175	25	255
6	1	232	949	1180	25	256
6	1	233	953	1185	25	257
6	1	234	957	1190	25	258
6	1	235	961	1195	25	259
6	1	236	965	1200	25	260
6	1	237	969	1205	25	261
6	1	238	973	1210	25	262
6	1	239	977	1215	25	263
6	1	240	981	1220	25	264
6	1	241	985	1225	25	265
6	1	242	989	1230	25	266
6	1	243	993	1235	25	267
6	1	244	997	1240	25	268
6	1	245	1001	1245	25	269
6	1	246	1005	1250	25	270
6	1	247	1009	1255	25	271
6	1	248	1013	1260	25	272
6	1	249	1017	1265	25	273
6	1	250	1021	1270	25	274
6	1	251	1025	1275	25	275
6	1	252	1029	1280	25	276
6	1	253	1033	1285	25	277
6	1	254	1037	1290	25	278
6	1	255	1041	1295	25	279
6	1	256	1045	1300	25	280
6	1	257	1049	1305	25	281
6	1	258	1053	1310	25	282
6	1	259	1057	1315	25	283
6	1	260	1061	1320	25	284
6	1	261	1065	1325	25	285
6	1	262	1069	1330	25	286
6	1	263	1073	1335	25	287
6	1	264	1077	1340	25	288
6	1	265	1081	1345	25	289
6	1	266	1085	1350	25	290
6	1	267	1089	1355	25	291
6	1	268	1093	1360	25	292
6	1	269	1097	1365	25	293
6	1	270	1101	1370	25	294
6	1	271	1105	1375	25	295
6	1	272	1109	1380	25	296
6	1	273	1113	1385	25	297
6	1	274	1117	1390	25	298
6	1	275	1121	1395	25	299
6	1	276	1125	1400	25	300
6	1	277	1129	1405	25	301
6	1	278	1133	1410	25	302
6	1	279	1137	1415	25	303
6	1	280	1141	1420	25	304
6	1	281	1145	1425	25	305
6	1	282	1149	1430	25	306
6	1	283	1153	1435	25	307
6	1	284	1157	1440	25	308
6	1	285	1161	1445	25	309
6	1	286	1165	1450	25	310
6	1	287	1169	1455	25	311
6	1	288	1173	1460	25	312
6	1	289	1177	1465	25	313
6	1	290	1181	1470	25	314
6	1	291	1185	1475	25	315
6	1	292	1189	1480	25	316
6	1	293	1193	1485	25	317
6	1	294	1197	1490	25	318
6	1	295	1201	1495	25	319
6	1	296	1205	1500	25	320
6	1	297	1209	1505	25	321
6	1	298	1213	1510	25	322
6	1	299	1217	1515	25	323
6	1	300	1221	1520	25	324
6	1	301	1225	1525	25	325
6	1	302	1229	1530	25	326
6	1	303	1233	1535	25	327
6	1	304	1237	1540	25	328
6	1	305	1241	1545	25	329
6	1	306	1245	1550	25	330
6	1	307	1249	1555	25	331
6	1	308	1253	1560	25	332
6	1	309	1257	1565	25	333
6	1	310	1261	1570	25	334
6	1	311	1265	1575	25	335
6	1	312	1269	1580	25	336
6	1	313	1273	1585	25	337
6	1	314	1277	1590	25	338
6	1	315	1281	1595	25	339
6	1	316	1285	1600	25	340
6	1	317	1289	1605	25	341
6	1	318	1293	1610	25	342
6	1	319	1297	1615	25	343
6	1	320	1301	1620	25	344
6	1	321	1305	1625	25	345
6	1	322	1309	1630	25	346
6	1	323	1313	1635	25	347
6	1	324	1317	1640	25	348
6	1	325	1321	1645	25	349
6	1	326	1325	1650	25	350
6	1	327	1329	1655	25	351
6	1	328	1333	1660	25	352
6	1	329	1337	1665	25	353
6	1	330	1341	1670	25	354
6	1	331	1345	1675	25	355
6	1	332	1349	1680	25	356
6	1	333	1353	1685	25	357
6	1	334	1357	1690	25	358
6	1	335	1361	1695	25	359
6	1	336	1365	1700	25	360
6	1	337	1369	1705	25	361
6	1	338	1373	1710	25	362
6	1	339	1377	1715	25	363
6	1	340	1381	1720	25	364
6	1	341	1385	1725	25	365
6	1	342	1389	1730	25	366
6	1	343	1393	1735	25	367
6	1	344	1397	1740	25	368
6	1	345	1401	1745	25	369
6	1	346	1405	1750	25	370
6	1	347	1409	1755	25	371
6	1	348	1413	1760	25	372
6	1	349	1417	1765	25	373
6	1	350	1421	1770	25	374
6	1	351	1425	1775	25	375
6	1	352	1429	1780	25	376
6	1	353	1433	1785	25	377
6	1	354	1437	1790	25	378
6	1	355	1441	1795	25	379
6	1	356	1445	1800	25	380
6	1	357	1449	1805	25	381
6	1	358	1453	1810	25	382
6	1	359	1457	1815	25	383
6	1	360	1461	1820	25	384
6	1	361	1465	1825	25	385
6	1	362	1469	1830	25	386
6	1	363	1473	1835	25	387
6	1	364	1477	1840	25	388
6	1	365	1481	1845	25	389
6	1	366	1485	1850	25	390
6	1	367	1489	1855	25	391
6	1	368	1493	1860	25	392
6	1	369	1497	1865	25	393
6	1	370	1501	1870	25	394
6	1	371	1505	1875	25	395
6	1	372	1509	1880	25	396
6	1	373	1513	1885	25	397
6	1	374	1517	1890	25	398
6	1	375	1521	1895	25	399
6	1	376	1525	1900	25	400
6	1	377	1529	1905	25	401
6	1	378	1533	1910	25	402
6	1	379	1537	1915	25	403
6	1	380	1541	1920	25	404
6	1	381	1545	1925	25	405
6	1	382	1549	1930	25	406
6	1	383	1553	1935	25	407
6	1	384	1557	1940	25	408
6	1	385	1561	1945	25	409
6	1	386	1565	1950	25	410
6	1	387	1569	1955	25	411
6	1	388	1573	1960	25	412
6	1	389	1577	1965	25	413
6	1	390	1581	1970	25	414
6	1	391	1585	1975	25	415
6	1	392	1589	1980	25	416
6	1	393	1593	1985	25	417
6	1	394	1597	1990	25	418
6	1	395	1601	1995	25	419
6	1	396	1605	2000	25	420
6	1	397	1609	2005	25	421
6	1	398	1613	2010	25	422
6	1	399	1617	2015	25	423
7	0	1	25	25	25	25
7	0	2	29	25	30	26
7	0	3	33	25	35	27
7	0	4	37	25	40	28
7	0	5	41	25	45	29
7	0	6	45	25	50	30
7	0	7	49	25	55	31
7	0	8	53	25	60	32
7	0	9	57	25	65	33
7	0	10	61	25	70	34
7	0	11	65	25	75	35
7	0	12	69	25	80	36
7	0	13	73	25	85	37
7	0	14	77	25	90	38
7	0	15	81	25	95	39
7	0	16	85	25	100	40
7	0	17	89	25	105	41
7	0	18	93	25	110	42
7	0	19	97	25	115	43
7	0	20	101	25	120	44
7	0	21	105	25	125	45
7	0	22	109	25	130	46
7	0	23	113	25	135	47
7	0	24	117	25	140	48
7	0	25	121	25	145	49
7	0	26	125	25	150	50
7	0	27	129	25	155	51
7	0	28	133	25	160	52
7	0	29	137	25	165	53
7	0	30	141	25	170	54
7	0	31	145	25	175	55
7	0	32	149	25	180	56
7	0	33	153	25	185	57
7	0	34	157	25	190	58
7	0	35	161	25	195	59
7	0	36	165	25	200	60
7	0	37	169	25	205	61
7	0	38	173	25	210	62
7	0	39	177	25	215	63
7	0	40	181	25	220	64
7	0	41	185	25	225	65
7	0	42	189	25	230	66
7	0	43	193	25	235	67
7	0	44	197	25	240	68
7	0	45	201	25	245	69
7	0	46	205	25	250	70
7	0	47	209	25	255	71
7	0	48	213	25	260	72
7	0	49	217	25	265	73
7	0	50	221	25	270	74
7	0	51	225	25	275	75
7	0	52	229	25	280	76
7	0	53	233	25	285	77
7	0	54	237	25	290	78
7	0	55	241	25	295	79
7	0	56	245	25	300	80
7	0	57	249	25	305	81
7	0	58	253	25	310	82
7	0	59	257	25	315	83
7	0	60	261	25	320	84
7	0	61	265	25	325	85
7	0	62	269	25	330	86
7	0	63	273	25	335	87
7	0	64	277	25	340	88
7	0	65	281	25	345	89
7	0	66	285	25	350	90
7	0	67	289	25	355	91
7	0	68	293	25	360	92
7	0	69	297	25	365	93
7	0	70	301	25	370	94
7	0	71	305	25	375	95
7	0	72	309	25	380	96
7	0	73	313	25	385	97
7	0	74	317	25	390	98
7	0	75	321	25	395	99
7	0	76	325	25	400	100
7	0	77	329	25	405	101
7	0	78	333	25	410	102
7	0	79	337	25	415	103
7	0	80	341	25	420	104
7	0	81	345	25	425	105
7	0	82	349	25	430	106
7	0	83	353	25	435	107
7	0	84	357	25	440	108
7	0	85	361	25	445	109
7	0	86	365	25	450	110
7	0	87	369	25	455	111
7	0	88	373	25	460	112
7	0	89	377	25	465	113
7	0	90	381	25	470	114
7	0	91	385	25	475	115
7	0	92	389	25	480	116
7	0	93	393	25	485	117
7	0	94	397	25	490	118
7	0	95	401	25	495	119
7	0	96	405	25	500	120
7	0	97	409	25	505	121
7	0	98	413	25	510	122
7	0	99	417	25	515	123
7	0	100	421	25	520	124
7	0	101	425	25	525	125
7	0	102	429	25	530	126
7	0	103	433	25	535	127
7	0	104	437	25	540	128
7	0	105	441	25	545	129
7	0	106	445	25	550	130
7	0	107	449	25	555	131
7	0	108	453	25	560	132
7	0	109	457	25	565	133
7	0	110	461	25	570	134
7	0	111	465	25	575	135
7	0	112	469	25	580	136
7	0	113	473	25	585	137
7	0	114	477	25	590	138
7	0	115	481	25	595	139
7	0	116	485	25	600	140
7	0	117	489	25	605	141
7	0	118	493	25	610	142
7	0	119	497	25	615	143
7	0	120	501	25	620	144
7	0	121	505	25	625	145
7	0	122	509	25	630	146
7	0	123	513	25	635	147
7	0	124	517	25	640	148
7	0	125	521	25	645	149
7	0	126	525	25	650	150
7	0	127	529	25	655	151
7	0	128	533	25	660	152
7	0	129	537	25	665	153
7	0	130	541	25	670	154
7	0	131	545	25	675	155
7	0	132	549	25	680	156
7	0	133	553	25	685	157
7	0	134	557	25	690	158
7	0	135	561	25	695	159
7	0	136	565	25	700	160
7	0	137	569	25	705	161
7	0	138	573	25	710	162
7	0	139	577	25	715	163
7	0	140	581	25	720	164
7	0	141	585	25	725	165
7	0	142	589	25	730	166
7	0	143	593	25	735	167
7	0	144	597	25	740	168
7	0	145	601	25	745	169
7	0	146	605	25	750	170
7	0	147	609	25	755	171
7	0	148	613	25	760	172
7	0	149	617	25	765	173
7	0	150	621	25	770	174
7	0	151	625	25	775	175
7	0	152	629	25	780	176
7	0	153	633	25	785	177
7	0	154	637	25	790	178
7	0	155	641	25	795	179
7	0	156	645	25	800	180
7	0	157	649	25	805	181
7	0	158	653	25	810	182
7	0	159	657	25	815	183
7	0	160	661	25	820	184
7	0	161	665	25	825	185
7	0	162	669	25	830	186
7	0	163	673	25	835	187
7	0	164	677	25	840	188
7	0	165	681	25	845	189
7	0	166	685	25	850	190
7	0	167	689	25	855	191
7	0	168	693	25	860	192
7	0	169	697	25	865	193
7	0	170	701	25	870	194
7	0	171	705	25	875	195
7	0	172	709	25	880	196
7	0	173	713	25	885	197
7	0	174	717	25	890	198
7	0	175	721	25	895	199
7	0	176	725	25	900	200
7	0	177	729	25	905	201
7	0	178	733	25	910	202
7	0	179	737	25	915	203
7	0	180	741	25	920	204
7	0	181	745	25	925	205
7	0	182	749	25	930	206
7	0	183	753	25	935	207
7	0	184	757	25	940	208
7	0	185	761	25	945	209
7	0	186	765	25	950	210
7	0	187	769	25	955	211
7	0	188	773	25	960	212
7	0	189	777	25	965	213
7	0	190	781	25	970	214
7	0	191	785	25	975	215
7	0	192	789	25	980	216
7	0	193	793	25	985	217
7	0	194	797	25	990	218
7	0	195	801	25	995	219
7	0	196	805	25	1000	220
7	0	197	809	25	1005	221
7	0	198	813	25	1010	222
7	0	199	817	25	1015	223
7	0	200	821	25	1020	224
7	0	201	825	25	1025	225
7	0	202	829	25	1030	226
7	0	203	833	25	1035	227
7	0	204	837	25	1040	228
7	0	205	841	25	1045	229
7	0	206	845	25	1050	230
7	0	207	849	25	1055	231
7	0	208	853	25	1060	232
7	0	209	857	25	1065	233
7	0	210	861	25	1070	234
7	0	211	865	25	1075	235
7	0	212	869	25	1080	236
7	0	213	873	25	1085	237
7	0	214	877	25	1090	238
7	0	215	881	25	1095	239
7	0	216	885	25	1100	240
7	0	217	889	25	1105	241
7	0	218	893	25	1110	242
7	0	219	897	25	1115	243
7	0	220	901	25	1120	244
7	0	221	905	25	1125	245
7	0	222	909	25	1130	246
7	0	223	913	25	1135	247
7	0	224	917	25	1140	248
7	0	225	921	25	1145	249
7	0	226	925	25	1150	250
7	0	227	929	25	1155	251
7	0	228	933	25	1160	252
7	0	229	937	25	1165	253
7	0	230	941	25	1170	254
7	0	231	945	25	1175	255
7	0	232	949	25	1180	256
7	0	233	953	25	1185	257
7	0	234	957	25	1190	258
7	0	235	961	25	1195	259
7	0	236	965	25	1200	260
7	0	237	969	25	1205	261
7	0	238	973	25	1210	262
7	0	239	977	25	1215	263
7	0	240	981	25	1220	264
7	0	241	985	25	1225	265
7	0	242	989	25	1230	266
7	0	243	993	25	1235	267
7	0	244	997	25	1240	268
7	0	245	1001	25	1245	269
7	0	246	1005	25	1250	270
7	0	247	1009	25	1255	271
7	0	248	1013	25	1260	272
7	0	249	1017	25	1265	273
7	0	250	1021	25	1270	274
7	0	251	1025	25	1275	275
7	0	252	1029	25	1280	276
7	0	253	1033	25	1285	277
7	0	254	1037	25	1290	278
7	0	255	1041	25	1295	279
7	0	256	1045	25	1300	280
7	0	257	1049	25	1305	281
7	0	258	1053	25	1310	282
7	0	259	1057	25	1315	283
7	0	260	1061	25	1320	284
7	0	261	1065	25	1325	285
7	0	262	1069	25	1330	286
7	0	263	1073	25	1335	287
7	0	264	1077	25	1340	288
7	0	265	1081	25	1345	289
7	0	266	1085	25	1350	290
7	0	267	1089	25	1355	291
7	0	268	1093	25	1360	292
7	0	269	1097	25	1365	293
7	0	270	1101	25	1370	294
7	0	271	1105	25	1375	295
7	0	272	1109	25	1380	296
7	0	273	1113	25	1385	297
7	0	274	1117	25	1390	298
7	0	275	1121	25	1395	299
7	0	276	1125	25	1400	300
7	0	277	1129	25	1405	301
7	0	278	1133	25	1410	302
7	0	279	1137	25	1415	303
7	0	280	1141	25	1420	304
7	0	281	1145	25	1425	305
7	0	282	1149	25	1430	306
7	0	283	1153	25	1435	307
7	0	284	1157	25	1440	308
7	0	285	1161	25	1445	309
7	0	286	1165	25	1450	310
7	0	287	1169	25	1455	311
7	0	288	1173	25	1460	312
7	0	289	1177	25	1465	313
7	0	290	1181	25	1470	314
7	0	291	1185	25	1475	315
7	0	292	1189	25	1480	316
7	0	293	1193	25	1485	317
7	0	294	1197	25	1490	318
7	0	295	1201	25	1495	319
7	0	296	1205	25	1500	320
7	0	297	1209	25	1505	321
7	0	298	1213	25	1510	322
7	0	299	1217	25	1515	323
7	0	300	1221	25	1520	324
7	0	301	1225	25	1525	325
7	0	302	1229	25	1530	326
7	0	303	1233	25	1535	327
7	0	304	1237	25	1540	328
7	0	305	1241	25	1545	329
7	0	306	1245	25	1550	330
7	0	307	1249	25	1555	331
7	0	308	1253	25	1560	332
7	0	309	1257	25	1565	333
7	0	310	1261	25	1570	334
7	0	311	1265	25	1575	335
7	0	312	1269	25	1580	336
7	0	313	1273	25	1585	337
7	0	314	1277	25	1590	338
7	0	315	1281	25	1595	339
7	0	316	1285	25	1600	340
7	0	317	1289	25	1605	341
7	0	318	1293	25	1610	342
7	0	319	1297	25	1615	343
7	0	320	1301	25	1620	344
7	0	321	1305	25	1625	345
7	0	322	1309	25	1630	346
7	0	323	1313	25	1635	347
7	0	324	1317	25	1640	348
7	0	325	1321	25	1645	349
7	0	326	1325	25	1650	350
7	0	327	1329	25	1655	351
7	0	328	1333	25	1660	352
7	0	329	1337	25	1665	353
7	0	330	1341	25	1670	354
7	0	331	1345	25	1675	355
7	0	332	1349	25	1680	356
7	0	333	1353	25	1685	357
7	0	334	1357	25	1690	358
7	0	335	1361	25	1695	359
7	0	336	1365	25	1700	360
7	0	337	1369	25	1705	361
7	0	338	1373	25	1710	362
7	0	339	1377	25	1715	363
7	0	340	1381	25	1720	364
7	0	341	1385	25	1725	365
7	0	342	1389	25	1730	366
7	0	343	1393	25	1735	367
7	0	344	1397	25	1740	368
7	0	345	1401	25	1745	369
7	0	346	1405	25	1750	370
7	0	347	1409	25	1755	371
7	0	348	1413	25	1760	372
7	0	349	1417	25	1765	373
7	0	350	1421	25	1770	374
7	0	351	1425	25	1775	375
7	0	352	1429	25	1780	376
7	0	353	1433	25	1785	377
7	0	354	1437	25	1790	378
7	0	355	1441	25	1795	379
7	0	356	1445	25	1800	380
7	0	357	1449	25	1805	381
7	0	358	1453	25	1810	382
7	0	359	1457	25	1815	383
7	0	360	1461	25	1820	384
7	0	361	1465	25	1825	385
7	0	362	1469	25	1830	386
7	0	363	1473	25	1835	387
7	0	364	1477	25	1840	388
7	0	365	1481	25	1845	389
7	0	366	1485	25	1850	390
7	0	367	1489	25	1855	391
7	0	368	1493	25	1860	392
7	0	369	1497	25	1865	393
7	0	370	1501	25	1870	394
7	0	371	1505	25	1875	395
7	0	372	1509	25	1880	396
7	0	373	1513	25	1885	397
7	0	374	1517	25	1890	398
7	0	375	1521	25	1895	399
7	0	376	1525	25	1900	400
7	0	377	1529	25	1905	401
7	0	378	1533	25	1910	402
7	0	379	1537	25	1915	403
7	0	380	1541	25	1920	404
7	0	381	1545	25	1925	405
7	0	382	1549	25	1930	406
7	0	383	1553	25	1935	407
7	0	384	1557	25	1940	408
7	0	385	1561	25	1945	409
7	0	386	1565	25	1950	410
7	0	387	1569	25	1955	411
7	0	388	1573	25	1960	412
7	0	389	1577	25	1965	413
7	0	390	1581	25	1970	414
7	0	391	1585	25	1975	415
7	0	392	1589	25	1980	416
7	0	393	1593	25	1985	417
7	0	394	1597	25	1990	418
7	0	395	1601	25	1995	419
7	0	396	1605	25	2000	420
7	0	397	1609	25	2005	421
7	0	398	1613	25	2010	422
7	0	399	1617	25	2015	423
7	1	1	25	25	25	25
7	1	2	29	30	25	26
7	1	3	33	35	25	27
7	1	4	37	40	25	28
7	1	5	41	45	25	29
7	1	6	45	50	25	30
7	1	7	49	55	25	31
7	1	8	53	60	25	32
7	1	9	57	65	25	33
7	1	10	61	70	25	34
7	1	11	65	75	25	35
7	1	12	69	80	25	36
7	1	13	73	85	25	37
7	1	14	77	90	25	38
7	1	15	81	95	25	39
7	1	16	85	100	25	40
7	1	17	89	105	25	41
7	1	18	93	110	25	42
7	1	19	97	115	25	43
7	1	20	101	120	25	44
7	1	21	105	125	25	45
7	1	22	109	130	25	46
7	1	23	113	135	25	47
7	1	24	117	140	25	48
7	1	25	121	145	25	49
7	1	26	125	150	25	50
7	1	27	129	155	25	51
7	1	28	133	160	25	52
7	1	29	137	165	25	53
7	1	30	141	170	25	54
7	1	31	145	175	25	55
7	1	32	149	180	25	56
7	1	33	153	185	25	57
7	1	34	157	190	25	58
7	1	35	161	195	25	59
7	1	36	165	200	25	60
7	1	37	169	205	25	61
7	1	38	173	210	25	62
7	1	39	177	215	25	63
7	1	40	181	220	25	64
7	1	41	185	225	25	65
7	1	42	189	230	25	66
7	1	43	193	235	25	67
7	1	44	197	240	25	68
7	1	45	201	245	25	69
7	1	46	205	250	25	70
7	1	47	209	255	25	71
7	1	48	213	260	25	72
7	1	49	217	265	25	73
7	1	50	221	270	25	74
7	1	51	225	275	25	75
7	1	52	229	280	25	76
7	1	53	233	285	25	77
7	1	54	237	290	25	78
7	1	55	241	295	25	79
7	1	56	245	300	25	80
7	1	57	249	305	25	81
7	1	58	253	310	25	82
7	1	59	257	315	25	83
7	1	60	261	320	25	84
7	1	61	265	325	25	85
7	1	62	269	330	25	86
7	1	63	273	335	25	87
7	1	64	277	340	25	88
7	1	65	281	345	25	89
7	1	66	285	350	25	90
7	1	67	289	355	25	91
7	1	68	293	360	25	92
7	1	69	297	365	25	93
7	1	70	301	370	25	94
7	1	71	305	375	25	95
7	1	72	309	380	25	96
7	1	73	313	385	25	97
7	1	74	317	390	25	98
7	1	75	321	395	25	99
7	1	76	325	400	25	100
7	1	77	329	405	25	101
7	1	78	333	410	25	102
7	1	79	337	415	25	103
7	1	80	341	420	25	104
7	1	81	345	425	25	105
7	1	82	349	430	25	106
7	1	83	353	435	25	107
7	1	84	357	440	25	108
7	1	85	361	445	25	109
7	1	86	365	450	25	110
7	1	87	369	455	25	111
7	1	88	373	460	25	112
7	1	89	377	465	25	113
7	1	90	381	470	25	114
7	1	91	385	475	25	115
7	1	92	389	480	25	116
7	1	93	393	485	25	117
7	1	94	397	490	25	118
7	1	95	401	495	25	119
7	1	96	405	500	25	120
7	1	97	409	505	25	121
7	1	98	413	510	25	122
7	1	99	417	515	25	123
7	1	100	421	520	25	124
7	1	101	425	525	25	125
7	1	102	429	530	25	126
7	1	103	433	535	25	127
7	1	104	437	540	25	128
7	1	105	441	545	25	129
7	1	106	445	550	25	130
7	1	107	449	555	25	131
7	1	108	453	560	25	132
7	1	109	457	565	25	133
7	1	110	461	570	25	134
7	1	111	465	575	25	135
7	1	112	469	580	25	136
7	1	113	473	585	25	137
7	1	114	477	590	25	138
7	1	115	481	595	25	139
7	1	116	485	600	25	140
7	1	117	489	605	25	141
7	1	118	493	610	25	142
7	1	119	497	615	25	143
7	1	120	501	620	25	144
7	1	121	505	625	25	145
7	1	122	509	630	25	146
7	1	123	513	635	25	147
7	1	124	517	640	25	148
7	1	125	521	645	25	149
7	1	126	525	650	25	150
7	1	127	529	655	25	151
7	1	128	533	660	25	152
7	1	129	537	665	25	153
7	1	130	541	670	25	154
7	1	131	545	675	25	155
7	1	132	549	680	25	156
7	1	133	553	685	25	157
7	1	134	557	690	25	158
7	1	135	561	695	25	159
7	1	136	565	700	25	160
7	1	137	569	705	25	161
7	1	138	573	710	25	162
7	1	139	577	715	25	163
7	1	140	581	720	25	164
7	1	141	585	725	25	165
7	1	142	589	730	25	166
7	1	143	593	735	25	167
7	1	144	597	740	25	168
7	1	145	601	745	25	169
7	1	146	605	750	25	170
7	1	147	609	755	25	171
7	1	148	613	760	25	172
7	1	149	617	765	25	173
7	1	150	621	770	25	174
7	1	151	625	775	25	175
7	1	152	629	780	25	176
7	1	153	633	785	25	177
7	1	154	637	790	25	178
7	1	155	641	795	25	179
7	1	156	645	800	25	180
7	1	157	649	805	25	181
7	1	158	653	810	25	182
7	1	159	657	815	25	183
7	1	160	661	820	25	184
7	1	161	665	825	25	185
7	1	162	669	830	25	186
7	1	163	673	835	25	187
7	1	164	677	840	25	188
7	1	165	681	845	25	189
7	1	166	685	850	25	190
7	1	167	689	855	25	191
7	1	168	693	860	25	192
7	1	169	697	865	25	193
7	1	170	701	870	25	194
7	1	171	705	875	25	195
7	1	172	709	880	25	196
7	1	173	713	885	25	197
7	1	174	717	890	25	198
7	1	175	721	895	25	199
7	1	176	725	900	25	200
7	1	177	729	905	25	201
7	1	178	733	910	25	202
7	1	179	737	915	25	203
7	1	180	741	920	25	204
7	1	181	745	925	25	205
7	1	182	749	930	25	206
7	1	183	753	935	25	207
7	1	184	757	940	25	208
7	1	185	761	945	25	209
7	1	186	765	950	25	210
7	1	187	769	955	25	211
7	1	188	773	960	25	212
7	1	189	777	965	25	213
7	1	190	781	970	25	214
7	1	191	785	975	25	215
7	1	192	789	980	25	216
7	1	193	793	985	25	217
7	1	194	797	990	25	218
7	1	195	801	995	25	219
7	1	196	805	1000	25	220
7	1	197	809	1005	25	221
7	1	198	813	1010	25	222
7	1	199	817	1015	25	223
7	1	200	821	1020	25	224
7	1	201	825	1025	25	225
7	1	202	829	1030	25	226
7	1	203	833	1035	25	227
7	1	204	837	1040	25	228
7	1	205	841	1045	25	229
7	1	206	845	1050	25	230
7	1	207	849	1055	25	231
7	1	208	853	1060	25	232
7	1	209	857	1065	25	233
7	1	210	861	1070	25	234
7	1	211	865	1075	25	235
7	1	212	869	1080	25	236
7	1	213	873	1085	25	237
7	1	214	877	1090	25	238
7	1	215	881	1095	25	239
7	1	216	885	1100	25	240
7	1	217	889	1105	25	241
7	1	218	893	1110	25	242
7	1	219	897	1115	25	243
7	1	220	901	1120	25	244
7	1	221	905	1125	25	245
7	1	222	909	1130	25	246
7	1	223	913	1135	25	247
7	1	224	917	1140	25	248
7	1	225	921	1145	25	249
7	1	226	925	1150	25	250
7	1	227	929	1155	25	251
7	1	228	933	1160	25	252
7	1	229	937	1165	25	253
7	1	230	941	1170	25	254
7	1	231	945	1175	25	255
7	1	232	949	1180	25	256
7	1	233	953	1185	25	257
7	1	234	957	1190	25	258
7	1	235	961	1195	25	259
7	1	236	965	1200	25	260
7	1	237	969	1205	25	261
7	1	238	973	1210	25	262
7	1	239	977	1215	25	263
7	1	240	981	1220	25	264
7	1	241	985	1225	25	265
7	1	242	989	1230	25	266
7	1	243	993	1235	25	267
7	1	244	997	1240	25	268
7	1	245	1001	1245	25	269
7	1	246	1005	1250	25	270
7	1	247	1009	1255	25	271
7	1	248	1013	1260	25	272
7	1	249	1017	1265	25	273
7	1	250	1021	1270	25	274
7	1	251	1025	1275	25	275
7	1	252	1029	1280	25	276
7	1	253	1033	1285	25	277
7	1	254	1037	1290	25	278
7	1	255	1041	1295	25	279
7	1	256	1045	1300	25	280
7	1	257	1049	1305	25	281
7	1	258	1053	1310	25	282
7	1	259	1057	1315	25	283
7	1	260	1061	1320	25	284
7	1	261	1065	1325	25	285
7	1	262	1069	1330	25	286
7	1	263	1073	1335	25	287
7	1	264	1077	1340	25	288
7	1	265	1081	1345	25	289
7	1	266	1085	1350	25	290
7	1	267	1089	1355	25	291
7	1	268	1093	1360	25	292
7	1	269	1097	1365	25	293
7	1	270	1101	1370	25	294
7	1	271	1105	1375	25	295
7	1	272	1109	1380	25	296
7	1	273	1113	1385	25	297
7	1	274	1117	1390	25	298
7	1	275	1121	1395	25	299
7	1	276	1125	1400	25	300
7	1	277	1129	1405	25	301
7	1	278	1133	1410	25	302
7	1	279	1137	1415	25	303
7	1	280	1141	1420	25	304
7	1	281	1145	1425	25	305
7	1	282	1149	1430	25	306
7	1	283	1153	1435	25	307
7	1	284	1157	1440	25	308
7	1	285	1161	1445	25	309
7	1	286	1165	1450	25	310
7	1	287	1169	1455	25	311
7	1	288	1173	1460	25	312
7	1	289	1177	1465	25	313
7	1	290	1181	1470	25	314
7	1	291	1185	1475	25	315
7	1	292	1189	1480	25	316
7	1	293	1193	1485	25	317
7	1	294	1197	1490	25	318
7	1	295	1201	1495	25	319
7	1	296	1205	1500	25	320
7	1	297	1209	1505	25	321
7	1	298	1213	1510	25	322
7	1	299	1217	1515	25	323
7	1	300	1221	1520	25	324
7	1	301	1225	1525	25	325
7	1	302	1229	1530	25	326
7	1	303	1233	1535	25	327
7	1	304	1237	1540	25	328
7	1	305	1241	1545	25	329
7	1	306	1245	1550	25	330
7	1	307	1249	1555	25	331
7	1	308	1253	1560	25	332
7	1	309	1257	1565	25	333
7	1	310	1261	1570	25	334
7	1	311	1265	1575	25	335
7	1	312	1269	1580	25	336
7	1	313	1273	1585	25	337
7	1	314	1277	1590	25	338
7	1	315	1281	1595	25	339
7	1	316	1285	1600	25	340
7	1	317	1289	1605	25	341
7	1	318	1293	1610	25	342
7	1	319	1297	1615	25	343
7	1	320	1301	1620	25	344
7	1	321	1305	1625	25	345
7	1	322	1309	1630	25	346
7	1	323	1313	1635	25	347
7	1	324	1317	1640	25	348
7	1	325	1321	1645	25	349
7	1	326	1325	1650	25	350
7	1	327	1329	1655	25	351
7	1	328	1333	1660	25	352
7	1	329	1337	1665	25	353
7	1	330	1341	1670	25	354
7	1	331	1345	1675	25	355
7	1	332	1349	1680	25	356
7	1	333	1353	1685	25	357
7	1	334	1357	1690	25	358
7	1	335	1361	1695	25	359
7	1	336	1365	1700	25	360
7	1	337	1369	1705	25	361
7	1	338	1373	1710	25	362
7	1	339	1377	1715	25	363
7	1	340	1381	1720	25	364
7	1	341	1385	1725	25	365
7	1	342	1389	1730	25	366
7	1	343	1393	1735	25	367
7	1	344	1397	1740	25	368
7	1	345	1401	1745	25	369
7	1	346	1405	1750	25	370
7	1	347	1409	1755	25	371
7	1	348	1413	1760	25	372
7	1	349	1417	1765	25	373
7	1	350	1421	1770	25	374
7	1	351	1425	1775	25	375
7	1	352	1429	1780	25	376
7	1	353	1433	1785	25	377
7	1	354	1437	1790	25	378
7	1	355	1441	1795	25	379
7	1	356	1445	1800	25	380
7	1	357	1449	1805	25	381
7	1	358	1453	1810	25	382
7	1	359	1457	1815	25	383
7	1	360	1461	1820	25	384
7	1	361	1465	1825	25	385
7	1	362	1469	1830	25	386
7	1	363	1473	1835	25	387
7	1	364	1477	1840	25	388
7	1	365	1481	1845	25	389
7	1	366	1485	1850	25	390
7	1	367	1489	1855	25	391
7	1	368	1493	1860	25	392
7	1	369	1497	1865	25	393
7	1	370	1501	1870	25	394
7	1	371	1505	1875	25	395
7	1	372	1509	1880	25	396
7	1	373	1513	1885	25	397
7	1	374	1517	1890	25	398
7	1	375	1521	1895	25	399
7	1	376	1525	1900	25	400
7	1	377	1529	1905	25	401
7	1	378	1533	1910	25	402
7	1	379	1537	1915	25	403
7	1	380	1541	1920	25	404
7	1	381	1545	1925	25	405
7	1	382	1549	1930	25	406
7	1	383	1553	1935	25	407
7	1	384	1557	1940	25	408
7	1	385	1561	1945	25	409
7	1	386	1565	1950	25	410
7	1	387	1569	1955	25	411
7	1	388	1573	1960	25	412
7	1	389	1577	1965	25	413
7	1	390	1581	1970	25	414
7	1	391	1585	1975	25	415
7	1	392	1589	1980	25	416
7	1	393	1593	1985	25	417
7	1	394	1597	1990	25	418
7	1	395	1601	1995	25	419
7	1	396	1605	2000	25	420
7	1	397	1609	2005	25	421
7	1	398	1613	2010	25	422
7	1	399	1617	2015	25	423
8	0	1	25	25	25	25
8	0	2	29	30	25	26
8	0	3	33	35	25	27
8	0	4	37	40	25	28
8	0	5	41	45	25	29
8	0	6	45	50	25	30
8	0	7	49	55	25	31
8	0	8	53	60	25	32
8	0	9	57	65	25	33
8	0	10	61	70	25	34
8	0	11	65	75	25	35
8	0	12	69	80	25	36
8	0	13	73	85	25	37
8	0	14	77	90	25	38
8	0	15	81	95	25	39
8	0	16	85	100	25	40
8	0	17	89	105	25	41
8	0	18	93	110	25	42
8	0	19	97	115	25	43
8	0	20	101	120	25	44
8	0	21	105	125	25	45
8	0	22	109	130	25	46
8	0	23	113	135	25	47
8	0	24	117	140	25	48
8	0	25	121	145	25	49
8	0	26	125	150	25	50
8	0	27	129	155	25	51
8	0	28	133	160	25	52
8	0	29	137	165	25	53
8	0	30	141	170	25	54
8	0	31	145	175	25	55
8	0	32	149	180	25	56
8	0	33	153	185	25	57
8	0	34	157	190	25	58
8	0	35	161	195	25	59
8	0	36	165	200	25	60
8	0	37	169	205	25	61
8	0	38	173	210	25	62
8	0	39	177	215	25	63
8	0	40	181	220	25	64
8	0	41	185	225	25	65
8	0	42	189	230	25	66
8	0	43	193	235	25	67
8	0	44	197	240	25	68
8	0	45	201	245	25	69
8	0	46	205	250	25	70
8	0	47	209	255	25	71
8	0	48	213	260	25	72
8	0	49	217	265	25	73
8	0	50	221	270	25	74
8	0	51	225	275	25	75
8	0	52	229	280	25	76
8	0	53	233	285	25	77
8	0	54	237	290	25	78
8	0	55	241	295	25	79
8	0	56	245	300	25	80
8	0	57	249	305	25	81
8	0	58	253	310	25	82
8	0	59	257	315	25	83
8	0	60	261	320	25	84
8	0	61	265	325	25	85
8	0	62	269	330	25	86
8	0	63	273	335	25	87
8	0	64	277	340	25	88
8	0	65	281	345	25	89
8	0	66	285	350	25	90
8	0	67	289	355	25	91
8	0	68	293	360	25	92
8	0	69	297	365	25	93
8	0	70	301	370	25	94
8	0	71	305	375	25	95
8	0	72	309	380	25	96
8	0	73	313	385	25	97
8	0	74	317	390	25	98
8	0	75	321	395	25	99
8	0	76	325	400	25	100
8	0	77	329	405	25	101
8	0	78	333	410	25	102
8	0	79	337	415	25	103
8	0	80	341	420	25	104
8	0	81	345	425	25	105
8	0	82	349	430	25	106
8	0	83	353	435	25	107
8	0	84	357	440	25	108
8	0	85	361	445	25	109
8	0	86	365	450	25	110
8	0	87	369	455	25	111
8	0	88	373	460	25	112
8	0	89	377	465	25	113
8	0	90	381	470	25	114
8	0	91	385	475	25	115
8	0	92	389	480	25	116
8	0	93	393	485	25	117
8	0	94	397	490	25	118
8	0	95	401	495	25	119
8	0	96	405	500	25	120
8	0	97	409	505	25	121
8	0	98	413	510	25	122
8	0	99	417	515	25	123
8	0	100	421	520	25	124
8	0	101	425	525	25	125
8	0	102	429	530	25	126
8	0	103	433	535	25	127
8	0	104	437	540	25	128
8	0	105	441	545	25	129
8	0	106	445	550	25	130
8	0	107	449	555	25	131
8	0	108	453	560	25	132
8	0	109	457	565	25	133
8	0	110	461	570	25	134
8	0	111	465	575	25	135
8	0	112	469	580	25	136
8	0	113	473	585	25	137
8	0	114	477	590	25	138
8	0	115	481	595	25	139
8	0	116	485	600	25	140
8	0	117	489	605	25	141
8	0	118	493	610	25	142
8	0	119	497	615	25	143
8	0	120	501	620	25	144
8	0	121	505	625	25	145
8	0	122	509	630	25	146
8	0	123	513	635	25	147
8	0	124	517	640	25	148
8	0	125	521	645	25	149
8	0	126	525	650	25	150
8	0	127	529	655	25	151
8	0	128	533	660	25	152
8	0	129	537	665	25	153
8	0	130	541	670	25	154
8	0	131	545	675	25	155
8	0	132	549	680	25	156
8	0	133	553	685	25	157
8	0	134	557	690	25	158
8	0	135	561	695	25	159
8	0	136	565	700	25	160
8	0	137	569	705	25	161
8	0	138	573	710	25	162
8	0	139	577	715	25	163
8	0	140	581	720	25	164
8	0	141	585	725	25	165
8	0	142	589	730	25	166
8	0	143	593	735	25	167
8	0	144	597	740	25	168
8	0	145	601	745	25	169
8	0	146	605	750	25	170
8	0	147	609	755	25	171
8	0	148	613	760	25	172
8	0	149	617	765	25	173
8	0	150	621	770	25	174
8	0	151	625	775	25	175
8	0	152	629	780	25	176
8	0	153	633	785	25	177
8	0	154	637	790	25	178
8	0	155	641	795	25	179
8	0	156	645	800	25	180
8	0	157	649	805	25	181
8	0	158	653	810	25	182
8	0	159	657	815	25	183
8	0	160	661	820	25	184
8	0	161	665	825	25	185
8	0	162	669	830	25	186
8	0	163	673	835	25	187
8	0	164	677	840	25	188
8	0	165	681	845	25	189
8	0	166	685	850	25	190
8	0	167	689	855	25	191
8	0	168	693	860	25	192
8	0	169	697	865	25	193
8	0	170	701	870	25	194
8	0	171	705	875	25	195
8	0	172	709	880	25	196
8	0	173	713	885	25	197
8	0	174	717	890	25	198
8	0	175	721	895	25	199
8	0	176	725	900	25	200
8	0	177	729	905	25	201
8	0	178	733	910	25	202
8	0	179	737	915	25	203
8	0	180	741	920	25	204
8	0	181	745	925	25	205
8	0	182	749	930	25	206
8	0	183	753	935	25	207
8	0	184	757	940	25	208
8	0	185	761	945	25	209
8	0	186	765	950	25	210
8	0	187	769	955	25	211
8	0	188	773	960	25	212
8	0	189	777	965	25	213
8	0	190	781	970	25	214
8	0	191	785	975	25	215
8	0	192	789	980	25	216
8	0	193	793	985	25	217
8	0	194	797	990	25	218
8	0	195	801	995	25	219
8	0	196	805	1000	25	220
8	0	197	809	1005	25	221
8	0	198	813	1010	25	222
8	0	199	817	1015	25	223
8	0	200	821	1020	25	224
8	0	201	825	1025	25	225
8	0	202	829	1030	25	226
8	0	203	833	1035	25	227
8	0	204	837	1040	25	228
8	0	205	841	1045	25	229
8	0	206	845	1050	25	230
8	0	207	849	1055	25	231
8	0	208	853	1060	25	232
8	0	209	857	1065	25	233
8	0	210	861	1070	25	234
8	0	211	865	1075	25	235
8	0	212	869	1080	25	236
8	0	213	873	1085	25	237
8	0	214	877	1090	25	238
8	0	215	881	1095	25	239
8	0	216	885	1100	25	240
8	0	217	889	1105	25	241
8	0	218	893	1110	25	242
8	0	219	897	1115	25	243
8	0	220	901	1120	25	244
8	0	221	905	1125	25	245
8	0	222	909	1130	25	246
8	0	223	913	1135	25	247
8	0	224	917	1140	25	248
8	0	225	921	1145	25	249
8	0	226	925	1150	25	250
8	0	227	929	1155	25	251
8	0	228	933	1160	25	252
8	0	229	937	1165	25	253
8	0	230	941	1170	25	254
8	0	231	945	1175	25	255
8	0	232	949	1180	25	256
8	0	233	953	1185	25	257
8	0	234	957	1190	25	258
8	0	235	961	1195	25	259
8	0	236	965	1200	25	260
8	0	237	969	1205	25	261
8	0	238	973	1210	25	262
8	0	239	977	1215	25	263
8	0	240	981	1220	25	264
8	0	241	985	1225	25	265
8	0	242	989	1230	25	266
8	0	243	993	1235	25	267
8	0	244	997	1240	25	268
8	0	245	1001	1245	25	269
8	0	246	1005	1250	25	270
8	0	247	1009	1255	25	271
8	0	248	1013	1260	25	272
8	0	249	1017	1265	25	273
8	0	250	1021	1270	25	274
8	0	251	1025	1275	25	275
8	0	252	1029	1280	25	276
8	0	253	1033	1285	25	277
8	0	254	1037	1290	25	278
8	0	255	1041	1295	25	279
8	0	256	1045	1300	25	280
8	0	257	1049	1305	25	281
8	0	258	1053	1310	25	282
8	0	259	1057	1315	25	283
8	0	260	1061	1320	25	284
8	0	261	1065	1325	25	285
8	0	262	1069	1330	25	286
8	0	263	1073	1335	25	287
8	0	264	1077	1340	25	288
8	0	265	1081	1345	25	289
8	0	266	1085	1350	25	290
8	0	267	1089	1355	25	291
8	0	268	1093	1360	25	292
8	0	269	1097	1365	25	293
8	0	270	1101	1370	25	294
8	0	271	1105	1375	25	295
8	0	272	1109	1380	25	296
8	0	273	1113	1385	25	297
8	0	274	1117	1390	25	298
8	0	275	1121	1395	25	299
8	0	276	1125	1400	25	300
8	0	277	1129	1405	25	301
8	0	278	1133	1410	25	302
8	0	279	1137	1415	25	303
8	0	280	1141	1420	25	304
8	0	281	1145	1425	25	305
8	0	282	1149	1430	25	306
8	0	283	1153	1435	25	307
8	0	284	1157	1440	25	308
8	0	285	1161	1445	25	309
8	0	286	1165	1450	25	310
8	0	287	1169	1455	25	311
8	0	288	1173	1460	25	312
8	0	289	1177	1465	25	313
8	0	290	1181	1470	25	314
8	0	291	1185	1475	25	315
8	0	292	1189	1480	25	316
8	0	293	1193	1485	25	317
8	0	294	1197	1490	25	318
8	0	295	1201	1495	25	319
8	0	296	1205	1500	25	320
8	0	297	1209	1505	25	321
8	0	298	1213	1510	25	322
8	0	299	1217	1515	25	323
8	0	300	1221	1520	25	324
8	0	301	1225	1525	25	325
8	0	302	1229	1530	25	326
8	0	303	1233	1535	25	327
8	0	304	1237	1540	25	328
8	0	305	1241	1545	25	329
8	0	306	1245	1550	25	330
8	0	307	1249	1555	25	331
8	0	308	1253	1560	25	332
8	0	309	1257	1565	25	333
8	0	310	1261	1570	25	334
8	0	311	1265	1575	25	335
8	0	312	1269	1580	25	336
8	0	313	1273	1585	25	337
8	0	314	1277	1590	25	338
8	0	315	1281	1595	25	339
8	0	316	1285	1600	25	340
8	0	317	1289	1605	25	341
8	0	318	1293	1610	25	342
8	0	319	1297	1615	25	343
8	0	320	1301	1620	25	344
8	0	321	1305	1625	25	345
8	0	322	1309	1630	25	346
8	0	323	1313	1635	25	347
8	0	324	1317	1640	25	348
8	0	325	1321	1645	25	349
8	0	326	1325	1650	25	350
8	0	327	1329	1655	25	351
8	0	328	1333	1660	25	352
8	0	329	1337	1665	25	353
8	0	330	1341	1670	25	354
8	0	331	1345	1675	25	355
8	0	332	1349	1680	25	356
8	0	333	1353	1685	25	357
8	0	334	1357	1690	25	358
8	0	335	1361	1695	25	359
8	0	336	1365	1700	25	360
8	0	337	1369	1705	25	361
8	0	338	1373	1710	25	362
8	0	339	1377	1715	25	363
8	0	340	1381	1720	25	364
8	0	341	1385	1725	25	365
8	0	342	1389	1730	25	366
8	0	343	1393	1735	25	367
8	0	344	1397	1740	25	368
8	0	345	1401	1745	25	369
8	0	346	1405	1750	25	370
8	0	347	1409	1755	25	371
8	0	348	1413	1760	25	372
8	0	349	1417	1765	25	373
8	0	350	1421	1770	25	374
8	0	351	1425	1775	25	375
8	0	352	1429	1780	25	376
8	0	353	1433	1785	25	377
8	0	354	1437	1790	25	378
8	0	355	1441	1795	25	379
8	0	356	1445	1800	25	380
8	0	357	1449	1805	25	381
8	0	358	1453	1810	25	382
8	0	359	1457	1815	25	383
8	0	360	1461	1820	25	384
8	0	361	1465	1825	25	385
8	0	362	1469	1830	25	386
8	0	363	1473	1835	25	387
8	0	364	1477	1840	25	388
8	0	365	1481	1845	25	389
8	0	366	1485	1850	25	390
8	0	367	1489	1855	25	391
8	0	368	1493	1860	25	392
8	0	369	1497	1865	25	393
8	0	370	1501	1870	25	394
8	0	371	1505	1875	25	395
8	0	372	1509	1880	25	396
8	0	373	1513	1885	25	397
8	0	374	1517	1890	25	398
8	0	375	1521	1895	25	399
8	0	376	1525	1900	25	400
8	0	377	1529	1905	25	401
8	0	378	1533	1910	25	402
8	0	379	1537	1915	25	403
8	0	380	1541	1920	25	404
8	0	381	1545	1925	25	405
8	0	382	1549	1930	25	406
8	0	383	1553	1935	25	407
8	0	384	1557	1940	25	408
8	0	385	1561	1945	25	409
8	0	386	1565	1950	25	410
8	0	387	1569	1955	25	411
8	0	388	1573	1960	25	412
8	0	389	1577	1965	25	413
8	0	390	1581	1970	25	414
8	0	391	1585	1975	25	415
8	0	392	1589	1980	25	416
8	0	393	1593	1985	25	417
8	0	394	1597	1990	25	418
8	0	395	1601	1995	25	419
8	0	396	1605	2000	25	420
8	0	397	1609	2005	25	421
8	0	398	1613	2010	25	422
8	0	399	1617	2015	25	423
8	1	1	25	25	25	25
8	1	2	29	25	30	26
8	1	3	33	25	35	27
8	1	4	37	25	40	28
8	1	5	41	25	45	29
8	1	6	45	25	50	30
8	1	7	49	25	55	31
8	1	8	53	25	60	32
8	1	9	57	25	65	33
8	1	10	61	25	70	34
8	1	11	65	25	75	35
8	1	12	69	25	80	36
8	1	13	73	25	85	37
8	1	14	77	25	90	38
8	1	15	81	25	95	39
8	1	16	85	25	100	40
8	1	17	89	25	105	41
8	1	18	93	25	110	42
8	1	19	97	25	115	43
8	1	20	101	25	120	44
8	1	21	105	25	125	45
8	1	22	109	25	130	46
8	1	23	113	25	135	47
8	1	24	117	25	140	48
8	1	25	121	25	145	49
8	1	26	125	25	150	50
8	1	27	129	25	155	51
8	1	28	133	25	160	52
8	1	29	137	25	165	53
8	1	30	141	25	170	54
8	1	31	145	25	175	55
8	1	32	149	25	180	56
8	1	33	153	25	185	57
8	1	34	157	25	190	58
8	1	35	161	25	195	59
8	1	36	165	25	200	60
8	1	37	169	25	205	61
8	1	38	173	25	210	62
8	1	39	177	25	215	63
8	1	40	181	25	220	64
8	1	41	185	25	225	65
8	1	42	189	25	230	66
8	1	43	193	25	235	67
8	1	44	197	25	240	68
8	1	45	201	25	245	69
8	1	46	205	25	250	70
8	1	47	209	25	255	71
8	1	48	213	25	260	72
8	1	49	217	25	265	73
8	1	50	221	25	270	74
8	1	51	225	25	275	75
8	1	52	229	25	280	76
8	1	53	233	25	285	77
8	1	54	237	25	290	78
8	1	55	241	25	295	79
8	1	56	245	25	300	80
8	1	57	249	25	305	81
8	1	58	253	25	310	82
8	1	59	257	25	315	83
8	1	60	261	25	320	84
8	1	61	265	25	325	85
8	1	62	269	25	330	86
8	1	63	273	25	335	87
8	1	64	277	25	340	88
8	1	65	281	25	345	89
8	1	66	285	25	350	90
8	1	67	289	25	355	91
8	1	68	293	25	360	92
8	1	69	297	25	365	93
8	1	70	301	25	370	94
8	1	71	305	25	375	95
8	1	72	309	25	380	96
8	1	73	313	25	385	97
8	1	74	317	25	390	98
8	1	75	321	25	395	99
8	1	76	325	25	400	100
8	1	77	329	25	405	101
8	1	78	333	25	410	102
8	1	79	337	25	415	103
8	1	80	341	25	420	104
8	1	81	345	25	425	105
8	1	82	349	25	430	106
8	1	83	353	25	435	107
8	1	84	357	25	440	108
8	1	85	361	25	445	109
8	1	86	365	25	450	110
8	1	87	369	25	455	111
8	1	88	373	25	460	112
8	1	89	377	25	465	113
8	1	90	381	25	470	114
8	1	91	385	25	475	115
8	1	92	389	25	480	116
8	1	93	393	25	485	117
8	1	94	397	25	490	118
8	1	95	401	25	495	119
8	1	96	405	25	500	120
8	1	97	409	25	505	121
8	1	98	413	25	510	122
8	1	99	417	25	515	123
8	1	100	421	25	520	124
8	1	101	425	25	525	125
8	1	102	429	25	530	126
8	1	103	433	25	535	127
8	1	104	437	25	540	128
8	1	105	441	25	545	129
8	1	106	445	25	550	130
8	1	107	449	25	555	131
8	1	108	453	25	560	132
8	1	109	457	25	565	133
8	1	110	461	25	570	134
8	1	111	465	25	575	135
8	1	112	469	25	580	136
8	1	113	473	25	585	137
8	1	114	477	25	590	138
8	1	115	481	25	595	139
8	1	116	485	25	600	140
8	1	117	489	25	605	141
8	1	118	493	25	610	142
8	1	119	497	25	615	143
8	1	120	501	25	620	144
8	1	121	505	25	625	145
8	1	122	509	25	630	146
8	1	123	513	25	635	147
8	1	124	517	25	640	148
8	1	125	521	25	645	149
8	1	126	525	25	650	150
8	1	127	529	25	655	151
8	1	128	533	25	660	152
8	1	129	537	25	665	153
8	1	130	541	25	670	154
8	1	131	545	25	675	155
8	1	132	549	25	680	156
8	1	133	553	25	685	157
8	1	134	557	25	690	158
8	1	135	561	25	695	159
8	1	136	565	25	700	160
8	1	137	569	25	705	161
8	1	138	573	25	710	162
8	1	139	577	25	715	163
8	1	140	581	25	720	164
8	1	141	585	25	725	165
8	1	142	589	25	730	166
8	1	143	593	25	735	167
8	1	144	597	25	740	168
8	1	145	601	25	745	169
8	1	146	605	25	750	170
8	1	147	609	25	755	171
8	1	148	613	25	760	172
8	1	149	617	25	765	173
8	1	150	621	25	770	174
8	1	151	625	25	775	175
8	1	152	629	25	780	176
8	1	153	633	25	785	177
8	1	154	637	25	790	178
8	1	155	641	25	795	179
8	1	156	645	25	800	180
8	1	157	649	25	805	181
8	1	158	653	25	810	182
8	1	159	657	25	815	183
8	1	160	661	25	820	184
8	1	161	665	25	825	185
8	1	162	669	25	830	186
8	1	163	673	25	835	187
8	1	164	677	25	840	188
8	1	165	681	25	845	189
8	1	166	685	25	850	190
8	1	167	689	25	855	191
8	1	168	693	25	860	192
8	1	169	697	25	865	193
8	1	170	701	25	870	194
8	1	171	705	25	875	195
8	1	172	709	25	880	196
8	1	173	713	25	885	197
8	1	174	717	25	890	198
8	1	175	721	25	895	199
8	1	176	725	25	900	200
8	1	177	729	25	905	201
8	1	178	733	25	910	202
8	1	179	737	25	915	203
8	1	180	741	25	920	204
8	1	181	745	25	925	205
8	1	182	749	25	930	206
8	1	183	753	25	935	207
8	1	184	757	25	940	208
8	1	185	761	25	945	209
8	1	186	765	25	950	210
8	1	187	769	25	955	211
8	1	188	773	25	960	212
8	1	189	777	25	965	213
8	1	190	781	25	970	214
8	1	191	785	25	975	215
8	1	192	789	25	980	216
8	1	193	793	25	985	217
8	1	194	797	25	990	218
8	1	195	801	25	995	219
8	1	196	805	25	1000	220
8	1	197	809	25	1005	221
8	1	198	813	25	1010	222
8	1	199	817	25	1015	223
8	1	200	821	25	1020	224
8	1	201	825	25	1025	225
8	1	202	829	25	1030	226
8	1	203	833	25	1035	227
8	1	204	837	25	1040	228
8	1	205	841	25	1045	229
8	1	206	845	25	1050	230
8	1	207	849	25	1055	231
8	1	208	853	25	1060	232
8	1	209	857	25	1065	233
8	1	210	861	25	1070	234
8	1	211	865	25	1075	235
8	1	212	869	25	1080	236
8	1	213	873	25	1085	237
8	1	214	877	25	1090	238
8	1	215	881	25	1095	239
8	1	216	885	25	1100	240
8	1	217	889	25	1105	241
8	1	218	893	25	1110	242
8	1	219	897	25	1115	243
8	1	220	901	25	1120	244
8	1	221	905	25	1125	245
8	1	222	909	25	1130	246
8	1	223	913	25	1135	247
8	1	224	917	25	1140	248
8	1	225	921	25	1145	249
8	1	226	925	25	1150	250
8	1	227	929	25	1155	251
8	1	228	933	25	1160	252
8	1	229	937	25	1165	253
8	1	230	941	25	1170	254
8	1	231	945	25	1175	255
8	1	232	949	25	1180	256
8	1	233	953	25	1185	257
8	1	234	957	25	1190	258
8	1	235	961	25	1195	259
8	1	236	965	25	1200	260
8	1	237	969	25	1205	261
8	1	238	973	25	1210	262
8	1	239	977	25	1215	263
8	1	240	981	25	1220	264
8	1	241	985	25	1225	265
8	1	242	989	25	1230	266
8	1	243	993	25	1235	267
8	1	244	997	25	1240	268
8	1	245	1001	25	1245	269
8	1	246	1005	25	1250	270
8	1	247	1009	25	1255	271
8	1	248	1013	25	1260	272
8	1	249	1017	25	1265	273
8	1	250	1021	25	1270	274
8	1	251	1025	25	1275	275
8	1	252	1029	25	1280	276
8	1	253	1033	25	1285	277
8	1	254	1037	25	1290	278
8	1	255	1041	25	1295	279
8	1	256	1045	25	1300	280
8	1	257	1049	25	1305	281
8	1	258	1053	25	1310	282
8	1	259	1057	25	1315	283
8	1	260	1061	25	1320	284
8	1	261	1065	25	1325	285
8	1	262	1069	25	1330	286
8	1	263	1073	25	1335	287
8	1	264	1077	25	1340	288
8	1	265	1081	25	1345	289
8	1	266	1085	25	1350	290
8	1	267	1089	25	1355	291
8	1	268	1093	25	1360	292
8	1	269	1097	25	1365	293
8	1	270	1101	25	1370	294
8	1	271	1105	25	1375	295
8	1	272	1109	25	1380	296
8	1	273	1113	25	1385	297
8	1	274	1117	25	1390	298
8	1	275	1121	25	1395	299
8	1	276	1125	25	1400	300
8	1	277	1129	25	1405	301
8	1	278	1133	25	1410	302
8	1	279	1137	25	1415	303
8	1	280	1141	25	1420	304
8	1	281	1145	25	1425	305
8	1	282	1149	25	1430	306
8	1	283	1153	25	1435	307
8	1	284	1157	25	1440	308
8	1	285	1161	25	1445	309
8	1	286	1165	25	1450	310
8	1	287	1169	25	1455	311
8	1	288	1173	25	1460	312
8	1	289	1177	25	1465	313
8	1	290	1181	25	1470	314
8	1	291	1185	25	1475	315
8	1	292	1189	25	1480	316
8	1	293	1193	25	1485	317
8	1	294	1197	25	1490	318
8	1	295	1201	25	1495	319
8	1	296	1205	25	1500	320
8	1	297	1209	25	1505	321
8	1	298	1213	25	1510	322
8	1	299	1217	25	1515	323
8	1	300	1221	25	1520	324
8	1	301	1225	25	1525	325
8	1	302	1229	25	1530	326
8	1	303	1233	25	1535	327
8	1	304	1237	25	1540	328
8	1	305	1241	25	1545	329
8	1	306	1245	25	1550	330
8	1	307	1249	25	1555	331
8	1	308	1253	25	1560	332
8	1	309	1257	25	1565	333
8	1	310	1261	25	1570	334
8	1	311	1265	25	1575	335
8	1	312	1269	25	1580	336
8	1	313	1273	25	1585	337
8	1	314	1277	25	1590	338
8	1	315	1281	25	1595	339
8	1	316	1285	25	1600	340
8	1	317	1289	25	1605	341
8	1	318	1293	25	1610	342
8	1	319	1297	25	1615	343
8	1	320	1301	25	1620	344
8	1	321	1305	25	1625	345
8	1	322	1309	25	1630	346
8	1	323	1313	25	1635	347
8	1	324	1317	25	1640	348
8	1	325	1321	25	1645	349
8	1	326	1325	25	1650	350
8	1	327	1329	25	1655	351
8	1	328	1333	25	1660	352
8	1	329	1337	25	1665	353
8	1	330	1341	25	1670	354
8	1	331	1345	25	1675	355
8	1	332	1349	25	1680	356
8	1	333	1353	25	1685	357
8	1	334	1357	25	1690	358
8	1	335	1361	25	1695	359
8	1	336	1365	25	1700	360
8	1	337	1369	25	1705	361
8	1	338	1373	25	1710	362
8	1	339	1377	25	1715	363
8	1	340	1381	25	1720	364
8	1	341	1385	25	1725	365
8	1	342	1389	25	1730	366
8	1	343	1393	25	1735	367
8	1	344	1397	25	1740	368
8	1	345	1401	25	1745	369
8	1	346	1405	25	1750	370
8	1	347	1409	25	1755	371
8	1	348	1413	25	1760	372
8	1	349	1417	25	1765	373
8	1	350	1421	25	1770	374
8	1	351	1425	25	1775	375
8	1	352	1429	25	1780	376
8	1	353	1433	25	1785	377
8	1	354	1437	25	1790	378
8	1	355	1441	25	1795	379
8	1	356	1445	25	1800	380
8	1	357	1449	25	1805	381
8	1	358	1453	25	1810	382
8	1	359	1457	25	1815	383
8	1	360	1461	25	1820	384
8	1	361	1465	25	1825	385
8	1	362	1469	25	1830	386
8	1	363	1473	25	1835	387
8	1	364	1477	25	1840	388
8	1	365	1481	25	1845	389
8	1	366	1485	25	1850	390
8	1	367	1489	25	1855	391
8	1	368	1493	25	1860	392
8	1	369	1497	25	1865	393
8	1	370	1501	25	1870	394
8	1	371	1505	25	1875	395
8	1	372	1509	25	1880	396
8	1	373	1513	25	1885	397
8	1	374	1517	25	1890	398
8	1	375	1521	25	1895	399
8	1	376	1525	25	1900	400
8	1	377	1529	25	1905	401
8	1	378	1533	25	1910	402
8	1	379	1537	25	1915	403
8	1	380	1541	25	1920	404
8	1	381	1545	25	1925	405
8	1	382	1549	25	1930	406
8	1	383	1553	25	1935	407
8	1	384	1557	25	1940	408
8	1	385	1561	25	1945	409
8	1	386	1565	25	1950	410
8	1	387	1569	25	1955	411
8	1	388	1573	25	1960	412
8	1	389	1577	25	1965	413
8	1	390	1581	25	1970	414
8	1	391	1585	25	1975	415
8	1	392	1589	25	1980	416
8	1	393	1593	25	1985	417
8	1	394	1597	25	1990	418
8	1	395	1601	25	1995	419
8	1	396	1605	25	2000	420
8	1	397	1609	25	2005	421
8	1	398	1613	25	2010	422
8	1	399	1617	25	2015	423
9	0	1	25	25	25	25
9	0	2	29	25	30	26
9	0	3	33	25	35	27
9	0	4	37	25	40	28
9	0	5	41	25	45	29
9	0	6	45	25	50	30
9	0	7	49	25	55	31
9	0	8	53	25	60	32
9	0	9	57	25	65	33
9	0	10	61	25	70	34
9	0	11	65	25	75	35
9	0	12	69	25	80	36
9	0	13	73	25	85	37
9	0	14	77	25	90	38
9	0	15	81	25	95	39
9	0	16	85	25	100	40
9	0	17	89	25	105	41
9	0	18	93	25	110	42
9	0	19	97	25	115	43
9	0	20	101	25	120	44
9	0	21	105	25	125	45
9	0	22	109	25	130	46
9	0	23	113	25	135	47
9	0	24	117	25	140	48
9	0	25	121	25	145	49
9	0	26	125	25	150	50
9	0	27	129	25	155	51
9	0	28	133	25	160	52
9	0	29	137	25	165	53
9	0	30	141	25	170	54
9	0	31	145	25	175	55
9	0	32	149	25	180	56
9	0	33	153	25	185	57
9	0	34	157	25	190	58
9	0	35	161	25	195	59
9	0	36	165	25	200	60
9	0	37	169	25	205	61
9	0	38	173	25	210	62
9	0	39	177	25	215	63
9	0	40	181	25	220	64
9	0	41	185	25	225	65
9	0	42	189	25	230	66
9	0	43	193	25	235	67
9	0	44	197	25	240	68
9	0	45	201	25	245	69
9	0	46	205	25	250	70
9	0	47	209	25	255	71
9	0	48	213	25	260	72
9	0	49	217	25	265	73
9	0	50	221	25	270	74
9	0	51	225	25	275	75
9	0	52	229	25	280	76
9	0	53	233	25	285	77
9	0	54	237	25	290	78
9	0	55	241	25	295	79
9	0	56	245	25	300	80
9	0	57	249	25	305	81
9	0	58	253	25	310	82
9	0	59	257	25	315	83
9	0	60	261	25	320	84
9	0	61	265	25	325	85
9	0	62	269	25	330	86
9	0	63	273	25	335	87
9	0	64	277	25	340	88
9	0	65	281	25	345	89
9	0	66	285	25	350	90
9	0	67	289	25	355	91
9	0	68	293	25	360	92
9	0	69	297	25	365	93
9	0	70	301	25	370	94
9	0	71	305	25	375	95
9	0	72	309	25	380	96
9	0	73	313	25	385	97
9	0	74	317	25	390	98
9	0	75	321	25	395	99
9	0	76	325	25	400	100
9	0	77	329	25	405	101
9	0	78	333	25	410	102
9	0	79	337	25	415	103
9	0	80	341	25	420	104
9	0	81	345	25	425	105
9	0	82	349	25	430	106
9	0	83	353	25	435	107
9	0	84	357	25	440	108
9	0	85	361	25	445	109
9	0	86	365	25	450	110
9	0	87	369	25	455	111
9	0	88	373	25	460	112
9	0	89	377	25	465	113
9	0	90	381	25	470	114
9	0	91	385	25	475	115
9	0	92	389	25	480	116
9	0	93	393	25	485	117
9	0	94	397	25	490	118
9	0	95	401	25	495	119
9	0	96	405	25	500	120
9	0	97	409	25	505	121
9	0	98	413	25	510	122
9	0	99	417	25	515	123
9	0	100	421	25	520	124
9	0	101	425	25	525	125
9	0	102	429	25	530	126
9	0	103	433	25	535	127
9	0	104	437	25	540	128
9	0	105	441	25	545	129
9	0	106	445	25	550	130
9	0	107	449	25	555	131
9	0	108	453	25	560	132
9	0	109	457	25	565	133
9	0	110	461	25	570	134
9	0	111	465	25	575	135
9	0	112	469	25	580	136
9	0	113	473	25	585	137
9	0	114	477	25	590	138
9	0	115	481	25	595	139
9	0	116	485	25	600	140
9	0	117	489	25	605	141
9	0	118	493	25	610	142
9	0	119	497	25	615	143
9	0	120	501	25	620	144
9	0	121	505	25	625	145
9	0	122	509	25	630	146
9	0	123	513	25	635	147
9	0	124	517	25	640	148
9	0	125	521	25	645	149
9	0	126	525	25	650	150
9	0	127	529	25	655	151
9	0	128	533	25	660	152
9	0	129	537	25	665	153
9	0	130	541	25	670	154
9	0	131	545	25	675	155
9	0	132	549	25	680	156
9	0	133	553	25	685	157
9	0	134	557	25	690	158
9	0	135	561	25	695	159
9	0	136	565	25	700	160
9	0	137	569	25	705	161
9	0	138	573	25	710	162
9	0	139	577	25	715	163
9	0	140	581	25	720	164
9	0	141	585	25	725	165
9	0	142	589	25	730	166
9	0	143	593	25	735	167
9	0	144	597	25	740	168
9	0	145	601	25	745	169
9	0	146	605	25	750	170
9	0	147	609	25	755	171
9	0	148	613	25	760	172
9	0	149	617	25	765	173
9	0	150	621	25	770	174
9	0	151	625	25	775	175
9	0	152	629	25	780	176
9	0	153	633	25	785	177
9	0	154	637	25	790	178
9	0	155	641	25	795	179
9	0	156	645	25	800	180
9	0	157	649	25	805	181
9	0	158	653	25	810	182
9	0	159	657	25	815	183
9	0	160	661	25	820	184
9	0	161	665	25	825	185
9	0	162	669	25	830	186
9	0	163	673	25	835	187
9	0	164	677	25	840	188
9	0	165	681	25	845	189
9	0	166	685	25	850	190
9	0	167	689	25	855	191
9	0	168	693	25	860	192
9	0	169	697	25	865	193
9	0	170	701	25	870	194
9	0	171	705	25	875	195
9	0	172	709	25	880	196
9	0	173	713	25	885	197
9	0	174	717	25	890	198
9	0	175	721	25	895	199
9	0	176	725	25	900	200
9	0	177	729	25	905	201
9	0	178	733	25	910	202
9	0	179	737	25	915	203
9	0	180	741	25	920	204
9	0	181	745	25	925	205
9	0	182	749	25	930	206
9	0	183	753	25	935	207
9	0	184	757	25	940	208
9	0	185	761	25	945	209
9	0	186	765	25	950	210
9	0	187	769	25	955	211
9	0	188	773	25	960	212
9	0	189	777	25	965	213
9	0	190	781	25	970	214
9	0	191	785	25	975	215
9	0	192	789	25	980	216
9	0	193	793	25	985	217
9	0	194	797	25	990	218
9	0	195	801	25	995	219
9	0	196	805	25	1000	220
9	0	197	809	25	1005	221
9	0	198	813	25	1010	222
9	0	199	817	25	1015	223
9	0	200	821	25	1020	224
9	0	201	825	25	1025	225
9	0	202	829	25	1030	226
9	0	203	833	25	1035	227
9	0	204	837	25	1040	228
9	0	205	841	25	1045	229
9	0	206	845	25	1050	230
9	0	207	849	25	1055	231
9	0	208	853	25	1060	232
9	0	209	857	25	1065	233
9	0	210	861	25	1070	234
9	0	211	865	25	1075	235
9	0	212	869	25	1080	236
9	0	213	873	25	1085	237
9	0	214	877	25	1090	238
9	0	215	881	25	1095	239
9	0	216	885	25	1100	240
9	0	217	889	25	1105	241
9	0	218	893	25	1110	242
9	0	219	897	25	1115	243
9	0	220	901	25	1120	244
9	0	221	905	25	1125	245
9	0	222	909	25	1130	246
9	0	223	913	25	1135	247
9	0	224	917	25	1140	248
9	0	225	921	25	1145	249
9	0	226	925	25	1150	250
9	0	227	929	25	1155	251
9	0	228	933	25	1160	252
9	0	229	937	25	1165	253
9	0	230	941	25	1170	254
9	0	231	945	25	1175	255
9	0	232	949	25	1180	256
9	0	233	953	25	1185	257
9	0	234	957	25	1190	258
9	0	235	961	25	1195	259
9	0	236	965	25	1200	260
9	0	237	969	25	1205	261
9	0	238	973	25	1210	262
9	0	239	977	25	1215	263
9	0	240	981	25	1220	264
9	0	241	985	25	1225	265
9	0	242	989	25	1230	266
9	0	243	993	25	1235	267
9	0	244	997	25	1240	268
9	0	245	1001	25	1245	269
9	0	246	1005	25	1250	270
9	0	247	1009	25	1255	271
9	0	248	1013	25	1260	272
9	0	249	1017	25	1265	273
9	0	250	1021	25	1270	274
9	0	251	1025	25	1275	275
9	0	252	1029	25	1280	276
9	0	253	1033	25	1285	277
9	0	254	1037	25	1290	278
9	0	255	1041	25	1295	279
9	0	256	1045	25	1300	280
9	0	257	1049	25	1305	281
9	0	258	1053	25	1310	282
9	0	259	1057	25	1315	283
9	0	260	1061	25	1320	284
9	0	261	1065	25	1325	285
9	0	262	1069	25	1330	286
9	0	263	1073	25	1335	287
9	0	264	1077	25	1340	288
9	0	265	1081	25	1345	289
9	0	266	1085	25	1350	290
9	0	267	1089	25	1355	291
9	0	268	1093	25	1360	292
9	0	269	1097	25	1365	293
9	0	270	1101	25	1370	294
9	0	271	1105	25	1375	295
9	0	272	1109	25	1380	296
9	0	273	1113	25	1385	297
9	0	274	1117	25	1390	298
9	0	275	1121	25	1395	299
9	0	276	1125	25	1400	300
9	0	277	1129	25	1405	301
9	0	278	1133	25	1410	302
9	0	279	1137	25	1415	303
9	0	280	1141	25	1420	304
9	0	281	1145	25	1425	305
9	0	282	1149	25	1430	306
9	0	283	1153	25	1435	307
9	0	284	1157	25	1440	308
9	0	285	1161	25	1445	309
9	0	286	1165	25	1450	310
9	0	287	1169	25	1455	311
9	0	288	1173	25	1460	312
9	0	289	1177	25	1465	313
9	0	290	1181	25	1470	314
9	0	291	1185	25	1475	315
9	0	292	1189	25	1480	316
9	0	293	1193	25	1485	317
9	0	294	1197	25	1490	318
9	0	295	1201	25	1495	319
9	0	296	1205	25	1500	320
9	0	297	1209	25	1505	321
9	0	298	1213	25	1510	322
9	0	299	1217	25	1515	323
9	0	300	1221	25	1520	324
9	0	301	1225	25	1525	325
9	0	302	1229	25	1530	326
9	0	303	1233	25	1535	327
9	0	304	1237	25	1540	328
9	0	305	1241	25	1545	329
9	0	306	1245	25	1550	330
9	0	307	1249	25	1555	331
9	0	308	1253	25	1560	332
9	0	309	1257	25	1565	333
9	0	310	1261	25	1570	334
9	0	311	1265	25	1575	335
9	0	312	1269	25	1580	336
9	0	313	1273	25	1585	337
9	0	314	1277	25	1590	338
9	0	315	1281	25	1595	339
9	0	316	1285	25	1600	340
9	0	317	1289	25	1605	341
9	0	318	1293	25	1610	342
9	0	319	1297	25	1615	343
9	0	320	1301	25	1620	344
9	0	321	1305	25	1625	345
9	0	322	1309	25	1630	346
9	0	323	1313	25	1635	347
9	0	324	1317	25	1640	348
9	0	325	1321	25	1645	349
9	0	326	1325	25	1650	350
9	0	327	1329	25	1655	351
9	0	328	1333	25	1660	352
9	0	329	1337	25	1665	353
9	0	330	1341	25	1670	354
9	0	331	1345	25	1675	355
9	0	332	1349	25	1680	356
9	0	333	1353	25	1685	357
9	0	334	1357	25	1690	358
9	0	335	1361	25	1695	359
9	0	336	1365	25	1700	360
9	0	337	1369	25	1705	361
9	0	338	1373	25	1710	362
9	0	339	1377	25	1715	363
9	0	340	1381	25	1720	364
9	0	341	1385	25	1725	365
9	0	342	1389	25	1730	366
9	0	343	1393	25	1735	367
9	0	344	1397	25	1740	368
9	0	345	1401	25	1745	369
9	0	346	1405	25	1750	370
9	0	347	1409	25	1755	371
9	0	348	1413	25	1760	372
9	0	349	1417	25	1765	373
9	0	350	1421	25	1770	374
9	0	351	1425	25	1775	375
9	0	352	1429	25	1780	376
9	0	353	1433	25	1785	377
9	0	354	1437	25	1790	378
9	0	355	1441	25	1795	379
9	0	356	1445	25	1800	380
9	0	357	1449	25	1805	381
9	0	358	1453	25	1810	382
9	0	359	1457	25	1815	383
9	0	360	1461	25	1820	384
9	0	361	1465	25	1825	385
9	0	362	1469	25	1830	386
9	0	363	1473	25	1835	387
9	0	364	1477	25	1840	388
9	0	365	1481	25	1845	389
9	0	366	1485	25	1850	390
9	0	367	1489	25	1855	391
9	0	368	1493	25	1860	392
9	0	369	1497	25	1865	393
9	0	370	1501	25	1870	394
9	0	371	1505	25	1875	395
9	0	372	1509	25	1880	396
9	0	373	1513	25	1885	397
9	0	374	1517	25	1890	398
9	0	375	1521	25	1895	399
9	0	376	1525	25	1900	400
9	0	377	1529	25	1905	401
9	0	378	1533	25	1910	402
9	0	379	1537	25	1915	403
9	0	380	1541	25	1920	404
9	0	381	1545	25	1925	405
9	0	382	1549	25	1930	406
9	0	383	1553	25	1935	407
9	0	384	1557	25	1940	408
9	0	385	1561	25	1945	409
9	0	386	1565	25	1950	410
9	0	387	1569	25	1955	411
9	0	388	1573	25	1960	412
9	0	389	1577	25	1965	413
9	0	390	1581	25	1970	414
9	0	391	1585	25	1975	415
9	0	392	1589	25	1980	416
9	0	393	1593	25	1985	417
9	0	394	1597	25	1990	418
9	0	395	1601	25	1995	419
9	0	396	1605	25	2000	420
9	0	397	1609	25	2005	421
9	0	398	1613	25	2010	422
9	0	399	1617	25	2015	423
9	1	1	25	25	25	25
9	1	2	28	30	25	27
9	1	3	31	35	25	29
9	1	4	34	40	25	31
9	1	5	37	45	25	33
9	1	6	40	50	25	35
9	1	7	43	55	25	37
9	1	8	46	60	25	39
9	1	9	49	65	25	41
9	1	10	52	70	25	43
9	1	11	55	75	25	45
9	1	12	58	80	25	47
9	1	13	61	85	25	49
9	1	14	64	90	25	51
9	1	15	67	95	25	53
9	1	16	70	100	25	55
9	1	17	73	105	25	57
9	1	18	76	110	25	59
9	1	19	79	115	25	61
9	1	20	82	120	25	63
9	1	21	85	125	25	65
9	1	22	88	130	25	67
9	1	23	91	135	25	69
9	1	24	94	140	25	71
9	1	25	97	145	25	73
9	1	26	100	150	25	75
9	1	27	103	155	25	77
9	1	28	106	160	25	79
9	1	29	109	165	25	81
9	1	30	112	170	25	83
9	1	31	115	175	25	85
9	1	32	118	180	25	87
9	1	33	121	185	25	89
9	1	34	124	190	25	91
9	1	35	127	195	25	93
9	1	36	130	200	25	95
9	1	37	133	205	25	97
9	1	38	136	210	25	99
9	1	39	139	215	25	101
9	1	40	142	220	25	103
9	1	41	145	225	25	105
9	1	42	148	230	25	107
9	1	43	151	235	25	109
9	1	44	154	240	25	111
9	1	45	157	245	25	113
9	1	46	160	250	25	115
9	1	47	163	255	25	117
9	1	48	166	260	25	119
9	1	49	169	265	25	121
9	1	50	172	270	25	123
9	1	51	175	275	25	125
9	1	52	178	280	25	127
9	1	53	181	285	25	129
9	1	54	184	290	25	131
9	1	55	187	295	25	133
9	1	56	190	300	25	135
9	1	57	193	305	25	137
9	1	58	196	310	25	139
9	1	59	199	315	25	141
9	1	60	202	320	25	143
9	1	61	205	325	25	145
9	1	62	208	330	25	147
9	1	63	211	335	25	149
9	1	64	214	340	25	151
9	1	65	217	345	25	153
9	1	66	220	350	25	155
9	1	67	223	355	25	157
9	1	68	226	360	25	159
9	1	69	229	365	25	161
9	1	70	232	370	25	163
9	1	71	235	375	25	165
9	1	72	238	380	25	167
9	1	73	241	385	25	169
9	1	74	244	390	25	171
9	1	75	247	395	25	173
9	1	76	250	400	25	175
9	1	77	253	405	25	177
9	1	78	256	410	25	179
9	1	79	259	415	25	181
9	1	80	262	420	25	183
9	1	81	265	425	25	185
9	1	82	268	430	25	187
9	1	83	271	435	25	189
9	1	84	274	440	25	191
9	1	85	277	445	25	193
9	1	86	280	450	25	195
9	1	87	283	455	25	197
9	1	88	286	460	25	199
9	1	89	289	465	25	201
9	1	90	292	470	25	203
9	1	91	295	475	25	205
9	1	92	298	480	25	207
9	1	93	301	485	25	209
9	1	94	304	490	25	211
9	1	95	307	495	25	213
9	1	96	310	500	25	215
9	1	97	313	505	25	217
9	1	98	316	510	25	219
9	1	99	319	515	25	221
9	1	100	322	520	25	223
9	1	101	325	525	25	225
9	1	102	328	530	25	227
9	1	103	331	535	25	229
9	1	104	334	540	25	231
9	1	105	337	545	25	233
9	1	106	340	550	25	235
9	1	107	343	555	25	237
9	1	108	346	560	25	239
9	1	109	349	565	25	241
9	1	110	352	570	25	243
9	1	111	355	575	25	245
9	1	112	358	580	25	247
9	1	113	361	585	25	249
9	1	114	364	590	25	251
9	1	115	367	595	25	253
9	1	116	370	600	25	255
9	1	117	373	605	25	257
9	1	118	376	610	25	259
9	1	119	379	615	25	261
9	1	120	382	620	25	263
9	1	121	385	625	25	265
9	1	122	388	630	25	267
9	1	123	391	635	25	269
9	1	124	394	640	25	271
9	1	125	397	645	25	273
9	1	126	400	650	25	275
9	1	127	403	655	25	277
9	1	128	406	660	25	279
9	1	129	409	665	25	281
9	1	130	412	670	25	283
9	1	131	415	675	25	285
9	1	132	418	680	25	287
9	1	133	421	685	25	289
9	1	134	424	690	25	291
9	1	135	427	695	25	293
9	1	136	430	700	25	295
9	1	137	433	705	25	297
9	1	138	436	710	25	299
9	1	139	439	715	25	301
9	1	140	442	720	25	303
9	1	141	445	725	25	305
9	1	142	448	730	25	307
9	1	143	451	735	25	309
9	1	144	454	740	25	311
9	1	145	457	745	25	313
9	1	146	460	750	25	315
9	1	147	463	755	25	317
9	1	148	466	760	25	319
9	1	149	469	765	25	321
9	1	150	472	770	25	323
9	1	151	475	775	25	325
9	1	152	478	780	25	327
9	1	153	481	785	25	329
9	1	154	484	790	25	331
9	1	155	487	795	25	333
9	1	156	490	800	25	335
9	1	157	493	805	25	337
9	1	158	496	810	25	339
9	1	159	499	815	25	341
9	1	160	502	820	25	343
9	1	161	505	825	25	345
9	1	162	508	830	25	347
9	1	163	511	835	25	349
9	1	164	514	840	25	351
9	1	165	517	845	25	353
9	1	166	520	850	25	355
9	1	167	523	855	25	357
9	1	168	526	860	25	359
9	1	169	529	865	25	361
9	1	170	532	870	25	363
9	1	171	535	875	25	365
9	1	172	538	880	25	367
9	1	173	541	885	25	369
9	1	174	544	890	25	371
9	1	175	547	895	25	373
9	1	176	550	900	25	375
9	1	177	553	905	25	377
9	1	178	556	910	25	379
9	1	179	559	915	25	381
9	1	180	562	920	25	383
9	1	181	565	925	25	385
9	1	182	568	930	25	387
9	1	183	571	935	25	389
9	1	184	574	940	25	391
9	1	185	577	945	25	393
9	1	186	580	950	25	395
9	1	187	583	955	25	397
9	1	188	586	960	25	399
9	1	189	589	965	25	401
9	1	190	592	970	25	403
9	1	191	595	975	25	405
9	1	192	598	980	25	407
9	1	193	601	985	25	409
9	1	194	604	990	25	411
9	1	195	607	995	25	413
9	1	196	610	1000	25	415
9	1	197	613	1005	25	417
9	1	198	616	1010	25	419
9	1	199	619	1015	25	421
9	1	200	622	1020	25	423
9	1	201	625	1025	25	425
9	1	202	628	1030	25	427
9	1	203	631	1035	25	429
9	1	204	634	1040	25	431
9	1	205	637	1045	25	433
9	1	206	640	1050	25	435
9	1	207	643	1055	25	437
9	1	208	646	1060	25	439
9	1	209	649	1065	25	441
9	1	210	652	1070	25	443
9	1	211	655	1075	25	445
9	1	212	658	1080	25	447
9	1	213	661	1085	25	449
9	1	214	664	1090	25	451
9	1	215	667	1095	25	453
9	1	216	670	1100	25	455
9	1	217	673	1105	25	457
9	1	218	676	1110	25	459
9	1	219	679	1115	25	461
9	1	220	682	1120	25	463
9	1	221	685	1125	25	465
9	1	222	688	1130	25	467
9	1	223	691	1135	25	469
9	1	224	694	1140	25	471
9	1	225	697	1145	25	473
9	1	226	700	1150	25	475
9	1	227	703	1155	25	477
9	1	228	706	1160	25	479
9	1	229	709	1165	25	481
9	1	230	712	1170	25	483
9	1	231	715	1175	25	485
9	1	232	718	1180	25	487
9	1	233	721	1185	25	489
9	1	234	724	1190	25	491
9	1	235	727	1195	25	493
9	1	236	730	1200	25	495
9	1	237	733	1205	25	497
9	1	238	736	1210	25	499
9	1	239	739	1215	25	501
9	1	240	742	1220	25	503
9	1	241	745	1225	25	505
9	1	242	748	1230	25	507
9	1	243	751	1235	25	509
9	1	244	754	1240	25	511
9	1	245	757	1245	25	513
9	1	246	760	1250	25	515
9	1	247	763	1255	25	517
9	1	248	766	1260	25	519
9	1	249	769	1265	25	521
9	1	250	772	1270	25	523
9	1	251	775	1275	25	525
9	1	252	778	1280	25	527
9	1	253	781	1285	25	529
9	1	254	784	1290	25	531
9	1	255	787	1295	25	533
9	1	256	790	1300	25	535
9	1	257	793	1305	25	537
9	1	258	796	1310	25	539
9	1	259	799	1315	25	541
9	1	260	802	1320	25	543
9	1	261	805	1325	25	545
9	1	262	808	1330	25	547
9	1	263	811	1335	25	549
9	1	264	814	1340	25	551
9	1	265	817	1345	25	553
9	1	266	820	1350	25	555
9	1	267	823	1355	25	557
9	1	268	826	1360	25	559
9	1	269	829	1365	25	561
9	1	270	832	1370	25	563
9	1	271	835	1375	25	565
9	1	272	838	1380	25	567
9	1	273	841	1385	25	569
9	1	274	844	1390	25	571
9	1	275	847	1395	25	573
9	1	276	850	1400	25	575
9	1	277	853	1405	25	577
9	1	278	856	1410	25	579
9	1	279	859	1415	25	581
9	1	280	862	1420	25	583
9	1	281	865	1425	25	585
9	1	282	868	1430	25	587
9	1	283	871	1435	25	589
9	1	284	874	1440	25	591
9	1	285	877	1445	25	593
9	1	286	880	1450	25	595
9	1	287	883	1455	25	597
9	1	288	886	1460	25	599
9	1	289	889	1465	25	601
9	1	290	892	1470	25	603
9	1	291	895	1475	25	605
9	1	292	898	1480	25	607
9	1	293	901	1485	25	609
9	1	294	904	1490	25	611
9	1	295	907	1495	25	613
9	1	296	910	1500	25	615
9	1	297	913	1505	25	617
9	1	298	916	1510	25	619
9	1	299	919	1515	25	621
9	1	300	922	1520	25	623
9	1	301	925	1525	25	625
9	1	302	928	1530	25	627
9	1	303	931	1535	25	629
9	1	304	934	1540	25	631
9	1	305	937	1545	25	633
9	1	306	940	1550	25	635
9	1	307	943	1555	25	637
9	1	308	946	1560	25	639
9	1	309	949	1565	25	641
9	1	310	952	1570	25	643
9	1	311	955	1575	25	645
9	1	312	958	1580	25	647
9	1	313	961	1585	25	649
9	1	314	964	1590	25	651
9	1	315	967	1595	25	653
9	1	316	970	1600	25	655
9	1	317	973	1605	25	657
9	1	318	976	1610	25	659
9	1	319	979	1615	25	661
9	1	320	982	1620	25	663
9	1	321	985	1625	25	665
9	1	322	988	1630	25	667
9	1	323	991	1635	25	669
9	1	324	994	1640	25	671
9	1	325	997	1645	25	673
9	1	326	1000	1650	25	675
9	1	327	1003	1655	25	677
9	1	328	1006	1660	25	679
9	1	329	1009	1665	25	681
9	1	330	1012	1670	25	683
9	1	331	1015	1675	25	685
9	1	332	1018	1680	25	687
9	1	333	1021	1685	25	689
9	1	334	1024	1690	25	691
9	1	335	1027	1695	25	693
9	1	336	1030	1700	25	695
9	1	337	1033	1705	25	697
9	1	338	1036	1710	25	699
9	1	339	1039	1715	25	701
9	1	340	1042	1720	25	703
9	1	341	1045	1725	25	705
9	1	342	1048	1730	25	707
9	1	343	1051	1735	25	709
9	1	344	1054	1740	25	711
9	1	345	1057	1745	25	713
9	1	346	1060	1750	25	715
9	1	347	1063	1755	25	717
9	1	348	1066	1760	25	719
9	1	349	1069	1765	25	721
9	1	350	1072	1770	25	723
9	1	351	1075	1775	25	725
9	1	352	1078	1780	25	727
9	1	353	1081	1785	25	729
9	1	354	1084	1790	25	731
9	1	355	1087	1795	25	733
9	1	356	1090	1800	25	735
9	1	357	1093	1805	25	737
9	1	358	1096	1810	25	739
9	1	359	1099	1815	25	741
9	1	360	1102	1820	25	743
9	1	361	1105	1825	25	745
9	1	362	1108	1830	25	747
9	1	363	1111	1835	25	749
9	1	364	1114	1840	25	751
9	1	365	1117	1845	25	753
9	1	366	1120	1850	25	755
9	1	367	1123	1855	25	757
9	1	368	1126	1860	25	759
9	1	369	1129	1865	25	761
9	1	370	1132	1870	25	763
9	1	371	1135	1875	25	765
9	1	372	1138	1880	25	767
9	1	373	1141	1885	25	769
9	1	374	1144	1890	25	771
9	1	375	1147	1895	25	773
9	1	376	1150	1900	25	775
9	1	377	1153	1905	25	777
9	1	378	1156	1910	25	779
9	1	379	1159	1915	25	781
9	1	380	1162	1920	25	783
9	1	381	1165	1925	25	785
9	1	382	1168	1930	25	787
9	1	383	1171	1935	25	789
9	1	384	1174	1940	25	791
9	1	385	1177	1945	25	793
9	1	386	1180	1950	25	795
9	1	387	1183	1955	25	797
9	1	388	1186	1960	25	799
9	1	389	1189	1965	25	801
9	1	390	1192	1970	25	803
9	1	391	1195	1975	25	805
9	1	392	1198	1980	25	807
9	1	393	1201	1985	25	809
9	1	394	1204	1990	25	811
9	1	395	1207	1995	25	813
9	1	396	1210	2000	25	815
9	1	397	1213	2005	25	817
9	1	398	1216	2010	25	819
9	1	399	1219	2015	25	821
10	0	1	25	25	25	25
10	0	2	29	30	25	26
10	0	3	33	35	25	27
10	0	4	37	40	25	28
10	0	5	41	45	25	29
10	0	6	45	50	25	30
10	0	7	49	55	25	31
10	0	8	53	60	25	32
10	0	9	57	65	25	33
10	0	10	61	70	25	34
10	0	11	65	75	25	35
10	0	12	69	80	25	36
10	0	13	73	85	25	37
10	0	14	77	90	25	38
10	0	15	81	95	25	39
10	0	16	85	100	25	40
10	0	17	89	105	25	41
10	0	18	93	110	25	42
10	0	19	97	115	25	43
10	0	20	101	120	25	44
10	0	21	105	125	25	45
10	0	22	109	130	25	46
10	0	23	113	135	25	47
10	0	24	117	140	25	48
10	0	25	121	145	25	49
10	0	26	125	150	25	50
10	0	27	129	155	25	51
10	0	28	133	160	25	52
10	0	29	137	165	25	53
10	0	30	141	170	25	54
10	0	31	145	175	25	55
10	0	32	149	180	25	56
10	0	33	153	185	25	57
10	0	34	157	190	25	58
10	0	35	161	195	25	59
10	0	36	165	200	25	60
10	0	37	169	205	25	61
10	0	38	173	210	25	62
10	0	39	177	215	25	63
10	0	40	181	220	25	64
10	0	41	185	225	25	65
10	0	42	189	230	25	66
10	0	43	193	235	25	67
10	0	44	197	240	25	68
10	0	45	201	245	25	69
10	0	46	205	250	25	70
10	0	47	209	255	25	71
10	0	48	213	260	25	72
10	0	49	217	265	25	73
10	0	50	221	270	25	74
10	0	51	225	275	25	75
10	0	52	229	280	25	76
10	0	53	233	285	25	77
10	0	54	237	290	25	78
10	0	55	241	295	25	79
10	0	56	245	300	25	80
10	0	57	249	305	25	81
10	0	58	253	310	25	82
10	0	59	257	315	25	83
10	0	60	261	320	25	84
10	0	61	265	325	25	85
10	0	62	269	330	25	86
10	0	63	273	335	25	87
10	0	64	277	340	25	88
10	0	65	281	345	25	89
10	0	66	285	350	25	90
10	0	67	289	355	25	91
10	0	68	293	360	25	92
10	0	69	297	365	25	93
10	0	70	301	370	25	94
10	0	71	305	375	25	95
10	0	72	309	380	25	96
10	0	73	313	385	25	97
10	0	74	317	390	25	98
10	0	75	321	395	25	99
10	0	76	325	400	25	100
10	0	77	329	405	25	101
10	0	78	333	410	25	102
10	0	79	337	415	25	103
10	0	80	341	420	25	104
10	0	81	345	425	25	105
10	0	82	349	430	25	106
10	0	83	353	435	25	107
10	0	84	357	440	25	108
10	0	85	361	445	25	109
10	0	86	365	450	25	110
10	0	87	369	455	25	111
10	0	88	373	460	25	112
10	0	89	377	465	25	113
10	0	90	381	470	25	114
10	0	91	385	475	25	115
10	0	92	389	480	25	116
10	0	93	393	485	25	117
10	0	94	397	490	25	118
10	0	95	401	495	25	119
10	0	96	405	500	25	120
10	0	97	409	505	25	121
10	0	98	413	510	25	122
10	0	99	417	515	25	123
10	0	100	421	520	25	124
10	0	101	425	525	25	125
10	0	102	429	530	25	126
10	0	103	433	535	25	127
10	0	104	437	540	25	128
10	0	105	441	545	25	129
10	0	106	445	550	25	130
10	0	107	449	555	25	131
10	0	108	453	560	25	132
10	0	109	457	565	25	133
10	0	110	461	570	25	134
10	0	111	465	575	25	135
10	0	112	469	580	25	136
10	0	113	473	585	25	137
10	0	114	477	590	25	138
10	0	115	481	595	25	139
10	0	116	485	600	25	140
10	0	117	489	605	25	141
10	0	118	493	610	25	142
10	0	119	497	615	25	143
10	0	120	501	620	25	144
10	0	121	505	625	25	145
10	0	122	509	630	25	146
10	0	123	513	635	25	147
10	0	124	517	640	25	148
10	0	125	521	645	25	149
10	0	126	525	650	25	150
10	0	127	529	655	25	151
10	0	128	533	660	25	152
10	0	129	537	665	25	153
10	0	130	541	670	25	154
10	0	131	545	675	25	155
10	0	132	549	680	25	156
10	0	133	553	685	25	157
10	0	134	557	690	25	158
10	0	135	561	695	25	159
10	0	136	565	700	25	160
10	0	137	569	705	25	161
10	0	138	573	710	25	162
10	0	139	577	715	25	163
10	0	140	581	720	25	164
10	0	141	585	725	25	165
10	0	142	589	730	25	166
10	0	143	593	735	25	167
10	0	144	597	740	25	168
10	0	145	601	745	25	169
10	0	146	605	750	25	170
10	0	147	609	755	25	171
10	0	148	613	760	25	172
10	0	149	617	765	25	173
10	0	150	621	770	25	174
10	0	151	625	775	25	175
10	0	152	629	780	25	176
10	0	153	633	785	25	177
10	0	154	637	790	25	178
10	0	155	641	795	25	179
10	0	156	645	800	25	180
10	0	157	649	805	25	181
10	0	158	653	810	25	182
10	0	159	657	815	25	183
10	0	160	661	820	25	184
10	0	161	665	825	25	185
10	0	162	669	830	25	186
10	0	163	673	835	25	187
10	0	164	677	840	25	188
10	0	165	681	845	25	189
10	0	166	685	850	25	190
10	0	167	689	855	25	191
10	0	168	693	860	25	192
10	0	169	697	865	25	193
10	0	170	701	870	25	194
10	0	171	705	875	25	195
10	0	172	709	880	25	196
10	0	173	713	885	25	197
10	0	174	717	890	25	198
10	0	175	721	895	25	199
10	0	176	725	900	25	200
10	0	177	729	905	25	201
10	0	178	733	910	25	202
10	0	179	737	915	25	203
10	0	180	741	920	25	204
10	0	181	745	925	25	205
10	0	182	749	930	25	206
10	0	183	753	935	25	207
10	0	184	757	940	25	208
10	0	185	761	945	25	209
10	0	186	765	950	25	210
10	0	187	769	955	25	211
10	0	188	773	960	25	212
10	0	189	777	965	25	213
10	0	190	781	970	25	214
10	0	191	785	975	25	215
10	0	192	789	980	25	216
10	0	193	793	985	25	217
10	0	194	797	990	25	218
10	0	195	801	995	25	219
10	0	196	805	1000	25	220
10	0	197	809	1005	25	221
10	0	198	813	1010	25	222
10	0	199	817	1015	25	223
10	0	200	821	1020	25	224
10	0	201	825	1025	25	225
10	0	202	829	1030	25	226
10	0	203	833	1035	25	227
10	0	204	837	1040	25	228
10	0	205	841	1045	25	229
10	0	206	845	1050	25	230
10	0	207	849	1055	25	231
10	0	208	853	1060	25	232
10	0	209	857	1065	25	233
10	0	210	861	1070	25	234
10	0	211	865	1075	25	235
10	0	212	869	1080	25	236
10	0	213	873	1085	25	237
10	0	214	877	1090	25	238
10	0	215	881	1095	25	239
10	0	216	885	1100	25	240
10	0	217	889	1105	25	241
10	0	218	893	1110	25	242
10	0	219	897	1115	25	243
10	0	220	901	1120	25	244
10	0	221	905	1125	25	245
10	0	222	909	1130	25	246
10	0	223	913	1135	25	247
10	0	224	917	1140	25	248
10	0	225	921	1145	25	249
10	0	226	925	1150	25	250
10	0	227	929	1155	25	251
10	0	228	933	1160	25	252
10	0	229	937	1165	25	253
10	0	230	941	1170	25	254
10	0	231	945	1175	25	255
10	0	232	949	1180	25	256
10	0	233	953	1185	25	257
10	0	234	957	1190	25	258
10	0	235	961	1195	25	259
10	0	236	965	1200	25	260
10	0	237	969	1205	25	261
10	0	238	973	1210	25	262
10	0	239	977	1215	25	263
10	0	240	981	1220	25	264
10	0	241	985	1225	25	265
10	0	242	989	1230	25	266
10	0	243	993	1235	25	267
10	0	244	997	1240	25	268
10	0	245	1001	1245	25	269
10	0	246	1005	1250	25	270
10	0	247	1009	1255	25	271
10	0	248	1013	1260	25	272
10	0	249	1017	1265	25	273
10	0	250	1021	1270	25	274
10	0	251	1025	1275	25	275
10	0	252	1029	1280	25	276
10	0	253	1033	1285	25	277
10	0	254	1037	1290	25	278
10	0	255	1041	1295	25	279
10	0	256	1045	1300	25	280
10	0	257	1049	1305	25	281
10	0	258	1053	1310	25	282
10	0	259	1057	1315	25	283
10	0	260	1061	1320	25	284
10	0	261	1065	1325	25	285
10	0	262	1069	1330	25	286
10	0	263	1073	1335	25	287
10	0	264	1077	1340	25	288
10	0	265	1081	1345	25	289
10	0	266	1085	1350	25	290
10	0	267	1089	1355	25	291
10	0	268	1093	1360	25	292
10	0	269	1097	1365	25	293
10	0	270	1101	1370	25	294
10	0	271	1105	1375	25	295
10	0	272	1109	1380	25	296
10	0	273	1113	1385	25	297
10	0	274	1117	1390	25	298
10	0	275	1121	1395	25	299
10	0	276	1125	1400	25	300
10	0	277	1129	1405	25	301
10	0	278	1133	1410	25	302
10	0	279	1137	1415	25	303
10	0	280	1141	1420	25	304
10	0	281	1145	1425	25	305
10	0	282	1149	1430	25	306
10	0	283	1153	1435	25	307
10	0	284	1157	1440	25	308
10	0	285	1161	1445	25	309
10	0	286	1165	1450	25	310
10	0	287	1169	1455	25	311
10	0	288	1173	1460	25	312
10	0	289	1177	1465	25	313
10	0	290	1181	1470	25	314
10	0	291	1185	1475	25	315
10	0	292	1189	1480	25	316
10	0	293	1193	1485	25	317
10	0	294	1197	1490	25	318
10	0	295	1201	1495	25	319
10	0	296	1205	1500	25	320
10	0	297	1209	1505	25	321
10	0	298	1213	1510	25	322
10	0	299	1217	1515	25	323
10	0	300	1221	1520	25	324
10	0	301	1225	1525	25	325
10	0	302	1229	1530	25	326
10	0	303	1233	1535	25	327
10	0	304	1237	1540	25	328
10	0	305	1241	1545	25	329
10	0	306	1245	1550	25	330
10	0	307	1249	1555	25	331
10	0	308	1253	1560	25	332
10	0	309	1257	1565	25	333
10	0	310	1261	1570	25	334
10	0	311	1265	1575	25	335
10	0	312	1269	1580	25	336
10	0	313	1273	1585	25	337
10	0	314	1277	1590	25	338
10	0	315	1281	1595	25	339
10	0	316	1285	1600	25	340
10	0	317	1289	1605	25	341
10	0	318	1293	1610	25	342
10	0	319	1297	1615	25	343
10	0	320	1301	1620	25	344
10	0	321	1305	1625	25	345
10	0	322	1309	1630	25	346
10	0	323	1313	1635	25	347
10	0	324	1317	1640	25	348
10	0	325	1321	1645	25	349
10	0	326	1325	1650	25	350
10	0	327	1329	1655	25	351
10	0	328	1333	1660	25	352
10	0	329	1337	1665	25	353
10	0	330	1341	1670	25	354
10	0	331	1345	1675	25	355
10	0	332	1349	1680	25	356
10	0	333	1353	1685	25	357
10	0	334	1357	1690	25	358
10	0	335	1361	1695	25	359
10	0	336	1365	1700	25	360
10	0	337	1369	1705	25	361
10	0	338	1373	1710	25	362
10	0	339	1377	1715	25	363
10	0	340	1381	1720	25	364
10	0	341	1385	1725	25	365
10	0	342	1389	1730	25	366
10	0	343	1393	1735	25	367
10	0	344	1397	1740	25	368
10	0	345	1401	1745	25	369
10	0	346	1405	1750	25	370
10	0	347	1409	1755	25	371
10	0	348	1413	1760	25	372
10	0	349	1417	1765	25	373
10	0	350	1421	1770	25	374
10	0	351	1425	1775	25	375
10	0	352	1429	1780	25	376
10	0	353	1433	1785	25	377
10	0	354	1437	1790	25	378
10	0	355	1441	1795	25	379
10	0	356	1445	1800	25	380
10	0	357	1449	1805	25	381
10	0	358	1453	1810	25	382
10	0	359	1457	1815	25	383
10	0	360	1461	1820	25	384
10	0	361	1465	1825	25	385
10	0	362	1469	1830	25	386
10	0	363	1473	1835	25	387
10	0	364	1477	1840	25	388
10	0	365	1481	1845	25	389
10	0	366	1485	1850	25	390
10	0	367	1489	1855	25	391
10	0	368	1493	1860	25	392
10	0	369	1497	1865	25	393
10	0	370	1501	1870	25	394
10	0	371	1505	1875	25	395
10	0	372	1509	1880	25	396
10	0	373	1513	1885	25	397
10	0	374	1517	1890	25	398
10	0	375	1521	1895	25	399
10	0	376	1525	1900	25	400
10	0	377	1529	1905	25	401
10	0	378	1533	1910	25	402
10	0	379	1537	1915	25	403
10	0	380	1541	1920	25	404
10	0	381	1545	1925	25	405
10	0	382	1549	1930	25	406
10	0	383	1553	1935	25	407
10	0	384	1557	1940	25	408
10	0	385	1561	1945	25	409
10	0	386	1565	1950	25	410
10	0	387	1569	1955	25	411
10	0	388	1573	1960	25	412
10	0	389	1577	1965	25	413
10	0	390	1581	1970	25	414
10	0	391	1585	1975	25	415
10	0	392	1589	1980	25	416
10	0	393	1593	1985	25	417
10	0	394	1597	1990	25	418
10	0	395	1601	1995	25	419
10	0	396	1605	2000	25	420
10	0	397	1609	2005	25	421
10	0	398	1613	2010	25	422
10	0	399	1617	2015	25	423
10	1	1	25	25	25	25
10	1	2	29	25	30	26
10	1	3	33	25	35	27
10	1	4	37	25	40	28
10	1	5	41	25	45	29
10	1	6	45	25	50	30
10	1	7	49	25	55	31
10	1	8	53	25	60	32
10	1	9	57	25	65	33
10	1	10	61	25	70	34
10	1	11	65	25	75	35
10	1	12	69	25	80	36
10	1	13	73	25	85	37
10	1	14	77	25	90	38
10	1	15	81	25	95	39
10	1	16	85	25	100	40
10	1	17	89	25	105	41
10	1	18	93	25	110	42
10	1	19	97	25	115	43
10	1	20	101	25	120	44
10	1	21	105	25	125	45
10	1	22	109	25	130	46
10	1	23	113	25	135	47
10	1	24	117	25	140	48
10	1	25	121	25	145	49
10	1	26	125	25	150	50
10	1	27	129	25	155	51
10	1	28	133	25	160	52
10	1	29	137	25	165	53
10	1	30	141	25	170	54
10	1	31	145	25	175	55
10	1	32	149	25	180	56
10	1	33	153	25	185	57
10	1	34	157	25	190	58
10	1	35	161	25	195	59
10	1	36	165	25	200	60
10	1	37	169	25	205	61
10	1	38	173	25	210	62
10	1	39	177	25	215	63
10	1	40	181	25	220	64
10	1	41	185	25	225	65
10	1	42	189	25	230	66
10	1	43	193	25	235	67
10	1	44	197	25	240	68
10	1	45	201	25	245	69
10	1	46	205	25	250	70
10	1	47	209	25	255	71
10	1	48	213	25	260	72
10	1	49	217	25	265	73
10	1	50	221	25	270	74
10	1	51	225	25	275	75
10	1	52	229	25	280	76
10	1	53	233	25	285	77
10	1	54	237	25	290	78
10	1	55	241	25	295	79
10	1	56	245	25	300	80
10	1	57	249	25	305	81
10	1	58	253	25	310	82
10	1	59	257	25	315	83
10	1	60	261	25	320	84
10	1	61	265	25	325	85
10	1	62	269	25	330	86
10	1	63	273	25	335	87
10	1	64	277	25	340	88
10	1	65	281	25	345	89
10	1	66	285	25	350	90
10	1	67	289	25	355	91
10	1	68	293	25	360	92
10	1	69	297	25	365	93
10	1	70	301	25	370	94
10	1	71	305	25	375	95
10	1	72	309	25	380	96
10	1	73	313	25	385	97
10	1	74	317	25	390	98
10	1	75	321	25	395	99
10	1	76	325	25	400	100
10	1	77	329	25	405	101
10	1	78	333	25	410	102
10	1	79	337	25	415	103
10	1	80	341	25	420	104
10	1	81	345	25	425	105
10	1	82	349	25	430	106
10	1	83	353	25	435	107
10	1	84	357	25	440	108
10	1	85	361	25	445	109
10	1	86	365	25	450	110
10	1	87	369	25	455	111
10	1	88	373	25	460	112
10	1	89	377	25	465	113
10	1	90	381	25	470	114
10	1	91	385	25	475	115
10	1	92	389	25	480	116
10	1	93	393	25	485	117
10	1	94	397	25	490	118
10	1	95	401	25	495	119
10	1	96	405	25	500	120
10	1	97	409	25	505	121
10	1	98	413	25	510	122
10	1	99	417	25	515	123
10	1	100	421	25	520	124
10	1	101	425	25	525	125
10	1	102	429	25	530	126
10	1	103	433	25	535	127
10	1	104	437	25	540	128
10	1	105	441	25	545	129
10	1	106	445	25	550	130
10	1	107	449	25	555	131
10	1	108	453	25	560	132
10	1	109	457	25	565	133
10	1	110	461	25	570	134
10	1	111	465	25	575	135
10	1	112	469	25	580	136
10	1	113	473	25	585	137
10	1	114	477	25	590	138
10	1	115	481	25	595	139
10	1	116	485	25	600	140
10	1	117	489	25	605	141
10	1	118	493	25	610	142
10	1	119	497	25	615	143
10	1	120	501	25	620	144
10	1	121	505	25	625	145
10	1	122	509	25	630	146
10	1	123	513	25	635	147
10	1	124	517	25	640	148
10	1	125	521	25	645	149
10	1	126	525	25	650	150
10	1	127	529	25	655	151
10	1	128	533	25	660	152
10	1	129	537	25	665	153
10	1	130	541	25	670	154
10	1	131	545	25	675	155
10	1	132	549	25	680	156
10	1	133	553	25	685	157
10	1	134	557	25	690	158
10	1	135	561	25	695	159
10	1	136	565	25	700	160
10	1	137	569	25	705	161
10	1	138	573	25	710	162
10	1	139	577	25	715	163
10	1	140	581	25	720	164
10	1	141	585	25	725	165
10	1	142	589	25	730	166
10	1	143	593	25	735	167
10	1	144	597	25	740	168
10	1	145	601	25	745	169
10	1	146	605	25	750	170
10	1	147	609	25	755	171
10	1	148	613	25	760	172
10	1	149	617	25	765	173
10	1	150	621	25	770	174
10	1	151	625	25	775	175
10	1	152	629	25	780	176
10	1	153	633	25	785	177
10	1	154	637	25	790	178
10	1	155	641	25	795	179
10	1	156	645	25	800	180
10	1	157	649	25	805	181
10	1	158	653	25	810	182
10	1	159	657	25	815	183
10	1	160	661	25	820	184
10	1	161	665	25	825	185
10	1	162	669	25	830	186
10	1	163	673	25	835	187
10	1	164	677	25	840	188
10	1	165	681	25	845	189
10	1	166	685	25	850	190
10	1	167	689	25	855	191
10	1	168	693	25	860	192
10	1	169	697	25	865	193
10	1	170	701	25	870	194
10	1	171	705	25	875	195
10	1	172	709	25	880	196
10	1	173	713	25	885	197
10	1	174	717	25	890	198
10	1	175	721	25	895	199
10	1	176	725	25	900	200
10	1	177	729	25	905	201
10	1	178	733	25	910	202
10	1	179	737	25	915	203
10	1	180	741	25	920	204
10	1	181	745	25	925	205
10	1	182	749	25	930	206
10	1	183	753	25	935	207
10	1	184	757	25	940	208
10	1	185	761	25	945	209
10	1	186	765	25	950	210
10	1	187	769	25	955	211
10	1	188	773	25	960	212
10	1	189	777	25	965	213
10	1	190	781	25	970	214
10	1	191	785	25	975	215
10	1	192	789	25	980	216
10	1	193	793	25	985	217
10	1	194	797	25	990	218
10	1	195	801	25	995	219
10	1	196	805	25	1000	220
10	1	197	809	25	1005	221
10	1	198	813	25	1010	222
10	1	199	817	25	1015	223
10	1	200	821	25	1020	224
10	1	201	825	25	1025	225
10	1	202	829	25	1030	226
10	1	203	833	25	1035	227
10	1	204	837	25	1040	228
10	1	205	841	25	1045	229
10	1	206	845	25	1050	230
10	1	207	849	25	1055	231
10	1	208	853	25	1060	232
10	1	209	857	25	1065	233
10	1	210	861	25	1070	234
10	1	211	865	25	1075	235
10	1	212	869	25	1080	236
10	1	213	873	25	1085	237
10	1	214	877	25	1090	238
10	1	215	881	25	1095	239
10	1	216	885	25	1100	240
10	1	217	889	25	1105	241
10	1	218	893	25	1110	242
10	1	219	897	25	1115	243
10	1	220	901	25	1120	244
10	1	221	905	25	1125	245
10	1	222	909	25	1130	246
10	1	223	913	25	1135	247
10	1	224	917	25	1140	248
10	1	225	921	25	1145	249
10	1	226	925	25	1150	250
10	1	227	929	25	1155	251
10	1	228	933	25	1160	252
10	1	229	937	25	1165	253
10	1	230	941	25	1170	254
10	1	231	945	25	1175	255
10	1	232	949	25	1180	256
10	1	233	953	25	1185	257
10	1	234	957	25	1190	258
10	1	235	961	25	1195	259
10	1	236	965	25	1200	260
10	1	237	969	25	1205	261
10	1	238	973	25	1210	262
10	1	239	977	25	1215	263
10	1	240	981	25	1220	264
10	1	241	985	25	1225	265
10	1	242	989	25	1230	266
10	1	243	993	25	1235	267
10	1	244	997	25	1240	268
10	1	245	1001	25	1245	269
10	1	246	1005	25	1250	270
10	1	247	1009	25	1255	271
10	1	248	1013	25	1260	272
10	1	249	1017	25	1265	273
10	1	250	1021	25	1270	274
10	1	251	1025	25	1275	275
10	1	252	1029	25	1280	276
10	1	253	1033	25	1285	277
10	1	254	1037	25	1290	278
10	1	255	1041	25	1295	279
10	1	256	1045	25	1300	280
10	1	257	1049	25	1305	281
10	1	258	1053	25	1310	282
10	1	259	1057	25	1315	283
10	1	260	1061	25	1320	284
10	1	261	1065	25	1325	285
10	1	262	1069	25	1330	286
10	1	263	1073	25	1335	287
10	1	264	1077	25	1340	288
10	1	265	1081	25	1345	289
10	1	266	1085	25	1350	290
10	1	267	1089	25	1355	291
10	1	268	1093	25	1360	292
10	1	269	1097	25	1365	293
10	1	270	1101	25	1370	294
10	1	271	1105	25	1375	295
10	1	272	1109	25	1380	296
10	1	273	1113	25	1385	297
10	1	274	1117	25	1390	298
10	1	275	1121	25	1395	299
10	1	276	1125	25	1400	300
10	1	277	1129	25	1405	301
10	1	278	1133	25	1410	302
10	1	279	1137	25	1415	303
10	1	280	1141	25	1420	304
10	1	281	1145	25	1425	305
10	1	282	1149	25	1430	306
10	1	283	1153	25	1435	307
10	1	284	1157	25	1440	308
10	1	285	1161	25	1445	309
10	1	286	1165	25	1450	310
10	1	287	1169	25	1455	311
10	1	288	1173	25	1460	312
10	1	289	1177	25	1465	313
10	1	290	1181	25	1470	314
10	1	291	1185	25	1475	315
10	1	292	1189	25	1480	316
10	1	293	1193	25	1485	317
10	1	294	1197	25	1490	318
10	1	295	1201	25	1495	319
10	1	296	1205	25	1500	320
10	1	297	1209	25	1505	321
10	1	298	1213	25	1510	322
10	1	299	1217	25	1515	323
10	1	300	1221	25	1520	324
10	1	301	1225	25	1525	325
10	1	302	1229	25	1530	326
10	1	303	1233	25	1535	327
10	1	304	1237	25	1540	328
10	1	305	1241	25	1545	329
10	1	306	1245	25	1550	330
10	1	307	1249	25	1555	331
10	1	308	1253	25	1560	332
10	1	309	1257	25	1565	333
10	1	310	1261	25	1570	334
10	1	311	1265	25	1575	335
10	1	312	1269	25	1580	336
10	1	313	1273	25	1585	337
10	1	314	1277	25	1590	338
10	1	315	1281	25	1595	339
10	1	316	1285	25	1600	340
10	1	317	1289	25	1605	341
10	1	318	1293	25	1610	342
10	1	319	1297	25	1615	343
10	1	320	1301	25	1620	344
10	1	321	1305	25	1625	345
10	1	322	1309	25	1630	346
10	1	323	1313	25	1635	347
10	1	324	1317	25	1640	348
10	1	325	1321	25	1645	349
10	1	326	1325	25	1650	350
10	1	327	1329	25	1655	351
10	1	328	1333	25	1660	352
10	1	329	1337	25	1665	353
10	1	330	1341	25	1670	354
10	1	331	1345	25	1675	355
10	1	332	1349	25	1680	356
10	1	333	1353	25	1685	357
10	1	334	1357	25	1690	358
10	1	335	1361	25	1695	359
10	1	336	1365	25	1700	360
10	1	337	1369	25	1705	361
10	1	338	1373	25	1710	362
10	1	339	1377	25	1715	363
10	1	340	1381	25	1720	364
10	1	341	1385	25	1725	365
10	1	342	1389	25	1730	366
10	1	343	1393	25	1735	367
10	1	344	1397	25	1740	368
10	1	345	1401	25	1745	369
10	1	346	1405	25	1750	370
10	1	347	1409	25	1755	371
10	1	348	1413	25	1760	372
10	1	349	1417	25	1765	373
10	1	350	1421	25	1770	374
10	1	351	1425	25	1775	375
10	1	352	1429	25	1780	376
10	1	353	1433	25	1785	377
10	1	354	1437	25	1790	378
10	1	355	1441	25	1795	379
10	1	356	1445	25	1800	380
10	1	357	1449	25	1805	381
10	1	358	1453	25	1810	382
10	1	359	1457	25	1815	383
10	1	360	1461	25	1820	384
10	1	361	1465	25	1825	385
10	1	362	1469	25	1830	386
10	1	363	1473	25	1835	387
10	1	364	1477	25	1840	388
10	1	365	1481	25	1845	389
10	1	366	1485	25	1850	390
10	1	367	1489	25	1855	391
10	1	368	1493	25	1860	392
10	1	369	1497	25	1865	393
10	1	370	1501	25	1870	394
10	1	371	1505	25	1875	395
10	1	372	1509	25	1880	396
10	1	373	1513	25	1885	397
10	1	374	1517	25	1890	398
10	1	375	1521	25	1895	399
10	1	376	1525	25	1900	400
10	1	377	1529	25	1905	401
10	1	378	1533	25	1910	402
10	1	379	1537	25	1915	403
10	1	380	1541	25	1920	404
10	1	381	1545	25	1925	405
10	1	382	1549	25	1930	406
10	1	383	1553	25	1935	407
10	1	384	1557	25	1940	408
10	1	385	1561	25	1945	409
10	1	386	1565	25	1950	410
10	1	387	1569	25	1955	411
10	1	388	1573	25	1960	412
10	1	389	1577	25	1965	413
10	1	390	1581	25	1970	414
10	1	391	1585	25	1975	415
10	1	392	1589	25	1980	416
10	1	393	1593	25	1985	417
10	1	394	1597	25	1990	418
10	1	395	1601	25	1995	419
10	1	396	1605	25	2000	420
10	1	397	1609	25	2005	421
10	1	398	1613	25	2010	422
10	1	399	1617	25	2015	423
11	0	1	25	25	25	25
11	0	2	29	30	25	26
11	0	3	33	35	25	27
11	0	4	37	40	25	28
11	0	5	41	45	25	29
11	0	6	45	50	25	30
11	0	7	49	55	25	31
11	0	8	53	60	25	32
11	0	9	57	65	25	33
11	0	10	61	70	25	34
11	0	11	65	75	25	35
11	0	12	69	80	25	36
11	0	13	73	85	25	37
11	0	14	77	90	25	38
11	0	15	81	95	25	39
11	0	16	85	100	25	40
11	0	17	89	105	25	41
11	0	18	93	110	25	42
11	0	19	97	115	25	43
11	0	20	101	120	25	44
11	0	21	105	125	25	45
11	0	22	109	130	25	46
11	0	23	113	135	25	47
11	0	24	117	140	25	48
11	0	25	121	145	25	49
11	0	26	125	150	25	50
11	0	27	129	155	25	51
11	0	28	133	160	25	52
11	0	29	137	165	25	53
11	0	30	141	170	25	54
11	0	31	145	175	25	55
11	0	32	149	180	25	56
11	0	33	153	185	25	57
11	0	34	157	190	25	58
11	0	35	161	195	25	59
11	0	36	165	200	25	60
11	0	37	169	205	25	61
11	0	38	173	210	25	62
11	0	39	177	215	25	63
11	0	40	181	220	25	64
11	0	41	185	225	25	65
11	0	42	189	230	25	66
11	0	43	193	235	25	67
11	0	44	197	240	25	68
11	0	45	201	245	25	69
11	0	46	205	250	25	70
11	0	47	209	255	25	71
11	0	48	213	260	25	72
11	0	49	217	265	25	73
11	0	50	221	270	25	74
11	0	51	225	275	25	75
11	0	52	229	280	25	76
11	0	53	233	285	25	77
11	0	54	237	290	25	78
11	0	55	241	295	25	79
11	0	56	245	300	25	80
11	0	57	249	305	25	81
11	0	58	253	310	25	82
11	0	59	257	315	25	83
11	0	60	261	320	25	84
11	0	61	265	325	25	85
11	0	62	269	330	25	86
11	0	63	273	335	25	87
11	0	64	277	340	25	88
11	0	65	281	345	25	89
11	0	66	285	350	25	90
11	0	67	289	355	25	91
11	0	68	293	360	25	92
11	0	69	297	365	25	93
11	0	70	301	370	25	94
11	0	71	305	375	25	95
11	0	72	309	380	25	96
11	0	73	313	385	25	97
11	0	74	317	390	25	98
11	0	75	321	395	25	99
11	0	76	325	400	25	100
11	0	77	329	405	25	101
11	0	78	333	410	25	102
11	0	79	337	415	25	103
11	0	80	341	420	25	104
11	0	81	345	425	25	105
11	0	82	349	430	25	106
11	0	83	353	435	25	107
11	0	84	357	440	25	108
11	0	85	361	445	25	109
11	0	86	365	450	25	110
11	0	87	369	455	25	111
11	0	88	373	460	25	112
11	0	89	377	465	25	113
11	0	90	381	470	25	114
11	0	91	385	475	25	115
11	0	92	389	480	25	116
11	0	93	393	485	25	117
11	0	94	397	490	25	118
11	0	95	401	495	25	119
11	0	96	405	500	25	120
11	0	97	409	505	25	121
11	0	98	413	510	25	122
11	0	99	417	515	25	123
11	0	100	421	520	25	124
11	0	101	425	525	25	125
11	0	102	429	530	25	126
11	0	103	433	535	25	127
11	0	104	437	540	25	128
11	0	105	441	545	25	129
11	0	106	445	550	25	130
11	0	107	449	555	25	131
11	0	108	453	560	25	132
11	0	109	457	565	25	133
11	0	110	461	570	25	134
11	0	111	465	575	25	135
11	0	112	469	580	25	136
11	0	113	473	585	25	137
11	0	114	477	590	25	138
11	0	115	481	595	25	139
11	0	116	485	600	25	140
11	0	117	489	605	25	141
11	0	118	493	610	25	142
11	0	119	497	615	25	143
11	0	120	501	620	25	144
11	0	121	505	625	25	145
11	0	122	509	630	25	146
11	0	123	513	635	25	147
11	0	124	517	640	25	148
11	0	125	521	645	25	149
11	0	126	525	650	25	150
11	0	127	529	655	25	151
11	0	128	533	660	25	152
11	0	129	537	665	25	153
11	0	130	541	670	25	154
11	0	131	545	675	25	155
11	0	132	549	680	25	156
11	0	133	553	685	25	157
11	0	134	557	690	25	158
11	0	135	561	695	25	159
11	0	136	565	700	25	160
11	0	137	569	705	25	161
11	0	138	573	710	25	162
11	0	139	577	715	25	163
11	0	140	581	720	25	164
11	0	141	585	725	25	165
11	0	142	589	730	25	166
11	0	143	593	735	25	167
11	0	144	597	740	25	168
11	0	145	601	745	25	169
11	0	146	605	750	25	170
11	0	147	609	755	25	171
11	0	148	613	760	25	172
11	0	149	617	765	25	173
11	0	150	621	770	25	174
11	0	151	625	775	25	175
11	0	152	629	780	25	176
11	0	153	633	785	25	177
11	0	154	637	790	25	178
11	0	155	641	795	25	179
11	0	156	645	800	25	180
11	0	157	649	805	25	181
11	0	158	653	810	25	182
11	0	159	657	815	25	183
11	0	160	661	820	25	184
11	0	161	665	825	25	185
11	0	162	669	830	25	186
11	0	163	673	835	25	187
11	0	164	677	840	25	188
11	0	165	681	845	25	189
11	0	166	685	850	25	190
11	0	167	689	855	25	191
11	0	168	693	860	25	192
11	0	169	697	865	25	193
11	0	170	701	870	25	194
11	0	171	705	875	25	195
11	0	172	709	880	25	196
11	0	173	713	885	25	197
11	0	174	717	890	25	198
11	0	175	721	895	25	199
11	0	176	725	900	25	200
11	0	177	729	905	25	201
11	0	178	733	910	25	202
11	0	179	737	915	25	203
11	0	180	741	920	25	204
11	0	181	745	925	25	205
11	0	182	749	930	25	206
11	0	183	753	935	25	207
11	0	184	757	940	25	208
11	0	185	761	945	25	209
11	0	186	765	950	25	210
11	0	187	769	955	25	211
11	0	188	773	960	25	212
11	0	189	777	965	25	213
11	0	190	781	970	25	214
11	0	191	785	975	25	215
11	0	192	789	980	25	216
11	0	193	793	985	25	217
11	0	194	797	990	25	218
11	0	195	801	995	25	219
11	0	196	805	1000	25	220
11	0	197	809	1005	25	221
11	0	198	813	1010	25	222
11	0	199	817	1015	25	223
11	0	200	821	1020	25	224
11	0	201	825	1025	25	225
11	0	202	829	1030	25	226
11	0	203	833	1035	25	227
11	0	204	837	1040	25	228
11	0	205	841	1045	25	229
11	0	206	845	1050	25	230
11	0	207	849	1055	25	231
11	0	208	853	1060	25	232
11	0	209	857	1065	25	233
11	0	210	861	1070	25	234
11	0	211	865	1075	25	235
11	0	212	869	1080	25	236
11	0	213	873	1085	25	237
11	0	214	877	1090	25	238
11	0	215	881	1095	25	239
11	0	216	885	1100	25	240
11	0	217	889	1105	25	241
11	0	218	893	1110	25	242
11	0	219	897	1115	25	243
11	0	220	901	1120	25	244
11	0	221	905	1125	25	245
11	0	222	909	1130	25	246
11	0	223	913	1135	25	247
11	0	224	917	1140	25	248
11	0	225	921	1145	25	249
11	0	226	925	1150	25	250
11	0	227	929	1155	25	251
11	0	228	933	1160	25	252
11	0	229	937	1165	25	253
11	0	230	941	1170	25	254
11	0	231	945	1175	25	255
11	0	232	949	1180	25	256
11	0	233	953	1185	25	257
11	0	234	957	1190	25	258
11	0	235	961	1195	25	259
11	0	236	965	1200	25	260
11	0	237	969	1205	25	261
11	0	238	973	1210	25	262
11	0	239	977	1215	25	263
11	0	240	981	1220	25	264
11	0	241	985	1225	25	265
11	0	242	989	1230	25	266
11	0	243	993	1235	25	267
11	0	244	997	1240	25	268
11	0	245	1001	1245	25	269
11	0	246	1005	1250	25	270
11	0	247	1009	1255	25	271
11	0	248	1013	1260	25	272
11	0	249	1017	1265	25	273
11	0	250	1021	1270	25	274
11	0	251	1025	1275	25	275
11	0	252	1029	1280	25	276
11	0	253	1033	1285	25	277
11	0	254	1037	1290	25	278
11	0	255	1041	1295	25	279
11	0	256	1045	1300	25	280
11	0	257	1049	1305	25	281
11	0	258	1053	1310	25	282
11	0	259	1057	1315	25	283
11	0	260	1061	1320	25	284
11	0	261	1065	1325	25	285
11	0	262	1069	1330	25	286
11	0	263	1073	1335	25	287
11	0	264	1077	1340	25	288
11	0	265	1081	1345	25	289
11	0	266	1085	1350	25	290
11	0	267	1089	1355	25	291
11	0	268	1093	1360	25	292
11	0	269	1097	1365	25	293
11	0	270	1101	1370	25	294
11	0	271	1105	1375	25	295
11	0	272	1109	1380	25	296
11	0	273	1113	1385	25	297
11	0	274	1117	1390	25	298
11	0	275	1121	1395	25	299
11	0	276	1125	1400	25	300
11	0	277	1129	1405	25	301
11	0	278	1133	1410	25	302
11	0	279	1137	1415	25	303
11	0	280	1141	1420	25	304
11	0	281	1145	1425	25	305
11	0	282	1149	1430	25	306
11	0	283	1153	1435	25	307
11	0	284	1157	1440	25	308
11	0	285	1161	1445	25	309
11	0	286	1165	1450	25	310
11	0	287	1169	1455	25	311
11	0	288	1173	1460	25	312
11	0	289	1177	1465	25	313
11	0	290	1181	1470	25	314
11	0	291	1185	1475	25	315
11	0	292	1189	1480	25	316
11	0	293	1193	1485	25	317
11	0	294	1197	1490	25	318
11	0	295	1201	1495	25	319
11	0	296	1205	1500	25	320
11	0	297	1209	1505	25	321
11	0	298	1213	1510	25	322
11	0	299	1217	1515	25	323
11	0	300	1221	1520	25	324
11	0	301	1225	1525	25	325
11	0	302	1229	1530	25	326
11	0	303	1233	1535	25	327
11	0	304	1237	1540	25	328
11	0	305	1241	1545	25	329
11	0	306	1245	1550	25	330
11	0	307	1249	1555	25	331
11	0	308	1253	1560	25	332
11	0	309	1257	1565	25	333
11	0	310	1261	1570	25	334
11	0	311	1265	1575	25	335
11	0	312	1269	1580	25	336
11	0	313	1273	1585	25	337
11	0	314	1277	1590	25	338
11	0	315	1281	1595	25	339
11	0	316	1285	1600	25	340
11	0	317	1289	1605	25	341
11	0	318	1293	1610	25	342
11	0	319	1297	1615	25	343
11	0	320	1301	1620	25	344
11	0	321	1305	1625	25	345
11	0	322	1309	1630	25	346
11	0	323	1313	1635	25	347
11	0	324	1317	1640	25	348
11	0	325	1321	1645	25	349
11	0	326	1325	1650	25	350
11	0	327	1329	1655	25	351
11	0	328	1333	1660	25	352
11	0	329	1337	1665	25	353
11	0	330	1341	1670	25	354
11	0	331	1345	1675	25	355
11	0	332	1349	1680	25	356
11	0	333	1353	1685	25	357
11	0	334	1357	1690	25	358
11	0	335	1361	1695	25	359
11	0	336	1365	1700	25	360
11	0	337	1369	1705	25	361
11	0	338	1373	1710	25	362
11	0	339	1377	1715	25	363
11	0	340	1381	1720	25	364
11	0	341	1385	1725	25	365
11	0	342	1389	1730	25	366
11	0	343	1393	1735	25	367
11	0	344	1397	1740	25	368
11	0	345	1401	1745	25	369
11	0	346	1405	1750	25	370
11	0	347	1409	1755	25	371
11	0	348	1413	1760	25	372
11	0	349	1417	1765	25	373
11	0	350	1421	1770	25	374
11	0	351	1425	1775	25	375
11	0	352	1429	1780	25	376
11	0	353	1433	1785	25	377
11	0	354	1437	1790	25	378
11	0	355	1441	1795	25	379
11	0	356	1445	1800	25	380
11	0	357	1449	1805	25	381
11	0	358	1453	1810	25	382
11	0	359	1457	1815	25	383
11	0	360	1461	1820	25	384
11	0	361	1465	1825	25	385
11	0	362	1469	1830	25	386
11	0	363	1473	1835	25	387
11	0	364	1477	1840	25	388
11	0	365	1481	1845	25	389
11	0	366	1485	1850	25	390
11	0	367	1489	1855	25	391
11	0	368	1493	1860	25	392
11	0	369	1497	1865	25	393
11	0	370	1501	1870	25	394
11	0	371	1505	1875	25	395
11	0	372	1509	1880	25	396
11	0	373	1513	1885	25	397
11	0	374	1517	1890	25	398
11	0	375	1521	1895	25	399
11	0	376	1525	1900	25	400
11	0	377	1529	1905	25	401
11	0	378	1533	1910	25	402
11	0	379	1537	1915	25	403
11	0	380	1541	1920	25	404
11	0	381	1545	1925	25	405
11	0	382	1549	1930	25	406
11	0	383	1553	1935	25	407
11	0	384	1557	1940	25	408
11	0	385	1561	1945	25	409
11	0	386	1565	1950	25	410
11	0	387	1569	1955	25	411
11	0	388	1573	1960	25	412
11	0	389	1577	1965	25	413
11	0	390	1581	1970	25	414
11	0	391	1585	1975	25	415
11	0	392	1589	1980	25	416
11	0	393	1593	1985	25	417
11	0	394	1597	1990	25	418
11	0	395	1601	1995	25	419
11	0	396	1605	2000	25	420
11	0	397	1609	2005	25	421
11	0	398	1613	2010	25	422
11	0	399	1617	2015	25	423
11	1	1	25	25	25	25
11	1	2	29	25	30	26
11	1	3	33	25	35	27
11	1	4	37	25	40	28
11	1	5	41	25	45	29
11	1	6	45	25	50	30
11	1	7	49	25	55	31
11	1	8	53	25	60	32
11	1	9	57	25	65	33
11	1	10	61	25	70	34
11	1	11	65	25	75	35
11	1	12	69	25	80	36
11	1	13	73	25	85	37
11	1	14	77	25	90	38
11	1	15	81	25	95	39
11	1	16	85	25	100	40
11	1	17	89	25	105	41
11	1	18	93	25	110	42
11	1	19	97	25	115	43
11	1	20	101	25	120	44
11	1	21	105	25	125	45
11	1	22	109	25	130	46
11	1	23	113	25	135	47
11	1	24	117	25	140	48
11	1	25	121	25	145	49
11	1	26	125	25	150	50
11	1	27	129	25	155	51
11	1	28	133	25	160	52
11	1	29	137	25	165	53
11	1	30	141	25	170	54
11	1	31	145	25	175	55
11	1	32	149	25	180	56
11	1	33	153	25	185	57
11	1	34	157	25	190	58
11	1	35	161	25	195	59
11	1	36	165	25	200	60
11	1	37	169	25	205	61
11	1	38	173	25	210	62
11	1	39	177	25	215	63
11	1	40	181	25	220	64
11	1	41	185	25	225	65
11	1	42	189	25	230	66
11	1	43	193	25	235	67
11	1	44	197	25	240	68
11	1	45	201	25	245	69
11	1	46	205	25	250	70
11	1	47	209	25	255	71
11	1	48	213	25	260	72
11	1	49	217	25	265	73
11	1	50	221	25	270	74
11	1	51	225	25	275	75
11	1	52	229	25	280	76
11	1	53	233	25	285	77
11	1	54	237	25	290	78
11	1	55	241	25	295	79
11	1	56	245	25	300	80
11	1	57	249	25	305	81
11	1	58	253	25	310	82
11	1	59	257	25	315	83
11	1	60	261	25	320	84
11	1	61	265	25	325	85
11	1	62	269	25	330	86
11	1	63	273	25	335	87
11	1	64	277	25	340	88
11	1	65	281	25	345	89
11	1	66	285	25	350	90
11	1	67	289	25	355	91
11	1	68	293	25	360	92
11	1	69	297	25	365	93
11	1	70	301	25	370	94
11	1	71	305	25	375	95
11	1	72	309	25	380	96
11	1	73	313	25	385	97
11	1	74	317	25	390	98
11	1	75	321	25	395	99
11	1	76	325	25	400	100
11	1	77	329	25	405	101
11	1	78	333	25	410	102
11	1	79	337	25	415	103
11	1	80	341	25	420	104
11	1	81	345	25	425	105
11	1	82	349	25	430	106
11	1	83	353	25	435	107
11	1	84	357	25	440	108
11	1	85	361	25	445	109
11	1	86	365	25	450	110
11	1	87	369	25	455	111
11	1	88	373	25	460	112
11	1	89	377	25	465	113
11	1	90	381	25	470	114
11	1	91	385	25	475	115
11	1	92	389	25	480	116
11	1	93	393	25	485	117
11	1	94	397	25	490	118
11	1	95	401	25	495	119
11	1	96	405	25	500	120
11	1	97	409	25	505	121
11	1	98	413	25	510	122
11	1	99	417	25	515	123
11	1	100	421	25	520	124
11	1	101	425	25	525	125
11	1	102	429	25	530	126
11	1	103	433	25	535	127
11	1	104	437	25	540	128
11	1	105	441	25	545	129
11	1	106	445	25	550	130
11	1	107	449	25	555	131
11	1	108	453	25	560	132
11	1	109	457	25	565	133
11	1	110	461	25	570	134
11	1	111	465	25	575	135
11	1	112	469	25	580	136
11	1	113	473	25	585	137
11	1	114	477	25	590	138
11	1	115	481	25	595	139
11	1	116	485	25	600	140
11	1	117	489	25	605	141
11	1	118	493	25	610	142
11	1	119	497	25	615	143
11	1	120	501	25	620	144
11	1	121	505	25	625	145
11	1	122	509	25	630	146
11	1	123	513	25	635	147
11	1	124	517	25	640	148
11	1	125	521	25	645	149
11	1	126	525	25	650	150
11	1	127	529	25	655	151
11	1	128	533	25	660	152
11	1	129	537	25	665	153
11	1	130	541	25	670	154
11	1	131	545	25	675	155
11	1	132	549	25	680	156
11	1	133	553	25	685	157
11	1	134	557	25	690	158
11	1	135	561	25	695	159
11	1	136	565	25	700	160
11	1	137	569	25	705	161
11	1	138	573	25	710	162
11	1	139	577	25	715	163
11	1	140	581	25	720	164
11	1	141	585	25	725	165
11	1	142	589	25	730	166
11	1	143	593	25	735	167
11	1	144	597	25	740	168
11	1	145	601	25	745	169
11	1	146	605	25	750	170
11	1	147	609	25	755	171
11	1	148	613	25	760	172
11	1	149	617	25	765	173
11	1	150	621	25	770	174
11	1	151	625	25	775	175
11	1	152	629	25	780	176
11	1	153	633	25	785	177
11	1	154	637	25	790	178
11	1	155	641	25	795	179
11	1	156	645	25	800	180
11	1	157	649	25	805	181
11	1	158	653	25	810	182
11	1	159	657	25	815	183
11	1	160	661	25	820	184
11	1	161	665	25	825	185
11	1	162	669	25	830	186
11	1	163	673	25	835	187
11	1	164	677	25	840	188
11	1	165	681	25	845	189
11	1	166	685	25	850	190
11	1	167	689	25	855	191
11	1	168	693	25	860	192
11	1	169	697	25	865	193
11	1	170	701	25	870	194
11	1	171	705	25	875	195
11	1	172	709	25	880	196
11	1	173	713	25	885	197
11	1	174	717	25	890	198
11	1	175	721	25	895	199
11	1	176	725	25	900	200
11	1	177	729	25	905	201
11	1	178	733	25	910	202
11	1	179	737	25	915	203
11	1	180	741	25	920	204
11	1	181	745	25	925	205
11	1	182	749	25	930	206
11	1	183	753	25	935	207
11	1	184	757	25	940	208
11	1	185	761	25	945	209
11	1	186	765	25	950	210
11	1	187	769	25	955	211
11	1	188	773	25	960	212
11	1	189	777	25	965	213
11	1	190	781	25	970	214
11	1	191	785	25	975	215
11	1	192	789	25	980	216
11	1	193	793	25	985	217
11	1	194	797	25	990	218
11	1	195	801	25	995	219
11	1	196	805	25	1000	220
11	1	197	809	25	1005	221
11	1	198	813	25	1010	222
11	1	199	817	25	1015	223
11	1	200	821	25	1020	224
11	1	201	825	25	1025	225
11	1	202	829	25	1030	226
11	1	203	833	25	1035	227
11	1	204	837	25	1040	228
11	1	205	841	25	1045	229
11	1	206	845	25	1050	230
11	1	207	849	25	1055	231
11	1	208	853	25	1060	232
11	1	209	857	25	1065	233
11	1	210	861	25	1070	234
11	1	211	865	25	1075	235
11	1	212	869	25	1080	236
11	1	213	873	25	1085	237
11	1	214	877	25	1090	238
11	1	215	881	25	1095	239
11	1	216	885	25	1100	240
11	1	217	889	25	1105	241
11	1	218	893	25	1110	242
11	1	219	897	25	1115	243
11	1	220	901	25	1120	244
11	1	221	905	25	1125	245
11	1	222	909	25	1130	246
11	1	223	913	25	1135	247
11	1	224	917	25	1140	248
11	1	225	921	25	1145	249
11	1	226	925	25	1150	250
11	1	227	929	25	1155	251
11	1	228	933	25	1160	252
11	1	229	937	25	1165	253
11	1	230	941	25	1170	254
11	1	231	945	25	1175	255
11	1	232	949	25	1180	256
11	1	233	953	25	1185	257
11	1	234	957	25	1190	258
11	1	235	961	25	1195	259
11	1	236	965	25	1200	260
11	1	237	969	25	1205	261
11	1	238	973	25	1210	262
11	1	239	977	25	1215	263
11	1	240	981	25	1220	264
11	1	241	985	25	1225	265
11	1	242	989	25	1230	266
11	1	243	993	25	1235	267
11	1	244	997	25	1240	268
11	1	245	1001	25	1245	269
11	1	246	1005	25	1250	270
11	1	247	1009	25	1255	271
11	1	248	1013	25	1260	272
11	1	249	1017	25	1265	273
11	1	250	1021	25	1270	274
11	1	251	1025	25	1275	275
11	1	252	1029	25	1280	276
11	1	253	1033	25	1285	277
11	1	254	1037	25	1290	278
11	1	255	1041	25	1295	279
11	1	256	1045	25	1300	280
11	1	257	1049	25	1305	281
11	1	258	1053	25	1310	282
11	1	259	1057	25	1315	283
11	1	260	1061	25	1320	284
11	1	261	1065	25	1325	285
11	1	262	1069	25	1330	286
11	1	263	1073	25	1335	287
11	1	264	1077	25	1340	288
11	1	265	1081	25	1345	289
11	1	266	1085	25	1350	290
11	1	267	1089	25	1355	291
11	1	268	1093	25	1360	292
11	1	269	1097	25	1365	293
11	1	270	1101	25	1370	294
11	1	271	1105	25	1375	295
11	1	272	1109	25	1380	296
11	1	273	1113	25	1385	297
11	1	274	1117	25	1390	298
11	1	275	1121	25	1395	299
11	1	276	1125	25	1400	300
11	1	277	1129	25	1405	301
11	1	278	1133	25	1410	302
11	1	279	1137	25	1415	303
11	1	280	1141	25	1420	304
11	1	281	1145	25	1425	305
11	1	282	1149	25	1430	306
11	1	283	1153	25	1435	307
11	1	284	1157	25	1440	308
11	1	285	1161	25	1445	309
11	1	286	1165	25	1450	310
11	1	287	1169	25	1455	311
11	1	288	1173	25	1460	312
11	1	289	1177	25	1465	313
11	1	290	1181	25	1470	314
11	1	291	1185	25	1475	315
11	1	292	1189	25	1480	316
11	1	293	1193	25	1485	317
11	1	294	1197	25	1490	318
11	1	295	1201	25	1495	319
11	1	296	1205	25	1500	320
11	1	297	1209	25	1505	321
11	1	298	1213	25	1510	322
11	1	299	1217	25	1515	323
11	1	300	1221	25	1520	324
11	1	301	1225	25	1525	325
11	1	302	1229	25	1530	326
11	1	303	1233	25	1535	327
11	1	304	1237	25	1540	328
11	1	305	1241	25	1545	329
11	1	306	1245	25	1550	330
11	1	307	1249	25	1555	331
11	1	308	1253	25	1560	332
11	1	309	1257	25	1565	333
11	1	310	1261	25	1570	334
11	1	311	1265	25	1575	335
11	1	312	1269	25	1580	336
11	1	313	1273	25	1585	337
11	1	314	1277	25	1590	338
11	1	315	1281	25	1595	339
11	1	316	1285	25	1600	340
11	1	317	1289	25	1605	341
11	1	318	1293	25	1610	342
11	1	319	1297	25	1615	343
11	1	320	1301	25	1620	344
11	1	321	1305	25	1625	345
11	1	322	1309	25	1630	346
11	1	323	1313	25	1635	347
11	1	324	1317	25	1640	348
11	1	325	1321	25	1645	349
11	1	326	1325	25	1650	350
11	1	327	1329	25	1655	351
11	1	328	1333	25	1660	352
11	1	329	1337	25	1665	353
11	1	330	1341	25	1670	354
11	1	331	1345	25	1675	355
11	1	332	1349	25	1680	356
11	1	333	1353	25	1685	357
11	1	334	1357	25	1690	358
11	1	335	1361	25	1695	359
11	1	336	1365	25	1700	360
11	1	337	1369	25	1705	361
11	1	338	1373	25	1710	362
11	1	339	1377	25	1715	363
11	1	340	1381	25	1720	364
11	1	341	1385	25	1725	365
11	1	342	1389	25	1730	366
11	1	343	1393	25	1735	367
11	1	344	1397	25	1740	368
11	1	345	1401	25	1745	369
11	1	346	1405	25	1750	370
11	1	347	1409	25	1755	371
11	1	348	1413	25	1760	372
11	1	349	1417	25	1765	373
11	1	350	1421	25	1770	374
11	1	351	1425	25	1775	375
11	1	352	1429	25	1780	376
11	1	353	1433	25	1785	377
11	1	354	1437	25	1790	378
11	1	355	1441	25	1795	379
11	1	356	1445	25	1800	380
11	1	357	1449	25	1805	381
11	1	358	1453	25	1810	382
11	1	359	1457	25	1815	383
11	1	360	1461	25	1820	384
11	1	361	1465	25	1825	385
11	1	362	1469	25	1830	386
11	1	363	1473	25	1835	387
11	1	364	1477	25	1840	388
11	1	365	1481	25	1845	389
11	1	366	1485	25	1850	390
11	1	367	1489	25	1855	391
11	1	368	1493	25	1860	392
11	1	369	1497	25	1865	393
11	1	370	1501	25	1870	394
11	1	371	1505	25	1875	395
11	1	372	1509	25	1880	396
11	1	373	1513	25	1885	397
11	1	374	1517	25	1890	398
11	1	375	1521	25	1895	399
11	1	376	1525	25	1900	400
11	1	377	1529	25	1905	401
11	1	378	1533	25	1910	402
11	1	379	1537	25	1915	403
11	1	380	1541	25	1920	404
11	1	381	1545	25	1925	405
11	1	382	1549	25	1930	406
11	1	383	1553	25	1935	407
11	1	384	1557	25	1940	408
11	1	385	1561	25	1945	409
11	1	386	1565	25	1950	410
11	1	387	1569	25	1955	411
11	1	388	1573	25	1960	412
11	1	389	1577	25	1965	413
11	1	390	1581	25	1970	414
11	1	391	1585	25	1975	415
11	1	392	1589	25	1980	416
11	1	393	1593	25	1985	417
11	1	394	1597	25	1990	418
11	1	395	1601	25	1995	419
11	1	396	1605	25	2000	420
11	1	397	1609	25	2005	421
11	1	398	1613	25	2010	422
11	1	399	1617	25	2015	423
12	0	1	25	25	25	25
12	0	2	29	30	25	26
12	0	3	33	35	25	27
12	0	4	37	40	25	28
12	0	5	41	45	25	29
12	0	6	45	50	25	30
12	0	7	49	55	25	31
12	0	8	53	60	25	32
12	0	9	57	65	25	33
12	0	10	61	70	25	34
12	0	11	65	75	25	35
12	0	12	69	80	25	36
12	0	13	73	85	25	37
12	0	14	77	90	25	38
12	0	15	81	95	25	39
12	0	16	85	100	25	40
12	0	17	89	105	25	41
12	0	18	93	110	25	42
12	0	19	97	115	25	43
12	0	20	101	120	25	44
12	0	21	105	125	25	45
12	0	22	109	130	25	46
12	0	23	113	135	25	47
12	0	24	117	140	25	48
12	0	25	121	145	25	49
12	0	26	125	150	25	50
12	0	27	129	155	25	51
12	0	28	133	160	25	52
12	0	29	137	165	25	53
12	0	30	141	170	25	54
12	0	31	145	175	25	55
12	0	32	149	180	25	56
12	0	33	153	185	25	57
12	0	34	157	190	25	58
12	0	35	161	195	25	59
12	0	36	165	200	25	60
12	0	37	169	205	25	61
12	0	38	173	210	25	62
12	0	39	177	215	25	63
12	0	40	181	220	25	64
12	0	41	185	225	25	65
12	0	42	189	230	25	66
12	0	43	193	235	25	67
12	0	44	197	240	25	68
12	0	45	201	245	25	69
12	0	46	205	250	25	70
12	0	47	209	255	25	71
12	0	48	213	260	25	72
12	0	49	217	265	25	73
12	0	50	221	270	25	74
12	0	51	225	275	25	75
12	0	52	229	280	25	76
12	0	53	233	285	25	77
12	0	54	237	290	25	78
12	0	55	241	295	25	79
12	0	56	245	300	25	80
12	0	57	249	305	25	81
12	0	58	253	310	25	82
12	0	59	257	315	25	83
12	0	60	261	320	25	84
12	0	61	265	325	25	85
12	0	62	269	330	25	86
12	0	63	273	335	25	87
12	0	64	277	340	25	88
12	0	65	281	345	25	89
12	0	66	285	350	25	90
12	0	67	289	355	25	91
12	0	68	293	360	25	92
12	0	69	297	365	25	93
12	0	70	301	370	25	94
12	0	71	305	375	25	95
12	0	72	309	380	25	96
12	0	73	313	385	25	97
12	0	74	317	390	25	98
12	0	75	321	395	25	99
12	0	76	325	400	25	100
12	0	77	329	405	25	101
12	0	78	333	410	25	102
12	0	79	337	415	25	103
12	0	80	341	420	25	104
12	0	81	345	425	25	105
12	0	82	349	430	25	106
12	0	83	353	435	25	107
12	0	84	357	440	25	108
12	0	85	361	445	25	109
12	0	86	365	450	25	110
12	0	87	369	455	25	111
12	0	88	373	460	25	112
12	0	89	377	465	25	113
12	0	90	381	470	25	114
12	0	91	385	475	25	115
12	0	92	389	480	25	116
12	0	93	393	485	25	117
12	0	94	397	490	25	118
12	0	95	401	495	25	119
12	0	96	405	500	25	120
12	0	97	409	505	25	121
12	0	98	413	510	25	122
12	0	99	417	515	25	123
12	0	100	421	520	25	124
12	0	101	425	525	25	125
12	0	102	429	530	25	126
12	0	103	433	535	25	127
12	0	104	437	540	25	128
12	0	105	441	545	25	129
12	0	106	445	550	25	130
12	0	107	449	555	25	131
12	0	108	453	560	25	132
12	0	109	457	565	25	133
12	0	110	461	570	25	134
12	0	111	465	575	25	135
12	0	112	469	580	25	136
12	0	113	473	585	25	137
12	0	114	477	590	25	138
12	0	115	481	595	25	139
12	0	116	485	600	25	140
12	0	117	489	605	25	141
12	0	118	493	610	25	142
12	0	119	497	615	25	143
12	0	120	501	620	25	144
12	0	121	505	625	25	145
12	0	122	509	630	25	146
12	0	123	513	635	25	147
12	0	124	517	640	25	148
12	0	125	521	645	25	149
12	0	126	525	650	25	150
12	0	127	529	655	25	151
12	0	128	533	660	25	152
12	0	129	537	665	25	153
12	0	130	541	670	25	154
12	0	131	545	675	25	155
12	0	132	549	680	25	156
12	0	133	553	685	25	157
12	0	134	557	690	25	158
12	0	135	561	695	25	159
12	0	136	565	700	25	160
12	0	137	569	705	25	161
12	0	138	573	710	25	162
12	0	139	577	715	25	163
12	0	140	581	720	25	164
12	0	141	585	725	25	165
12	0	142	589	730	25	166
12	0	143	593	735	25	167
12	0	144	597	740	25	168
12	0	145	601	745	25	169
12	0	146	605	750	25	170
12	0	147	609	755	25	171
12	0	148	613	760	25	172
12	0	149	617	765	25	173
12	0	150	621	770	25	174
12	0	151	625	775	25	175
12	0	152	629	780	25	176
12	0	153	633	785	25	177
12	0	154	637	790	25	178
12	0	155	641	795	25	179
12	0	156	645	800	25	180
12	0	157	649	805	25	181
12	0	158	653	810	25	182
12	0	159	657	815	25	183
12	0	160	661	820	25	184
12	0	161	665	825	25	185
12	0	162	669	830	25	186
12	0	163	673	835	25	187
12	0	164	677	840	25	188
12	0	165	681	845	25	189
12	0	166	685	850	25	190
12	0	167	689	855	25	191
12	0	168	693	860	25	192
12	0	169	697	865	25	193
12	0	170	701	870	25	194
12	0	171	705	875	25	195
12	0	172	709	880	25	196
12	0	173	713	885	25	197
12	0	174	717	890	25	198
12	0	175	721	895	25	199
12	0	176	725	900	25	200
12	0	177	729	905	25	201
12	0	178	733	910	25	202
12	0	179	737	915	25	203
12	0	180	741	920	25	204
12	0	181	745	925	25	205
12	0	182	749	930	25	206
12	0	183	753	935	25	207
12	0	184	757	940	25	208
12	0	185	761	945	25	209
12	0	186	765	950	25	210
12	0	187	769	955	25	211
12	0	188	773	960	25	212
12	0	189	777	965	25	213
12	0	190	781	970	25	214
12	0	191	785	975	25	215
12	0	192	789	980	25	216
12	0	193	793	985	25	217
12	0	194	797	990	25	218
12	0	195	801	995	25	219
12	0	196	805	1000	25	220
12	0	197	809	1005	25	221
12	0	198	813	1010	25	222
12	0	199	817	1015	25	223
12	0	200	821	1020	25	224
12	0	201	825	1025	25	225
12	0	202	829	1030	25	226
12	0	203	833	1035	25	227
12	0	204	837	1040	25	228
12	0	205	841	1045	25	229
12	0	206	845	1050	25	230
12	0	207	849	1055	25	231
12	0	208	853	1060	25	232
12	0	209	857	1065	25	233
12	0	210	861	1070	25	234
12	0	211	865	1075	25	235
12	0	212	869	1080	25	236
12	0	213	873	1085	25	237
12	0	214	877	1090	25	238
12	0	215	881	1095	25	239
12	0	216	885	1100	25	240
12	0	217	889	1105	25	241
12	0	218	893	1110	25	242
12	0	219	897	1115	25	243
12	0	220	901	1120	25	244
12	0	221	905	1125	25	245
12	0	222	909	1130	25	246
12	0	223	913	1135	25	247
12	0	224	917	1140	25	248
12	0	225	921	1145	25	249
12	0	226	925	1150	25	250
12	0	227	929	1155	25	251
12	0	228	933	1160	25	252
12	0	229	937	1165	25	253
12	0	230	941	1170	25	254
12	0	231	945	1175	25	255
12	0	232	949	1180	25	256
12	0	233	953	1185	25	257
12	0	234	957	1190	25	258
12	0	235	961	1195	25	259
12	0	236	965	1200	25	260
12	0	237	969	1205	25	261
12	0	238	973	1210	25	262
12	0	239	977	1215	25	263
12	0	240	981	1220	25	264
12	0	241	985	1225	25	265
12	0	242	989	1230	25	266
12	0	243	993	1235	25	267
12	0	244	997	1240	25	268
12	0	245	1001	1245	25	269
12	0	246	1005	1250	25	270
12	0	247	1009	1255	25	271
12	0	248	1013	1260	25	272
12	0	249	1017	1265	25	273
12	0	250	1021	1270	25	274
12	0	251	1025	1275	25	275
12	0	252	1029	1280	25	276
12	0	253	1033	1285	25	277
12	0	254	1037	1290	25	278
12	0	255	1041	1295	25	279
12	0	256	1045	1300	25	280
12	0	257	1049	1305	25	281
12	0	258	1053	1310	25	282
12	0	259	1057	1315	25	283
12	0	260	1061	1320	25	284
12	0	261	1065	1325	25	285
12	0	262	1069	1330	25	286
12	0	263	1073	1335	25	287
12	0	264	1077	1340	25	288
12	0	265	1081	1345	25	289
12	0	266	1085	1350	25	290
12	0	267	1089	1355	25	291
12	0	268	1093	1360	25	292
12	0	269	1097	1365	25	293
12	0	270	1101	1370	25	294
12	0	271	1105	1375	25	295
12	0	272	1109	1380	25	296
12	0	273	1113	1385	25	297
12	0	274	1117	1390	25	298
12	0	275	1121	1395	25	299
12	0	276	1125	1400	25	300
12	0	277	1129	1405	25	301
12	0	278	1133	1410	25	302
12	0	279	1137	1415	25	303
12	0	280	1141	1420	25	304
12	0	281	1145	1425	25	305
12	0	282	1149	1430	25	306
12	0	283	1153	1435	25	307
12	0	284	1157	1440	25	308
12	0	285	1161	1445	25	309
12	0	286	1165	1450	25	310
12	0	287	1169	1455	25	311
12	0	288	1173	1460	25	312
12	0	289	1177	1465	25	313
12	0	290	1181	1470	25	314
12	0	291	1185	1475	25	315
12	0	292	1189	1480	25	316
12	0	293	1193	1485	25	317
12	0	294	1197	1490	25	318
12	0	295	1201	1495	25	319
12	0	296	1205	1500	25	320
12	0	297	1209	1505	25	321
12	0	298	1213	1510	25	322
12	0	299	1217	1515	25	323
12	0	300	1221	1520	25	324
12	0	301	1225	1525	25	325
12	0	302	1229	1530	25	326
12	0	303	1233	1535	25	327
12	0	304	1237	1540	25	328
12	0	305	1241	1545	25	329
12	0	306	1245	1550	25	330
12	0	307	1249	1555	25	331
12	0	308	1253	1560	25	332
12	0	309	1257	1565	25	333
12	0	310	1261	1570	25	334
12	0	311	1265	1575	25	335
12	0	312	1269	1580	25	336
12	0	313	1273	1585	25	337
12	0	314	1277	1590	25	338
12	0	315	1281	1595	25	339
12	0	316	1285	1600	25	340
12	0	317	1289	1605	25	341
12	0	318	1293	1610	25	342
12	0	319	1297	1615	25	343
12	0	320	1301	1620	25	344
12	0	321	1305	1625	25	345
12	0	322	1309	1630	25	346
12	0	323	1313	1635	25	347
12	0	324	1317	1640	25	348
12	0	325	1321	1645	25	349
12	0	326	1325	1650	25	350
12	0	327	1329	1655	25	351
12	0	328	1333	1660	25	352
12	0	329	1337	1665	25	353
12	0	330	1341	1670	25	354
12	0	331	1345	1675	25	355
12	0	332	1349	1680	25	356
12	0	333	1353	1685	25	357
12	0	334	1357	1690	25	358
12	0	335	1361	1695	25	359
12	0	336	1365	1700	25	360
12	0	337	1369	1705	25	361
12	0	338	1373	1710	25	362
12	0	339	1377	1715	25	363
12	0	340	1381	1720	25	364
12	0	341	1385	1725	25	365
12	0	342	1389	1730	25	366
12	0	343	1393	1735	25	367
12	0	344	1397	1740	25	368
12	0	345	1401	1745	25	369
12	0	346	1405	1750	25	370
12	0	347	1409	1755	25	371
12	0	348	1413	1760	25	372
12	0	349	1417	1765	25	373
12	0	350	1421	1770	25	374
12	0	351	1425	1775	25	375
12	0	352	1429	1780	25	376
12	0	353	1433	1785	25	377
12	0	354	1437	1790	25	378
12	0	355	1441	1795	25	379
12	0	356	1445	1800	25	380
12	0	357	1449	1805	25	381
12	0	358	1453	1810	25	382
12	0	359	1457	1815	25	383
12	0	360	1461	1820	25	384
12	0	361	1465	1825	25	385
12	0	362	1469	1830	25	386
12	0	363	1473	1835	25	387
12	0	364	1477	1840	25	388
12	0	365	1481	1845	25	389
12	0	366	1485	1850	25	390
12	0	367	1489	1855	25	391
12	0	368	1493	1860	25	392
12	0	369	1497	1865	25	393
12	0	370	1501	1870	25	394
12	0	371	1505	1875	25	395
12	0	372	1509	1880	25	396
12	0	373	1513	1885	25	397
12	0	374	1517	1890	25	398
12	0	375	1521	1895	25	399
12	0	376	1525	1900	25	400
12	0	377	1529	1905	25	401
12	0	378	1533	1910	25	402
12	0	379	1537	1915	25	403
12	0	380	1541	1920	25	404
12	0	381	1545	1925	25	405
12	0	382	1549	1930	25	406
12	0	383	1553	1935	25	407
12	0	384	1557	1940	25	408
12	0	385	1561	1945	25	409
12	0	386	1565	1950	25	410
12	0	387	1569	1955	25	411
12	0	388	1573	1960	25	412
12	0	389	1577	1965	25	413
12	0	390	1581	1970	25	414
12	0	391	1585	1975	25	415
12	0	392	1589	1980	25	416
12	0	393	1593	1985	25	417
12	0	394	1597	1990	25	418
12	0	395	1601	1995	25	419
12	0	396	1605	2000	25	420
12	0	397	1609	2005	25	421
12	0	398	1613	2010	25	422
12	0	399	1617	2015	25	423
12	1	1	25	25	25	25
12	1	2	29	25	30	26
12	1	3	33	25	35	27
12	1	4	37	25	40	28
12	1	5	41	25	45	29
12	1	6	45	25	50	30
12	1	7	49	25	55	31
12	1	8	53	25	60	32
12	1	9	57	25	65	33
12	1	10	61	25	70	34
12	1	11	65	25	75	35
12	1	12	69	25	80	36
12	1	13	73	25	85	37
12	1	14	77	25	90	38
12	1	15	81	25	95	39
12	1	16	85	25	100	40
12	1	17	89	25	105	41
12	1	18	93	25	110	42
12	1	19	97	25	115	43
12	1	20	101	25	120	44
12	1	21	105	25	125	45
12	1	22	109	25	130	46
12	1	23	113	25	135	47
12	1	24	117	25	140	48
12	1	25	121	25	145	49
12	1	26	125	25	150	50
12	1	27	129	25	155	51
12	1	28	133	25	160	52
12	1	29	137	25	165	53
12	1	30	141	25	170	54
12	1	31	145	25	175	55
12	1	32	149	25	180	56
12	1	33	153	25	185	57
12	1	34	157	25	190	58
12	1	35	161	25	195	59
12	1	36	165	25	200	60
12	1	37	169	25	205	61
12	1	38	173	25	210	62
12	1	39	177	25	215	63
12	1	40	181	25	220	64
12	1	41	185	25	225	65
12	1	42	189	25	230	66
12	1	43	193	25	235	67
12	1	44	197	25	240	68
12	1	45	201	25	245	69
12	1	46	205	25	250	70
12	1	47	209	25	255	71
12	1	48	213	25	260	72
12	1	49	217	25	265	73
12	1	50	221	25	270	74
12	1	51	225	25	275	75
12	1	52	229	25	280	76
12	1	53	233	25	285	77
12	1	54	237	25	290	78
12	1	55	241	25	295	79
12	1	56	245	25	300	80
12	1	57	249	25	305	81
12	1	58	253	25	310	82
12	1	59	257	25	315	83
12	1	60	261	25	320	84
12	1	61	265	25	325	85
12	1	62	269	25	330	86
12	1	63	273	25	335	87
12	1	64	277	25	340	88
12	1	65	281	25	345	89
12	1	66	285	25	350	90
12	1	67	289	25	355	91
12	1	68	293	25	360	92
12	1	69	297	25	365	93
12	1	70	301	25	370	94
12	1	71	305	25	375	95
12	1	72	309	25	380	96
12	1	73	313	25	385	97
12	1	74	317	25	390	98
12	1	75	321	25	395	99
12	1	76	325	25	400	100
12	1	77	329	25	405	101
12	1	78	333	25	410	102
12	1	79	337	25	415	103
12	1	80	341	25	420	104
12	1	81	345	25	425	105
12	1	82	349	25	430	106
12	1	83	353	25	435	107
12	1	84	357	25	440	108
12	1	85	361	25	445	109
12	1	86	365	25	450	110
12	1	87	369	25	455	111
12	1	88	373	25	460	112
12	1	89	377	25	465	113
12	1	90	381	25	470	114
12	1	91	385	25	475	115
12	1	92	389	25	480	116
12	1	93	393	25	485	117
12	1	94	397	25	490	118
12	1	95	401	25	495	119
12	1	96	405	25	500	120
12	1	97	409	25	505	121
12	1	98	413	25	510	122
12	1	99	417	25	515	123
12	1	100	421	25	520	124
12	1	101	425	25	525	125
12	1	102	429	25	530	126
12	1	103	433	25	535	127
12	1	104	437	25	540	128
12	1	105	441	25	545	129
12	1	106	445	25	550	130
12	1	107	449	25	555	131
12	1	108	453	25	560	132
12	1	109	457	25	565	133
12	1	110	461	25	570	134
12	1	111	465	25	575	135
12	1	112	469	25	580	136
12	1	113	473	25	585	137
12	1	114	477	25	590	138
12	1	115	481	25	595	139
12	1	116	485	25	600	140
12	1	117	489	25	605	141
12	1	118	493	25	610	142
12	1	119	497	25	615	143
12	1	120	501	25	620	144
12	1	121	505	25	625	145
12	1	122	509	25	630	146
12	1	123	513	25	635	147
12	1	124	517	25	640	148
12	1	125	521	25	645	149
12	1	126	525	25	650	150
12	1	127	529	25	655	151
12	1	128	533	25	660	152
12	1	129	537	25	665	153
12	1	130	541	25	670	154
12	1	131	545	25	675	155
12	1	132	549	25	680	156
12	1	133	553	25	685	157
12	1	134	557	25	690	158
12	1	135	561	25	695	159
12	1	136	565	25	700	160
12	1	137	569	25	705	161
12	1	138	573	25	710	162
12	1	139	577	25	715	163
12	1	140	581	25	720	164
12	1	141	585	25	725	165
12	1	142	589	25	730	166
12	1	143	593	25	735	167
12	1	144	597	25	740	168
12	1	145	601	25	745	169
12	1	146	605	25	750	170
12	1	147	609	25	755	171
12	1	148	613	25	760	172
12	1	149	617	25	765	173
12	1	150	621	25	770	174
12	1	151	625	25	775	175
12	1	152	629	25	780	176
12	1	153	633	25	785	177
12	1	154	637	25	790	178
12	1	155	641	25	795	179
12	1	156	645	25	800	180
12	1	157	649	25	805	181
12	1	158	653	25	810	182
12	1	159	657	25	815	183
12	1	160	661	25	820	184
12	1	161	665	25	825	185
12	1	162	669	25	830	186
12	1	163	673	25	835	187
12	1	164	677	25	840	188
12	1	165	681	25	845	189
12	1	166	685	25	850	190
12	1	167	689	25	855	191
12	1	168	693	25	860	192
12	1	169	697	25	865	193
12	1	170	701	25	870	194
12	1	171	705	25	875	195
12	1	172	709	25	880	196
12	1	173	713	25	885	197
12	1	174	717	25	890	198
12	1	175	721	25	895	199
12	1	176	725	25	900	200
12	1	177	729	25	905	201
12	1	178	733	25	910	202
12	1	179	737	25	915	203
12	1	180	741	25	920	204
12	1	181	745	25	925	205
12	1	182	749	25	930	206
12	1	183	753	25	935	207
12	1	184	757	25	940	208
12	1	185	761	25	945	209
12	1	186	765	25	950	210
12	1	187	769	25	955	211
12	1	188	773	25	960	212
12	1	189	777	25	965	213
12	1	190	781	25	970	214
12	1	191	785	25	975	215
12	1	192	789	25	980	216
12	1	193	793	25	985	217
12	1	194	797	25	990	218
12	1	195	801	25	995	219
12	1	196	805	25	1000	220
12	1	197	809	25	1005	221
12	1	198	813	25	1010	222
12	1	199	817	25	1015	223
12	1	200	821	25	1020	224
12	1	201	825	25	1025	225
12	1	202	829	25	1030	226
12	1	203	833	25	1035	227
12	1	204	837	25	1040	228
12	1	205	841	25	1045	229
12	1	206	845	25	1050	230
12	1	207	849	25	1055	231
12	1	208	853	25	1060	232
12	1	209	857	25	1065	233
12	1	210	861	25	1070	234
12	1	211	865	25	1075	235
12	1	212	869	25	1080	236
12	1	213	873	25	1085	237
12	1	214	877	25	1090	238
12	1	215	881	25	1095	239
12	1	216	885	25	1100	240
12	1	217	889	25	1105	241
12	1	218	893	25	1110	242
12	1	219	897	25	1115	243
12	1	220	901	25	1120	244
12	1	221	905	25	1125	245
12	1	222	909	25	1130	246
12	1	223	913	25	1135	247
12	1	224	917	25	1140	248
12	1	225	921	25	1145	249
12	1	226	925	25	1150	250
12	1	227	929	25	1155	251
12	1	228	933	25	1160	252
12	1	229	937	25	1165	253
12	1	230	941	25	1170	254
12	1	231	945	25	1175	255
12	1	232	949	25	1180	256
12	1	233	953	25	1185	257
12	1	234	957	25	1190	258
12	1	235	961	25	1195	259
12	1	236	965	25	1200	260
12	1	237	969	25	1205	261
12	1	238	973	25	1210	262
12	1	239	977	25	1215	263
12	1	240	981	25	1220	264
12	1	241	985	25	1225	265
12	1	242	989	25	1230	266
12	1	243	993	25	1235	267
12	1	244	997	25	1240	268
12	1	245	1001	25	1245	269
12	1	246	1005	25	1250	270
12	1	247	1009	25	1255	271
12	1	248	1013	25	1260	272
12	1	249	1017	25	1265	273
12	1	250	1021	25	1270	274
12	1	251	1025	25	1275	275
12	1	252	1029	25	1280	276
12	1	253	1033	25	1285	277
12	1	254	1037	25	1290	278
12	1	255	1041	25	1295	279
12	1	256	1045	25	1300	280
12	1	257	1049	25	1305	281
12	1	258	1053	25	1310	282
12	1	259	1057	25	1315	283
12	1	260	1061	25	1320	284
12	1	261	1065	25	1325	285
12	1	262	1069	25	1330	286
12	1	263	1073	25	1335	287
12	1	264	1077	25	1340	288
12	1	265	1081	25	1345	289
12	1	266	1085	25	1350	290
12	1	267	1089	25	1355	291
12	1	268	1093	25	1360	292
12	1	269	1097	25	1365	293
12	1	270	1101	25	1370	294
12	1	271	1105	25	1375	295
12	1	272	1109	25	1380	296
12	1	273	1113	25	1385	297
12	1	274	1117	25	1390	298
12	1	275	1121	25	1395	299
12	1	276	1125	25	1400	300
12	1	277	1129	25	1405	301
12	1	278	1133	25	1410	302
12	1	279	1137	25	1415	303
12	1	280	1141	25	1420	304
12	1	281	1145	25	1425	305
12	1	282	1149	25	1430	306
12	1	283	1153	25	1435	307
12	1	284	1157	25	1440	308
12	1	285	1161	25	1445	309
12	1	286	1165	25	1450	310
12	1	287	1169	25	1455	311
12	1	288	1173	25	1460	312
12	1	289	1177	25	1465	313
12	1	290	1181	25	1470	314
12	1	291	1185	25	1475	315
12	1	292	1189	25	1480	316
12	1	293	1193	25	1485	317
12	1	294	1197	25	1490	318
12	1	295	1201	25	1495	319
12	1	296	1205	25	1500	320
12	1	297	1209	25	1505	321
12	1	298	1213	25	1510	322
12	1	299	1217	25	1515	323
12	1	300	1221	25	1520	324
12	1	301	1225	25	1525	325
12	1	302	1229	25	1530	326
12	1	303	1233	25	1535	327
12	1	304	1237	25	1540	328
12	1	305	1241	25	1545	329
12	1	306	1245	25	1550	330
12	1	307	1249	25	1555	331
12	1	308	1253	25	1560	332
12	1	309	1257	25	1565	333
12	1	310	1261	25	1570	334
12	1	311	1265	25	1575	335
12	1	312	1269	25	1580	336
12	1	313	1273	25	1585	337
12	1	314	1277	25	1590	338
12	1	315	1281	25	1595	339
12	1	316	1285	25	1600	340
12	1	317	1289	25	1605	341
12	1	318	1293	25	1610	342
12	1	319	1297	25	1615	343
12	1	320	1301	25	1620	344
12	1	321	1305	25	1625	345
12	1	322	1309	25	1630	346
12	1	323	1313	25	1635	347
12	1	324	1317	25	1640	348
12	1	325	1321	25	1645	349
12	1	326	1325	25	1650	350
12	1	327	1329	25	1655	351
12	1	328	1333	25	1660	352
12	1	329	1337	25	1665	353
12	1	330	1341	25	1670	354
12	1	331	1345	25	1675	355
12	1	332	1349	25	1680	356
12	1	333	1353	25	1685	357
12	1	334	1357	25	1690	358
12	1	335	1361	25	1695	359
12	1	336	1365	25	1700	360
12	1	337	1369	25	1705	361
12	1	338	1373	25	1710	362
12	1	339	1377	25	1715	363
12	1	340	1381	25	1720	364
12	1	341	1385	25	1725	365
12	1	342	1389	25	1730	366
12	1	343	1393	25	1735	367
12	1	344	1397	25	1740	368
12	1	345	1401	25	1745	369
12	1	346	1405	25	1750	370
12	1	347	1409	25	1755	371
12	1	348	1413	25	1760	372
12	1	349	1417	25	1765	373
12	1	350	1421	25	1770	374
12	1	351	1425	25	1775	375
12	1	352	1429	25	1780	376
12	1	353	1433	25	1785	377
12	1	354	1437	25	1790	378
12	1	355	1441	25	1795	379
12	1	356	1445	25	1800	380
12	1	357	1449	25	1805	381
12	1	358	1453	25	1810	382
12	1	359	1457	25	1815	383
12	1	360	1461	25	1820	384
12	1	361	1465	25	1825	385
12	1	362	1469	25	1830	386
12	1	363	1473	25	1835	387
12	1	364	1477	25	1840	388
12	1	365	1481	25	1845	389
12	1	366	1485	25	1850	390
12	1	367	1489	25	1855	391
12	1	368	1493	25	1860	392
12	1	369	1497	25	1865	393
12	1	370	1501	25	1870	394
12	1	371	1505	25	1875	395
12	1	372	1509	25	1880	396
12	1	373	1513	25	1885	397
12	1	374	1517	25	1890	398
12	1	375	1521	25	1895	399
12	1	376	1525	25	1900	400
12	1	377	1529	25	1905	401
12	1	378	1533	25	1910	402
12	1	379	1537	25	1915	403
12	1	380	1541	25	1920	404
12	1	381	1545	25	1925	405
12	1	382	1549	25	1930	406
12	1	383	1553	25	1935	407
12	1	384	1557	25	1940	408
12	1	385	1561	25	1945	409
12	1	386	1565	25	1950	410
12	1	387	1569	25	1955	411
12	1	388	1573	25	1960	412
12	1	389	1577	25	1965	413
12	1	390	1581	25	1970	414
12	1	391	1585	25	1975	415
12	1	392	1589	25	1980	416
12	1	393	1593	25	1985	417
12	1	394	1597	25	1990	418
12	1	395	1601	25	1995	419
12	1	396	1605	25	2000	420
12	1	397	1609	25	2005	421
12	1	398	1613	25	2010	422
12	1	399	1617	25	2015	423
13	0	1	25	25	25	25
13	0	2	29	30	25	26
13	0	3	33	35	25	27
13	0	4	37	40	25	28
13	0	5	41	45	25	29
13	0	6	45	50	25	30
13	0	7	49	55	25	31
13	0	8	53	60	25	32
13	0	9	57	65	25	33
13	0	10	61	70	25	34
13	0	11	65	75	25	35
13	0	12	69	80	25	36
13	0	13	73	85	25	37
13	0	14	77	90	25	38
13	0	15	81	95	25	39
13	0	16	85	100	25	40
13	0	17	89	105	25	41
13	0	18	93	110	25	42
13	0	19	97	115	25	43
13	0	20	101	120	25	44
13	0	21	105	125	25	45
13	0	22	109	130	25	46
13	0	23	113	135	25	47
13	0	24	117	140	25	48
13	0	25	121	145	25	49
13	0	26	125	150	25	50
13	0	27	129	155	25	51
13	0	28	133	160	25	52
13	0	29	137	165	25	53
13	0	30	141	170	25	54
13	0	31	145	175	25	55
13	0	32	149	180	25	56
13	0	33	153	185	25	57
13	0	34	157	190	25	58
13	0	35	161	195	25	59
13	0	36	165	200	25	60
13	0	37	169	205	25	61
13	0	38	173	210	25	62
13	0	39	177	215	25	63
13	0	40	181	220	25	64
13	0	41	185	225	25	65
13	0	42	189	230	25	66
13	0	43	193	235	25	67
13	0	44	197	240	25	68
13	0	45	201	245	25	69
13	0	46	205	250	25	70
13	0	47	209	255	25	71
13	0	48	213	260	25	72
13	0	49	217	265	25	73
13	0	50	221	270	25	74
13	0	51	225	275	25	75
13	0	52	229	280	25	76
13	0	53	233	285	25	77
13	0	54	237	290	25	78
13	0	55	241	295	25	79
13	0	56	245	300	25	80
13	0	57	249	305	25	81
13	0	58	253	310	25	82
13	0	59	257	315	25	83
13	0	60	261	320	25	84
13	0	61	265	325	25	85
13	0	62	269	330	25	86
13	0	63	273	335	25	87
13	0	64	277	340	25	88
13	0	65	281	345	25	89
13	0	66	285	350	25	90
13	0	67	289	355	25	91
13	0	68	293	360	25	92
13	0	69	297	365	25	93
13	0	70	301	370	25	94
13	0	71	305	375	25	95
13	0	72	309	380	25	96
13	0	73	313	385	25	97
13	0	74	317	390	25	98
13	0	75	321	395	25	99
13	0	76	325	400	25	100
13	0	77	329	405	25	101
13	0	78	333	410	25	102
13	0	79	337	415	25	103
13	0	80	341	420	25	104
13	0	81	345	425	25	105
13	0	82	349	430	25	106
13	0	83	353	435	25	107
13	0	84	357	440	25	108
13	0	85	361	445	25	109
13	0	86	365	450	25	110
13	0	87	369	455	25	111
13	0	88	373	460	25	112
13	0	89	377	465	25	113
13	0	90	381	470	25	114
13	0	91	385	475	25	115
13	0	92	389	480	25	116
13	0	93	393	485	25	117
13	0	94	397	490	25	118
13	0	95	401	495	25	119
13	0	96	405	500	25	120
13	0	97	409	505	25	121
13	0	98	413	510	25	122
13	0	99	417	515	25	123
13	0	100	421	520	25	124
13	0	101	425	525	25	125
13	0	102	429	530	25	126
13	0	103	433	535	25	127
13	0	104	437	540	25	128
13	0	105	441	545	25	129
13	0	106	445	550	25	130
13	0	107	449	555	25	131
13	0	108	453	560	25	132
13	0	109	457	565	25	133
13	0	110	461	570	25	134
13	0	111	465	575	25	135
13	0	112	469	580	25	136
13	0	113	473	585	25	137
13	0	114	477	590	25	138
13	0	115	481	595	25	139
13	0	116	485	600	25	140
13	0	117	489	605	25	141
13	0	118	493	610	25	142
13	0	119	497	615	25	143
13	0	120	501	620	25	144
13	0	121	505	625	25	145
13	0	122	509	630	25	146
13	0	123	513	635	25	147
13	0	124	517	640	25	148
13	0	125	521	645	25	149
13	0	126	525	650	25	150
13	0	127	529	655	25	151
13	0	128	533	660	25	152
13	0	129	537	665	25	153
13	0	130	541	670	25	154
13	0	131	545	675	25	155
13	0	132	549	680	25	156
13	0	133	553	685	25	157
13	0	134	557	690	25	158
13	0	135	561	695	25	159
13	0	136	565	700	25	160
13	0	137	569	705	25	161
13	0	138	573	710	25	162
13	0	139	577	715	25	163
13	0	140	581	720	25	164
13	0	141	585	725	25	165
13	0	142	589	730	25	166
13	0	143	593	735	25	167
13	0	144	597	740	25	168
13	0	145	601	745	25	169
13	0	146	605	750	25	170
13	0	147	609	755	25	171
13	0	148	613	760	25	172
13	0	149	617	765	25	173
13	0	150	621	770	25	174
13	0	151	625	775	25	175
13	0	152	629	780	25	176
13	0	153	633	785	25	177
13	0	154	637	790	25	178
13	0	155	641	795	25	179
13	0	156	645	800	25	180
13	0	157	649	805	25	181
13	0	158	653	810	25	182
13	0	159	657	815	25	183
13	0	160	661	820	25	184
13	0	161	665	825	25	185
13	0	162	669	830	25	186
13	0	163	673	835	25	187
13	0	164	677	840	25	188
13	0	165	681	845	25	189
13	0	166	685	850	25	190
13	0	167	689	855	25	191
13	0	168	693	860	25	192
13	0	169	697	865	25	193
13	0	170	701	870	25	194
13	0	171	705	875	25	195
13	0	172	709	880	25	196
13	0	173	713	885	25	197
13	0	174	717	890	25	198
13	0	175	721	895	25	199
13	0	176	725	900	25	200
13	0	177	729	905	25	201
13	0	178	733	910	25	202
13	0	179	737	915	25	203
13	0	180	741	920	25	204
13	0	181	745	925	25	205
13	0	182	749	930	25	206
13	0	183	753	935	25	207
13	0	184	757	940	25	208
13	0	185	761	945	25	209
13	0	186	765	950	25	210
13	0	187	769	955	25	211
13	0	188	773	960	25	212
13	0	189	777	965	25	213
13	0	190	781	970	25	214
13	0	191	785	975	25	215
13	0	192	789	980	25	216
13	0	193	793	985	25	217
13	0	194	797	990	25	218
13	0	195	801	995	25	219
13	0	196	805	1000	25	220
13	0	197	809	1005	25	221
13	0	198	813	1010	25	222
13	0	199	817	1015	25	223
13	0	200	821	1020	25	224
13	0	201	825	1025	25	225
13	0	202	829	1030	25	226
13	0	203	833	1035	25	227
13	0	204	837	1040	25	228
13	0	205	841	1045	25	229
13	0	206	845	1050	25	230
13	0	207	849	1055	25	231
13	0	208	853	1060	25	232
13	0	209	857	1065	25	233
13	0	210	861	1070	25	234
13	0	211	865	1075	25	235
13	0	212	869	1080	25	236
13	0	213	873	1085	25	237
13	0	214	877	1090	25	238
13	0	215	881	1095	25	239
13	0	216	885	1100	25	240
13	0	217	889	1105	25	241
13	0	218	893	1110	25	242
13	0	219	897	1115	25	243
13	0	220	901	1120	25	244
13	0	221	905	1125	25	245
13	0	222	909	1130	25	246
13	0	223	913	1135	25	247
13	0	224	917	1140	25	248
13	0	225	921	1145	25	249
13	0	226	925	1150	25	250
13	0	227	929	1155	25	251
13	0	228	933	1160	25	252
13	0	229	937	1165	25	253
13	0	230	941	1170	25	254
13	0	231	945	1175	25	255
13	0	232	949	1180	25	256
13	0	233	953	1185	25	257
13	0	234	957	1190	25	258
13	0	235	961	1195	25	259
13	0	236	965	1200	25	260
13	0	237	969	1205	25	261
13	0	238	973	1210	25	262
13	0	239	977	1215	25	263
13	0	240	981	1220	25	264
13	0	241	985	1225	25	265
13	0	242	989	1230	25	266
13	0	243	993	1235	25	267
13	0	244	997	1240	25	268
13	0	245	1001	1245	25	269
13	0	246	1005	1250	25	270
13	0	247	1009	1255	25	271
13	0	248	1013	1260	25	272
13	0	249	1017	1265	25	273
13	0	250	1021	1270	25	274
13	0	251	1025	1275	25	275
13	0	252	1029	1280	25	276
13	0	253	1033	1285	25	277
13	0	254	1037	1290	25	278
13	0	255	1041	1295	25	279
13	0	256	1045	1300	25	280
13	0	257	1049	1305	25	281
13	0	258	1053	1310	25	282
13	0	259	1057	1315	25	283
13	0	260	1061	1320	25	284
13	0	261	1065	1325	25	285
13	0	262	1069	1330	25	286
13	0	263	1073	1335	25	287
13	0	264	1077	1340	25	288
13	0	265	1081	1345	25	289
13	0	266	1085	1350	25	290
13	0	267	1089	1355	25	291
13	0	268	1093	1360	25	292
13	0	269	1097	1365	25	293
13	0	270	1101	1370	25	294
13	0	271	1105	1375	25	295
13	0	272	1109	1380	25	296
13	0	273	1113	1385	25	297
13	0	274	1117	1390	25	298
13	0	275	1121	1395	25	299
13	0	276	1125	1400	25	300
13	0	277	1129	1405	25	301
13	0	278	1133	1410	25	302
13	0	279	1137	1415	25	303
13	0	280	1141	1420	25	304
13	0	281	1145	1425	25	305
13	0	282	1149	1430	25	306
13	0	283	1153	1435	25	307
13	0	284	1157	1440	25	308
13	0	285	1161	1445	25	309
13	0	286	1165	1450	25	310
13	0	287	1169	1455	25	311
13	0	288	1173	1460	25	312
13	0	289	1177	1465	25	313
13	0	290	1181	1470	25	314
13	0	291	1185	1475	25	315
13	0	292	1189	1480	25	316
13	0	293	1193	1485	25	317
13	0	294	1197	1490	25	318
13	0	295	1201	1495	25	319
13	0	296	1205	1500	25	320
13	0	297	1209	1505	25	321
13	0	298	1213	1510	25	322
13	0	299	1217	1515	25	323
13	0	300	1221	1520	25	324
13	0	301	1225	1525	25	325
13	0	302	1229	1530	25	326
13	0	303	1233	1535	25	327
13	0	304	1237	1540	25	328
13	0	305	1241	1545	25	329
13	0	306	1245	1550	25	330
13	0	307	1249	1555	25	331
13	0	308	1253	1560	25	332
13	0	309	1257	1565	25	333
13	0	310	1261	1570	25	334
13	0	311	1265	1575	25	335
13	0	312	1269	1580	25	336
13	0	313	1273	1585	25	337
13	0	314	1277	1590	25	338
13	0	315	1281	1595	25	339
13	0	316	1285	1600	25	340
13	0	317	1289	1605	25	341
13	0	318	1293	1610	25	342
13	0	319	1297	1615	25	343
13	0	320	1301	1620	25	344
13	0	321	1305	1625	25	345
13	0	322	1309	1630	25	346
13	0	323	1313	1635	25	347
13	0	324	1317	1640	25	348
13	0	325	1321	1645	25	349
13	0	326	1325	1650	25	350
13	0	327	1329	1655	25	351
13	0	328	1333	1660	25	352
13	0	329	1337	1665	25	353
13	0	330	1341	1670	25	354
13	0	331	1345	1675	25	355
13	0	332	1349	1680	25	356
13	0	333	1353	1685	25	357
13	0	334	1357	1690	25	358
13	0	335	1361	1695	25	359
13	0	336	1365	1700	25	360
13	0	337	1369	1705	25	361
13	0	338	1373	1710	25	362
13	0	339	1377	1715	25	363
13	0	340	1381	1720	25	364
13	0	341	1385	1725	25	365
13	0	342	1389	1730	25	366
13	0	343	1393	1735	25	367
13	0	344	1397	1740	25	368
13	0	345	1401	1745	25	369
13	0	346	1405	1750	25	370
13	0	347	1409	1755	25	371
13	0	348	1413	1760	25	372
13	0	349	1417	1765	25	373
13	0	350	1421	1770	25	374
13	0	351	1425	1775	25	375
13	0	352	1429	1780	25	376
13	0	353	1433	1785	25	377
13	0	354	1437	1790	25	378
13	0	355	1441	1795	25	379
13	0	356	1445	1800	25	380
13	0	357	1449	1805	25	381
13	0	358	1453	1810	25	382
13	0	359	1457	1815	25	383
13	0	360	1461	1820	25	384
13	0	361	1465	1825	25	385
13	0	362	1469	1830	25	386
13	0	363	1473	1835	25	387
13	0	364	1477	1840	25	388
13	0	365	1481	1845	25	389
13	0	366	1485	1850	25	390
13	0	367	1489	1855	25	391
13	0	368	1493	1860	25	392
13	0	369	1497	1865	25	393
13	0	370	1501	1870	25	394
13	0	371	1505	1875	25	395
13	0	372	1509	1880	25	396
13	0	373	1513	1885	25	397
13	0	374	1517	1890	25	398
13	0	375	1521	1895	25	399
13	0	376	1525	1900	25	400
13	0	377	1529	1905	25	401
13	0	378	1533	1910	25	402
13	0	379	1537	1915	25	403
13	0	380	1541	1920	25	404
13	0	381	1545	1925	25	405
13	0	382	1549	1930	25	406
13	0	383	1553	1935	25	407
13	0	384	1557	1940	25	408
13	0	385	1561	1945	25	409
13	0	386	1565	1950	25	410
13	0	387	1569	1955	25	411
13	0	388	1573	1960	25	412
13	0	389	1577	1965	25	413
13	0	390	1581	1970	25	414
13	0	391	1585	1975	25	415
13	0	392	1589	1980	25	416
13	0	393	1593	1985	25	417
13	0	394	1597	1990	25	418
13	0	395	1601	1995	25	419
13	0	396	1605	2000	25	420
13	0	397	1609	2005	25	421
13	0	398	1613	2010	25	422
13	0	399	1617	2015	25	423
13	1	1	25	25	25	25
13	1	2	29	25	30	26
13	1	3	33	25	35	27
13	1	4	37	25	40	28
13	1	5	41	25	45	29
13	1	6	45	25	50	30
13	1	7	49	25	55	31
13	1	8	53	25	60	32
13	1	9	57	25	65	33
13	1	10	61	25	70	34
13	1	11	65	25	75	35
13	1	12	69	25	80	36
13	1	13	73	25	85	37
13	1	14	77	25	90	38
13	1	15	81	25	95	39
13	1	16	85	25	100	40
13	1	17	89	25	105	41
13	1	18	93	25	110	42
13	1	19	97	25	115	43
13	1	20	101	25	120	44
13	1	21	105	25	125	45
13	1	22	109	25	130	46
13	1	23	113	25	135	47
13	1	24	117	25	140	48
13	1	25	121	25	145	49
13	1	26	125	25	150	50
13	1	27	129	25	155	51
13	1	28	133	25	160	52
13	1	29	137	25	165	53
13	1	30	141	25	170	54
13	1	31	145	25	175	55
13	1	32	149	25	180	56
13	1	33	153	25	185	57
13	1	34	157	25	190	58
13	1	35	161	25	195	59
13	1	36	165	25	200	60
13	1	37	169	25	205	61
13	1	38	173	25	210	62
13	1	39	177	25	215	63
13	1	40	181	25	220	64
13	1	41	185	25	225	65
13	1	42	189	25	230	66
13	1	43	193	25	235	67
13	1	44	197	25	240	68
13	1	45	201	25	245	69
13	1	46	205	25	250	70
13	1	47	209	25	255	71
13	1	48	213	25	260	72
13	1	49	217	25	265	73
13	1	50	221	25	270	74
13	1	51	225	25	275	75
13	1	52	229	25	280	76
13	1	53	233	25	285	77
13	1	54	237	25	290	78
13	1	55	241	25	295	79
13	1	56	245	25	300	80
13	1	57	249	25	305	81
13	1	58	253	25	310	82
13	1	59	257	25	315	83
13	1	60	261	25	320	84
13	1	61	265	25	325	85
13	1	62	269	25	330	86
13	1	63	273	25	335	87
13	1	64	277	25	340	88
13	1	65	281	25	345	89
13	1	66	285	25	350	90
13	1	67	289	25	355	91
13	1	68	293	25	360	92
13	1	69	297	25	365	93
13	1	70	301	25	370	94
13	1	71	305	25	375	95
13	1	72	309	25	380	96
13	1	73	313	25	385	97
13	1	74	317	25	390	98
13	1	75	321	25	395	99
13	1	76	325	25	400	100
13	1	77	329	25	405	101
13	1	78	333	25	410	102
13	1	79	337	25	415	103
13	1	80	341	25	420	104
13	1	81	345	25	425	105
13	1	82	349	25	430	106
13	1	83	353	25	435	107
13	1	84	357	25	440	108
13	1	85	361	25	445	109
13	1	86	365	25	450	110
13	1	87	369	25	455	111
13	1	88	373	25	460	112
13	1	89	377	25	465	113
13	1	90	381	25	470	114
13	1	91	385	25	475	115
13	1	92	389	25	480	116
13	1	93	393	25	485	117
13	1	94	397	25	490	118
13	1	95	401	25	495	119
13	1	96	405	25	500	120
13	1	97	409	25	505	121
13	1	98	413	25	510	122
13	1	99	417	25	515	123
13	1	100	421	25	520	124
13	1	101	425	25	525	125
13	1	102	429	25	530	126
13	1	103	433	25	535	127
13	1	104	437	25	540	128
13	1	105	441	25	545	129
13	1	106	445	25	550	130
13	1	107	449	25	555	131
13	1	108	453	25	560	132
13	1	109	457	25	565	133
13	1	110	461	25	570	134
13	1	111	465	25	575	135
13	1	112	469	25	580	136
13	1	113	473	25	585	137
13	1	114	477	25	590	138
13	1	115	481	25	595	139
13	1	116	485	25	600	140
13	1	117	489	25	605	141
13	1	118	493	25	610	142
13	1	119	497	25	615	143
13	1	120	501	25	620	144
13	1	121	505	25	625	145
13	1	122	509	25	630	146
13	1	123	513	25	635	147
13	1	124	517	25	640	148
13	1	125	521	25	645	149
13	1	126	525	25	650	150
13	1	127	529	25	655	151
13	1	128	533	25	660	152
13	1	129	537	25	665	153
13	1	130	541	25	670	154
13	1	131	545	25	675	155
13	1	132	549	25	680	156
13	1	133	553	25	685	157
13	1	134	557	25	690	158
13	1	135	561	25	695	159
13	1	136	565	25	700	160
13	1	137	569	25	705	161
13	1	138	573	25	710	162
13	1	139	577	25	715	163
13	1	140	581	25	720	164
13	1	141	585	25	725	165
13	1	142	589	25	730	166
13	1	143	593	25	735	167
13	1	144	597	25	740	168
13	1	145	601	25	745	169
13	1	146	605	25	750	170
13	1	147	609	25	755	171
13	1	148	613	25	760	172
13	1	149	617	25	765	173
13	1	150	621	25	770	174
13	1	151	625	25	775	175
13	1	152	629	25	780	176
13	1	153	633	25	785	177
13	1	154	637	25	790	178
13	1	155	641	25	795	179
13	1	156	645	25	800	180
13	1	157	649	25	805	181
13	1	158	653	25	810	182
13	1	159	657	25	815	183
13	1	160	661	25	820	184
13	1	161	665	25	825	185
13	1	162	669	25	830	186
13	1	163	673	25	835	187
13	1	164	677	25	840	188
13	1	165	681	25	845	189
13	1	166	685	25	850	190
13	1	167	689	25	855	191
13	1	168	693	25	860	192
13	1	169	697	25	865	193
13	1	170	701	25	870	194
13	1	171	705	25	875	195
13	1	172	709	25	880	196
13	1	173	713	25	885	197
13	1	174	717	25	890	198
13	1	175	721	25	895	199
13	1	176	725	25	900	200
13	1	177	729	25	905	201
13	1	178	733	25	910	202
13	1	179	737	25	915	203
13	1	180	741	25	920	204
13	1	181	745	25	925	205
13	1	182	749	25	930	206
13	1	183	753	25	935	207
13	1	184	757	25	940	208
13	1	185	761	25	945	209
13	1	186	765	25	950	210
13	1	187	769	25	955	211
13	1	188	773	25	960	212
13	1	189	777	25	965	213
13	1	190	781	25	970	214
13	1	191	785	25	975	215
13	1	192	789	25	980	216
13	1	193	793	25	985	217
13	1	194	797	25	990	218
13	1	195	801	25	995	219
13	1	196	805	25	1000	220
13	1	197	809	25	1005	221
13	1	198	813	25	1010	222
13	1	199	817	25	1015	223
13	1	200	821	25	1020	224
13	1	201	825	25	1025	225
13	1	202	829	25	1030	226
13	1	203	833	25	1035	227
13	1	204	837	25	1040	228
13	1	205	841	25	1045	229
13	1	206	845	25	1050	230
13	1	207	849	25	1055	231
13	1	208	853	25	1060	232
13	1	209	857	25	1065	233
13	1	210	861	25	1070	234
13	1	211	865	25	1075	235
13	1	212	869	25	1080	236
13	1	213	873	25	1085	237
13	1	214	877	25	1090	238
13	1	215	881	25	1095	239
13	1	216	885	25	1100	240
13	1	217	889	25	1105	241
13	1	218	893	25	1110	242
13	1	219	897	25	1115	243
13	1	220	901	25	1120	244
13	1	221	905	25	1125	245
13	1	222	909	25	1130	246
13	1	223	913	25	1135	247
13	1	224	917	25	1140	248
13	1	225	921	25	1145	249
13	1	226	925	25	1150	250
13	1	227	929	25	1155	251
13	1	228	933	25	1160	252
13	1	229	937	25	1165	253
13	1	230	941	25	1170	254
13	1	231	945	25	1175	255
13	1	232	949	25	1180	256
13	1	233	953	25	1185	257
13	1	234	957	25	1190	258
13	1	235	961	25	1195	259
13	1	236	965	25	1200	260
13	1	237	969	25	1205	261
13	1	238	973	25	1210	262
13	1	239	977	25	1215	263
13	1	240	981	25	1220	264
13	1	241	985	25	1225	265
13	1	242	989	25	1230	266
13	1	243	993	25	1235	267
13	1	244	997	25	1240	268
13	1	245	1001	25	1245	269
13	1	246	1005	25	1250	270
13	1	247	1009	25	1255	271
13	1	248	1013	25	1260	272
13	1	249	1017	25	1265	273
13	1	250	1021	25	1270	274
13	1	251	1025	25	1275	275
13	1	252	1029	25	1280	276
13	1	253	1033	25	1285	277
13	1	254	1037	25	1290	278
13	1	255	1041	25	1295	279
13	1	256	1045	25	1300	280
13	1	257	1049	25	1305	281
13	1	258	1053	25	1310	282
13	1	259	1057	25	1315	283
13	1	260	1061	25	1320	284
13	1	261	1065	25	1325	285
13	1	262	1069	25	1330	286
13	1	263	1073	25	1335	287
13	1	264	1077	25	1340	288
13	1	265	1081	25	1345	289
13	1	266	1085	25	1350	290
13	1	267	1089	25	1355	291
13	1	268	1093	25	1360	292
13	1	269	1097	25	1365	293
13	1	270	1101	25	1370	294
13	1	271	1105	25	1375	295
13	1	272	1109	25	1380	296
13	1	273	1113	25	1385	297
13	1	274	1117	25	1390	298
13	1	275	1121	25	1395	299
13	1	276	1125	25	1400	300
13	1	277	1129	25	1405	301
13	1	278	1133	25	1410	302
13	1	279	1137	25	1415	303
13	1	280	1141	25	1420	304
13	1	281	1145	25	1425	305
13	1	282	1149	25	1430	306
13	1	283	1153	25	1435	307
13	1	284	1157	25	1440	308
13	1	285	1161	25	1445	309
13	1	286	1165	25	1450	310
13	1	287	1169	25	1455	311
13	1	288	1173	25	1460	312
13	1	289	1177	25	1465	313
13	1	290	1181	25	1470	314
13	1	291	1185	25	1475	315
13	1	292	1189	25	1480	316
13	1	293	1193	25	1485	317
13	1	294	1197	25	1490	318
13	1	295	1201	25	1495	319
13	1	296	1205	25	1500	320
13	1	297	1209	25	1505	321
13	1	298	1213	25	1510	322
13	1	299	1217	25	1515	323
13	1	300	1221	25	1520	324
13	1	301	1225	25	1525	325
13	1	302	1229	25	1530	326
13	1	303	1233	25	1535	327
13	1	304	1237	25	1540	328
13	1	305	1241	25	1545	329
13	1	306	1245	25	1550	330
13	1	307	1249	25	1555	331
13	1	308	1253	25	1560	332
13	1	309	1257	25	1565	333
13	1	310	1261	25	1570	334
13	1	311	1265	25	1575	335
13	1	312	1269	25	1580	336
13	1	313	1273	25	1585	337
13	1	314	1277	25	1590	338
13	1	315	1281	25	1595	339
13	1	316	1285	25	1600	340
13	1	317	1289	25	1605	341
13	1	318	1293	25	1610	342
13	1	319	1297	25	1615	343
13	1	320	1301	25	1620	344
13	1	321	1305	25	1625	345
13	1	322	1309	25	1630	346
13	1	323	1313	25	1635	347
13	1	324	1317	25	1640	348
13	1	325	1321	25	1645	349
13	1	326	1325	25	1650	350
13	1	327	1329	25	1655	351
13	1	328	1333	25	1660	352
13	1	329	1337	25	1665	353
13	1	330	1341	25	1670	354
13	1	331	1345	25	1675	355
13	1	332	1349	25	1680	356
13	1	333	1353	25	1685	357
13	1	334	1357	25	1690	358
13	1	335	1361	25	1695	359
13	1	336	1365	25	1700	360
13	1	337	1369	25	1705	361
13	1	338	1373	25	1710	362
13	1	339	1377	25	1715	363
13	1	340	1381	25	1720	364
13	1	341	1385	25	1725	365
13	1	342	1389	25	1730	366
13	1	343	1393	25	1735	367
13	1	344	1397	25	1740	368
13	1	345	1401	25	1745	369
13	1	346	1405	25	1750	370
13	1	347	1409	25	1755	371
13	1	348	1413	25	1760	372
13	1	349	1417	25	1765	373
13	1	350	1421	25	1770	374
13	1	351	1425	25	1775	375
13	1	352	1429	25	1780	376
13	1	353	1433	25	1785	377
13	1	354	1437	25	1790	378
13	1	355	1441	25	1795	379
13	1	356	1445	25	1800	380
13	1	357	1449	25	1805	381
13	1	358	1453	25	1810	382
13	1	359	1457	25	1815	383
13	1	360	1461	25	1820	384
13	1	361	1465	25	1825	385
13	1	362	1469	25	1830	386
13	1	363	1473	25	1835	387
13	1	364	1477	25	1840	388
13	1	365	1481	25	1845	389
13	1	366	1485	25	1850	390
13	1	367	1489	25	1855	391
13	1	368	1493	25	1860	392
13	1	369	1497	25	1865	393
13	1	370	1501	25	1870	394
13	1	371	1505	25	1875	395
13	1	372	1509	25	1880	396
13	1	373	1513	25	1885	397
13	1	374	1517	25	1890	398
13	1	375	1521	25	1895	399
13	1	376	1525	25	1900	400
13	1	377	1529	25	1905	401
13	1	378	1533	25	1910	402
13	1	379	1537	25	1915	403
13	1	380	1541	25	1920	404
13	1	381	1545	25	1925	405
13	1	382	1549	25	1930	406
13	1	383	1553	25	1935	407
13	1	384	1557	25	1940	408
13	1	385	1561	25	1945	409
13	1	386	1565	25	1950	410
13	1	387	1569	25	1955	411
13	1	388	1573	25	1960	412
13	1	389	1577	25	1965	413
13	1	390	1581	25	1970	414
13	1	391	1585	25	1975	415
13	1	392	1589	25	1980	416
13	1	393	1593	25	1985	417
13	1	394	1597	25	1990	418
13	1	395	1601	25	1995	419
13	1	396	1605	25	2000	420
13	1	397	1609	25	2005	421
13	1	398	1613	25	2010	422
13	1	399	1617	25	2015	423
14	0	1	25	25	25	25
14	0	2	29	25	30	26
14	0	3	33	25	35	27
14	0	4	37	25	40	28
14	0	5	41	25	45	29
14	0	6	45	25	50	30
14	0	7	49	25	55	31
14	0	8	53	25	60	32
14	0	9	57	25	65	33
14	0	10	61	25	70	34
14	0	11	65	25	75	35
14	0	12	69	25	80	36
14	0	13	73	25	85	37
14	0	14	77	25	90	38
14	0	15	81	25	95	39
14	0	16	85	25	100	40
14	0	17	89	25	105	41
14	0	18	93	25	110	42
14	0	19	97	25	115	43
14	0	20	101	25	120	44
14	0	21	105	25	125	45
14	0	22	109	25	130	46
14	0	23	113	25	135	47
14	0	24	117	25	140	48
14	0	25	121	25	145	49
14	0	26	125	25	150	50
14	0	27	129	25	155	51
14	0	28	133	25	160	52
14	0	29	137	25	165	53
14	0	30	141	25	170	54
14	0	31	145	25	175	55
14	0	32	149	25	180	56
14	0	33	153	25	185	57
14	0	34	157	25	190	58
14	0	35	161	25	195	59
14	0	36	165	25	200	60
14	0	37	169	25	205	61
14	0	38	173	25	210	62
14	0	39	177	25	215	63
14	0	40	181	25	220	64
14	0	41	185	25	225	65
14	0	42	189	25	230	66
14	0	43	193	25	235	67
14	0	44	197	25	240	68
14	0	45	201	25	245	69
14	0	46	205	25	250	70
14	0	47	209	25	255	71
14	0	48	213	25	260	72
14	0	49	217	25	265	73
14	0	50	221	25	270	74
14	0	51	225	25	275	75
14	0	52	229	25	280	76
14	0	53	233	25	285	77
14	0	54	237	25	290	78
14	0	55	241	25	295	79
14	0	56	245	25	300	80
14	0	57	249	25	305	81
14	0	58	253	25	310	82
14	0	59	257	25	315	83
14	0	60	261	25	320	84
14	0	61	265	25	325	85
14	0	62	269	25	330	86
14	0	63	273	25	335	87
14	0	64	277	25	340	88
14	0	65	281	25	345	89
14	0	66	285	25	350	90
14	0	67	289	25	355	91
14	0	68	293	25	360	92
14	0	69	297	25	365	93
14	0	70	301	25	370	94
14	0	71	305	25	375	95
14	0	72	309	25	380	96
14	0	73	313	25	385	97
14	0	74	317	25	390	98
14	0	75	321	25	395	99
14	0	76	325	25	400	100
14	0	77	329	25	405	101
14	0	78	333	25	410	102
14	0	79	337	25	415	103
14	0	80	341	25	420	104
14	0	81	345	25	425	105
14	0	82	349	25	430	106
14	0	83	353	25	435	107
14	0	84	357	25	440	108
14	0	85	361	25	445	109
14	0	86	365	25	450	110
14	0	87	369	25	455	111
14	0	88	373	25	460	112
14	0	89	377	25	465	113
14	0	90	381	25	470	114
14	0	91	385	25	475	115
14	0	92	389	25	480	116
14	0	93	393	25	485	117
14	0	94	397	25	490	118
14	0	95	401	25	495	119
14	0	96	405	25	500	120
14	0	97	409	25	505	121
14	0	98	413	25	510	122
14	0	99	417	25	515	123
14	0	100	421	25	520	124
14	0	101	425	25	525	125
14	0	102	429	25	530	126
14	0	103	433	25	535	127
14	0	104	437	25	540	128
14	0	105	441	25	545	129
14	0	106	445	25	550	130
14	0	107	449	25	555	131
14	0	108	453	25	560	132
14	0	109	457	25	565	133
14	0	110	461	25	570	134
14	0	111	465	25	575	135
14	0	112	469	25	580	136
14	0	113	473	25	585	137
14	0	114	477	25	590	138
14	0	115	481	25	595	139
14	0	116	485	25	600	140
14	0	117	489	25	605	141
14	0	118	493	25	610	142
14	0	119	497	25	615	143
14	0	120	501	25	620	144
14	0	121	505	25	625	145
14	0	122	509	25	630	146
14	0	123	513	25	635	147
14	0	124	517	25	640	148
14	0	125	521	25	645	149
14	0	126	525	25	650	150
14	0	127	529	25	655	151
14	0	128	533	25	660	152
14	0	129	537	25	665	153
14	0	130	541	25	670	154
14	0	131	545	25	675	155
14	0	132	549	25	680	156
14	0	133	553	25	685	157
14	0	134	557	25	690	158
14	0	135	561	25	695	159
14	0	136	565	25	700	160
14	0	137	569	25	705	161
14	0	138	573	25	710	162
14	0	139	577	25	715	163
14	0	140	581	25	720	164
14	0	141	585	25	725	165
14	0	142	589	25	730	166
14	0	143	593	25	735	167
14	0	144	597	25	740	168
14	0	145	601	25	745	169
14	0	146	605	25	750	170
14	0	147	609	25	755	171
14	0	148	613	25	760	172
14	0	149	617	25	765	173
14	0	150	621	25	770	174
14	0	151	625	25	775	175
14	0	152	629	25	780	176
14	0	153	633	25	785	177
14	0	154	637	25	790	178
14	0	155	641	25	795	179
14	0	156	645	25	800	180
14	0	157	649	25	805	181
14	0	158	653	25	810	182
14	0	159	657	25	815	183
14	0	160	661	25	820	184
14	0	161	665	25	825	185
14	0	162	669	25	830	186
14	0	163	673	25	835	187
14	0	164	677	25	840	188
14	0	165	681	25	845	189
14	0	166	685	25	850	190
14	0	167	689	25	855	191
14	0	168	693	25	860	192
14	0	169	697	25	865	193
14	0	170	701	25	870	194
14	0	171	705	25	875	195
14	0	172	709	25	880	196
14	0	173	713	25	885	197
14	0	174	717	25	890	198
14	0	175	721	25	895	199
14	0	176	725	25	900	200
14	0	177	729	25	905	201
14	0	178	733	25	910	202
14	0	179	737	25	915	203
14	0	180	741	25	920	204
14	0	181	745	25	925	205
14	0	182	749	25	930	206
14	0	183	753	25	935	207
14	0	184	757	25	940	208
14	0	185	761	25	945	209
14	0	186	765	25	950	210
14	0	187	769	25	955	211
14	0	188	773	25	960	212
14	0	189	777	25	965	213
14	0	190	781	25	970	214
14	0	191	785	25	975	215
14	0	192	789	25	980	216
14	0	193	793	25	985	217
14	0	194	797	25	990	218
14	0	195	801	25	995	219
14	0	196	805	25	1000	220
14	0	197	809	25	1005	221
14	0	198	813	25	1010	222
14	0	199	817	25	1015	223
14	0	200	821	25	1020	224
14	0	201	825	25	1025	225
14	0	202	829	25	1030	226
14	0	203	833	25	1035	227
14	0	204	837	25	1040	228
14	0	205	841	25	1045	229
14	0	206	845	25	1050	230
14	0	207	849	25	1055	231
14	0	208	853	25	1060	232
14	0	209	857	25	1065	233
14	0	210	861	25	1070	234
14	0	211	865	25	1075	235
14	0	212	869	25	1080	236
14	0	213	873	25	1085	237
14	0	214	877	25	1090	238
14	0	215	881	25	1095	239
14	0	216	885	25	1100	240
14	0	217	889	25	1105	241
14	0	218	893	25	1110	242
14	0	219	897	25	1115	243
14	0	220	901	25	1120	244
14	0	221	905	25	1125	245
14	0	222	909	25	1130	246
14	0	223	913	25	1135	247
14	0	224	917	25	1140	248
14	0	225	921	25	1145	249
14	0	226	925	25	1150	250
14	0	227	929	25	1155	251
14	0	228	933	25	1160	252
14	0	229	937	25	1165	253
14	0	230	941	25	1170	254
14	0	231	945	25	1175	255
14	0	232	949	25	1180	256
14	0	233	953	25	1185	257
14	0	234	957	25	1190	258
14	0	235	961	25	1195	259
14	0	236	965	25	1200	260
14	0	237	969	25	1205	261
14	0	238	973	25	1210	262
14	0	239	977	25	1215	263
14	0	240	981	25	1220	264
14	0	241	985	25	1225	265
14	0	242	989	25	1230	266
14	0	243	993	25	1235	267
14	0	244	997	25	1240	268
14	0	245	1001	25	1245	269
14	0	246	1005	25	1250	270
14	0	247	1009	25	1255	271
14	0	248	1013	25	1260	272
14	0	249	1017	25	1265	273
14	0	250	1021	25	1270	274
14	0	251	1025	25	1275	275
14	0	252	1029	25	1280	276
14	0	253	1033	25	1285	277
14	0	254	1037	25	1290	278
14	0	255	1041	25	1295	279
14	0	256	1045	25	1300	280
14	0	257	1049	25	1305	281
14	0	258	1053	25	1310	282
14	0	259	1057	25	1315	283
14	0	260	1061	25	1320	284
14	0	261	1065	25	1325	285
14	0	262	1069	25	1330	286
14	0	263	1073	25	1335	287
14	0	264	1077	25	1340	288
14	0	265	1081	25	1345	289
14	0	266	1085	25	1350	290
14	0	267	1089	25	1355	291
14	0	268	1093	25	1360	292
14	0	269	1097	25	1365	293
14	0	270	1101	25	1370	294
14	0	271	1105	25	1375	295
14	0	272	1109	25	1380	296
14	0	273	1113	25	1385	297
14	0	274	1117	25	1390	298
14	0	275	1121	25	1395	299
14	0	276	1125	25	1400	300
14	0	277	1129	25	1405	301
14	0	278	1133	25	1410	302
14	0	279	1137	25	1415	303
14	0	280	1141	25	1420	304
14	0	281	1145	25	1425	305
14	0	282	1149	25	1430	306
14	0	283	1153	25	1435	307
14	0	284	1157	25	1440	308
14	0	285	1161	25	1445	309
14	0	286	1165	25	1450	310
14	0	287	1169	25	1455	311
14	0	288	1173	25	1460	312
14	0	289	1177	25	1465	313
14	0	290	1181	25	1470	314
14	0	291	1185	25	1475	315
14	0	292	1189	25	1480	316
14	0	293	1193	25	1485	317
14	0	294	1197	25	1490	318
14	0	295	1201	25	1495	319
14	0	296	1205	25	1500	320
14	0	297	1209	25	1505	321
14	0	298	1213	25	1510	322
14	0	299	1217	25	1515	323
14	0	300	1221	25	1520	324
14	0	301	1225	25	1525	325
14	0	302	1229	25	1530	326
14	0	303	1233	25	1535	327
14	0	304	1237	25	1540	328
14	0	305	1241	25	1545	329
14	0	306	1245	25	1550	330
14	0	307	1249	25	1555	331
14	0	308	1253	25	1560	332
14	0	309	1257	25	1565	333
14	0	310	1261	25	1570	334
14	0	311	1265	25	1575	335
14	0	312	1269	25	1580	336
14	0	313	1273	25	1585	337
14	0	314	1277	25	1590	338
14	0	315	1281	25	1595	339
14	0	316	1285	25	1600	340
14	0	317	1289	25	1605	341
14	0	318	1293	25	1610	342
14	0	319	1297	25	1615	343
14	0	320	1301	25	1620	344
14	0	321	1305	25	1625	345
14	0	322	1309	25	1630	346
14	0	323	1313	25	1635	347
14	0	324	1317	25	1640	348
14	0	325	1321	25	1645	349
14	0	326	1325	25	1650	350
14	0	327	1329	25	1655	351
14	0	328	1333	25	1660	352
14	0	329	1337	25	1665	353
14	0	330	1341	25	1670	354
14	0	331	1345	25	1675	355
14	0	332	1349	25	1680	356
14	0	333	1353	25	1685	357
14	0	334	1357	25	1690	358
14	0	335	1361	25	1695	359
14	0	336	1365	25	1700	360
14	0	337	1369	25	1705	361
14	0	338	1373	25	1710	362
14	0	339	1377	25	1715	363
14	0	340	1381	25	1720	364
14	0	341	1385	25	1725	365
14	0	342	1389	25	1730	366
14	0	343	1393	25	1735	367
14	0	344	1397	25	1740	368
14	0	345	1401	25	1745	369
14	0	346	1405	25	1750	370
14	0	347	1409	25	1755	371
14	0	348	1413	25	1760	372
14	0	349	1417	25	1765	373
14	0	350	1421	25	1770	374
14	0	351	1425	25	1775	375
14	0	352	1429	25	1780	376
14	0	353	1433	25	1785	377
14	0	354	1437	25	1790	378
14	0	355	1441	25	1795	379
14	0	356	1445	25	1800	380
14	0	357	1449	25	1805	381
14	0	358	1453	25	1810	382
14	0	359	1457	25	1815	383
14	0	360	1461	25	1820	384
14	0	361	1465	25	1825	385
14	0	362	1469	25	1830	386
14	0	363	1473	25	1835	387
14	0	364	1477	25	1840	388
14	0	365	1481	25	1845	389
14	0	366	1485	25	1850	390
14	0	367	1489	25	1855	391
14	0	368	1493	25	1860	392
14	0	369	1497	25	1865	393
14	0	370	1501	25	1870	394
14	0	371	1505	25	1875	395
14	0	372	1509	25	1880	396
14	0	373	1513	25	1885	397
14	0	374	1517	25	1890	398
14	0	375	1521	25	1895	399
14	0	376	1525	25	1900	400
14	0	377	1529	25	1905	401
14	0	378	1533	25	1910	402
14	0	379	1537	25	1915	403
14	0	380	1541	25	1920	404
14	0	381	1545	25	1925	405
14	0	382	1549	25	1930	406
14	0	383	1553	25	1935	407
14	0	384	1557	25	1940	408
14	0	385	1561	25	1945	409
14	0	386	1565	25	1950	410
14	0	387	1569	25	1955	411
14	0	388	1573	25	1960	412
14	0	389	1577	25	1965	413
14	0	390	1581	25	1970	414
14	0	391	1585	25	1975	415
14	0	392	1589	25	1980	416
14	0	393	1593	25	1985	417
14	0	394	1597	25	1990	418
14	0	395	1601	25	1995	419
14	0	396	1605	25	2000	420
14	0	397	1609	25	2005	421
14	0	398	1613	25	2010	422
14	0	399	1617	25	2015	423
14	1	1	25	25	25	25
14	1	2	29	30	25	26
14	1	3	33	35	25	27
14	1	4	37	40	25	28
14	1	5	41	45	25	29
14	1	6	45	50	25	30
14	1	7	49	55	25	31
14	1	8	53	60	25	32
14	1	9	57	65	25	33
14	1	10	61	70	25	34
14	1	11	65	75	25	35
14	1	12	69	80	25	36
14	1	13	73	85	25	37
14	1	14	77	90	25	38
14	1	15	81	95	25	39
14	1	16	85	100	25	40
14	1	17	89	105	25	41
14	1	18	93	110	25	42
14	1	19	97	115	25	43
14	1	20	101	120	25	44
14	1	21	105	125	25	45
14	1	22	109	130	25	46
14	1	23	113	135	25	47
14	1	24	117	140	25	48
14	1	25	121	145	25	49
14	1	26	125	150	25	50
14	1	27	129	155	25	51
14	1	28	133	160	25	52
14	1	29	137	165	25	53
14	1	30	141	170	25	54
14	1	31	145	175	25	55
14	1	32	149	180	25	56
14	1	33	153	185	25	57
14	1	34	157	190	25	58
14	1	35	161	195	25	59
14	1	36	165	200	25	60
14	1	37	169	205	25	61
14	1	38	173	210	25	62
14	1	39	177	215	25	63
14	1	40	181	220	25	64
14	1	41	185	225	25	65
14	1	42	189	230	25	66
14	1	43	193	235	25	67
14	1	44	197	240	25	68
14	1	45	201	245	25	69
14	1	46	205	250	25	70
14	1	47	209	255	25	71
14	1	48	213	260	25	72
14	1	49	217	265	25	73
14	1	50	221	270	25	74
14	1	51	225	275	25	75
14	1	52	229	280	25	76
14	1	53	233	285	25	77
14	1	54	237	290	25	78
14	1	55	241	295	25	79
14	1	56	245	300	25	80
14	1	57	249	305	25	81
14	1	58	253	310	25	82
14	1	59	257	315	25	83
14	1	60	261	320	25	84
14	1	61	265	325	25	85
14	1	62	269	330	25	86
14	1	63	273	335	25	87
14	1	64	277	340	25	88
14	1	65	281	345	25	89
14	1	66	285	350	25	90
14	1	67	289	355	25	91
14	1	68	293	360	25	92
14	1	69	297	365	25	93
14	1	70	301	370	25	94
14	1	71	305	375	25	95
14	1	72	309	380	25	96
14	1	73	313	385	25	97
14	1	74	317	390	25	98
14	1	75	321	395	25	99
14	1	76	325	400	25	100
14	1	77	329	405	25	101
14	1	78	333	410	25	102
14	1	79	337	415	25	103
14	1	80	341	420	25	104
14	1	81	345	425	25	105
14	1	82	349	430	25	106
14	1	83	353	435	25	107
14	1	84	357	440	25	108
14	1	85	361	445	25	109
14	1	86	365	450	25	110
14	1	87	369	455	25	111
14	1	88	373	460	25	112
14	1	89	377	465	25	113
14	1	90	381	470	25	114
14	1	91	385	475	25	115
14	1	92	389	480	25	116
14	1	93	393	485	25	117
14	1	94	397	490	25	118
14	1	95	401	495	25	119
14	1	96	405	500	25	120
14	1	97	409	505	25	121
14	1	98	413	510	25	122
14	1	99	417	515	25	123
14	1	100	421	520	25	124
14	1	101	425	525	25	125
14	1	102	429	530	25	126
14	1	103	433	535	25	127
14	1	104	437	540	25	128
14	1	105	441	545	25	129
14	1	106	445	550	25	130
14	1	107	449	555	25	131
14	1	108	453	560	25	132
14	1	109	457	565	25	133
14	1	110	461	570	25	134
14	1	111	465	575	25	135
14	1	112	469	580	25	136
14	1	113	473	585	25	137
14	1	114	477	590	25	138
14	1	115	481	595	25	139
14	1	116	485	600	25	140
14	1	117	489	605	25	141
14	1	118	493	610	25	142
14	1	119	497	615	25	143
14	1	120	501	620	25	144
14	1	121	505	625	25	145
14	1	122	509	630	25	146
14	1	123	513	635	25	147
14	1	124	517	640	25	148
14	1	125	521	645	25	149
14	1	126	525	650	25	150
14	1	127	529	655	25	151
14	1	128	533	660	25	152
14	1	129	537	665	25	153
14	1	130	541	670	25	154
14	1	131	545	675	25	155
14	1	132	549	680	25	156
14	1	133	553	685	25	157
14	1	134	557	690	25	158
14	1	135	561	695	25	159
14	1	136	565	700	25	160
14	1	137	569	705	25	161
14	1	138	573	710	25	162
14	1	139	577	715	25	163
14	1	140	581	720	25	164
14	1	141	585	725	25	165
14	1	142	589	730	25	166
14	1	143	593	735	25	167
14	1	144	597	740	25	168
14	1	145	601	745	25	169
14	1	146	605	750	25	170
14	1	147	609	755	25	171
14	1	148	613	760	25	172
14	1	149	617	765	25	173
14	1	150	621	770	25	174
14	1	151	625	775	25	175
14	1	152	629	780	25	176
14	1	153	633	785	25	177
14	1	154	637	790	25	178
14	1	155	641	795	25	179
14	1	156	645	800	25	180
14	1	157	649	805	25	181
14	1	158	653	810	25	182
14	1	159	657	815	25	183
14	1	160	661	820	25	184
14	1	161	665	825	25	185
14	1	162	669	830	25	186
14	1	163	673	835	25	187
14	1	164	677	840	25	188
14	1	165	681	845	25	189
14	1	166	685	850	25	190
14	1	167	689	855	25	191
14	1	168	693	860	25	192
14	1	169	697	865	25	193
14	1	170	701	870	25	194
14	1	171	705	875	25	195
14	1	172	709	880	25	196
14	1	173	713	885	25	197
14	1	174	717	890	25	198
14	1	175	721	895	25	199
14	1	176	725	900	25	200
14	1	177	729	905	25	201
14	1	178	733	910	25	202
14	1	179	737	915	25	203
14	1	180	741	920	25	204
14	1	181	745	925	25	205
14	1	182	749	930	25	206
14	1	183	753	935	25	207
14	1	184	757	940	25	208
14	1	185	761	945	25	209
14	1	186	765	950	25	210
14	1	187	769	955	25	211
14	1	188	773	960	25	212
14	1	189	777	965	25	213
14	1	190	781	970	25	214
14	1	191	785	975	25	215
14	1	192	789	980	25	216
14	1	193	793	985	25	217
14	1	194	797	990	25	218
14	1	195	801	995	25	219
14	1	196	805	1000	25	220
14	1	197	809	1005	25	221
14	1	198	813	1010	25	222
14	1	199	817	1015	25	223
14	1	200	821	1020	25	224
14	1	201	825	1025	25	225
14	1	202	829	1030	25	226
14	1	203	833	1035	25	227
14	1	204	837	1040	25	228
14	1	205	841	1045	25	229
14	1	206	845	1050	25	230
14	1	207	849	1055	25	231
14	1	208	853	1060	25	232
14	1	209	857	1065	25	233
14	1	210	861	1070	25	234
14	1	211	865	1075	25	235
14	1	212	869	1080	25	236
14	1	213	873	1085	25	237
14	1	214	877	1090	25	238
14	1	215	881	1095	25	239
14	1	216	885	1100	25	240
14	1	217	889	1105	25	241
14	1	218	893	1110	25	242
14	1	219	897	1115	25	243
14	1	220	901	1120	25	244
14	1	221	905	1125	25	245
14	1	222	909	1130	25	246
14	1	223	913	1135	25	247
14	1	224	917	1140	25	248
14	1	225	921	1145	25	249
14	1	226	925	1150	25	250
14	1	227	929	1155	25	251
14	1	228	933	1160	25	252
14	1	229	937	1165	25	253
14	1	230	941	1170	25	254
14	1	231	945	1175	25	255
14	1	232	949	1180	25	256
14	1	233	953	1185	25	257
14	1	234	957	1190	25	258
14	1	235	961	1195	25	259
14	1	236	965	1200	25	260
14	1	237	969	1205	25	261
14	1	238	973	1210	25	262
14	1	239	977	1215	25	263
14	1	240	981	1220	25	264
14	1	241	985	1225	25	265
14	1	242	989	1230	25	266
14	1	243	993	1235	25	267
14	1	244	997	1240	25	268
14	1	245	1001	1245	25	269
14	1	246	1005	1250	25	270
14	1	247	1009	1255	25	271
14	1	248	1013	1260	25	272
14	1	249	1017	1265	25	273
14	1	250	1021	1270	25	274
14	1	251	1025	1275	25	275
14	1	252	1029	1280	25	276
14	1	253	1033	1285	25	277
14	1	254	1037	1290	25	278
14	1	255	1041	1295	25	279
14	1	256	1045	1300	25	280
14	1	257	1049	1305	25	281
14	1	258	1053	1310	25	282
14	1	259	1057	1315	25	283
14	1	260	1061	1320	25	284
14	1	261	1065	1325	25	285
14	1	262	1069	1330	25	286
14	1	263	1073	1335	25	287
14	1	264	1077	1340	25	288
14	1	265	1081	1345	25	289
14	1	266	1085	1350	25	290
14	1	267	1089	1355	25	291
14	1	268	1093	1360	25	292
14	1	269	1097	1365	25	293
14	1	270	1101	1370	25	294
14	1	271	1105	1375	25	295
14	1	272	1109	1380	25	296
14	1	273	1113	1385	25	297
14	1	274	1117	1390	25	298
14	1	275	1121	1395	25	299
14	1	276	1125	1400	25	300
14	1	277	1129	1405	25	301
14	1	278	1133	1410	25	302
14	1	279	1137	1415	25	303
14	1	280	1141	1420	25	304
14	1	281	1145	1425	25	305
14	1	282	1149	1430	25	306
14	1	283	1153	1435	25	307
14	1	284	1157	1440	25	308
14	1	285	1161	1445	25	309
14	1	286	1165	1450	25	310
14	1	287	1169	1455	25	311
14	1	288	1173	1460	25	312
14	1	289	1177	1465	25	313
14	1	290	1181	1470	25	314
14	1	291	1185	1475	25	315
14	1	292	1189	1480	25	316
14	1	293	1193	1485	25	317
14	1	294	1197	1490	25	318
14	1	295	1201	1495	25	319
14	1	296	1205	1500	25	320
14	1	297	1209	1505	25	321
14	1	298	1213	1510	25	322
14	1	299	1217	1515	25	323
14	1	300	1221	1520	25	324
14	1	301	1225	1525	25	325
14	1	302	1229	1530	25	326
14	1	303	1233	1535	25	327
14	1	304	1237	1540	25	328
14	1	305	1241	1545	25	329
14	1	306	1245	1550	25	330
14	1	307	1249	1555	25	331
14	1	308	1253	1560	25	332
14	1	309	1257	1565	25	333
14	1	310	1261	1570	25	334
14	1	311	1265	1575	25	335
14	1	312	1269	1580	25	336
14	1	313	1273	1585	25	337
14	1	314	1277	1590	25	338
14	1	315	1281	1595	25	339
14	1	316	1285	1600	25	340
14	1	317	1289	1605	25	341
14	1	318	1293	1610	25	342
14	1	319	1297	1615	25	343
14	1	320	1301	1620	25	344
14	1	321	1305	1625	25	345
14	1	322	1309	1630	25	346
14	1	323	1313	1635	25	347
14	1	324	1317	1640	25	348
14	1	325	1321	1645	25	349
14	1	326	1325	1650	25	350
14	1	327	1329	1655	25	351
14	1	328	1333	1660	25	352
14	1	329	1337	1665	25	353
14	1	330	1341	1670	25	354
14	1	331	1345	1675	25	355
14	1	332	1349	1680	25	356
14	1	333	1353	1685	25	357
14	1	334	1357	1690	25	358
14	1	335	1361	1695	25	359
14	1	336	1365	1700	25	360
14	1	337	1369	1705	25	361
14	1	338	1373	1710	25	362
14	1	339	1377	1715	25	363
14	1	340	1381	1720	25	364
14	1	341	1385	1725	25	365
14	1	342	1389	1730	25	366
14	1	343	1393	1735	25	367
14	1	344	1397	1740	25	368
14	1	345	1401	1745	25	369
14	1	346	1405	1750	25	370
14	1	347	1409	1755	25	371
14	1	348	1413	1760	25	372
14	1	349	1417	1765	25	373
14	1	350	1421	1770	25	374
14	1	351	1425	1775	25	375
14	1	352	1429	1780	25	376
14	1	353	1433	1785	25	377
14	1	354	1437	1790	25	378
14	1	355	1441	1795	25	379
14	1	356	1445	1800	25	380
14	1	357	1449	1805	25	381
14	1	358	1453	1810	25	382
14	1	359	1457	1815	25	383
14	1	360	1461	1820	25	384
14	1	361	1465	1825	25	385
14	1	362	1469	1830	25	386
14	1	363	1473	1835	25	387
14	1	364	1477	1840	25	388
14	1	365	1481	1845	25	389
14	1	366	1485	1850	25	390
14	1	367	1489	1855	25	391
14	1	368	1493	1860	25	392
14	1	369	1497	1865	25	393
14	1	370	1501	1870	25	394
14	1	371	1505	1875	25	395
14	1	372	1509	1880	25	396
14	1	373	1513	1885	25	397
14	1	374	1517	1890	25	398
14	1	375	1521	1895	25	399
14	1	376	1525	1900	25	400
14	1	377	1529	1905	25	401
14	1	378	1533	1910	25	402
14	1	379	1537	1915	25	403
14	1	380	1541	1920	25	404
14	1	381	1545	1925	25	405
14	1	382	1549	1930	25	406
14	1	383	1553	1935	25	407
14	1	384	1557	1940	25	408
14	1	385	1561	1945	25	409
14	1	386	1565	1950	25	410
14	1	387	1569	1955	25	411
14	1	388	1573	1960	25	412
14	1	389	1577	1965	25	413
14	1	390	1581	1970	25	414
14	1	391	1585	1975	25	415
14	1	392	1589	1980	25	416
14	1	393	1593	1985	25	417
14	1	394	1597	1990	25	418
14	1	395	1601	1995	25	419
14	1	396	1605	2000	25	420
14	1	397	1609	2005	25	421
14	1	398	1613	2010	25	422
14	1	399	1617	2015	25	423
15	0	1	25	25	25	25
15	0	2	29	25	30	26
15	0	3	33	25	35	27
15	0	4	37	25	40	28
15	0	5	41	25	45	29
15	0	6	45	25	50	30
15	0	7	49	25	55	31
15	0	8	53	25	60	32
15	0	9	57	25	65	33
15	0	10	61	25	70	34
15	0	11	65	25	75	35
15	0	12	69	25	80	36
15	0	13	73	25	85	37
15	0	14	77	25	90	38
15	0	15	81	25	95	39
15	0	16	85	25	100	40
15	0	17	89	25	105	41
15	0	18	93	25	110	42
15	0	19	97	25	115	43
15	0	20	101	25	120	44
15	0	21	105	25	125	45
15	0	22	109	25	130	46
15	0	23	113	25	135	47
15	0	24	117	25	140	48
15	0	25	121	25	145	49
15	0	26	125	25	150	50
15	0	27	129	25	155	51
15	0	28	133	25	160	52
15	0	29	137	25	165	53
15	0	30	141	25	170	54
15	0	31	145	25	175	55
15	0	32	149	25	180	56
15	0	33	153	25	185	57
15	0	34	157	25	190	58
15	0	35	161	25	195	59
15	0	36	165	25	200	60
15	0	37	169	25	205	61
15	0	38	173	25	210	62
15	0	39	177	25	215	63
15	0	40	181	25	220	64
15	0	41	185	25	225	65
15	0	42	189	25	230	66
15	0	43	193	25	235	67
15	0	44	197	25	240	68
15	0	45	201	25	245	69
15	0	46	205	25	250	70
15	0	47	209	25	255	71
15	0	48	213	25	260	72
15	0	49	217	25	265	73
15	0	50	221	25	270	74
15	0	51	225	25	275	75
15	0	52	229	25	280	76
15	0	53	233	25	285	77
15	0	54	237	25	290	78
15	0	55	241	25	295	79
15	0	56	245	25	300	80
15	0	57	249	25	305	81
15	0	58	253	25	310	82
15	0	59	257	25	315	83
15	0	60	261	25	320	84
15	0	61	265	25	325	85
15	0	62	269	25	330	86
15	0	63	273	25	335	87
15	0	64	277	25	340	88
15	0	65	281	25	345	89
15	0	66	285	25	350	90
15	0	67	289	25	355	91
15	0	68	293	25	360	92
15	0	69	297	25	365	93
15	0	70	301	25	370	94
15	0	71	305	25	375	95
15	0	72	309	25	380	96
15	0	73	313	25	385	97
15	0	74	317	25	390	98
15	0	75	321	25	395	99
15	0	76	325	25	400	100
15	0	77	329	25	405	101
15	0	78	333	25	410	102
15	0	79	337	25	415	103
15	0	80	341	25	420	104
15	0	81	345	25	425	105
15	0	82	349	25	430	106
15	0	83	353	25	435	107
15	0	84	357	25	440	108
15	0	85	361	25	445	109
15	0	86	365	25	450	110
15	0	87	369	25	455	111
15	0	88	373	25	460	112
15	0	89	377	25	465	113
15	0	90	381	25	470	114
15	0	91	385	25	475	115
15	0	92	389	25	480	116
15	0	93	393	25	485	117
15	0	94	397	25	490	118
15	0	95	401	25	495	119
15	0	96	405	25	500	120
15	0	97	409	25	505	121
15	0	98	413	25	510	122
15	0	99	417	25	515	123
15	0	100	421	25	520	124
15	0	101	425	25	525	125
15	0	102	429	25	530	126
15	0	103	433	25	535	127
15	0	104	437	25	540	128
15	0	105	441	25	545	129
15	0	106	445	25	550	130
15	0	107	449	25	555	131
15	0	108	453	25	560	132
15	0	109	457	25	565	133
15	0	110	461	25	570	134
15	0	111	465	25	575	135
15	0	112	469	25	580	136
15	0	113	473	25	585	137
15	0	114	477	25	590	138
15	0	115	481	25	595	139
15	0	116	485	25	600	140
15	0	117	489	25	605	141
15	0	118	493	25	610	142
15	0	119	497	25	615	143
15	0	120	501	25	620	144
15	0	121	505	25	625	145
15	0	122	509	25	630	146
15	0	123	513	25	635	147
15	0	124	517	25	640	148
15	0	125	521	25	645	149
15	0	126	525	25	650	150
15	0	127	529	25	655	151
15	0	128	533	25	660	152
15	0	129	537	25	665	153
15	0	130	541	25	670	154
15	0	131	545	25	675	155
15	0	132	549	25	680	156
15	0	133	553	25	685	157
15	0	134	557	25	690	158
15	0	135	561	25	695	159
15	0	136	565	25	700	160
15	0	137	569	25	705	161
15	0	138	573	25	710	162
15	0	139	577	25	715	163
15	0	140	581	25	720	164
15	0	141	585	25	725	165
15	0	142	589	25	730	166
15	0	143	593	25	735	167
15	0	144	597	25	740	168
15	0	145	601	25	745	169
15	0	146	605	25	750	170
15	0	147	609	25	755	171
15	0	148	613	25	760	172
15	0	149	617	25	765	173
15	0	150	621	25	770	174
15	0	151	625	25	775	175
15	0	152	629	25	780	176
15	0	153	633	25	785	177
15	0	154	637	25	790	178
15	0	155	641	25	795	179
15	0	156	645	25	800	180
15	0	157	649	25	805	181
15	0	158	653	25	810	182
15	0	159	657	25	815	183
15	0	160	661	25	820	184
15	0	161	665	25	825	185
15	0	162	669	25	830	186
15	0	163	673	25	835	187
15	0	164	677	25	840	188
15	0	165	681	25	845	189
15	0	166	685	25	850	190
15	0	167	689	25	855	191
15	0	168	693	25	860	192
15	0	169	697	25	865	193
15	0	170	701	25	870	194
15	0	171	705	25	875	195
15	0	172	709	25	880	196
15	0	173	713	25	885	197
15	0	174	717	25	890	198
15	0	175	721	25	895	199
15	0	176	725	25	900	200
15	0	177	729	25	905	201
15	0	178	733	25	910	202
15	0	179	737	25	915	203
15	0	180	741	25	920	204
15	0	181	745	25	925	205
15	0	182	749	25	930	206
15	0	183	753	25	935	207
15	0	184	757	25	940	208
15	0	185	761	25	945	209
15	0	186	765	25	950	210
15	0	187	769	25	955	211
15	0	188	773	25	960	212
15	0	189	777	25	965	213
15	0	190	781	25	970	214
15	0	191	785	25	975	215
15	0	192	789	25	980	216
15	0	193	793	25	985	217
15	0	194	797	25	990	218
15	0	195	801	25	995	219
15	0	196	805	25	1000	220
15	0	197	809	25	1005	221
15	0	198	813	25	1010	222
15	0	199	817	25	1015	223
15	0	200	821	25	1020	224
15	0	201	825	25	1025	225
15	0	202	829	25	1030	226
15	0	203	833	25	1035	227
15	0	204	837	25	1040	228
15	0	205	841	25	1045	229
15	0	206	845	25	1050	230
15	0	207	849	25	1055	231
15	0	208	853	25	1060	232
15	0	209	857	25	1065	233
15	0	210	861	25	1070	234
15	0	211	865	25	1075	235
15	0	212	869	25	1080	236
15	0	213	873	25	1085	237
15	0	214	877	25	1090	238
15	0	215	881	25	1095	239
15	0	216	885	25	1100	240
15	0	217	889	25	1105	241
15	0	218	893	25	1110	242
15	0	219	897	25	1115	243
15	0	220	901	25	1120	244
15	0	221	905	25	1125	245
15	0	222	909	25	1130	246
15	0	223	913	25	1135	247
15	0	224	917	25	1140	248
15	0	225	921	25	1145	249
15	0	226	925	25	1150	250
15	0	227	929	25	1155	251
15	0	228	933	25	1160	252
15	0	229	937	25	1165	253
15	0	230	941	25	1170	254
15	0	231	945	25	1175	255
15	0	232	949	25	1180	256
15	0	233	953	25	1185	257
15	0	234	957	25	1190	258
15	0	235	961	25	1195	259
15	0	236	965	25	1200	260
15	0	237	969	25	1205	261
15	0	238	973	25	1210	262
15	0	239	977	25	1215	263
15	0	240	981	25	1220	264
15	0	241	985	25	1225	265
15	0	242	989	25	1230	266
15	0	243	993	25	1235	267
15	0	244	997	25	1240	268
15	0	245	1001	25	1245	269
15	0	246	1005	25	1250	270
15	0	247	1009	25	1255	271
15	0	248	1013	25	1260	272
15	0	249	1017	25	1265	273
15	0	250	1021	25	1270	274
15	0	251	1025	25	1275	275
15	0	252	1029	25	1280	276
15	0	253	1033	25	1285	277
15	0	254	1037	25	1290	278
15	0	255	1041	25	1295	279
15	0	256	1045	25	1300	280
15	0	257	1049	25	1305	281
15	0	258	1053	25	1310	282
15	0	259	1057	25	1315	283
15	0	260	1061	25	1320	284
15	0	261	1065	25	1325	285
15	0	262	1069	25	1330	286
15	0	263	1073	25	1335	287
15	0	264	1077	25	1340	288
15	0	265	1081	25	1345	289
15	0	266	1085	25	1350	290
15	0	267	1089	25	1355	291
15	0	268	1093	25	1360	292
15	0	269	1097	25	1365	293
15	0	270	1101	25	1370	294
15	0	271	1105	25	1375	295
15	0	272	1109	25	1380	296
15	0	273	1113	25	1385	297
15	0	274	1117	25	1390	298
15	0	275	1121	25	1395	299
15	0	276	1125	25	1400	300
15	0	277	1129	25	1405	301
15	0	278	1133	25	1410	302
15	0	279	1137	25	1415	303
15	0	280	1141	25	1420	304
15	0	281	1145	25	1425	305
15	0	282	1149	25	1430	306
15	0	283	1153	25	1435	307
15	0	284	1157	25	1440	308
15	0	285	1161	25	1445	309
15	0	286	1165	25	1450	310
15	0	287	1169	25	1455	311
15	0	288	1173	25	1460	312
15	0	289	1177	25	1465	313
15	0	290	1181	25	1470	314
15	0	291	1185	25	1475	315
15	0	292	1189	25	1480	316
15	0	293	1193	25	1485	317
15	0	294	1197	25	1490	318
15	0	295	1201	25	1495	319
15	0	296	1205	25	1500	320
15	0	297	1209	25	1505	321
15	0	298	1213	25	1510	322
15	0	299	1217	25	1515	323
15	0	300	1221	25	1520	324
15	0	301	1225	25	1525	325
15	0	302	1229	25	1530	326
15	0	303	1233	25	1535	327
15	0	304	1237	25	1540	328
15	0	305	1241	25	1545	329
15	0	306	1245	25	1550	330
15	0	307	1249	25	1555	331
15	0	308	1253	25	1560	332
15	0	309	1257	25	1565	333
15	0	310	1261	25	1570	334
15	0	311	1265	25	1575	335
15	0	312	1269	25	1580	336
15	0	313	1273	25	1585	337
15	0	314	1277	25	1590	338
15	0	315	1281	25	1595	339
15	0	316	1285	25	1600	340
15	0	317	1289	25	1605	341
15	0	318	1293	25	1610	342
15	0	319	1297	25	1615	343
15	0	320	1301	25	1620	344
15	0	321	1305	25	1625	345
15	0	322	1309	25	1630	346
15	0	323	1313	25	1635	347
15	0	324	1317	25	1640	348
15	0	325	1321	25	1645	349
15	0	326	1325	25	1650	350
15	0	327	1329	25	1655	351
15	0	328	1333	25	1660	352
15	0	329	1337	25	1665	353
15	0	330	1341	25	1670	354
15	0	331	1345	25	1675	355
15	0	332	1349	25	1680	356
15	0	333	1353	25	1685	357
15	0	334	1357	25	1690	358
15	0	335	1361	25	1695	359
15	0	336	1365	25	1700	360
15	0	337	1369	25	1705	361
15	0	338	1373	25	1710	362
15	0	339	1377	25	1715	363
15	0	340	1381	25	1720	364
15	0	341	1385	25	1725	365
15	0	342	1389	25	1730	366
15	0	343	1393	25	1735	367
15	0	344	1397	25	1740	368
15	0	345	1401	25	1745	369
15	0	346	1405	25	1750	370
15	0	347	1409	25	1755	371
15	0	348	1413	25	1760	372
15	0	349	1417	25	1765	373
15	0	350	1421	25	1770	374
15	0	351	1425	25	1775	375
15	0	352	1429	25	1780	376
15	0	353	1433	25	1785	377
15	0	354	1437	25	1790	378
15	0	355	1441	25	1795	379
15	0	356	1445	25	1800	380
15	0	357	1449	25	1805	381
15	0	358	1453	25	1810	382
15	0	359	1457	25	1815	383
15	0	360	1461	25	1820	384
15	0	361	1465	25	1825	385
15	0	362	1469	25	1830	386
15	0	363	1473	25	1835	387
15	0	364	1477	25	1840	388
15	0	365	1481	25	1845	389
15	0	366	1485	25	1850	390
15	0	367	1489	25	1855	391
15	0	368	1493	25	1860	392
15	0	369	1497	25	1865	393
15	0	370	1501	25	1870	394
15	0	371	1505	25	1875	395
15	0	372	1509	25	1880	396
15	0	373	1513	25	1885	397
15	0	374	1517	25	1890	398
15	0	375	1521	25	1895	399
15	0	376	1525	25	1900	400
15	0	377	1529	25	1905	401
15	0	378	1533	25	1910	402
15	0	379	1537	25	1915	403
15	0	380	1541	25	1920	404
15	0	381	1545	25	1925	405
15	0	382	1549	25	1930	406
15	0	383	1553	25	1935	407
15	0	384	1557	25	1940	408
15	0	385	1561	25	1945	409
15	0	386	1565	25	1950	410
15	0	387	1569	25	1955	411
15	0	388	1573	25	1960	412
15	0	389	1577	25	1965	413
15	0	390	1581	25	1970	414
15	0	391	1585	25	1975	415
15	0	392	1589	25	1980	416
15	0	393	1593	25	1985	417
15	0	394	1597	25	1990	418
15	0	395	1601	25	1995	419
15	0	396	1605	25	2000	420
15	0	397	1609	25	2005	421
15	0	398	1613	25	2010	422
15	0	399	1617	25	2015	423
15	1	1	25	25	25	25
15	1	2	29	30	25	26
15	1	3	33	35	25	27
15	1	4	37	40	25	28
15	1	5	41	45	25	29
15	1	6	45	50	25	30
15	1	7	49	55	25	31
15	1	8	53	60	25	32
15	1	9	57	65	25	33
15	1	10	61	70	25	34
15	1	11	65	75	25	35
15	1	12	69	80	25	36
15	1	13	73	85	25	37
15	1	14	77	90	25	38
15	1	15	81	95	25	39
15	1	16	85	100	25	40
15	1	17	89	105	25	41
15	1	18	93	110	25	42
15	1	19	97	115	25	43
15	1	20	101	120	25	44
15	1	21	105	125	25	45
15	1	22	109	130	25	46
15	1	23	113	135	25	47
15	1	24	117	140	25	48
15	1	25	121	145	25	49
15	1	26	125	150	25	50
15	1	27	129	155	25	51
15	1	28	133	160	25	52
15	1	29	137	165	25	53
15	1	30	141	170	25	54
15	1	31	145	175	25	55
15	1	32	149	180	25	56
15	1	33	153	185	25	57
15	1	34	157	190	25	58
15	1	35	161	195	25	59
15	1	36	165	200	25	60
15	1	37	169	205	25	61
15	1	38	173	210	25	62
15	1	39	177	215	25	63
15	1	40	181	220	25	64
15	1	41	185	225	25	65
15	1	42	189	230	25	66
15	1	43	193	235	25	67
15	1	44	197	240	25	68
15	1	45	201	245	25	69
15	1	46	205	250	25	70
15	1	47	209	255	25	71
15	1	48	213	260	25	72
15	1	49	217	265	25	73
15	1	50	221	270	25	74
15	1	51	225	275	25	75
15	1	52	229	280	25	76
15	1	53	233	285	25	77
15	1	54	237	290	25	78
15	1	55	241	295	25	79
15	1	56	245	300	25	80
15	1	57	249	305	25	81
15	1	58	253	310	25	82
15	1	59	257	315	25	83
15	1	60	261	320	25	84
15	1	61	265	325	25	85
15	1	62	269	330	25	86
15	1	63	273	335	25	87
15	1	64	277	340	25	88
15	1	65	281	345	25	89
15	1	66	285	350	25	90
15	1	67	289	355	25	91
15	1	68	293	360	25	92
15	1	69	297	365	25	93
15	1	70	301	370	25	94
15	1	71	305	375	25	95
15	1	72	309	380	25	96
15	1	73	313	385	25	97
15	1	74	317	390	25	98
15	1	75	321	395	25	99
15	1	76	325	400	25	100
15	1	77	329	405	25	101
15	1	78	333	410	25	102
15	1	79	337	415	25	103
15	1	80	341	420	25	104
15	1	81	345	425	25	105
15	1	82	349	430	25	106
15	1	83	353	435	25	107
15	1	84	357	440	25	108
15	1	85	361	445	25	109
15	1	86	365	450	25	110
15	1	87	369	455	25	111
15	1	88	373	460	25	112
15	1	89	377	465	25	113
15	1	90	381	470	25	114
15	1	91	385	475	25	115
15	1	92	389	480	25	116
15	1	93	393	485	25	117
15	1	94	397	490	25	118
15	1	95	401	495	25	119
15	1	96	405	500	25	120
15	1	97	409	505	25	121
15	1	98	413	510	25	122
15	1	99	417	515	25	123
15	1	100	421	520	25	124
15	1	101	425	525	25	125
15	1	102	429	530	25	126
15	1	103	433	535	25	127
15	1	104	437	540	25	128
15	1	105	441	545	25	129
15	1	106	445	550	25	130
15	1	107	449	555	25	131
15	1	108	453	560	25	132
15	1	109	457	565	25	133
15	1	110	461	570	25	134
15	1	111	465	575	25	135
15	1	112	469	580	25	136
15	1	113	473	585	25	137
15	1	114	477	590	25	138
15	1	115	481	595	25	139
15	1	116	485	600	25	140
15	1	117	489	605	25	141
15	1	118	493	610	25	142
15	1	119	497	615	25	143
15	1	120	501	620	25	144
15	1	121	505	625	25	145
15	1	122	509	630	25	146
15	1	123	513	635	25	147
15	1	124	517	640	25	148
15	1	125	521	645	25	149
15	1	126	525	650	25	150
15	1	127	529	655	25	151
15	1	128	533	660	25	152
15	1	129	537	665	25	153
15	1	130	541	670	25	154
15	1	131	545	675	25	155
15	1	132	549	680	25	156
15	1	133	553	685	25	157
15	1	134	557	690	25	158
15	1	135	561	695	25	159
15	1	136	565	700	25	160
15	1	137	569	705	25	161
15	1	138	573	710	25	162
15	1	139	577	715	25	163
15	1	140	581	720	25	164
15	1	141	585	725	25	165
15	1	142	589	730	25	166
15	1	143	593	735	25	167
15	1	144	597	740	25	168
15	1	145	601	745	25	169
15	1	146	605	750	25	170
15	1	147	609	755	25	171
15	1	148	613	760	25	172
15	1	149	617	765	25	173
15	1	150	621	770	25	174
15	1	151	625	775	25	175
15	1	152	629	780	25	176
15	1	153	633	785	25	177
15	1	154	637	790	25	178
15	1	155	641	795	25	179
15	1	156	645	800	25	180
15	1	157	649	805	25	181
15	1	158	653	810	25	182
15	1	159	657	815	25	183
15	1	160	661	820	25	184
15	1	161	665	825	25	185
15	1	162	669	830	25	186
15	1	163	673	835	25	187
15	1	164	677	840	25	188
15	1	165	681	845	25	189
15	1	166	685	850	25	190
15	1	167	689	855	25	191
15	1	168	693	860	25	192
15	1	169	697	865	25	193
15	1	170	701	870	25	194
15	1	171	705	875	25	195
15	1	172	709	880	25	196
15	1	173	713	885	25	197
15	1	174	717	890	25	198
15	1	175	721	895	25	199
15	1	176	725	900	25	200
15	1	177	729	905	25	201
15	1	178	733	910	25	202
15	1	179	737	915	25	203
15	1	180	741	920	25	204
15	1	181	745	925	25	205
15	1	182	749	930	25	206
15	1	183	753	935	25	207
15	1	184	757	940	25	208
15	1	185	761	945	25	209
15	1	186	765	950	25	210
15	1	187	769	955	25	211
15	1	188	773	960	25	212
15	1	189	777	965	25	213
15	1	190	781	970	25	214
15	1	191	785	975	25	215
15	1	192	789	980	25	216
15	1	193	793	985	25	217
15	1	194	797	990	25	218
15	1	195	801	995	25	219
15	1	196	805	1000	25	220
15	1	197	809	1005	25	221
15	1	198	813	1010	25	222
15	1	199	817	1015	25	223
15	1	200	821	1020	25	224
15	1	201	825	1025	25	225
15	1	202	829	1030	25	226
15	1	203	833	1035	25	227
15	1	204	837	1040	25	228
15	1	205	841	1045	25	229
15	1	206	845	1050	25	230
15	1	207	849	1055	25	231
15	1	208	853	1060	25	232
15	1	209	857	1065	25	233
15	1	210	861	1070	25	234
15	1	211	865	1075	25	235
15	1	212	869	1080	25	236
15	1	213	873	1085	25	237
15	1	214	877	1090	25	238
15	1	215	881	1095	25	239
15	1	216	885	1100	25	240
15	1	217	889	1105	25	241
15	1	218	893	1110	25	242
15	1	219	897	1115	25	243
15	1	220	901	1120	25	244
15	1	221	905	1125	25	245
15	1	222	909	1130	25	246
15	1	223	913	1135	25	247
15	1	224	917	1140	25	248
15	1	225	921	1145	25	249
15	1	226	925	1150	25	250
15	1	227	929	1155	25	251
15	1	228	933	1160	25	252
15	1	229	937	1165	25	253
15	1	230	941	1170	25	254
15	1	231	945	1175	25	255
15	1	232	949	1180	25	256
15	1	233	953	1185	25	257
15	1	234	957	1190	25	258
15	1	235	961	1195	25	259
15	1	236	965	1200	25	260
15	1	237	969	1205	25	261
15	1	238	973	1210	25	262
15	1	239	977	1215	25	263
15	1	240	981	1220	25	264
15	1	241	985	1225	25	265
15	1	242	989	1230	25	266
15	1	243	993	1235	25	267
15	1	244	997	1240	25	268
15	1	245	1001	1245	25	269
15	1	246	1005	1250	25	270
15	1	247	1009	1255	25	271
15	1	248	1013	1260	25	272
15	1	249	1017	1265	25	273
15	1	250	1021	1270	25	274
15	1	251	1025	1275	25	275
15	1	252	1029	1280	25	276
15	1	253	1033	1285	25	277
15	1	254	1037	1290	25	278
15	1	255	1041	1295	25	279
15	1	256	1045	1300	25	280
15	1	257	1049	1305	25	281
15	1	258	1053	1310	25	282
15	1	259	1057	1315	25	283
15	1	260	1061	1320	25	284
15	1	261	1065	1325	25	285
15	1	262	1069	1330	25	286
15	1	263	1073	1335	25	287
15	1	264	1077	1340	25	288
15	1	265	1081	1345	25	289
15	1	266	1085	1350	25	290
15	1	267	1089	1355	25	291
15	1	268	1093	1360	25	292
15	1	269	1097	1365	25	293
15	1	270	1101	1370	25	294
15	1	271	1105	1375	25	295
15	1	272	1109	1380	25	296
15	1	273	1113	1385	25	297
15	1	274	1117	1390	25	298
15	1	275	1121	1395	25	299
15	1	276	1125	1400	25	300
15	1	277	1129	1405	25	301
15	1	278	1133	1410	25	302
15	1	279	1137	1415	25	303
15	1	280	1141	1420	25	304
15	1	281	1145	1425	25	305
15	1	282	1149	1430	25	306
15	1	283	1153	1435	25	307
15	1	284	1157	1440	25	308
15	1	285	1161	1445	25	309
15	1	286	1165	1450	25	310
15	1	287	1169	1455	25	311
15	1	288	1173	1460	25	312
15	1	289	1177	1465	25	313
15	1	290	1181	1470	25	314
15	1	291	1185	1475	25	315
15	1	292	1189	1480	25	316
15	1	293	1193	1485	25	317
15	1	294	1197	1490	25	318
15	1	295	1201	1495	25	319
15	1	296	1205	1500	25	320
15	1	297	1209	1505	25	321
15	1	298	1213	1510	25	322
15	1	299	1217	1515	25	323
15	1	300	1221	1520	25	324
15	1	301	1225	1525	25	325
15	1	302	1229	1530	25	326
15	1	303	1233	1535	25	327
15	1	304	1237	1540	25	328
15	1	305	1241	1545	25	329
15	1	306	1245	1550	25	330
15	1	307	1249	1555	25	331
15	1	308	1253	1560	25	332
15	1	309	1257	1565	25	333
15	1	310	1261	1570	25	334
15	1	311	1265	1575	25	335
15	1	312	1269	1580	25	336
15	1	313	1273	1585	25	337
15	1	314	1277	1590	25	338
15	1	315	1281	1595	25	339
15	1	316	1285	1600	25	340
15	1	317	1289	1605	25	341
15	1	318	1293	1610	25	342
15	1	319	1297	1615	25	343
15	1	320	1301	1620	25	344
15	1	321	1305	1625	25	345
15	1	322	1309	1630	25	346
15	1	323	1313	1635	25	347
15	1	324	1317	1640	25	348
15	1	325	1321	1645	25	349
15	1	326	1325	1650	25	350
15	1	327	1329	1655	25	351
15	1	328	1333	1660	25	352
15	1	329	1337	1665	25	353
15	1	330	1341	1670	25	354
15	1	331	1345	1675	25	355
15	1	332	1349	1680	25	356
15	1	333	1353	1685	25	357
15	1	334	1357	1690	25	358
15	1	335	1361	1695	25	359
15	1	336	1365	1700	25	360
15	1	337	1369	1705	25	361
15	1	338	1373	1710	25	362
15	1	339	1377	1715	25	363
15	1	340	1381	1720	25	364
15	1	341	1385	1725	25	365
15	1	342	1389	1730	25	366
15	1	343	1393	1735	25	367
15	1	344	1397	1740	25	368
15	1	345	1401	1745	25	369
15	1	346	1405	1750	25	370
15	1	347	1409	1755	25	371
15	1	348	1413	1760	25	372
15	1	349	1417	1765	25	373
15	1	350	1421	1770	25	374
15	1	351	1425	1775	25	375
15	1	352	1429	1780	25	376
15	1	353	1433	1785	25	377
15	1	354	1437	1790	25	378
15	1	355	1441	1795	25	379
15	1	356	1445	1800	25	380
15	1	357	1449	1805	25	381
15	1	358	1453	1810	25	382
15	1	359	1457	1815	25	383
15	1	360	1461	1820	25	384
15	1	361	1465	1825	25	385
15	1	362	1469	1830	25	386
15	1	363	1473	1835	25	387
15	1	364	1477	1840	25	388
15	1	365	1481	1845	25	389
15	1	366	1485	1850	25	390
15	1	367	1489	1855	25	391
15	1	368	1493	1860	25	392
15	1	369	1497	1865	25	393
15	1	370	1501	1870	25	394
15	1	371	1505	1875	25	395
15	1	372	1509	1880	25	396
15	1	373	1513	1885	25	397
15	1	374	1517	1890	25	398
15	1	375	1521	1895	25	399
15	1	376	1525	1900	25	400
15	1	377	1529	1905	25	401
15	1	378	1533	1910	25	402
15	1	379	1537	1915	25	403
15	1	380	1541	1920	25	404
15	1	381	1545	1925	25	405
15	1	382	1549	1930	25	406
15	1	383	1553	1935	25	407
15	1	384	1557	1940	25	408
15	1	385	1561	1945	25	409
15	1	386	1565	1950	25	410
15	1	387	1569	1955	25	411
15	1	388	1573	1960	25	412
15	1	389	1577	1965	25	413
15	1	390	1581	1970	25	414
15	1	391	1585	1975	25	415
15	1	392	1589	1980	25	416
15	1	393	1593	1985	25	417
15	1	394	1597	1990	25	418
15	1	395	1601	1995	25	419
15	1	396	1605	2000	25	420
15	1	397	1609	2005	25	421
15	1	398	1613	2010	25	422
15	1	399	1617	2015	25	423
16	0	1	25	25	25	25
16	0	2	29	30	25	26
16	0	3	33	35	25	27
16	0	4	37	40	25	28
16	0	5	41	45	25	29
16	0	6	45	50	25	30
16	0	7	49	55	25	31
16	0	8	53	60	25	32
16	0	9	57	65	25	33
16	0	10	61	70	25	34
16	0	11	65	75	25	35
16	0	12	69	80	25	36
16	0	13	73	85	25	37
16	0	14	77	90	25	38
16	0	15	81	95	25	39
16	0	16	85	100	25	40
16	0	17	89	105	25	41
16	0	18	93	110	25	42
16	0	19	97	115	25	43
16	0	20	101	120	25	44
16	0	21	105	125	25	45
16	0	22	109	130	25	46
16	0	23	113	135	25	47
16	0	24	117	140	25	48
16	0	25	121	145	25	49
16	0	26	125	150	25	50
16	0	27	129	155	25	51
16	0	28	133	160	25	52
16	0	29	137	165	25	53
16	0	30	141	170	25	54
16	0	31	145	175	25	55
16	0	32	149	180	25	56
16	0	33	153	185	25	57
16	0	34	157	190	25	58
16	0	35	161	195	25	59
16	0	36	165	200	25	60
16	0	37	169	205	25	61
16	0	38	173	210	25	62
16	0	39	177	215	25	63
16	0	40	181	220	25	64
16	0	41	185	225	25	65
16	0	42	189	230	25	66
16	0	43	193	235	25	67
16	0	44	197	240	25	68
16	0	45	201	245	25	69
16	0	46	205	250	25	70
16	0	47	209	255	25	71
16	0	48	213	260	25	72
16	0	49	217	265	25	73
16	0	50	221	270	25	74
16	0	51	225	275	25	75
16	0	52	229	280	25	76
16	0	53	233	285	25	77
16	0	54	237	290	25	78
16	0	55	241	295	25	79
16	0	56	245	300	25	80
16	0	57	249	305	25	81
16	0	58	253	310	25	82
16	0	59	257	315	25	83
16	0	60	261	320	25	84
16	0	61	265	325	25	85
16	0	62	269	330	25	86
16	0	63	273	335	25	87
16	0	64	277	340	25	88
16	0	65	281	345	25	89
16	0	66	285	350	25	90
16	0	67	289	355	25	91
16	0	68	293	360	25	92
16	0	69	297	365	25	93
16	0	70	301	370	25	94
16	0	71	305	375	25	95
16	0	72	309	380	25	96
16	0	73	313	385	25	97
16	0	74	317	390	25	98
16	0	75	321	395	25	99
16	0	76	325	400	25	100
16	0	77	329	405	25	101
16	0	78	333	410	25	102
16	0	79	337	415	25	103
16	0	80	341	420	25	104
16	0	81	345	425	25	105
16	0	82	349	430	25	106
16	0	83	353	435	25	107
16	0	84	357	440	25	108
16	0	85	361	445	25	109
16	0	86	365	450	25	110
16	0	87	369	455	25	111
16	0	88	373	460	25	112
16	0	89	377	465	25	113
16	0	90	381	470	25	114
16	0	91	385	475	25	115
16	0	92	389	480	25	116
16	0	93	393	485	25	117
16	0	94	397	490	25	118
16	0	95	401	495	25	119
16	0	96	405	500	25	120
16	0	97	409	505	25	121
16	0	98	413	510	25	122
16	0	99	417	515	25	123
16	0	100	421	520	25	124
16	0	101	425	525	25	125
16	0	102	429	530	25	126
16	0	103	433	535	25	127
16	0	104	437	540	25	128
16	0	105	441	545	25	129
16	0	106	445	550	25	130
16	0	107	449	555	25	131
16	0	108	453	560	25	132
16	0	109	457	565	25	133
16	0	110	461	570	25	134
16	0	111	465	575	25	135
16	0	112	469	580	25	136
16	0	113	473	585	25	137
16	0	114	477	590	25	138
16	0	115	481	595	25	139
16	0	116	485	600	25	140
16	0	117	489	605	25	141
16	0	118	493	610	25	142
16	0	119	497	615	25	143
16	0	120	501	620	25	144
16	0	121	505	625	25	145
16	0	122	509	630	25	146
16	0	123	513	635	25	147
16	0	124	517	640	25	148
16	0	125	521	645	25	149
16	0	126	525	650	25	150
16	0	127	529	655	25	151
16	0	128	533	660	25	152
16	0	129	537	665	25	153
16	0	130	541	670	25	154
16	0	131	545	675	25	155
16	0	132	549	680	25	156
16	0	133	553	685	25	157
16	0	134	557	690	25	158
16	0	135	561	695	25	159
16	0	136	565	700	25	160
16	0	137	569	705	25	161
16	0	138	573	710	25	162
16	0	139	577	715	25	163
16	0	140	581	720	25	164
16	0	141	585	725	25	165
16	0	142	589	730	25	166
16	0	143	593	735	25	167
16	0	144	597	740	25	168
16	0	145	601	745	25	169
16	0	146	605	750	25	170
16	0	147	609	755	25	171
16	0	148	613	760	25	172
16	0	149	617	765	25	173
16	0	150	621	770	25	174
16	0	151	625	775	25	175
16	0	152	629	780	25	176
16	0	153	633	785	25	177
16	0	154	637	790	25	178
16	0	155	641	795	25	179
16	0	156	645	800	25	180
16	0	157	649	805	25	181
16	0	158	653	810	25	182
16	0	159	657	815	25	183
16	0	160	661	820	25	184
16	0	161	665	825	25	185
16	0	162	669	830	25	186
16	0	163	673	835	25	187
16	0	164	677	840	25	188
16	0	165	681	845	25	189
16	0	166	685	850	25	190
16	0	167	689	855	25	191
16	0	168	693	860	25	192
16	0	169	697	865	25	193
16	0	170	701	870	25	194
16	0	171	705	875	25	195
16	0	172	709	880	25	196
16	0	173	713	885	25	197
16	0	174	717	890	25	198
16	0	175	721	895	25	199
16	0	176	725	900	25	200
16	0	177	729	905	25	201
16	0	178	733	910	25	202
16	0	179	737	915	25	203
16	0	180	741	920	25	204
16	0	181	745	925	25	205
16	0	182	749	930	25	206
16	0	183	753	935	25	207
16	0	184	757	940	25	208
16	0	185	761	945	25	209
16	0	186	765	950	25	210
16	0	187	769	955	25	211
16	0	188	773	960	25	212
16	0	189	777	965	25	213
16	0	190	781	970	25	214
16	0	191	785	975	25	215
16	0	192	789	980	25	216
16	0	193	793	985	25	217
16	0	194	797	990	25	218
16	0	195	801	995	25	219
16	0	196	805	1000	25	220
16	0	197	809	1005	25	221
16	0	198	813	1010	25	222
16	0	199	817	1015	25	223
16	0	200	821	1020	25	224
16	0	201	825	1025	25	225
16	0	202	829	1030	25	226
16	0	203	833	1035	25	227
16	0	204	837	1040	25	228
16	0	205	841	1045	25	229
16	0	206	845	1050	25	230
16	0	207	849	1055	25	231
16	0	208	853	1060	25	232
16	0	209	857	1065	25	233
16	0	210	861	1070	25	234
16	0	211	865	1075	25	235
16	0	212	869	1080	25	236
16	0	213	873	1085	25	237
16	0	214	877	1090	25	238
16	0	215	881	1095	25	239
16	0	216	885	1100	25	240
16	0	217	889	1105	25	241
16	0	218	893	1110	25	242
16	0	219	897	1115	25	243
16	0	220	901	1120	25	244
16	0	221	905	1125	25	245
16	0	222	909	1130	25	246
16	0	223	913	1135	25	247
16	0	224	917	1140	25	248
16	0	225	921	1145	25	249
16	0	226	925	1150	25	250
16	0	227	929	1155	25	251
16	0	228	933	1160	25	252
16	0	229	937	1165	25	253
16	0	230	941	1170	25	254
16	0	231	945	1175	25	255
16	0	232	949	1180	25	256
16	0	233	953	1185	25	257
16	0	234	957	1190	25	258
16	0	235	961	1195	25	259
16	0	236	965	1200	25	260
16	0	237	969	1205	25	261
16	0	238	973	1210	25	262
16	0	239	977	1215	25	263
16	0	240	981	1220	25	264
16	0	241	985	1225	25	265
16	0	242	989	1230	25	266
16	0	243	993	1235	25	267
16	0	244	997	1240	25	268
16	0	245	1001	1245	25	269
16	0	246	1005	1250	25	270
16	0	247	1009	1255	25	271
16	0	248	1013	1260	25	272
16	0	249	1017	1265	25	273
16	0	250	1021	1270	25	274
16	0	251	1025	1275	25	275
16	0	252	1029	1280	25	276
16	0	253	1033	1285	25	277
16	0	254	1037	1290	25	278
16	0	255	1041	1295	25	279
16	0	256	1045	1300	25	280
16	0	257	1049	1305	25	281
16	0	258	1053	1310	25	282
16	0	259	1057	1315	25	283
16	0	260	1061	1320	25	284
16	0	261	1065	1325	25	285
16	0	262	1069	1330	25	286
16	0	263	1073	1335	25	287
16	0	264	1077	1340	25	288
16	0	265	1081	1345	25	289
16	0	266	1085	1350	25	290
16	0	267	1089	1355	25	291
16	0	268	1093	1360	25	292
16	0	269	1097	1365	25	293
16	0	270	1101	1370	25	294
16	0	271	1105	1375	25	295
16	0	272	1109	1380	25	296
16	0	273	1113	1385	25	297
16	0	274	1117	1390	25	298
16	0	275	1121	1395	25	299
16	0	276	1125	1400	25	300
16	0	277	1129	1405	25	301
16	0	278	1133	1410	25	302
16	0	279	1137	1415	25	303
16	0	280	1141	1420	25	304
16	0	281	1145	1425	25	305
16	0	282	1149	1430	25	306
16	0	283	1153	1435	25	307
16	0	284	1157	1440	25	308
16	0	285	1161	1445	25	309
16	0	286	1165	1450	25	310
16	0	287	1169	1455	25	311
16	0	288	1173	1460	25	312
16	0	289	1177	1465	25	313
16	0	290	1181	1470	25	314
16	0	291	1185	1475	25	315
16	0	292	1189	1480	25	316
16	0	293	1193	1485	25	317
16	0	294	1197	1490	25	318
16	0	295	1201	1495	25	319
16	0	296	1205	1500	25	320
16	0	297	1209	1505	25	321
16	0	298	1213	1510	25	322
16	0	299	1217	1515	25	323
16	0	300	1221	1520	25	324
16	0	301	1225	1525	25	325
16	0	302	1229	1530	25	326
16	0	303	1233	1535	25	327
16	0	304	1237	1540	25	328
16	0	305	1241	1545	25	329
16	0	306	1245	1550	25	330
16	0	307	1249	1555	25	331
16	0	308	1253	1560	25	332
16	0	309	1257	1565	25	333
16	0	310	1261	1570	25	334
16	0	311	1265	1575	25	335
16	0	312	1269	1580	25	336
16	0	313	1273	1585	25	337
16	0	314	1277	1590	25	338
16	0	315	1281	1595	25	339
16	0	316	1285	1600	25	340
16	0	317	1289	1605	25	341
16	0	318	1293	1610	25	342
16	0	319	1297	1615	25	343
16	0	320	1301	1620	25	344
16	0	321	1305	1625	25	345
16	0	322	1309	1630	25	346
16	0	323	1313	1635	25	347
16	0	324	1317	1640	25	348
16	0	325	1321	1645	25	349
16	0	326	1325	1650	25	350
16	0	327	1329	1655	25	351
16	0	328	1333	1660	25	352
16	0	329	1337	1665	25	353
16	0	330	1341	1670	25	354
16	0	331	1345	1675	25	355
16	0	332	1349	1680	25	356
16	0	333	1353	1685	25	357
16	0	334	1357	1690	25	358
16	0	335	1361	1695	25	359
16	0	336	1365	1700	25	360
16	0	337	1369	1705	25	361
16	0	338	1373	1710	25	362
16	0	339	1377	1715	25	363
16	0	340	1381	1720	25	364
16	0	341	1385	1725	25	365
16	0	342	1389	1730	25	366
16	0	343	1393	1735	25	367
16	0	344	1397	1740	25	368
16	0	345	1401	1745	25	369
16	0	346	1405	1750	25	370
16	0	347	1409	1755	25	371
16	0	348	1413	1760	25	372
16	0	349	1417	1765	25	373
16	0	350	1421	1770	25	374
16	0	351	1425	1775	25	375
16	0	352	1429	1780	25	376
16	0	353	1433	1785	25	377
16	0	354	1437	1790	25	378
16	0	355	1441	1795	25	379
16	0	356	1445	1800	25	380
16	0	357	1449	1805	25	381
16	0	358	1453	1810	25	382
16	0	359	1457	1815	25	383
16	0	360	1461	1820	25	384
16	0	361	1465	1825	25	385
16	0	362	1469	1830	25	386
16	0	363	1473	1835	25	387
16	0	364	1477	1840	25	388
16	0	365	1481	1845	25	389
16	0	366	1485	1850	25	390
16	0	367	1489	1855	25	391
16	0	368	1493	1860	25	392
16	0	369	1497	1865	25	393
16	0	370	1501	1870	25	394
16	0	371	1505	1875	25	395
16	0	372	1509	1880	25	396
16	0	373	1513	1885	25	397
16	0	374	1517	1890	25	398
16	0	375	1521	1895	25	399
16	0	376	1525	1900	25	400
16	0	377	1529	1905	25	401
16	0	378	1533	1910	25	402
16	0	379	1537	1915	25	403
16	0	380	1541	1920	25	404
16	0	381	1545	1925	25	405
16	0	382	1549	1930	25	406
16	0	383	1553	1935	25	407
16	0	384	1557	1940	25	408
16	0	385	1561	1945	25	409
16	0	386	1565	1950	25	410
16	0	387	1569	1955	25	411
16	0	388	1573	1960	25	412
16	0	389	1577	1965	25	413
16	0	390	1581	1970	25	414
16	0	391	1585	1975	25	415
16	0	392	1589	1980	25	416
16	0	393	1593	1985	25	417
16	0	394	1597	1990	25	418
16	0	395	1601	1995	25	419
16	0	396	1605	2000	25	420
16	0	397	1609	2005	25	421
16	0	398	1613	2010	25	422
16	0	399	1617	2015	25	423
16	1	1	25	25	25	25
16	1	2	29	25	30	26
16	1	3	33	25	35	27
16	1	4	37	25	40	28
16	1	5	41	25	45	29
16	1	6	45	25	50	30
16	1	7	49	25	55	31
16	1	8	53	25	60	32
16	1	9	57	25	65	33
16	1	10	61	25	70	34
16	1	11	65	25	75	35
16	1	12	69	25	80	36
16	1	13	73	25	85	37
16	1	14	77	25	90	38
16	1	15	81	25	95	39
16	1	16	85	25	100	40
16	1	17	89	25	105	41
16	1	18	93	25	110	42
16	1	19	97	25	115	43
16	1	20	101	25	120	44
16	1	21	105	25	125	45
16	1	22	109	25	130	46
16	1	23	113	25	135	47
16	1	24	117	25	140	48
16	1	25	121	25	145	49
16	1	26	125	25	150	50
16	1	27	129	25	155	51
16	1	28	133	25	160	52
16	1	29	137	25	165	53
16	1	30	141	25	170	54
16	1	31	145	25	175	55
16	1	32	149	25	180	56
16	1	33	153	25	185	57
16	1	34	157	25	190	58
16	1	35	161	25	195	59
16	1	36	165	25	200	60
16	1	37	169	25	205	61
16	1	38	173	25	210	62
16	1	39	177	25	215	63
16	1	40	181	25	220	64
16	1	41	185	25	225	65
16	1	42	189	25	230	66
16	1	43	193	25	235	67
16	1	44	197	25	240	68
16	1	45	201	25	245	69
16	1	46	205	25	250	70
16	1	47	209	25	255	71
16	1	48	213	25	260	72
16	1	49	217	25	265	73
16	1	50	221	25	270	74
16	1	51	225	25	275	75
16	1	52	229	25	280	76
16	1	53	233	25	285	77
16	1	54	237	25	290	78
16	1	55	241	25	295	79
16	1	56	245	25	300	80
16	1	57	249	25	305	81
16	1	58	253	25	310	82
16	1	59	257	25	315	83
16	1	60	261	25	320	84
16	1	61	265	25	325	85
16	1	62	269	25	330	86
16	1	63	273	25	335	87
16	1	64	277	25	340	88
16	1	65	281	25	345	89
16	1	66	285	25	350	90
16	1	67	289	25	355	91
16	1	68	293	25	360	92
16	1	69	297	25	365	93
16	1	70	301	25	370	94
16	1	71	305	25	375	95
16	1	72	309	25	380	96
16	1	73	313	25	385	97
16	1	74	317	25	390	98
16	1	75	321	25	395	99
16	1	76	325	25	400	100
16	1	77	329	25	405	101
16	1	78	333	25	410	102
16	1	79	337	25	415	103
16	1	80	341	25	420	104
16	1	81	345	25	425	105
16	1	82	349	25	430	106
16	1	83	353	25	435	107
16	1	84	357	25	440	108
16	1	85	361	25	445	109
16	1	86	365	25	450	110
16	1	87	369	25	455	111
16	1	88	373	25	460	112
16	1	89	377	25	465	113
16	1	90	381	25	470	114
16	1	91	385	25	475	115
16	1	92	389	25	480	116
16	1	93	393	25	485	117
16	1	94	397	25	490	118
16	1	95	401	25	495	119
16	1	96	405	25	500	120
16	1	97	409	25	505	121
16	1	98	413	25	510	122
16	1	99	417	25	515	123
16	1	100	421	25	520	124
16	1	101	425	25	525	125
16	1	102	429	25	530	126
16	1	103	433	25	535	127
16	1	104	437	25	540	128
16	1	105	441	25	545	129
16	1	106	445	25	550	130
16	1	107	449	25	555	131
16	1	108	453	25	560	132
16	1	109	457	25	565	133
16	1	110	461	25	570	134
16	1	111	465	25	575	135
16	1	112	469	25	580	136
16	1	113	473	25	585	137
16	1	114	477	25	590	138
16	1	115	481	25	595	139
16	1	116	485	25	600	140
16	1	117	489	25	605	141
16	1	118	493	25	610	142
16	1	119	497	25	615	143
16	1	120	501	25	620	144
16	1	121	505	25	625	145
16	1	122	509	25	630	146
16	1	123	513	25	635	147
16	1	124	517	25	640	148
16	1	125	521	25	645	149
16	1	126	525	25	650	150
16	1	127	529	25	655	151
16	1	128	533	25	660	152
16	1	129	537	25	665	153
16	1	130	541	25	670	154
16	1	131	545	25	675	155
16	1	132	549	25	680	156
16	1	133	553	25	685	157
16	1	134	557	25	690	158
16	1	135	561	25	695	159
16	1	136	565	25	700	160
16	1	137	569	25	705	161
16	1	138	573	25	710	162
16	1	139	577	25	715	163
16	1	140	581	25	720	164
16	1	141	585	25	725	165
16	1	142	589	25	730	166
16	1	143	593	25	735	167
16	1	144	597	25	740	168
16	1	145	601	25	745	169
16	1	146	605	25	750	170
16	1	147	609	25	755	171
16	1	148	613	25	760	172
16	1	149	617	25	765	173
16	1	150	621	25	770	174
16	1	151	625	25	775	175
16	1	152	629	25	780	176
16	1	153	633	25	785	177
16	1	154	637	25	790	178
16	1	155	641	25	795	179
16	1	156	645	25	800	180
16	1	157	649	25	805	181
16	1	158	653	25	810	182
16	1	159	657	25	815	183
16	1	160	661	25	820	184
16	1	161	665	25	825	185
16	1	162	669	25	830	186
16	1	163	673	25	835	187
16	1	164	677	25	840	188
16	1	165	681	25	845	189
16	1	166	685	25	850	190
16	1	167	689	25	855	191
16	1	168	693	25	860	192
16	1	169	697	25	865	193
16	1	170	701	25	870	194
16	1	171	705	25	875	195
16	1	172	709	25	880	196
16	1	173	713	25	885	197
16	1	174	717	25	890	198
16	1	175	721	25	895	199
16	1	176	725	25	900	200
16	1	177	729	25	905	201
16	1	178	733	25	910	202
16	1	179	737	25	915	203
16	1	180	741	25	920	204
16	1	181	745	25	925	205
16	1	182	749	25	930	206
16	1	183	753	25	935	207
16	1	184	757	25	940	208
16	1	185	761	25	945	209
16	1	186	765	25	950	210
16	1	187	769	25	955	211
16	1	188	773	25	960	212
16	1	189	777	25	965	213
16	1	190	781	25	970	214
16	1	191	785	25	975	215
16	1	192	789	25	980	216
16	1	193	793	25	985	217
16	1	194	797	25	990	218
16	1	195	801	25	995	219
16	1	196	805	25	1000	220
16	1	197	809	25	1005	221
16	1	198	813	25	1010	222
16	1	199	817	25	1015	223
16	1	200	821	25	1020	224
16	1	201	825	25	1025	225
16	1	202	829	25	1030	226
16	1	203	833	25	1035	227
16	1	204	837	25	1040	228
16	1	205	841	25	1045	229
16	1	206	845	25	1050	230
16	1	207	849	25	1055	231
16	1	208	853	25	1060	232
16	1	209	857	25	1065	233
16	1	210	861	25	1070	234
16	1	211	865	25	1075	235
16	1	212	869	25	1080	236
16	1	213	873	25	1085	237
16	1	214	877	25	1090	238
16	1	215	881	25	1095	239
16	1	216	885	25	1100	240
16	1	217	889	25	1105	241
16	1	218	893	25	1110	242
16	1	219	897	25	1115	243
16	1	220	901	25	1120	244
16	1	221	905	25	1125	245
16	1	222	909	25	1130	246
16	1	223	913	25	1135	247
16	1	224	917	25	1140	248
16	1	225	921	25	1145	249
16	1	226	925	25	1150	250
16	1	227	929	25	1155	251
16	1	228	933	25	1160	252
16	1	229	937	25	1165	253
16	1	230	941	25	1170	254
16	1	231	945	25	1175	255
16	1	232	949	25	1180	256
16	1	233	953	25	1185	257
16	1	234	957	25	1190	258
16	1	235	961	25	1195	259
16	1	236	965	25	1200	260
16	1	237	969	25	1205	261
16	1	238	973	25	1210	262
16	1	239	977	25	1215	263
16	1	240	981	25	1220	264
16	1	241	985	25	1225	265
16	1	242	989	25	1230	266
16	1	243	993	25	1235	267
16	1	244	997	25	1240	268
16	1	245	1001	25	1245	269
16	1	246	1005	25	1250	270
16	1	247	1009	25	1255	271
16	1	248	1013	25	1260	272
16	1	249	1017	25	1265	273
16	1	250	1021	25	1270	274
16	1	251	1025	25	1275	275
16	1	252	1029	25	1280	276
16	1	253	1033	25	1285	277
16	1	254	1037	25	1290	278
16	1	255	1041	25	1295	279
16	1	256	1045	25	1300	280
16	1	257	1049	25	1305	281
16	1	258	1053	25	1310	282
16	1	259	1057	25	1315	283
16	1	260	1061	25	1320	284
16	1	261	1065	25	1325	285
16	1	262	1069	25	1330	286
16	1	263	1073	25	1335	287
16	1	264	1077	25	1340	288
16	1	265	1081	25	1345	289
16	1	266	1085	25	1350	290
16	1	267	1089	25	1355	291
16	1	268	1093	25	1360	292
16	1	269	1097	25	1365	293
16	1	270	1101	25	1370	294
16	1	271	1105	25	1375	295
16	1	272	1109	25	1380	296
16	1	273	1113	25	1385	297
16	1	274	1117	25	1390	298
16	1	275	1121	25	1395	299
16	1	276	1125	25	1400	300
16	1	277	1129	25	1405	301
16	1	278	1133	25	1410	302
16	1	279	1137	25	1415	303
16	1	280	1141	25	1420	304
16	1	281	1145	25	1425	305
16	1	282	1149	25	1430	306
16	1	283	1153	25	1435	307
16	1	284	1157	25	1440	308
16	1	285	1161	25	1445	309
16	1	286	1165	25	1450	310
16	1	287	1169	25	1455	311
16	1	288	1173	25	1460	312
16	1	289	1177	25	1465	313
16	1	290	1181	25	1470	314
16	1	291	1185	25	1475	315
16	1	292	1189	25	1480	316
16	1	293	1193	25	1485	317
16	1	294	1197	25	1490	318
16	1	295	1201	25	1495	319
16	1	296	1205	25	1500	320
16	1	297	1209	25	1505	321
16	1	298	1213	25	1510	322
16	1	299	1217	25	1515	323
16	1	300	1221	25	1520	324
16	1	301	1225	25	1525	325
16	1	302	1229	25	1530	326
16	1	303	1233	25	1535	327
16	1	304	1237	25	1540	328
16	1	305	1241	25	1545	329
16	1	306	1245	25	1550	330
16	1	307	1249	25	1555	331
16	1	308	1253	25	1560	332
16	1	309	1257	25	1565	333
16	1	310	1261	25	1570	334
16	1	311	1265	25	1575	335
16	1	312	1269	25	1580	336
16	1	313	1273	25	1585	337
16	1	314	1277	25	1590	338
16	1	315	1281	25	1595	339
16	1	316	1285	25	1600	340
16	1	317	1289	25	1605	341
16	1	318	1293	25	1610	342
16	1	319	1297	25	1615	343
16	1	320	1301	25	1620	344
16	1	321	1305	25	1625	345
16	1	322	1309	25	1630	346
16	1	323	1313	25	1635	347
16	1	324	1317	25	1640	348
16	1	325	1321	25	1645	349
16	1	326	1325	25	1650	350
16	1	327	1329	25	1655	351
16	1	328	1333	25	1660	352
16	1	329	1337	25	1665	353
16	1	330	1341	25	1670	354
16	1	331	1345	25	1675	355
16	1	332	1349	25	1680	356
16	1	333	1353	25	1685	357
16	1	334	1357	25	1690	358
16	1	335	1361	25	1695	359
16	1	336	1365	25	1700	360
16	1	337	1369	25	1705	361
16	1	338	1373	25	1710	362
16	1	339	1377	25	1715	363
16	1	340	1381	25	1720	364
16	1	341	1385	25	1725	365
16	1	342	1389	25	1730	366
16	1	343	1393	25	1735	367
16	1	344	1397	25	1740	368
16	1	345	1401	25	1745	369
16	1	346	1405	25	1750	370
16	1	347	1409	25	1755	371
16	1	348	1413	25	1760	372
16	1	349	1417	25	1765	373
16	1	350	1421	25	1770	374
16	1	351	1425	25	1775	375
16	1	352	1429	25	1780	376
16	1	353	1433	25	1785	377
16	1	354	1437	25	1790	378
16	1	355	1441	25	1795	379
16	1	356	1445	25	1800	380
16	1	357	1449	25	1805	381
16	1	358	1453	25	1810	382
16	1	359	1457	25	1815	383
16	1	360	1461	25	1820	384
16	1	361	1465	25	1825	385
16	1	362	1469	25	1830	386
16	1	363	1473	25	1835	387
16	1	364	1477	25	1840	388
16	1	365	1481	25	1845	389
16	1	366	1485	25	1850	390
16	1	367	1489	25	1855	391
16	1	368	1493	25	1860	392
16	1	369	1497	25	1865	393
16	1	370	1501	25	1870	394
16	1	371	1505	25	1875	395
16	1	372	1509	25	1880	396
16	1	373	1513	25	1885	397
16	1	374	1517	25	1890	398
16	1	375	1521	25	1895	399
16	1	376	1525	25	1900	400
16	1	377	1529	25	1905	401
16	1	378	1533	25	1910	402
16	1	379	1537	25	1915	403
16	1	380	1541	25	1920	404
16	1	381	1545	25	1925	405
16	1	382	1549	25	1930	406
16	1	383	1553	25	1935	407
16	1	384	1557	25	1940	408
16	1	385	1561	25	1945	409
16	1	386	1565	25	1950	410
16	1	387	1569	25	1955	411
16	1	388	1573	25	1960	412
16	1	389	1577	25	1965	413
16	1	390	1581	25	1970	414
16	1	391	1585	25	1975	415
16	1	392	1589	25	1980	416
16	1	393	1593	25	1985	417
16	1	394	1597	25	1990	418
16	1	395	1601	25	1995	419
16	1	396	1605	25	2000	420
16	1	397	1609	25	2005	421
16	1	398	1613	25	2010	422
16	1	399	1617	25	2015	423
17	0	1	25	25	25	25
17	0	2	29	25	30	26
17	0	3	33	25	35	27
17	0	4	37	25	40	28
17	0	5	41	25	45	29
17	0	6	45	25	50	30
17	0	7	49	25	55	31
17	0	8	53	25	60	32
17	0	9	57	25	65	33
17	0	10	61	25	70	34
17	0	11	65	25	75	35
17	0	12	69	25	80	36
17	0	13	73	25	85	37
17	0	14	77	25	90	38
17	0	15	81	25	95	39
17	0	16	85	25	100	40
17	0	17	89	25	105	41
17	0	18	93	25	110	42
17	0	19	97	25	115	43
17	0	20	101	25	120	44
17	0	21	105	25	125	45
17	0	22	109	25	130	46
17	0	23	113	25	135	47
17	0	24	117	25	140	48
17	0	25	121	25	145	49
17	0	26	125	25	150	50
17	0	27	129	25	155	51
17	0	28	133	25	160	52
17	0	29	137	25	165	53
17	0	30	141	25	170	54
17	0	31	145	25	175	55
17	0	32	149	25	180	56
17	0	33	153	25	185	57
17	0	34	157	25	190	58
17	0	35	161	25	195	59
17	0	36	165	25	200	60
17	0	37	169	25	205	61
17	0	38	173	25	210	62
17	0	39	177	25	215	63
17	0	40	181	25	220	64
17	0	41	185	25	225	65
17	0	42	189	25	230	66
17	0	43	193	25	235	67
17	0	44	197	25	240	68
17	0	45	201	25	245	69
17	0	46	205	25	250	70
17	0	47	209	25	255	71
17	0	48	213	25	260	72
17	0	49	217	25	265	73
17	0	50	221	25	270	74
17	0	51	225	25	275	75
17	0	52	229	25	280	76
17	0	53	233	25	285	77
17	0	54	237	25	290	78
17	0	55	241	25	295	79
17	0	56	245	25	300	80
17	0	57	249	25	305	81
17	0	58	253	25	310	82
17	0	59	257	25	315	83
17	0	60	261	25	320	84
17	0	61	265	25	325	85
17	0	62	269	25	330	86
17	0	63	273	25	335	87
17	0	64	277	25	340	88
17	0	65	281	25	345	89
17	0	66	285	25	350	90
17	0	67	289	25	355	91
17	0	68	293	25	360	92
17	0	69	297	25	365	93
17	0	70	301	25	370	94
17	0	71	305	25	375	95
17	0	72	309	25	380	96
17	0	73	313	25	385	97
17	0	74	317	25	390	98
17	0	75	321	25	395	99
17	0	76	325	25	400	100
17	0	77	329	25	405	101
17	0	78	333	25	410	102
17	0	79	337	25	415	103
17	0	80	341	25	420	104
17	0	81	345	25	425	105
17	0	82	349	25	430	106
17	0	83	353	25	435	107
17	0	84	357	25	440	108
17	0	85	361	25	445	109
17	0	86	365	25	450	110
17	0	87	369	25	455	111
17	0	88	373	25	460	112
17	0	89	377	25	465	113
17	0	90	381	25	470	114
17	0	91	385	25	475	115
17	0	92	389	25	480	116
17	0	93	393	25	485	117
17	0	94	397	25	490	118
17	0	95	401	25	495	119
17	0	96	405	25	500	120
17	0	97	409	25	505	121
17	0	98	413	25	510	122
17	0	99	417	25	515	123
17	0	100	421	25	520	124
17	0	101	425	25	525	125
17	0	102	429	25	530	126
17	0	103	433	25	535	127
17	0	104	437	25	540	128
17	0	105	441	25	545	129
17	0	106	445	25	550	130
17	0	107	449	25	555	131
17	0	108	453	25	560	132
17	0	109	457	25	565	133
17	0	110	461	25	570	134
17	0	111	465	25	575	135
17	0	112	469	25	580	136
17	0	113	473	25	585	137
17	0	114	477	25	590	138
17	0	115	481	25	595	139
17	0	116	485	25	600	140
17	0	117	489	25	605	141
17	0	118	493	25	610	142
17	0	119	497	25	615	143
17	0	120	501	25	620	144
17	0	121	505	25	625	145
17	0	122	509	25	630	146
17	0	123	513	25	635	147
17	0	124	517	25	640	148
17	0	125	521	25	645	149
17	0	126	525	25	650	150
17	0	127	529	25	655	151
17	0	128	533	25	660	152
17	0	129	537	25	665	153
17	0	130	541	25	670	154
17	0	131	545	25	675	155
17	0	132	549	25	680	156
17	0	133	553	25	685	157
17	0	134	557	25	690	158
17	0	135	561	25	695	159
17	0	136	565	25	700	160
17	0	137	569	25	705	161
17	0	138	573	25	710	162
17	0	139	577	25	715	163
17	0	140	581	25	720	164
17	0	141	585	25	725	165
17	0	142	589	25	730	166
17	0	143	593	25	735	167
17	0	144	597	25	740	168
17	0	145	601	25	745	169
17	0	146	605	25	750	170
17	0	147	609	25	755	171
17	0	148	613	25	760	172
17	0	149	617	25	765	173
17	0	150	621	25	770	174
17	0	151	625	25	775	175
17	0	152	629	25	780	176
17	0	153	633	25	785	177
17	0	154	637	25	790	178
17	0	155	641	25	795	179
17	0	156	645	25	800	180
17	0	157	649	25	805	181
17	0	158	653	25	810	182
17	0	159	657	25	815	183
17	0	160	661	25	820	184
17	0	161	665	25	825	185
17	0	162	669	25	830	186
17	0	163	673	25	835	187
17	0	164	677	25	840	188
17	0	165	681	25	845	189
17	0	166	685	25	850	190
17	0	167	689	25	855	191
17	0	168	693	25	860	192
17	0	169	697	25	865	193
17	0	170	701	25	870	194
17	0	171	705	25	875	195
17	0	172	709	25	880	196
17	0	173	713	25	885	197
17	0	174	717	25	890	198
17	0	175	721	25	895	199
17	0	176	725	25	900	200
17	0	177	729	25	905	201
17	0	178	733	25	910	202
17	0	179	737	25	915	203
17	0	180	741	25	920	204
17	0	181	745	25	925	205
17	0	182	749	25	930	206
17	0	183	753	25	935	207
17	0	184	757	25	940	208
17	0	185	761	25	945	209
17	0	186	765	25	950	210
17	0	187	769	25	955	211
17	0	188	773	25	960	212
17	0	189	777	25	965	213
17	0	190	781	25	970	214
17	0	191	785	25	975	215
17	0	192	789	25	980	216
17	0	193	793	25	985	217
17	0	194	797	25	990	218
17	0	195	801	25	995	219
17	0	196	805	25	1000	220
17	0	197	809	25	1005	221
17	0	198	813	25	1010	222
17	0	199	817	25	1015	223
17	0	200	821	25	1020	224
17	0	201	825	25	1025	225
17	0	202	829	25	1030	226
17	0	203	833	25	1035	227
17	0	204	837	25	1040	228
17	0	205	841	25	1045	229
17	0	206	845	25	1050	230
17	0	207	849	25	1055	231
17	0	208	853	25	1060	232
17	0	209	857	25	1065	233
17	0	210	861	25	1070	234
17	0	211	865	25	1075	235
17	0	212	869	25	1080	236
17	0	213	873	25	1085	237
17	0	214	877	25	1090	238
17	0	215	881	25	1095	239
17	0	216	885	25	1100	240
17	0	217	889	25	1105	241
17	0	218	893	25	1110	242
17	0	219	897	25	1115	243
17	0	220	901	25	1120	244
17	0	221	905	25	1125	245
17	0	222	909	25	1130	246
17	0	223	913	25	1135	247
17	0	224	917	25	1140	248
17	0	225	921	25	1145	249
17	0	226	925	25	1150	250
17	0	227	929	25	1155	251
17	0	228	933	25	1160	252
17	0	229	937	25	1165	253
17	0	230	941	25	1170	254
17	0	231	945	25	1175	255
17	0	232	949	25	1180	256
17	0	233	953	25	1185	257
17	0	234	957	25	1190	258
17	0	235	961	25	1195	259
17	0	236	965	25	1200	260
17	0	237	969	25	1205	261
17	0	238	973	25	1210	262
17	0	239	977	25	1215	263
17	0	240	981	25	1220	264
17	0	241	985	25	1225	265
17	0	242	989	25	1230	266
17	0	243	993	25	1235	267
17	0	244	997	25	1240	268
17	0	245	1001	25	1245	269
17	0	246	1005	25	1250	270
17	0	247	1009	25	1255	271
17	0	248	1013	25	1260	272
17	0	249	1017	25	1265	273
17	0	250	1021	25	1270	274
17	0	251	1025	25	1275	275
17	0	252	1029	25	1280	276
17	0	253	1033	25	1285	277
17	0	254	1037	25	1290	278
17	0	255	1041	25	1295	279
17	0	256	1045	25	1300	280
17	0	257	1049	25	1305	281
17	0	258	1053	25	1310	282
17	0	259	1057	25	1315	283
17	0	260	1061	25	1320	284
17	0	261	1065	25	1325	285
17	0	262	1069	25	1330	286
17	0	263	1073	25	1335	287
17	0	264	1077	25	1340	288
17	0	265	1081	25	1345	289
17	0	266	1085	25	1350	290
17	0	267	1089	25	1355	291
17	0	268	1093	25	1360	292
17	0	269	1097	25	1365	293
17	0	270	1101	25	1370	294
17	0	271	1105	25	1375	295
17	0	272	1109	25	1380	296
17	0	273	1113	25	1385	297
17	0	274	1117	25	1390	298
17	0	275	1121	25	1395	299
17	0	276	1125	25	1400	300
17	0	277	1129	25	1405	301
17	0	278	1133	25	1410	302
17	0	279	1137	25	1415	303
17	0	280	1141	25	1420	304
17	0	281	1145	25	1425	305
17	0	282	1149	25	1430	306
17	0	283	1153	25	1435	307
17	0	284	1157	25	1440	308
17	0	285	1161	25	1445	309
17	0	286	1165	25	1450	310
17	0	287	1169	25	1455	311
17	0	288	1173	25	1460	312
17	0	289	1177	25	1465	313
17	0	290	1181	25	1470	314
17	0	291	1185	25	1475	315
17	0	292	1189	25	1480	316
17	0	293	1193	25	1485	317
17	0	294	1197	25	1490	318
17	0	295	1201	25	1495	319
17	0	296	1205	25	1500	320
17	0	297	1209	25	1505	321
17	0	298	1213	25	1510	322
17	0	299	1217	25	1515	323
17	0	300	1221	25	1520	324
17	0	301	1225	25	1525	325
17	0	302	1229	25	1530	326
17	0	303	1233	25	1535	327
17	0	304	1237	25	1540	328
17	0	305	1241	25	1545	329
17	0	306	1245	25	1550	330
17	0	307	1249	25	1555	331
17	0	308	1253	25	1560	332
17	0	309	1257	25	1565	333
17	0	310	1261	25	1570	334
17	0	311	1265	25	1575	335
17	0	312	1269	25	1580	336
17	0	313	1273	25	1585	337
17	0	314	1277	25	1590	338
17	0	315	1281	25	1595	339
17	0	316	1285	25	1600	340
17	0	317	1289	25	1605	341
17	0	318	1293	25	1610	342
17	0	319	1297	25	1615	343
17	0	320	1301	25	1620	344
17	0	321	1305	25	1625	345
17	0	322	1309	25	1630	346
17	0	323	1313	25	1635	347
17	0	324	1317	25	1640	348
17	0	325	1321	25	1645	349
17	0	326	1325	25	1650	350
17	0	327	1329	25	1655	351
17	0	328	1333	25	1660	352
17	0	329	1337	25	1665	353
17	0	330	1341	25	1670	354
17	0	331	1345	25	1675	355
17	0	332	1349	25	1680	356
17	0	333	1353	25	1685	357
17	0	334	1357	25	1690	358
17	0	335	1361	25	1695	359
17	0	336	1365	25	1700	360
17	0	337	1369	25	1705	361
17	0	338	1373	25	1710	362
17	0	339	1377	25	1715	363
17	0	340	1381	25	1720	364
17	0	341	1385	25	1725	365
17	0	342	1389	25	1730	366
17	0	343	1393	25	1735	367
17	0	344	1397	25	1740	368
17	0	345	1401	25	1745	369
17	0	346	1405	25	1750	370
17	0	347	1409	25	1755	371
17	0	348	1413	25	1760	372
17	0	349	1417	25	1765	373
17	0	350	1421	25	1770	374
17	0	351	1425	25	1775	375
17	0	352	1429	25	1780	376
17	0	353	1433	25	1785	377
17	0	354	1437	25	1790	378
17	0	355	1441	25	1795	379
17	0	356	1445	25	1800	380
17	0	357	1449	25	1805	381
17	0	358	1453	25	1810	382
17	0	359	1457	25	1815	383
17	0	360	1461	25	1820	384
17	0	361	1465	25	1825	385
17	0	362	1469	25	1830	386
17	0	363	1473	25	1835	387
17	0	364	1477	25	1840	388
17	0	365	1481	25	1845	389
17	0	366	1485	25	1850	390
17	0	367	1489	25	1855	391
17	0	368	1493	25	1860	392
17	0	369	1497	25	1865	393
17	0	370	1501	25	1870	394
17	0	371	1505	25	1875	395
17	0	372	1509	25	1880	396
17	0	373	1513	25	1885	397
17	0	374	1517	25	1890	398
17	0	375	1521	25	1895	399
17	0	376	1525	25	1900	400
17	0	377	1529	25	1905	401
17	0	378	1533	25	1910	402
17	0	379	1537	25	1915	403
17	0	380	1541	25	1920	404
17	0	381	1545	25	1925	405
17	0	382	1549	25	1930	406
17	0	383	1553	25	1935	407
17	0	384	1557	25	1940	408
17	0	385	1561	25	1945	409
17	0	386	1565	25	1950	410
17	0	387	1569	25	1955	411
17	0	388	1573	25	1960	412
17	0	389	1577	25	1965	413
17	0	390	1581	25	1970	414
17	0	391	1585	25	1975	415
17	0	392	1589	25	1980	416
17	0	393	1593	25	1985	417
17	0	394	1597	25	1990	418
17	0	395	1601	25	1995	419
17	0	396	1605	25	2000	420
17	0	397	1609	25	2005	421
17	0	398	1613	25	2010	422
17	0	399	1617	25	2015	423
17	1	1	25	25	25	25
17	1	2	29	30	25	26
17	1	3	33	35	25	27
17	1	4	37	40	25	28
17	1	5	41	45	25	29
17	1	6	45	50	25	30
17	1	7	49	55	25	31
17	1	8	53	60	25	32
17	1	9	57	65	25	33
17	1	10	61	70	25	34
17	1	11	65	75	25	35
17	1	12	69	80	25	36
17	1	13	73	85	25	37
17	1	14	77	90	25	38
17	1	15	81	95	25	39
17	1	16	85	100	25	40
17	1	17	89	105	25	41
17	1	18	93	110	25	42
17	1	19	97	115	25	43
17	1	20	101	120	25	44
17	1	21	105	125	25	45
17	1	22	109	130	25	46
17	1	23	113	135	25	47
17	1	24	117	140	25	48
17	1	25	121	145	25	49
17	1	26	125	150	25	50
17	1	27	129	155	25	51
17	1	28	133	160	25	52
17	1	29	137	165	25	53
17	1	30	141	170	25	54
17	1	31	145	175	25	55
17	1	32	149	180	25	56
17	1	33	153	185	25	57
17	1	34	157	190	25	58
17	1	35	161	195	25	59
17	1	36	165	200	25	60
17	1	37	169	205	25	61
17	1	38	173	210	25	62
17	1	39	177	215	25	63
17	1	40	181	220	25	64
17	1	41	185	225	25	65
17	1	42	189	230	25	66
17	1	43	193	235	25	67
17	1	44	197	240	25	68
17	1	45	201	245	25	69
17	1	46	205	250	25	70
17	1	47	209	255	25	71
17	1	48	213	260	25	72
17	1	49	217	265	25	73
17	1	50	221	270	25	74
17	1	51	225	275	25	75
17	1	52	229	280	25	76
17	1	53	233	285	25	77
17	1	54	237	290	25	78
17	1	55	241	295	25	79
17	1	56	245	300	25	80
17	1	57	249	305	25	81
17	1	58	253	310	25	82
17	1	59	257	315	25	83
17	1	60	261	320	25	84
17	1	61	265	325	25	85
17	1	62	269	330	25	86
17	1	63	273	335	25	87
17	1	64	277	340	25	88
17	1	65	281	345	25	89
17	1	66	285	350	25	90
17	1	67	289	355	25	91
17	1	68	293	360	25	92
17	1	69	297	365	25	93
17	1	70	301	370	25	94
17	1	71	305	375	25	95
17	1	72	309	380	25	96
17	1	73	313	385	25	97
17	1	74	317	390	25	98
17	1	75	321	395	25	99
17	1	76	325	400	25	100
17	1	77	329	405	25	101
17	1	78	333	410	25	102
17	1	79	337	415	25	103
17	1	80	341	420	25	104
17	1	81	345	425	25	105
17	1	82	349	430	25	106
17	1	83	353	435	25	107
17	1	84	357	440	25	108
17	1	85	361	445	25	109
17	1	86	365	450	25	110
17	1	87	369	455	25	111
17	1	88	373	460	25	112
17	1	89	377	465	25	113
17	1	90	381	470	25	114
17	1	91	385	475	25	115
17	1	92	389	480	25	116
17	1	93	393	485	25	117
17	1	94	397	490	25	118
17	1	95	401	495	25	119
17	1	96	405	500	25	120
17	1	97	409	505	25	121
17	1	98	413	510	25	122
17	1	99	417	515	25	123
17	1	100	421	520	25	124
17	1	101	425	525	25	125
17	1	102	429	530	25	126
17	1	103	433	535	25	127
17	1	104	437	540	25	128
17	1	105	441	545	25	129
17	1	106	445	550	25	130
17	1	107	449	555	25	131
17	1	108	453	560	25	132
17	1	109	457	565	25	133
17	1	110	461	570	25	134
17	1	111	465	575	25	135
17	1	112	469	580	25	136
17	1	113	473	585	25	137
17	1	114	477	590	25	138
17	1	115	481	595	25	139
17	1	116	485	600	25	140
17	1	117	489	605	25	141
17	1	118	493	610	25	142
17	1	119	497	615	25	143
17	1	120	501	620	25	144
17	1	121	505	625	25	145
17	1	122	509	630	25	146
17	1	123	513	635	25	147
17	1	124	517	640	25	148
17	1	125	521	645	25	149
17	1	126	525	650	25	150
17	1	127	529	655	25	151
17	1	128	533	660	25	152
17	1	129	537	665	25	153
17	1	130	541	670	25	154
17	1	131	545	675	25	155
17	1	132	549	680	25	156
17	1	133	553	685	25	157
17	1	134	557	690	25	158
17	1	135	561	695	25	159
17	1	136	565	700	25	160
17	1	137	569	705	25	161
17	1	138	573	710	25	162
17	1	139	577	715	25	163
17	1	140	581	720	25	164
17	1	141	585	725	25	165
17	1	142	589	730	25	166
17	1	143	593	735	25	167
17	1	144	597	740	25	168
17	1	145	601	745	25	169
17	1	146	605	750	25	170
17	1	147	609	755	25	171
17	1	148	613	760	25	172
17	1	149	617	765	25	173
17	1	150	621	770	25	174
17	1	151	625	775	25	175
17	1	152	629	780	25	176
17	1	153	633	785	25	177
17	1	154	637	790	25	178
17	1	155	641	795	25	179
17	1	156	645	800	25	180
17	1	157	649	805	25	181
17	1	158	653	810	25	182
17	1	159	657	815	25	183
17	1	160	661	820	25	184
17	1	161	665	825	25	185
17	1	162	669	830	25	186
17	1	163	673	835	25	187
17	1	164	677	840	25	188
17	1	165	681	845	25	189
17	1	166	685	850	25	190
17	1	167	689	855	25	191
17	1	168	693	860	25	192
17	1	169	697	865	25	193
17	1	170	701	870	25	194
17	1	171	705	875	25	195
17	1	172	709	880	25	196
17	1	173	713	885	25	197
17	1	174	717	890	25	198
17	1	175	721	895	25	199
17	1	176	725	900	25	200
17	1	177	729	905	25	201
17	1	178	733	910	25	202
17	1	179	737	915	25	203
17	1	180	741	920	25	204
17	1	181	745	925	25	205
17	1	182	749	930	25	206
17	1	183	753	935	25	207
17	1	184	757	940	25	208
17	1	185	761	945	25	209
17	1	186	765	950	25	210
17	1	187	769	955	25	211
17	1	188	773	960	25	212
17	1	189	777	965	25	213
17	1	190	781	970	25	214
17	1	191	785	975	25	215
17	1	192	789	980	25	216
17	1	193	793	985	25	217
17	1	194	797	990	25	218
17	1	195	801	995	25	219
17	1	196	805	1000	25	220
17	1	197	809	1005	25	221
17	1	198	813	1010	25	222
17	1	199	817	1015	25	223
17	1	200	821	1020	25	224
17	1	201	825	1025	25	225
17	1	202	829	1030	25	226
17	1	203	833	1035	25	227
17	1	204	837	1040	25	228
17	1	205	841	1045	25	229
17	1	206	845	1050	25	230
17	1	207	849	1055	25	231
17	1	208	853	1060	25	232
17	1	209	857	1065	25	233
17	1	210	861	1070	25	234
17	1	211	865	1075	25	235
17	1	212	869	1080	25	236
17	1	213	873	1085	25	237
17	1	214	877	1090	25	238
17	1	215	881	1095	25	239
17	1	216	885	1100	25	240
17	1	217	889	1105	25	241
17	1	218	893	1110	25	242
17	1	219	897	1115	25	243
17	1	220	901	1120	25	244
17	1	221	905	1125	25	245
17	1	222	909	1130	25	246
17	1	223	913	1135	25	247
17	1	224	917	1140	25	248
17	1	225	921	1145	25	249
17	1	226	925	1150	25	250
17	1	227	929	1155	25	251
17	1	228	933	1160	25	252
17	1	229	937	1165	25	253
17	1	230	941	1170	25	254
17	1	231	945	1175	25	255
17	1	232	949	1180	25	256
17	1	233	953	1185	25	257
17	1	234	957	1190	25	258
17	1	235	961	1195	25	259
17	1	236	965	1200	25	260
17	1	237	969	1205	25	261
17	1	238	973	1210	25	262
17	1	239	977	1215	25	263
17	1	240	981	1220	25	264
17	1	241	985	1225	25	265
17	1	242	989	1230	25	266
17	1	243	993	1235	25	267
17	1	244	997	1240	25	268
17	1	245	1001	1245	25	269
17	1	246	1005	1250	25	270
17	1	247	1009	1255	25	271
17	1	248	1013	1260	25	272
17	1	249	1017	1265	25	273
17	1	250	1021	1270	25	274
17	1	251	1025	1275	25	275
17	1	252	1029	1280	25	276
17	1	253	1033	1285	25	277
17	1	254	1037	1290	25	278
17	1	255	1041	1295	25	279
17	1	256	1045	1300	25	280
17	1	257	1049	1305	25	281
17	1	258	1053	1310	25	282
17	1	259	1057	1315	25	283
17	1	260	1061	1320	25	284
17	1	261	1065	1325	25	285
17	1	262	1069	1330	25	286
17	1	263	1073	1335	25	287
17	1	264	1077	1340	25	288
17	1	265	1081	1345	25	289
17	1	266	1085	1350	25	290
17	1	267	1089	1355	25	291
17	1	268	1093	1360	25	292
17	1	269	1097	1365	25	293
17	1	270	1101	1370	25	294
17	1	271	1105	1375	25	295
17	1	272	1109	1380	25	296
17	1	273	1113	1385	25	297
17	1	274	1117	1390	25	298
17	1	275	1121	1395	25	299
17	1	276	1125	1400	25	300
17	1	277	1129	1405	25	301
17	1	278	1133	1410	25	302
17	1	279	1137	1415	25	303
17	1	280	1141	1420	25	304
17	1	281	1145	1425	25	305
17	1	282	1149	1430	25	306
17	1	283	1153	1435	25	307
17	1	284	1157	1440	25	308
17	1	285	1161	1445	25	309
17	1	286	1165	1450	25	310
17	1	287	1169	1455	25	311
17	1	288	1173	1460	25	312
17	1	289	1177	1465	25	313
17	1	290	1181	1470	25	314
17	1	291	1185	1475	25	315
17	1	292	1189	1480	25	316
17	1	293	1193	1485	25	317
17	1	294	1197	1490	25	318
17	1	295	1201	1495	25	319
17	1	296	1205	1500	25	320
17	1	297	1209	1505	25	321
17	1	298	1213	1510	25	322
17	1	299	1217	1515	25	323
17	1	300	1221	1520	25	324
17	1	301	1225	1525	25	325
17	1	302	1229	1530	25	326
17	1	303	1233	1535	25	327
17	1	304	1237	1540	25	328
17	1	305	1241	1545	25	329
17	1	306	1245	1550	25	330
17	1	307	1249	1555	25	331
17	1	308	1253	1560	25	332
17	1	309	1257	1565	25	333
17	1	310	1261	1570	25	334
17	1	311	1265	1575	25	335
17	1	312	1269	1580	25	336
17	1	313	1273	1585	25	337
17	1	314	1277	1590	25	338
17	1	315	1281	1595	25	339
17	1	316	1285	1600	25	340
17	1	317	1289	1605	25	341
17	1	318	1293	1610	25	342
17	1	319	1297	1615	25	343
17	1	320	1301	1620	25	344
17	1	321	1305	1625	25	345
17	1	322	1309	1630	25	346
17	1	323	1313	1635	25	347
17	1	324	1317	1640	25	348
17	1	325	1321	1645	25	349
17	1	326	1325	1650	25	350
17	1	327	1329	1655	25	351
17	1	328	1333	1660	25	352
17	1	329	1337	1665	25	353
17	1	330	1341	1670	25	354
17	1	331	1345	1675	25	355
17	1	332	1349	1680	25	356
17	1	333	1353	1685	25	357
17	1	334	1357	1690	25	358
17	1	335	1361	1695	25	359
17	1	336	1365	1700	25	360
17	1	337	1369	1705	25	361
17	1	338	1373	1710	25	362
17	1	339	1377	1715	25	363
17	1	340	1381	1720	25	364
17	1	341	1385	1725	25	365
17	1	342	1389	1730	25	366
17	1	343	1393	1735	25	367
17	1	344	1397	1740	25	368
17	1	345	1401	1745	25	369
17	1	346	1405	1750	25	370
17	1	347	1409	1755	25	371
17	1	348	1413	1760	25	372
17	1	349	1417	1765	25	373
17	1	350	1421	1770	25	374
17	1	351	1425	1775	25	375
17	1	352	1429	1780	25	376
17	1	353	1433	1785	25	377
17	1	354	1437	1790	25	378
17	1	355	1441	1795	25	379
17	1	356	1445	1800	25	380
17	1	357	1449	1805	25	381
17	1	358	1453	1810	25	382
17	1	359	1457	1815	25	383
17	1	360	1461	1820	25	384
17	1	361	1465	1825	25	385
17	1	362	1469	1830	25	386
17	1	363	1473	1835	25	387
17	1	364	1477	1840	25	388
17	1	365	1481	1845	25	389
17	1	366	1485	1850	25	390
17	1	367	1489	1855	25	391
17	1	368	1493	1860	25	392
17	1	369	1497	1865	25	393
17	1	370	1501	1870	25	394
17	1	371	1505	1875	25	395
17	1	372	1509	1880	25	396
17	1	373	1513	1885	25	397
17	1	374	1517	1890	25	398
17	1	375	1521	1895	25	399
17	1	376	1525	1900	25	400
17	1	377	1529	1905	25	401
17	1	378	1533	1910	25	402
17	1	379	1537	1915	25	403
17	1	380	1541	1920	25	404
17	1	381	1545	1925	25	405
17	1	382	1549	1930	25	406
17	1	383	1553	1935	25	407
17	1	384	1557	1940	25	408
17	1	385	1561	1945	25	409
17	1	386	1565	1950	25	410
17	1	387	1569	1955	25	411
17	1	388	1573	1960	25	412
17	1	389	1577	1965	25	413
17	1	390	1581	1970	25	414
17	1	391	1585	1975	25	415
17	1	392	1589	1980	25	416
17	1	393	1593	1985	25	417
17	1	394	1597	1990	25	418
17	1	395	1601	1995	25	419
17	1	396	1605	2000	25	420
17	1	397	1609	2005	25	421
17	1	398	1613	2010	25	422
17	1	399	1617	2015	25	423
18	0	1	25	25	25	25
18	0	2	29	25	30	26
18	0	3	33	25	35	27
18	0	4	37	25	40	28
18	0	5	41	25	45	29
18	0	6	45	25	50	30
18	0	7	49	25	55	31
18	0	8	53	25	60	32
18	0	9	57	25	65	33
18	0	10	61	25	70	34
18	0	11	65	25	75	35
18	0	12	69	25	80	36
18	0	13	73	25	85	37
18	0	14	77	25	90	38
18	0	15	81	25	95	39
18	0	16	85	25	100	40
18	0	17	89	25	105	41
18	0	18	93	25	110	42
18	0	19	97	25	115	43
18	0	20	101	25	120	44
18	0	21	105	25	125	45
18	0	22	109	25	130	46
18	0	23	113	25	135	47
18	0	24	117	25	140	48
18	0	25	121	25	145	49
18	0	26	125	25	150	50
18	0	27	129	25	155	51
18	0	28	133	25	160	52
18	0	29	137	25	165	53
18	0	30	141	25	170	54
18	0	31	145	25	175	55
18	0	32	149	25	180	56
18	0	33	153	25	185	57
18	0	34	157	25	190	58
18	0	35	161	25	195	59
18	0	36	165	25	200	60
18	0	37	169	25	205	61
18	0	38	173	25	210	62
18	0	39	177	25	215	63
18	0	40	181	25	220	64
18	0	41	185	25	225	65
18	0	42	189	25	230	66
18	0	43	193	25	235	67
18	0	44	197	25	240	68
18	0	45	201	25	245	69
18	0	46	205	25	250	70
18	0	47	209	25	255	71
18	0	48	213	25	260	72
18	0	49	217	25	265	73
18	0	50	221	25	270	74
18	0	51	225	25	275	75
18	0	52	229	25	280	76
18	0	53	233	25	285	77
18	0	54	237	25	290	78
18	0	55	241	25	295	79
18	0	56	245	25	300	80
18	0	57	249	25	305	81
18	0	58	253	25	310	82
18	0	59	257	25	315	83
18	0	60	261	25	320	84
18	0	61	265	25	325	85
18	0	62	269	25	330	86
18	0	63	273	25	335	87
18	0	64	277	25	340	88
18	0	65	281	25	345	89
18	0	66	285	25	350	90
18	0	67	289	25	355	91
18	0	68	293	25	360	92
18	0	69	297	25	365	93
18	0	70	301	25	370	94
18	0	71	305	25	375	95
18	0	72	309	25	380	96
18	0	73	313	25	385	97
18	0	74	317	25	390	98
18	0	75	321	25	395	99
18	0	76	325	25	400	100
18	0	77	329	25	405	101
18	0	78	333	25	410	102
18	0	79	337	25	415	103
18	0	80	341	25	420	104
18	0	81	345	25	425	105
18	0	82	349	25	430	106
18	0	83	353	25	435	107
18	0	84	357	25	440	108
18	0	85	361	25	445	109
18	0	86	365	25	450	110
18	0	87	369	25	455	111
18	0	88	373	25	460	112
18	0	89	377	25	465	113
18	0	90	381	25	470	114
18	0	91	385	25	475	115
18	0	92	389	25	480	116
18	0	93	393	25	485	117
18	0	94	397	25	490	118
18	0	95	401	25	495	119
18	0	96	405	25	500	120
18	0	97	409	25	505	121
18	0	98	413	25	510	122
18	0	99	417	25	515	123
18	0	100	421	25	520	124
18	0	101	425	25	525	125
18	0	102	429	25	530	126
18	0	103	433	25	535	127
18	0	104	437	25	540	128
18	0	105	441	25	545	129
18	0	106	445	25	550	130
18	0	107	449	25	555	131
18	0	108	453	25	560	132
18	0	109	457	25	565	133
18	0	110	461	25	570	134
18	0	111	465	25	575	135
18	0	112	469	25	580	136
18	0	113	473	25	585	137
18	0	114	477	25	590	138
18	0	115	481	25	595	139
18	0	116	485	25	600	140
18	0	117	489	25	605	141
18	0	118	493	25	610	142
18	0	119	497	25	615	143
18	0	120	501	25	620	144
18	0	121	505	25	625	145
18	0	122	509	25	630	146
18	0	123	513	25	635	147
18	0	124	517	25	640	148
18	0	125	521	25	645	149
18	0	126	525	25	650	150
18	0	127	529	25	655	151
18	0	128	533	25	660	152
18	0	129	537	25	665	153
18	0	130	541	25	670	154
18	0	131	545	25	675	155
18	0	132	549	25	680	156
18	0	133	553	25	685	157
18	0	134	557	25	690	158
18	0	135	561	25	695	159
18	0	136	565	25	700	160
18	0	137	569	25	705	161
18	0	138	573	25	710	162
18	0	139	577	25	715	163
18	0	140	581	25	720	164
18	0	141	585	25	725	165
18	0	142	589	25	730	166
18	0	143	593	25	735	167
18	0	144	597	25	740	168
18	0	145	601	25	745	169
18	0	146	605	25	750	170
18	0	147	609	25	755	171
18	0	148	613	25	760	172
18	0	149	617	25	765	173
18	0	150	621	25	770	174
18	0	151	625	25	775	175
18	0	152	629	25	780	176
18	0	153	633	25	785	177
18	0	154	637	25	790	178
18	0	155	641	25	795	179
18	0	156	645	25	800	180
18	0	157	649	25	805	181
18	0	158	653	25	810	182
18	0	159	657	25	815	183
18	0	160	661	25	820	184
18	0	161	665	25	825	185
18	0	162	669	25	830	186
18	0	163	673	25	835	187
18	0	164	677	25	840	188
18	0	165	681	25	845	189
18	0	166	685	25	850	190
18	0	167	689	25	855	191
18	0	168	693	25	860	192
18	0	169	697	25	865	193
18	0	170	701	25	870	194
18	0	171	705	25	875	195
18	0	172	709	25	880	196
18	0	173	713	25	885	197
18	0	174	717	25	890	198
18	0	175	721	25	895	199
18	0	176	725	25	900	200
18	0	177	729	25	905	201
18	0	178	733	25	910	202
18	0	179	737	25	915	203
18	0	180	741	25	920	204
18	0	181	745	25	925	205
18	0	182	749	25	930	206
18	0	183	753	25	935	207
18	0	184	757	25	940	208
18	0	185	761	25	945	209
18	0	186	765	25	950	210
18	0	187	769	25	955	211
18	0	188	773	25	960	212
18	0	189	777	25	965	213
18	0	190	781	25	970	214
18	0	191	785	25	975	215
18	0	192	789	25	980	216
18	0	193	793	25	985	217
18	0	194	797	25	990	218
18	0	195	801	25	995	219
18	0	196	805	25	1000	220
18	0	197	809	25	1005	221
18	0	198	813	25	1010	222
18	0	199	817	25	1015	223
18	0	200	821	25	1020	224
18	0	201	825	25	1025	225
18	0	202	829	25	1030	226
18	0	203	833	25	1035	227
18	0	204	837	25	1040	228
18	0	205	841	25	1045	229
18	0	206	845	25	1050	230
18	0	207	849	25	1055	231
18	0	208	853	25	1060	232
18	0	209	857	25	1065	233
18	0	210	861	25	1070	234
18	0	211	865	25	1075	235
18	0	212	869	25	1080	236
18	0	213	873	25	1085	237
18	0	214	877	25	1090	238
18	0	215	881	25	1095	239
18	0	216	885	25	1100	240
18	0	217	889	25	1105	241
18	0	218	893	25	1110	242
18	0	219	897	25	1115	243
18	0	220	901	25	1120	244
18	0	221	905	25	1125	245
18	0	222	909	25	1130	246
18	0	223	913	25	1135	247
18	0	224	917	25	1140	248
18	0	225	921	25	1145	249
18	0	226	925	25	1150	250
18	0	227	929	25	1155	251
18	0	228	933	25	1160	252
18	0	229	937	25	1165	253
18	0	230	941	25	1170	254
18	0	231	945	25	1175	255
18	0	232	949	25	1180	256
18	0	233	953	25	1185	257
18	0	234	957	25	1190	258
18	0	235	961	25	1195	259
18	0	236	965	25	1200	260
18	0	237	969	25	1205	261
18	0	238	973	25	1210	262
18	0	239	977	25	1215	263
18	0	240	981	25	1220	264
18	0	241	985	25	1225	265
18	0	242	989	25	1230	266
18	0	243	993	25	1235	267
18	0	244	997	25	1240	268
18	0	245	1001	25	1245	269
18	0	246	1005	25	1250	270
18	0	247	1009	25	1255	271
18	0	248	1013	25	1260	272
18	0	249	1017	25	1265	273
18	0	250	1021	25	1270	274
18	0	251	1025	25	1275	275
18	0	252	1029	25	1280	276
18	0	253	1033	25	1285	277
18	0	254	1037	25	1290	278
18	0	255	1041	25	1295	279
18	0	256	1045	25	1300	280
18	0	257	1049	25	1305	281
18	0	258	1053	25	1310	282
18	0	259	1057	25	1315	283
18	0	260	1061	25	1320	284
18	0	261	1065	25	1325	285
18	0	262	1069	25	1330	286
18	0	263	1073	25	1335	287
18	0	264	1077	25	1340	288
18	0	265	1081	25	1345	289
18	0	266	1085	25	1350	290
18	0	267	1089	25	1355	291
18	0	268	1093	25	1360	292
18	0	269	1097	25	1365	293
18	0	270	1101	25	1370	294
18	0	271	1105	25	1375	295
18	0	272	1109	25	1380	296
18	0	273	1113	25	1385	297
18	0	274	1117	25	1390	298
18	0	275	1121	25	1395	299
18	0	276	1125	25	1400	300
18	0	277	1129	25	1405	301
18	0	278	1133	25	1410	302
18	0	279	1137	25	1415	303
18	0	280	1141	25	1420	304
18	0	281	1145	25	1425	305
18	0	282	1149	25	1430	306
18	0	283	1153	25	1435	307
18	0	284	1157	25	1440	308
18	0	285	1161	25	1445	309
18	0	286	1165	25	1450	310
18	0	287	1169	25	1455	311
18	0	288	1173	25	1460	312
18	0	289	1177	25	1465	313
18	0	290	1181	25	1470	314
18	0	291	1185	25	1475	315
18	0	292	1189	25	1480	316
18	0	293	1193	25	1485	317
18	0	294	1197	25	1490	318
18	0	295	1201	25	1495	319
18	0	296	1205	25	1500	320
18	0	297	1209	25	1505	321
18	0	298	1213	25	1510	322
18	0	299	1217	25	1515	323
18	0	300	1221	25	1520	324
18	0	301	1225	25	1525	325
18	0	302	1229	25	1530	326
18	0	303	1233	25	1535	327
18	0	304	1237	25	1540	328
18	0	305	1241	25	1545	329
18	0	306	1245	25	1550	330
18	0	307	1249	25	1555	331
18	0	308	1253	25	1560	332
18	0	309	1257	25	1565	333
18	0	310	1261	25	1570	334
18	0	311	1265	25	1575	335
18	0	312	1269	25	1580	336
18	0	313	1273	25	1585	337
18	0	314	1277	25	1590	338
18	0	315	1281	25	1595	339
18	0	316	1285	25	1600	340
18	0	317	1289	25	1605	341
18	0	318	1293	25	1610	342
18	0	319	1297	25	1615	343
18	0	320	1301	25	1620	344
18	0	321	1305	25	1625	345
18	0	322	1309	25	1630	346
18	0	323	1313	25	1635	347
18	0	324	1317	25	1640	348
18	0	325	1321	25	1645	349
18	0	326	1325	25	1650	350
18	0	327	1329	25	1655	351
18	0	328	1333	25	1660	352
18	0	329	1337	25	1665	353
18	0	330	1341	25	1670	354
18	0	331	1345	25	1675	355
18	0	332	1349	25	1680	356
18	0	333	1353	25	1685	357
18	0	334	1357	25	1690	358
18	0	335	1361	25	1695	359
18	0	336	1365	25	1700	360
18	0	337	1369	25	1705	361
18	0	338	1373	25	1710	362
18	0	339	1377	25	1715	363
18	0	340	1381	25	1720	364
18	0	341	1385	25	1725	365
18	0	342	1389	25	1730	366
18	0	343	1393	25	1735	367
18	0	344	1397	25	1740	368
18	0	345	1401	25	1745	369
18	0	346	1405	25	1750	370
18	0	347	1409	25	1755	371
18	0	348	1413	25	1760	372
18	0	349	1417	25	1765	373
18	0	350	1421	25	1770	374
18	0	351	1425	25	1775	375
18	0	352	1429	25	1780	376
18	0	353	1433	25	1785	377
18	0	354	1437	25	1790	378
18	0	355	1441	25	1795	379
18	0	356	1445	25	1800	380
18	0	357	1449	25	1805	381
18	0	358	1453	25	1810	382
18	0	359	1457	25	1815	383
18	0	360	1461	25	1820	384
18	0	361	1465	25	1825	385
18	0	362	1469	25	1830	386
18	0	363	1473	25	1835	387
18	0	364	1477	25	1840	388
18	0	365	1481	25	1845	389
18	0	366	1485	25	1850	390
18	0	367	1489	25	1855	391
18	0	368	1493	25	1860	392
18	0	369	1497	25	1865	393
18	0	370	1501	25	1870	394
18	0	371	1505	25	1875	395
18	0	372	1509	25	1880	396
18	0	373	1513	25	1885	397
18	0	374	1517	25	1890	398
18	0	375	1521	25	1895	399
18	0	376	1525	25	1900	400
18	0	377	1529	25	1905	401
18	0	378	1533	25	1910	402
18	0	379	1537	25	1915	403
18	0	380	1541	25	1920	404
18	0	381	1545	25	1925	405
18	0	382	1549	25	1930	406
18	0	383	1553	25	1935	407
18	0	384	1557	25	1940	408
18	0	385	1561	25	1945	409
18	0	386	1565	25	1950	410
18	0	387	1569	25	1955	411
18	0	388	1573	25	1960	412
18	0	389	1577	25	1965	413
18	0	390	1581	25	1970	414
18	0	391	1585	25	1975	415
18	0	392	1589	25	1980	416
18	0	393	1593	25	1985	417
18	0	394	1597	25	1990	418
18	0	395	1601	25	1995	419
18	0	396	1605	25	2000	420
18	0	397	1609	25	2005	421
18	0	398	1613	25	2010	422
18	0	399	1617	25	2015	423
18	1	1	25	25	25	25
18	1	2	29	30	25	26
18	1	3	33	35	25	27
18	1	4	37	40	25	28
18	1	5	41	45	25	29
18	1	6	45	50	25	30
18	1	7	49	55	25	31
18	1	8	53	60	25	32
18	1	9	57	65	25	33
18	1	10	61	70	25	34
18	1	11	65	75	25	35
18	1	12	69	80	25	36
18	1	13	73	85	25	37
18	1	14	77	90	25	38
18	1	15	81	95	25	39
18	1	16	85	100	25	40
18	1	17	89	105	25	41
18	1	18	93	110	25	42
18	1	19	97	115	25	43
18	1	20	101	120	25	44
18	1	21	105	125	25	45
18	1	22	109	130	25	46
18	1	23	113	135	25	47
18	1	24	117	140	25	48
18	1	25	121	145	25	49
18	1	26	125	150	25	50
18	1	27	129	155	25	51
18	1	28	133	160	25	52
18	1	29	137	165	25	53
18	1	30	141	170	25	54
18	1	31	145	175	25	55
18	1	32	149	180	25	56
18	1	33	153	185	25	57
18	1	34	157	190	25	58
18	1	35	161	195	25	59
18	1	36	165	200	25	60
18	1	37	169	205	25	61
18	1	38	173	210	25	62
18	1	39	177	215	25	63
18	1	40	181	220	25	64
18	1	41	185	225	25	65
18	1	42	189	230	25	66
18	1	43	193	235	25	67
18	1	44	197	240	25	68
18	1	45	201	245	25	69
18	1	46	205	250	25	70
18	1	47	209	255	25	71
18	1	48	213	260	25	72
18	1	49	217	265	25	73
18	1	50	221	270	25	74
18	1	51	225	275	25	75
18	1	52	229	280	25	76
18	1	53	233	285	25	77
18	1	54	237	290	25	78
18	1	55	241	295	25	79
18	1	56	245	300	25	80
18	1	57	249	305	25	81
18	1	58	253	310	25	82
18	1	59	257	315	25	83
18	1	60	261	320	25	84
18	1	61	265	325	25	85
18	1	62	269	330	25	86
18	1	63	273	335	25	87
18	1	64	277	340	25	88
18	1	65	281	345	25	89
18	1	66	285	350	25	90
18	1	67	289	355	25	91
18	1	68	293	360	25	92
18	1	69	297	365	25	93
18	1	70	301	370	25	94
18	1	71	305	375	25	95
18	1	72	309	380	25	96
18	1	73	313	385	25	97
18	1	74	317	390	25	98
18	1	75	321	395	25	99
18	1	76	325	400	25	100
18	1	77	329	405	25	101
18	1	78	333	410	25	102
18	1	79	337	415	25	103
18	1	80	341	420	25	104
18	1	81	345	425	25	105
18	1	82	349	430	25	106
18	1	83	353	435	25	107
18	1	84	357	440	25	108
18	1	85	361	445	25	109
18	1	86	365	450	25	110
18	1	87	369	455	25	111
18	1	88	373	460	25	112
18	1	89	377	465	25	113
18	1	90	381	470	25	114
18	1	91	385	475	25	115
18	1	92	389	480	25	116
18	1	93	393	485	25	117
18	1	94	397	490	25	118
18	1	95	401	495	25	119
18	1	96	405	500	25	120
18	1	97	409	505	25	121
18	1	98	413	510	25	122
18	1	99	417	515	25	123
18	1	100	421	520	25	124
18	1	101	425	525	25	125
18	1	102	429	530	25	126
18	1	103	433	535	25	127
18	1	104	437	540	25	128
18	1	105	441	545	25	129
18	1	106	445	550	25	130
18	1	107	449	555	25	131
18	1	108	453	560	25	132
18	1	109	457	565	25	133
18	1	110	461	570	25	134
18	1	111	465	575	25	135
18	1	112	469	580	25	136
18	1	113	473	585	25	137
18	1	114	477	590	25	138
18	1	115	481	595	25	139
18	1	116	485	600	25	140
18	1	117	489	605	25	141
18	1	118	493	610	25	142
18	1	119	497	615	25	143
18	1	120	501	620	25	144
18	1	121	505	625	25	145
18	1	122	509	630	25	146
18	1	123	513	635	25	147
18	1	124	517	640	25	148
18	1	125	521	645	25	149
18	1	126	525	650	25	150
18	1	127	529	655	25	151
18	1	128	533	660	25	152
18	1	129	537	665	25	153
18	1	130	541	670	25	154
18	1	131	545	675	25	155
18	1	132	549	680	25	156
18	1	133	553	685	25	157
18	1	134	557	690	25	158
18	1	135	561	695	25	159
18	1	136	565	700	25	160
18	1	137	569	705	25	161
18	1	138	573	710	25	162
18	1	139	577	715	25	163
18	1	140	581	720	25	164
18	1	141	585	725	25	165
18	1	142	589	730	25	166
18	1	143	593	735	25	167
18	1	144	597	740	25	168
18	1	145	601	745	25	169
18	1	146	605	750	25	170
18	1	147	609	755	25	171
18	1	148	613	760	25	172
18	1	149	617	765	25	173
18	1	150	621	770	25	174
18	1	151	625	775	25	175
18	1	152	629	780	25	176
18	1	153	633	785	25	177
18	1	154	637	790	25	178
18	1	155	641	795	25	179
18	1	156	645	800	25	180
18	1	157	649	805	25	181
18	1	158	653	810	25	182
18	1	159	657	815	25	183
18	1	160	661	820	25	184
18	1	161	665	825	25	185
18	1	162	669	830	25	186
18	1	163	673	835	25	187
18	1	164	677	840	25	188
18	1	165	681	845	25	189
18	1	166	685	850	25	190
18	1	167	689	855	25	191
18	1	168	693	860	25	192
18	1	169	697	865	25	193
18	1	170	701	870	25	194
18	1	171	705	875	25	195
18	1	172	709	880	25	196
18	1	173	713	885	25	197
18	1	174	717	890	25	198
18	1	175	721	895	25	199
18	1	176	725	900	25	200
18	1	177	729	905	25	201
18	1	178	733	910	25	202
18	1	179	737	915	25	203
18	1	180	741	920	25	204
18	1	181	745	925	25	205
18	1	182	749	930	25	206
18	1	183	753	935	25	207
18	1	184	757	940	25	208
18	1	185	761	945	25	209
18	1	186	765	950	25	210
18	1	187	769	955	25	211
18	1	188	773	960	25	212
18	1	189	777	965	25	213
18	1	190	781	970	25	214
18	1	191	785	975	25	215
18	1	192	789	980	25	216
18	1	193	793	985	25	217
18	1	194	797	990	25	218
18	1	195	801	995	25	219
18	1	196	805	1000	25	220
18	1	197	809	1005	25	221
18	1	198	813	1010	25	222
18	1	199	817	1015	25	223
18	1	200	821	1020	25	224
18	1	201	825	1025	25	225
18	1	202	829	1030	25	226
18	1	203	833	1035	25	227
18	1	204	837	1040	25	228
18	1	205	841	1045	25	229
18	1	206	845	1050	25	230
18	1	207	849	1055	25	231
18	1	208	853	1060	25	232
18	1	209	857	1065	25	233
18	1	210	861	1070	25	234
18	1	211	865	1075	25	235
18	1	212	869	1080	25	236
18	1	213	873	1085	25	237
18	1	214	877	1090	25	238
18	1	215	881	1095	25	239
18	1	216	885	1100	25	240
18	1	217	889	1105	25	241
18	1	218	893	1110	25	242
18	1	219	897	1115	25	243
18	1	220	901	1120	25	244
18	1	221	905	1125	25	245
18	1	222	909	1130	25	246
18	1	223	913	1135	25	247
18	1	224	917	1140	25	248
18	1	225	921	1145	25	249
18	1	226	925	1150	25	250
18	1	227	929	1155	25	251
18	1	228	933	1160	25	252
18	1	229	937	1165	25	253
18	1	230	941	1170	25	254
18	1	231	945	1175	25	255
18	1	232	949	1180	25	256
18	1	233	953	1185	25	257
18	1	234	957	1190	25	258
18	1	235	961	1195	25	259
18	1	236	965	1200	25	260
18	1	237	969	1205	25	261
18	1	238	973	1210	25	262
18	1	239	977	1215	25	263
18	1	240	981	1220	25	264
18	1	241	985	1225	25	265
18	1	242	989	1230	25	266
18	1	243	993	1235	25	267
18	1	244	997	1240	25	268
18	1	245	1001	1245	25	269
18	1	246	1005	1250	25	270
18	1	247	1009	1255	25	271
18	1	248	1013	1260	25	272
18	1	249	1017	1265	25	273
18	1	250	1021	1270	25	274
18	1	251	1025	1275	25	275
18	1	252	1029	1280	25	276
18	1	253	1033	1285	25	277
18	1	254	1037	1290	25	278
18	1	255	1041	1295	25	279
18	1	256	1045	1300	25	280
18	1	257	1049	1305	25	281
18	1	258	1053	1310	25	282
18	1	259	1057	1315	25	283
18	1	260	1061	1320	25	284
18	1	261	1065	1325	25	285
18	1	262	1069	1330	25	286
18	1	263	1073	1335	25	287
18	1	264	1077	1340	25	288
18	1	265	1081	1345	25	289
18	1	266	1085	1350	25	290
18	1	267	1089	1355	25	291
18	1	268	1093	1360	25	292
18	1	269	1097	1365	25	293
18	1	270	1101	1370	25	294
18	1	271	1105	1375	25	295
18	1	272	1109	1380	25	296
18	1	273	1113	1385	25	297
18	1	274	1117	1390	25	298
18	1	275	1121	1395	25	299
18	1	276	1125	1400	25	300
18	1	277	1129	1405	25	301
18	1	278	1133	1410	25	302
18	1	279	1137	1415	25	303
18	1	280	1141	1420	25	304
18	1	281	1145	1425	25	305
18	1	282	1149	1430	25	306
18	1	283	1153	1435	25	307
18	1	284	1157	1440	25	308
18	1	285	1161	1445	25	309
18	1	286	1165	1450	25	310
18	1	287	1169	1455	25	311
18	1	288	1173	1460	25	312
18	1	289	1177	1465	25	313
18	1	290	1181	1470	25	314
18	1	291	1185	1475	25	315
18	1	292	1189	1480	25	316
18	1	293	1193	1485	25	317
18	1	294	1197	1490	25	318
18	1	295	1201	1495	25	319
18	1	296	1205	1500	25	320
18	1	297	1209	1505	25	321
18	1	298	1213	1510	25	322
18	1	299	1217	1515	25	323
18	1	300	1221	1520	25	324
18	1	301	1225	1525	25	325
18	1	302	1229	1530	25	326
18	1	303	1233	1535	25	327
18	1	304	1237	1540	25	328
18	1	305	1241	1545	25	329
18	1	306	1245	1550	25	330
18	1	307	1249	1555	25	331
18	1	308	1253	1560	25	332
18	1	309	1257	1565	25	333
18	1	310	1261	1570	25	334
18	1	311	1265	1575	25	335
18	1	312	1269	1580	25	336
18	1	313	1273	1585	25	337
18	1	314	1277	1590	25	338
18	1	315	1281	1595	25	339
18	1	316	1285	1600	25	340
18	1	317	1289	1605	25	341
18	1	318	1293	1610	25	342
18	1	319	1297	1615	25	343
18	1	320	1301	1620	25	344
18	1	321	1305	1625	25	345
18	1	322	1309	1630	25	346
18	1	323	1313	1635	25	347
18	1	324	1317	1640	25	348
18	1	325	1321	1645	25	349
18	1	326	1325	1650	25	350
18	1	327	1329	1655	25	351
18	1	328	1333	1660	25	352
18	1	329	1337	1665	25	353
18	1	330	1341	1670	25	354
18	1	331	1345	1675	25	355
18	1	332	1349	1680	25	356
18	1	333	1353	1685	25	357
18	1	334	1357	1690	25	358
18	1	335	1361	1695	25	359
18	1	336	1365	1700	25	360
18	1	337	1369	1705	25	361
18	1	338	1373	1710	25	362
18	1	339	1377	1715	25	363
18	1	340	1381	1720	25	364
18	1	341	1385	1725	25	365
18	1	342	1389	1730	25	366
18	1	343	1393	1735	25	367
18	1	344	1397	1740	25	368
18	1	345	1401	1745	25	369
18	1	346	1405	1750	25	370
18	1	347	1409	1755	25	371
18	1	348	1413	1760	25	372
18	1	349	1417	1765	25	373
18	1	350	1421	1770	25	374
18	1	351	1425	1775	25	375
18	1	352	1429	1780	25	376
18	1	353	1433	1785	25	377
18	1	354	1437	1790	25	378
18	1	355	1441	1795	25	379
18	1	356	1445	1800	25	380
18	1	357	1449	1805	25	381
18	1	358	1453	1810	25	382
18	1	359	1457	1815	25	383
18	1	360	1461	1820	25	384
18	1	361	1465	1825	25	385
18	1	362	1469	1830	25	386
18	1	363	1473	1835	25	387
18	1	364	1477	1840	25	388
18	1	365	1481	1845	25	389
18	1	366	1485	1850	25	390
18	1	367	1489	1855	25	391
18	1	368	1493	1860	25	392
18	1	369	1497	1865	25	393
18	1	370	1501	1870	25	394
18	1	371	1505	1875	25	395
18	1	372	1509	1880	25	396
18	1	373	1513	1885	25	397
18	1	374	1517	1890	25	398
18	1	375	1521	1895	25	399
18	1	376	1525	1900	25	400
18	1	377	1529	1905	25	401
18	1	378	1533	1910	25	402
18	1	379	1537	1915	25	403
18	1	380	1541	1920	25	404
18	1	381	1545	1925	25	405
18	1	382	1549	1930	25	406
18	1	383	1553	1935	25	407
18	1	384	1557	1940	25	408
18	1	385	1561	1945	25	409
18	1	386	1565	1950	25	410
18	1	387	1569	1955	25	411
18	1	388	1573	1960	25	412
18	1	389	1577	1965	25	413
18	1	390	1581	1970	25	414
18	1	391	1585	1975	25	415
18	1	392	1589	1980	25	416
18	1	393	1593	1985	25	417
18	1	394	1597	1990	25	418
18	1	395	1601	1995	25	419
18	1	396	1605	2000	25	420
18	1	397	1609	2005	25	421
18	1	398	1613	2010	25	422
18	1	399	1617	2015	25	423
19	0	1	25	25	25	25
19	0	2	29	25	30	26
19	0	3	33	25	35	27
19	0	4	37	25	40	28
19	0	5	41	25	45	29
19	0	6	45	25	50	30
19	0	7	49	25	55	31
19	0	8	53	25	60	32
19	0	9	57	25	65	33
19	0	10	61	25	70	34
19	0	11	65	25	75	35
19	0	12	69	25	80	36
19	0	13	73	25	85	37
19	0	14	77	25	90	38
19	0	15	81	25	95	39
19	0	16	85	25	100	40
19	0	17	89	25	105	41
19	0	18	93	25	110	42
19	0	19	97	25	115	43
19	0	20	101	25	120	44
19	0	21	105	25	125	45
19	0	22	109	25	130	46
19	0	23	113	25	135	47
19	0	24	117	25	140	48
19	0	25	121	25	145	49
19	0	26	125	25	150	50
19	0	27	129	25	155	51
19	0	28	133	25	160	52
19	0	29	137	25	165	53
19	0	30	141	25	170	54
19	0	31	145	25	175	55
19	0	32	149	25	180	56
19	0	33	153	25	185	57
19	0	34	157	25	190	58
19	0	35	161	25	195	59
19	0	36	165	25	200	60
19	0	37	169	25	205	61
19	0	38	173	25	210	62
19	0	39	177	25	215	63
19	0	40	181	25	220	64
19	0	41	185	25	225	65
19	0	42	189	25	230	66
19	0	43	193	25	235	67
19	0	44	197	25	240	68
19	0	45	201	25	245	69
19	0	46	205	25	250	70
19	0	47	209	25	255	71
19	0	48	213	25	260	72
19	0	49	217	25	265	73
19	0	50	221	25	270	74
19	0	51	225	25	275	75
19	0	52	229	25	280	76
19	0	53	233	25	285	77
19	0	54	237	25	290	78
19	0	55	241	25	295	79
19	0	56	245	25	300	80
19	0	57	249	25	305	81
19	0	58	253	25	310	82
19	0	59	257	25	315	83
19	0	60	261	25	320	84
19	0	61	265	25	325	85
19	0	62	269	25	330	86
19	0	63	273	25	335	87
19	0	64	277	25	340	88
19	0	65	281	25	345	89
19	0	66	285	25	350	90
19	0	67	289	25	355	91
19	0	68	293	25	360	92
19	0	69	297	25	365	93
19	0	70	301	25	370	94
19	0	71	305	25	375	95
19	0	72	309	25	380	96
19	0	73	313	25	385	97
19	0	74	317	25	390	98
19	0	75	321	25	395	99
19	0	76	325	25	400	100
19	0	77	329	25	405	101
19	0	78	333	25	410	102
19	0	79	337	25	415	103
19	0	80	341	25	420	104
19	0	81	345	25	425	105
19	0	82	349	25	430	106
19	0	83	353	25	435	107
19	0	84	357	25	440	108
19	0	85	361	25	445	109
19	0	86	365	25	450	110
19	0	87	369	25	455	111
19	0	88	373	25	460	112
19	0	89	377	25	465	113
19	0	90	381	25	470	114
19	0	91	385	25	475	115
19	0	92	389	25	480	116
19	0	93	393	25	485	117
19	0	94	397	25	490	118
19	0	95	401	25	495	119
19	0	96	405	25	500	120
19	0	97	409	25	505	121
19	0	98	413	25	510	122
19	0	99	417	25	515	123
19	0	100	421	25	520	124
19	0	101	425	25	525	125
19	0	102	429	25	530	126
19	0	103	433	25	535	127
19	0	104	437	25	540	128
19	0	105	441	25	545	129
19	0	106	445	25	550	130
19	0	107	449	25	555	131
19	0	108	453	25	560	132
19	0	109	457	25	565	133
19	0	110	461	25	570	134
19	0	111	465	25	575	135
19	0	112	469	25	580	136
19	0	113	473	25	585	137
19	0	114	477	25	590	138
19	0	115	481	25	595	139
19	0	116	485	25	600	140
19	0	117	489	25	605	141
19	0	118	493	25	610	142
19	0	119	497	25	615	143
19	0	120	501	25	620	144
19	0	121	505	25	625	145
19	0	122	509	25	630	146
19	0	123	513	25	635	147
19	0	124	517	25	640	148
19	0	125	521	25	645	149
19	0	126	525	25	650	150
19	0	127	529	25	655	151
19	0	128	533	25	660	152
19	0	129	537	25	665	153
19	0	130	541	25	670	154
19	0	131	545	25	675	155
19	0	132	549	25	680	156
19	0	133	553	25	685	157
19	0	134	557	25	690	158
19	0	135	561	25	695	159
19	0	136	565	25	700	160
19	0	137	569	25	705	161
19	0	138	573	25	710	162
19	0	139	577	25	715	163
19	0	140	581	25	720	164
19	0	141	585	25	725	165
19	0	142	589	25	730	166
19	0	143	593	25	735	167
19	0	144	597	25	740	168
19	0	145	601	25	745	169
19	0	146	605	25	750	170
19	0	147	609	25	755	171
19	0	148	613	25	760	172
19	0	149	617	25	765	173
19	0	150	621	25	770	174
19	0	151	625	25	775	175
19	0	152	629	25	780	176
19	0	153	633	25	785	177
19	0	154	637	25	790	178
19	0	155	641	25	795	179
19	0	156	645	25	800	180
19	0	157	649	25	805	181
19	0	158	653	25	810	182
19	0	159	657	25	815	183
19	0	160	661	25	820	184
19	0	161	665	25	825	185
19	0	162	669	25	830	186
19	0	163	673	25	835	187
19	0	164	677	25	840	188
19	0	165	681	25	845	189
19	0	166	685	25	850	190
19	0	167	689	25	855	191
19	0	168	693	25	860	192
19	0	169	697	25	865	193
19	0	170	701	25	870	194
19	0	171	705	25	875	195
19	0	172	709	25	880	196
19	0	173	713	25	885	197
19	0	174	717	25	890	198
19	0	175	721	25	895	199
19	0	176	725	25	900	200
19	0	177	729	25	905	201
19	0	178	733	25	910	202
19	0	179	737	25	915	203
19	0	180	741	25	920	204
19	0	181	745	25	925	205
19	0	182	749	25	930	206
19	0	183	753	25	935	207
19	0	184	757	25	940	208
19	0	185	761	25	945	209
19	0	186	765	25	950	210
19	0	187	769	25	955	211
19	0	188	773	25	960	212
19	0	189	777	25	965	213
19	0	190	781	25	970	214
19	0	191	785	25	975	215
19	0	192	789	25	980	216
19	0	193	793	25	985	217
19	0	194	797	25	990	218
19	0	195	801	25	995	219
19	0	196	805	25	1000	220
19	0	197	809	25	1005	221
19	0	198	813	25	1010	222
19	0	199	817	25	1015	223
19	0	200	821	25	1020	224
19	0	201	825	25	1025	225
19	0	202	829	25	1030	226
19	0	203	833	25	1035	227
19	0	204	837	25	1040	228
19	0	205	841	25	1045	229
19	0	206	845	25	1050	230
19	0	207	849	25	1055	231
19	0	208	853	25	1060	232
19	0	209	857	25	1065	233
19	0	210	861	25	1070	234
19	0	211	865	25	1075	235
19	0	212	869	25	1080	236
19	0	213	873	25	1085	237
19	0	214	877	25	1090	238
19	0	215	881	25	1095	239
19	0	216	885	25	1100	240
19	0	217	889	25	1105	241
19	0	218	893	25	1110	242
19	0	219	897	25	1115	243
19	0	220	901	25	1120	244
19	0	221	905	25	1125	245
19	0	222	909	25	1130	246
19	0	223	913	25	1135	247
19	0	224	917	25	1140	248
19	0	225	921	25	1145	249
19	0	226	925	25	1150	250
19	0	227	929	25	1155	251
19	0	228	933	25	1160	252
19	0	229	937	25	1165	253
19	0	230	941	25	1170	254
19	0	231	945	25	1175	255
19	0	232	949	25	1180	256
19	0	233	953	25	1185	257
19	0	234	957	25	1190	258
19	0	235	961	25	1195	259
19	0	236	965	25	1200	260
19	0	237	969	25	1205	261
19	0	238	973	25	1210	262
19	0	239	977	25	1215	263
19	0	240	981	25	1220	264
19	0	241	985	25	1225	265
19	0	242	989	25	1230	266
19	0	243	993	25	1235	267
19	0	244	997	25	1240	268
19	0	245	1001	25	1245	269
19	0	246	1005	25	1250	270
19	0	247	1009	25	1255	271
19	0	248	1013	25	1260	272
19	0	249	1017	25	1265	273
19	0	250	1021	25	1270	274
19	0	251	1025	25	1275	275
19	0	252	1029	25	1280	276
19	0	253	1033	25	1285	277
19	0	254	1037	25	1290	278
19	0	255	1041	25	1295	279
19	0	256	1045	25	1300	280
19	0	257	1049	25	1305	281
19	0	258	1053	25	1310	282
19	0	259	1057	25	1315	283
19	0	260	1061	25	1320	284
19	0	261	1065	25	1325	285
19	0	262	1069	25	1330	286
19	0	263	1073	25	1335	287
19	0	264	1077	25	1340	288
19	0	265	1081	25	1345	289
19	0	266	1085	25	1350	290
19	0	267	1089	25	1355	291
19	0	268	1093	25	1360	292
19	0	269	1097	25	1365	293
19	0	270	1101	25	1370	294
19	0	271	1105	25	1375	295
19	0	272	1109	25	1380	296
19	0	273	1113	25	1385	297
19	0	274	1117	25	1390	298
19	0	275	1121	25	1395	299
19	0	276	1125	25	1400	300
19	0	277	1129	25	1405	301
19	0	278	1133	25	1410	302
19	0	279	1137	25	1415	303
19	0	280	1141	25	1420	304
19	0	281	1145	25	1425	305
19	0	282	1149	25	1430	306
19	0	283	1153	25	1435	307
19	0	284	1157	25	1440	308
19	0	285	1161	25	1445	309
19	0	286	1165	25	1450	310
19	0	287	1169	25	1455	311
19	0	288	1173	25	1460	312
19	0	289	1177	25	1465	313
19	0	290	1181	25	1470	314
19	0	291	1185	25	1475	315
19	0	292	1189	25	1480	316
19	0	293	1193	25	1485	317
19	0	294	1197	25	1490	318
19	0	295	1201	25	1495	319
19	0	296	1205	25	1500	320
19	0	297	1209	25	1505	321
19	0	298	1213	25	1510	322
19	0	299	1217	25	1515	323
19	0	300	1221	25	1520	324
19	0	301	1225	25	1525	325
19	0	302	1229	25	1530	326
19	0	303	1233	25	1535	327
19	0	304	1237	25	1540	328
19	0	305	1241	25	1545	329
19	0	306	1245	25	1550	330
19	0	307	1249	25	1555	331
19	0	308	1253	25	1560	332
19	0	309	1257	25	1565	333
19	0	310	1261	25	1570	334
19	0	311	1265	25	1575	335
19	0	312	1269	25	1580	336
19	0	313	1273	25	1585	337
19	0	314	1277	25	1590	338
19	0	315	1281	25	1595	339
19	0	316	1285	25	1600	340
19	0	317	1289	25	1605	341
19	0	318	1293	25	1610	342
19	0	319	1297	25	1615	343
19	0	320	1301	25	1620	344
19	0	321	1305	25	1625	345
19	0	322	1309	25	1630	346
19	0	323	1313	25	1635	347
19	0	324	1317	25	1640	348
19	0	325	1321	25	1645	349
19	0	326	1325	25	1650	350
19	0	327	1329	25	1655	351
19	0	328	1333	25	1660	352
19	0	329	1337	25	1665	353
19	0	330	1341	25	1670	354
19	0	331	1345	25	1675	355
19	0	332	1349	25	1680	356
19	0	333	1353	25	1685	357
19	0	334	1357	25	1690	358
19	0	335	1361	25	1695	359
19	0	336	1365	25	1700	360
19	0	337	1369	25	1705	361
19	0	338	1373	25	1710	362
19	0	339	1377	25	1715	363
19	0	340	1381	25	1720	364
19	0	341	1385	25	1725	365
19	0	342	1389	25	1730	366
19	0	343	1393	25	1735	367
19	0	344	1397	25	1740	368
19	0	345	1401	25	1745	369
19	0	346	1405	25	1750	370
19	0	347	1409	25	1755	371
19	0	348	1413	25	1760	372
19	0	349	1417	25	1765	373
19	0	350	1421	25	1770	374
19	0	351	1425	25	1775	375
19	0	352	1429	25	1780	376
19	0	353	1433	25	1785	377
19	0	354	1437	25	1790	378
19	0	355	1441	25	1795	379
19	0	356	1445	25	1800	380
19	0	357	1449	25	1805	381
19	0	358	1453	25	1810	382
19	0	359	1457	25	1815	383
19	0	360	1461	25	1820	384
19	0	361	1465	25	1825	385
19	0	362	1469	25	1830	386
19	0	363	1473	25	1835	387
19	0	364	1477	25	1840	388
19	0	365	1481	25	1845	389
19	0	366	1485	25	1850	390
19	0	367	1489	25	1855	391
19	0	368	1493	25	1860	392
19	0	369	1497	25	1865	393
19	0	370	1501	25	1870	394
19	0	371	1505	25	1875	395
19	0	372	1509	25	1880	396
19	0	373	1513	25	1885	397
19	0	374	1517	25	1890	398
19	0	375	1521	25	1895	399
19	0	376	1525	25	1900	400
19	0	377	1529	25	1905	401
19	0	378	1533	25	1910	402
19	0	379	1537	25	1915	403
19	0	380	1541	25	1920	404
19	0	381	1545	25	1925	405
19	0	382	1549	25	1930	406
19	0	383	1553	25	1935	407
19	0	384	1557	25	1940	408
19	0	385	1561	25	1945	409
19	0	386	1565	25	1950	410
19	0	387	1569	25	1955	411
19	0	388	1573	25	1960	412
19	0	389	1577	25	1965	413
19	0	390	1581	25	1970	414
19	0	391	1585	25	1975	415
19	0	392	1589	25	1980	416
19	0	393	1593	25	1985	417
19	0	394	1597	25	1990	418
19	0	395	1601	25	1995	419
19	0	396	1605	25	2000	420
19	0	397	1609	25	2005	421
19	0	398	1613	25	2010	422
19	0	399	1617	25	2015	423
19	1	1	25	25	25	25
19	1	2	29	30	25	26
19	1	3	33	35	25	27
19	1	4	37	40	25	28
19	1	5	41	45	25	29
19	1	6	45	50	25	30
19	1	7	49	55	25	31
19	1	8	53	60	25	32
19	1	9	57	65	25	33
19	1	10	61	70	25	34
19	1	11	65	75	25	35
19	1	12	69	80	25	36
19	1	13	73	85	25	37
19	1	14	77	90	25	38
19	1	15	81	95	25	39
19	1	16	85	100	25	40
19	1	17	89	105	25	41
19	1	18	93	110	25	42
19	1	19	97	115	25	43
19	1	20	101	120	25	44
19	1	21	105	125	25	45
19	1	22	109	130	25	46
19	1	23	113	135	25	47
19	1	24	117	140	25	48
19	1	25	121	145	25	49
19	1	26	125	150	25	50
19	1	27	129	155	25	51
19	1	28	133	160	25	52
19	1	29	137	165	25	53
19	1	30	141	170	25	54
19	1	31	145	175	25	55
19	1	32	149	180	25	56
19	1	33	153	185	25	57
19	1	34	157	190	25	58
19	1	35	161	195	25	59
19	1	36	165	200	25	60
19	1	37	169	205	25	61
19	1	38	173	210	25	62
19	1	39	177	215	25	63
19	1	40	181	220	25	64
19	1	41	185	225	25	65
19	1	42	189	230	25	66
19	1	43	193	235	25	67
19	1	44	197	240	25	68
19	1	45	201	245	25	69
19	1	46	205	250	25	70
19	1	47	209	255	25	71
19	1	48	213	260	25	72
19	1	49	217	265	25	73
19	1	50	221	270	25	74
19	1	51	225	275	25	75
19	1	52	229	280	25	76
19	1	53	233	285	25	77
19	1	54	237	290	25	78
19	1	55	241	295	25	79
19	1	56	245	300	25	80
19	1	57	249	305	25	81
19	1	58	253	310	25	82
19	1	59	257	315	25	83
19	1	60	261	320	25	84
19	1	61	265	325	25	85
19	1	62	269	330	25	86
19	1	63	273	335	25	87
19	1	64	277	340	25	88
19	1	65	281	345	25	89
19	1	66	285	350	25	90
19	1	67	289	355	25	91
19	1	68	293	360	25	92
19	1	69	297	365	25	93
19	1	70	301	370	25	94
19	1	71	305	375	25	95
19	1	72	309	380	25	96
19	1	73	313	385	25	97
19	1	74	317	390	25	98
19	1	75	321	395	25	99
19	1	76	325	400	25	100
19	1	77	329	405	25	101
19	1	78	333	410	25	102
19	1	79	337	415	25	103
19	1	80	341	420	25	104
19	1	81	345	425	25	105
19	1	82	349	430	25	106
19	1	83	353	435	25	107
19	1	84	357	440	25	108
19	1	85	361	445	25	109
19	1	86	365	450	25	110
19	1	87	369	455	25	111
19	1	88	373	460	25	112
19	1	89	377	465	25	113
19	1	90	381	470	25	114
19	1	91	385	475	25	115
19	1	92	389	480	25	116
19	1	93	393	485	25	117
19	1	94	397	490	25	118
19	1	95	401	495	25	119
19	1	96	405	500	25	120
19	1	97	409	505	25	121
19	1	98	413	510	25	122
19	1	99	417	515	25	123
19	1	100	421	520	25	124
19	1	101	425	525	25	125
19	1	102	429	530	25	126
19	1	103	433	535	25	127
19	1	104	437	540	25	128
19	1	105	441	545	25	129
19	1	106	445	550	25	130
19	1	107	449	555	25	131
19	1	108	453	560	25	132
19	1	109	457	565	25	133
19	1	110	461	570	25	134
19	1	111	465	575	25	135
19	1	112	469	580	25	136
19	1	113	473	585	25	137
19	1	114	477	590	25	138
19	1	115	481	595	25	139
19	1	116	485	600	25	140
19	1	117	489	605	25	141
19	1	118	493	610	25	142
19	1	119	497	615	25	143
19	1	120	501	620	25	144
19	1	121	505	625	25	145
19	1	122	509	630	25	146
19	1	123	513	635	25	147
19	1	124	517	640	25	148
19	1	125	521	645	25	149
19	1	126	525	650	25	150
19	1	127	529	655	25	151
19	1	128	533	660	25	152
19	1	129	537	665	25	153
19	1	130	541	670	25	154
19	1	131	545	675	25	155
19	1	132	549	680	25	156
19	1	133	553	685	25	157
19	1	134	557	690	25	158
19	1	135	561	695	25	159
19	1	136	565	700	25	160
19	1	137	569	705	25	161
19	1	138	573	710	25	162
19	1	139	577	715	25	163
19	1	140	581	720	25	164
19	1	141	585	725	25	165
19	1	142	589	730	25	166
19	1	143	593	735	25	167
19	1	144	597	740	25	168
19	1	145	601	745	25	169
19	1	146	605	750	25	170
19	1	147	609	755	25	171
19	1	148	613	760	25	172
19	1	149	617	765	25	173
19	1	150	621	770	25	174
19	1	151	625	775	25	175
19	1	152	629	780	25	176
19	1	153	633	785	25	177
19	1	154	637	790	25	178
19	1	155	641	795	25	179
19	1	156	645	800	25	180
19	1	157	649	805	25	181
19	1	158	653	810	25	182
19	1	159	657	815	25	183
19	1	160	661	820	25	184
19	1	161	665	825	25	185
19	1	162	669	830	25	186
19	1	163	673	835	25	187
19	1	164	677	840	25	188
19	1	165	681	845	25	189
19	1	166	685	850	25	190
19	1	167	689	855	25	191
19	1	168	693	860	25	192
19	1	169	697	865	25	193
19	1	170	701	870	25	194
19	1	171	705	875	25	195
19	1	172	709	880	25	196
19	1	173	713	885	25	197
19	1	174	717	890	25	198
19	1	175	721	895	25	199
19	1	176	725	900	25	200
19	1	177	729	905	25	201
19	1	178	733	910	25	202
19	1	179	737	915	25	203
19	1	180	741	920	25	204
19	1	181	745	925	25	205
19	1	182	749	930	25	206
19	1	183	753	935	25	207
19	1	184	757	940	25	208
19	1	185	761	945	25	209
19	1	186	765	950	25	210
19	1	187	769	955	25	211
19	1	188	773	960	25	212
19	1	189	777	965	25	213
19	1	190	781	970	25	214
19	1	191	785	975	25	215
19	1	192	789	980	25	216
19	1	193	793	985	25	217
19	1	194	797	990	25	218
19	1	195	801	995	25	219
19	1	196	805	1000	25	220
19	1	197	809	1005	25	221
19	1	198	813	1010	25	222
19	1	199	817	1015	25	223
19	1	200	821	1020	25	224
19	1	201	825	1025	25	225
19	1	202	829	1030	25	226
19	1	203	833	1035	25	227
19	1	204	837	1040	25	228
19	1	205	841	1045	25	229
19	1	206	845	1050	25	230
19	1	207	849	1055	25	231
19	1	208	853	1060	25	232
19	1	209	857	1065	25	233
19	1	210	861	1070	25	234
19	1	211	865	1075	25	235
19	1	212	869	1080	25	236
19	1	213	873	1085	25	237
19	1	214	877	1090	25	238
19	1	215	881	1095	25	239
19	1	216	885	1100	25	240
19	1	217	889	1105	25	241
19	1	218	893	1110	25	242
19	1	219	897	1115	25	243
19	1	220	901	1120	25	244
19	1	221	905	1125	25	245
19	1	222	909	1130	25	246
19	1	223	913	1135	25	247
19	1	224	917	1140	25	248
19	1	225	921	1145	25	249
19	1	226	925	1150	25	250
19	1	227	929	1155	25	251
19	1	228	933	1160	25	252
19	1	229	937	1165	25	253
19	1	230	941	1170	25	254
19	1	231	945	1175	25	255
19	1	232	949	1180	25	256
19	1	233	953	1185	25	257
19	1	234	957	1190	25	258
19	1	235	961	1195	25	259
19	1	236	965	1200	25	260
19	1	237	969	1205	25	261
19	1	238	973	1210	25	262
19	1	239	977	1215	25	263
19	1	240	981	1220	25	264
19	1	241	985	1225	25	265
19	1	242	989	1230	25	266
19	1	243	993	1235	25	267
19	1	244	997	1240	25	268
19	1	245	1001	1245	25	269
19	1	246	1005	1250	25	270
19	1	247	1009	1255	25	271
19	1	248	1013	1260	25	272
19	1	249	1017	1265	25	273
19	1	250	1021	1270	25	274
19	1	251	1025	1275	25	275
19	1	252	1029	1280	25	276
19	1	253	1033	1285	25	277
19	1	254	1037	1290	25	278
19	1	255	1041	1295	25	279
19	1	256	1045	1300	25	280
19	1	257	1049	1305	25	281
19	1	258	1053	1310	25	282
19	1	259	1057	1315	25	283
19	1	260	1061	1320	25	284
19	1	261	1065	1325	25	285
19	1	262	1069	1330	25	286
19	1	263	1073	1335	25	287
19	1	264	1077	1340	25	288
19	1	265	1081	1345	25	289
19	1	266	1085	1350	25	290
19	1	267	1089	1355	25	291
19	1	268	1093	1360	25	292
19	1	269	1097	1365	25	293
19	1	270	1101	1370	25	294
19	1	271	1105	1375	25	295
19	1	272	1109	1380	25	296
19	1	273	1113	1385	25	297
19	1	274	1117	1390	25	298
19	1	275	1121	1395	25	299
19	1	276	1125	1400	25	300
19	1	277	1129	1405	25	301
19	1	278	1133	1410	25	302
19	1	279	1137	1415	25	303
19	1	280	1141	1420	25	304
19	1	281	1145	1425	25	305
19	1	282	1149	1430	25	306
19	1	283	1153	1435	25	307
19	1	284	1157	1440	25	308
19	1	285	1161	1445	25	309
19	1	286	1165	1450	25	310
19	1	287	1169	1455	25	311
19	1	288	1173	1460	25	312
19	1	289	1177	1465	25	313
19	1	290	1181	1470	25	314
19	1	291	1185	1475	25	315
19	1	292	1189	1480	25	316
19	1	293	1193	1485	25	317
19	1	294	1197	1490	25	318
19	1	295	1201	1495	25	319
19	1	296	1205	1500	25	320
19	1	297	1209	1505	25	321
19	1	298	1213	1510	25	322
19	1	299	1217	1515	25	323
19	1	300	1221	1520	25	324
19	1	301	1225	1525	25	325
19	1	302	1229	1530	25	326
19	1	303	1233	1535	25	327
19	1	304	1237	1540	25	328
19	1	305	1241	1545	25	329
19	1	306	1245	1550	25	330
19	1	307	1249	1555	25	331
19	1	308	1253	1560	25	332
19	1	309	1257	1565	25	333
19	1	310	1261	1570	25	334
19	1	311	1265	1575	25	335
19	1	312	1269	1580	25	336
19	1	313	1273	1585	25	337
19	1	314	1277	1590	25	338
19	1	315	1281	1595	25	339
19	1	316	1285	1600	25	340
19	1	317	1289	1605	25	341
19	1	318	1293	1610	25	342
19	1	319	1297	1615	25	343
19	1	320	1301	1620	25	344
19	1	321	1305	1625	25	345
19	1	322	1309	1630	25	346
19	1	323	1313	1635	25	347
19	1	324	1317	1640	25	348
19	1	325	1321	1645	25	349
19	1	326	1325	1650	25	350
19	1	327	1329	1655	25	351
19	1	328	1333	1660	25	352
19	1	329	1337	1665	25	353
19	1	330	1341	1670	25	354
19	1	331	1345	1675	25	355
19	1	332	1349	1680	25	356
19	1	333	1353	1685	25	357
19	1	334	1357	1690	25	358
19	1	335	1361	1695	25	359
19	1	336	1365	1700	25	360
19	1	337	1369	1705	25	361
19	1	338	1373	1710	25	362
19	1	339	1377	1715	25	363
19	1	340	1381	1720	25	364
19	1	341	1385	1725	25	365
19	1	342	1389	1730	25	366
19	1	343	1393	1735	25	367
19	1	344	1397	1740	25	368
19	1	345	1401	1745	25	369
19	1	346	1405	1750	25	370
19	1	347	1409	1755	25	371
19	1	348	1413	1760	25	372
19	1	349	1417	1765	25	373
19	1	350	1421	1770	25	374
19	1	351	1425	1775	25	375
19	1	352	1429	1780	25	376
19	1	353	1433	1785	25	377
19	1	354	1437	1790	25	378
19	1	355	1441	1795	25	379
19	1	356	1445	1800	25	380
19	1	357	1449	1805	25	381
19	1	358	1453	1810	25	382
19	1	359	1457	1815	25	383
19	1	360	1461	1820	25	384
19	1	361	1465	1825	25	385
19	1	362	1469	1830	25	386
19	1	363	1473	1835	25	387
19	1	364	1477	1840	25	388
19	1	365	1481	1845	25	389
19	1	366	1485	1850	25	390
19	1	367	1489	1855	25	391
19	1	368	1493	1860	25	392
19	1	369	1497	1865	25	393
19	1	370	1501	1870	25	394
19	1	371	1505	1875	25	395
19	1	372	1509	1880	25	396
19	1	373	1513	1885	25	397
19	1	374	1517	1890	25	398
19	1	375	1521	1895	25	399
19	1	376	1525	1900	25	400
19	1	377	1529	1905	25	401
19	1	378	1533	1910	25	402
19	1	379	1537	1915	25	403
19	1	380	1541	1920	25	404
19	1	381	1545	1925	25	405
19	1	382	1549	1930	25	406
19	1	383	1553	1935	25	407
19	1	384	1557	1940	25	408
19	1	385	1561	1945	25	409
19	1	386	1565	1950	25	410
19	1	387	1569	1955	25	411
19	1	388	1573	1960	25	412
19	1	389	1577	1965	25	413
19	1	390	1581	1970	25	414
19	1	391	1585	1975	25	415
19	1	392	1589	1980	25	416
19	1	393	1593	1985	25	417
19	1	394	1597	1990	25	418
19	1	395	1601	1995	25	419
19	1	396	1605	2000	25	420
19	1	397	1609	2005	25	421
19	1	398	1613	2010	25	422
19	1	399	1617	2015	25	423
20	0	1	25	25	25	25
20	0	2	29	25	30	26
20	0	3	33	25	35	27
20	0	4	37	25	40	28
20	0	5	41	25	45	29
20	0	6	45	25	50	30
20	0	7	49	25	55	31
20	0	8	53	25	60	32
20	0	9	57	25	65	33
20	0	10	61	25	70	34
20	0	11	65	25	75	35
20	0	12	69	25	80	36
20	0	13	73	25	85	37
20	0	14	77	25	90	38
20	0	15	81	25	95	39
20	0	16	85	25	100	40
20	0	17	89	25	105	41
20	0	18	93	25	110	42
20	0	19	97	25	115	43
20	0	20	101	25	120	44
20	0	21	105	25	125	45
20	0	22	109	25	130	46
20	0	23	113	25	135	47
20	0	24	117	25	140	48
20	0	25	121	25	145	49
20	0	26	125	25	150	50
20	0	27	129	25	155	51
20	0	28	133	25	160	52
20	0	29	137	25	165	53
20	0	30	141	25	170	54
20	0	31	145	25	175	55
20	0	32	149	25	180	56
20	0	33	153	25	185	57
20	0	34	157	25	190	58
20	0	35	161	25	195	59
20	0	36	165	25	200	60
20	0	37	169	25	205	61
20	0	38	173	25	210	62
20	0	39	177	25	215	63
20	0	40	181	25	220	64
20	0	41	185	25	225	65
20	0	42	189	25	230	66
20	0	43	193	25	235	67
20	0	44	197	25	240	68
20	0	45	201	25	245	69
20	0	46	205	25	250	70
20	0	47	209	25	255	71
20	0	48	213	25	260	72
20	0	49	217	25	265	73
20	0	50	221	25	270	74
20	0	51	225	25	275	75
20	0	52	229	25	280	76
20	0	53	233	25	285	77
20	0	54	237	25	290	78
20	0	55	241	25	295	79
20	0	56	245	25	300	80
20	0	57	249	25	305	81
20	0	58	253	25	310	82
20	0	59	257	25	315	83
20	0	60	261	25	320	84
20	0	61	265	25	325	85
20	0	62	269	25	330	86
20	0	63	273	25	335	87
20	0	64	277	25	340	88
20	0	65	281	25	345	89
20	0	66	285	25	350	90
20	0	67	289	25	355	91
20	0	68	293	25	360	92
20	0	69	297	25	365	93
20	0	70	301	25	370	94
20	0	71	305	25	375	95
20	0	72	309	25	380	96
20	0	73	313	25	385	97
20	0	74	317	25	390	98
20	0	75	321	25	395	99
20	0	76	325	25	400	100
20	0	77	329	25	405	101
20	0	78	333	25	410	102
20	0	79	337	25	415	103
20	0	80	341	25	420	104
20	0	81	345	25	425	105
20	0	82	349	25	430	106
20	0	83	353	25	435	107
20	0	84	357	25	440	108
20	0	85	361	25	445	109
20	0	86	365	25	450	110
20	0	87	369	25	455	111
20	0	88	373	25	460	112
20	0	89	377	25	465	113
20	0	90	381	25	470	114
20	0	91	385	25	475	115
20	0	92	389	25	480	116
20	0	93	393	25	485	117
20	0	94	397	25	490	118
20	0	95	401	25	495	119
20	0	96	405	25	500	120
20	0	97	409	25	505	121
20	0	98	413	25	510	122
20	0	99	417	25	515	123
20	0	100	421	25	520	124
20	0	101	425	25	525	125
20	0	102	429	25	530	126
20	0	103	433	25	535	127
20	0	104	437	25	540	128
20	0	105	441	25	545	129
20	0	106	445	25	550	130
20	0	107	449	25	555	131
20	0	108	453	25	560	132
20	0	109	457	25	565	133
20	0	110	461	25	570	134
20	0	111	465	25	575	135
20	0	112	469	25	580	136
20	0	113	473	25	585	137
20	0	114	477	25	590	138
20	0	115	481	25	595	139
20	0	116	485	25	600	140
20	0	117	489	25	605	141
20	0	118	493	25	610	142
20	0	119	497	25	615	143
20	0	120	501	25	620	144
20	0	121	505	25	625	145
20	0	122	509	25	630	146
20	0	123	513	25	635	147
20	0	124	517	25	640	148
20	0	125	521	25	645	149
20	0	126	525	25	650	150
20	0	127	529	25	655	151
20	0	128	533	25	660	152
20	0	129	537	25	665	153
20	0	130	541	25	670	154
20	0	131	545	25	675	155
20	0	132	549	25	680	156
20	0	133	553	25	685	157
20	0	134	557	25	690	158
20	0	135	561	25	695	159
20	0	136	565	25	700	160
20	0	137	569	25	705	161
20	0	138	573	25	710	162
20	0	139	577	25	715	163
20	0	140	581	25	720	164
20	0	141	585	25	725	165
20	0	142	589	25	730	166
20	0	143	593	25	735	167
20	0	144	597	25	740	168
20	0	145	601	25	745	169
20	0	146	605	25	750	170
20	0	147	609	25	755	171
20	0	148	613	25	760	172
20	0	149	617	25	765	173
20	0	150	621	25	770	174
20	0	151	625	25	775	175
20	0	152	629	25	780	176
20	0	153	633	25	785	177
20	0	154	637	25	790	178
20	0	155	641	25	795	179
20	0	156	645	25	800	180
20	0	157	649	25	805	181
20	0	158	653	25	810	182
20	0	159	657	25	815	183
20	0	160	661	25	820	184
20	0	161	665	25	825	185
20	0	162	669	25	830	186
20	0	163	673	25	835	187
20	0	164	677	25	840	188
20	0	165	681	25	845	189
20	0	166	685	25	850	190
20	0	167	689	25	855	191
20	0	168	693	25	860	192
20	0	169	697	25	865	193
20	0	170	701	25	870	194
20	0	171	705	25	875	195
20	0	172	709	25	880	196
20	0	173	713	25	885	197
20	0	174	717	25	890	198
20	0	175	721	25	895	199
20	0	176	725	25	900	200
20	0	177	729	25	905	201
20	0	178	733	25	910	202
20	0	179	737	25	915	203
20	0	180	741	25	920	204
20	0	181	745	25	925	205
20	0	182	749	25	930	206
20	0	183	753	25	935	207
20	0	184	757	25	940	208
20	0	185	761	25	945	209
20	0	186	765	25	950	210
20	0	187	769	25	955	211
20	0	188	773	25	960	212
20	0	189	777	25	965	213
20	0	190	781	25	970	214
20	0	191	785	25	975	215
20	0	192	789	25	980	216
20	0	193	793	25	985	217
20	0	194	797	25	990	218
20	0	195	801	25	995	219
20	0	196	805	25	1000	220
20	0	197	809	25	1005	221
20	0	198	813	25	1010	222
20	0	199	817	25	1015	223
20	0	200	821	25	1020	224
20	0	201	825	25	1025	225
20	0	202	829	25	1030	226
20	0	203	833	25	1035	227
20	0	204	837	25	1040	228
20	0	205	841	25	1045	229
20	0	206	845	25	1050	230
20	0	207	849	25	1055	231
20	0	208	853	25	1060	232
20	0	209	857	25	1065	233
20	0	210	861	25	1070	234
20	0	211	865	25	1075	235
20	0	212	869	25	1080	236
20	0	213	873	25	1085	237
20	0	214	877	25	1090	238
20	0	215	881	25	1095	239
20	0	216	885	25	1100	240
20	0	217	889	25	1105	241
20	0	218	893	25	1110	242
20	0	219	897	25	1115	243
20	0	220	901	25	1120	244
20	0	221	905	25	1125	245
20	0	222	909	25	1130	246
20	0	223	913	25	1135	247
20	0	224	917	25	1140	248
20	0	225	921	25	1145	249
20	0	226	925	25	1150	250
20	0	227	929	25	1155	251
20	0	228	933	25	1160	252
20	0	229	937	25	1165	253
20	0	230	941	25	1170	254
20	0	231	945	25	1175	255
20	0	232	949	25	1180	256
20	0	233	953	25	1185	257
20	0	234	957	25	1190	258
20	0	235	961	25	1195	259
20	0	236	965	25	1200	260
20	0	237	969	25	1205	261
20	0	238	973	25	1210	262
20	0	239	977	25	1215	263
20	0	240	981	25	1220	264
20	0	241	985	25	1225	265
20	0	242	989	25	1230	266
20	0	243	993	25	1235	267
20	0	244	997	25	1240	268
20	0	245	1001	25	1245	269
20	0	246	1005	25	1250	270
20	0	247	1009	25	1255	271
20	0	248	1013	25	1260	272
20	0	249	1017	25	1265	273
20	0	250	1021	25	1270	274
20	0	251	1025	25	1275	275
20	0	252	1029	25	1280	276
20	0	253	1033	25	1285	277
20	0	254	1037	25	1290	278
20	0	255	1041	25	1295	279
20	0	256	1045	25	1300	280
20	0	257	1049	25	1305	281
20	0	258	1053	25	1310	282
20	0	259	1057	25	1315	283
20	0	260	1061	25	1320	284
20	0	261	1065	25	1325	285
20	0	262	1069	25	1330	286
20	0	263	1073	25	1335	287
20	0	264	1077	25	1340	288
20	0	265	1081	25	1345	289
20	0	266	1085	25	1350	290
20	0	267	1089	25	1355	291
20	0	268	1093	25	1360	292
20	0	269	1097	25	1365	293
20	0	270	1101	25	1370	294
20	0	271	1105	25	1375	295
20	0	272	1109	25	1380	296
20	0	273	1113	25	1385	297
20	0	274	1117	25	1390	298
20	0	275	1121	25	1395	299
20	0	276	1125	25	1400	300
20	0	277	1129	25	1405	301
20	0	278	1133	25	1410	302
20	0	279	1137	25	1415	303
20	0	280	1141	25	1420	304
20	0	281	1145	25	1425	305
20	0	282	1149	25	1430	306
20	0	283	1153	25	1435	307
20	0	284	1157	25	1440	308
20	0	285	1161	25	1445	309
20	0	286	1165	25	1450	310
20	0	287	1169	25	1455	311
20	0	288	1173	25	1460	312
20	0	289	1177	25	1465	313
20	0	290	1181	25	1470	314
20	0	291	1185	25	1475	315
20	0	292	1189	25	1480	316
20	0	293	1193	25	1485	317
20	0	294	1197	25	1490	318
20	0	295	1201	25	1495	319
20	0	296	1205	25	1500	320
20	0	297	1209	25	1505	321
20	0	298	1213	25	1510	322
20	0	299	1217	25	1515	323
20	0	300	1221	25	1520	324
20	0	301	1225	25	1525	325
20	0	302	1229	25	1530	326
20	0	303	1233	25	1535	327
20	0	304	1237	25	1540	328
20	0	305	1241	25	1545	329
20	0	306	1245	25	1550	330
20	0	307	1249	25	1555	331
20	0	308	1253	25	1560	332
20	0	309	1257	25	1565	333
20	0	310	1261	25	1570	334
20	0	311	1265	25	1575	335
20	0	312	1269	25	1580	336
20	0	313	1273	25	1585	337
20	0	314	1277	25	1590	338
20	0	315	1281	25	1595	339
20	0	316	1285	25	1600	340
20	0	317	1289	25	1605	341
20	0	318	1293	25	1610	342
20	0	319	1297	25	1615	343
20	0	320	1301	25	1620	344
20	0	321	1305	25	1625	345
20	0	322	1309	25	1630	346
20	0	323	1313	25	1635	347
20	0	324	1317	25	1640	348
20	0	325	1321	25	1645	349
20	0	326	1325	25	1650	350
20	0	327	1329	25	1655	351
20	0	328	1333	25	1660	352
20	0	329	1337	25	1665	353
20	0	330	1341	25	1670	354
20	0	331	1345	25	1675	355
20	0	332	1349	25	1680	356
20	0	333	1353	25	1685	357
20	0	334	1357	25	1690	358
20	0	335	1361	25	1695	359
20	0	336	1365	25	1700	360
20	0	337	1369	25	1705	361
20	0	338	1373	25	1710	362
20	0	339	1377	25	1715	363
20	0	340	1381	25	1720	364
20	0	341	1385	25	1725	365
20	0	342	1389	25	1730	366
20	0	343	1393	25	1735	367
20	0	344	1397	25	1740	368
20	0	345	1401	25	1745	369
20	0	346	1405	25	1750	370
20	0	347	1409	25	1755	371
20	0	348	1413	25	1760	372
20	0	349	1417	25	1765	373
20	0	350	1421	25	1770	374
20	0	351	1425	25	1775	375
20	0	352	1429	25	1780	376
20	0	353	1433	25	1785	377
20	0	354	1437	25	1790	378
20	0	355	1441	25	1795	379
20	0	356	1445	25	1800	380
20	0	357	1449	25	1805	381
20	0	358	1453	25	1810	382
20	0	359	1457	25	1815	383
20	0	360	1461	25	1820	384
20	0	361	1465	25	1825	385
20	0	362	1469	25	1830	386
20	0	363	1473	25	1835	387
20	0	364	1477	25	1840	388
20	0	365	1481	25	1845	389
20	0	366	1485	25	1850	390
20	0	367	1489	25	1855	391
20	0	368	1493	25	1860	392
20	0	369	1497	25	1865	393
20	0	370	1501	25	1870	394
20	0	371	1505	25	1875	395
20	0	372	1509	25	1880	396
20	0	373	1513	25	1885	397
20	0	374	1517	25	1890	398
20	0	375	1521	25	1895	399
20	0	376	1525	25	1900	400
20	0	377	1529	25	1905	401
20	0	378	1533	25	1910	402
20	0	379	1537	25	1915	403
20	0	380	1541	25	1920	404
20	0	381	1545	25	1925	405
20	0	382	1549	25	1930	406
20	0	383	1553	25	1935	407
20	0	384	1557	25	1940	408
20	0	385	1561	25	1945	409
20	0	386	1565	25	1950	410
20	0	387	1569	25	1955	411
20	0	388	1573	25	1960	412
20	0	389	1577	25	1965	413
20	0	390	1581	25	1970	414
20	0	391	1585	25	1975	415
20	0	392	1589	25	1980	416
20	0	393	1593	25	1985	417
20	0	394	1597	25	1990	418
20	0	395	1601	25	1995	419
20	0	396	1605	25	2000	420
20	0	397	1609	25	2005	421
20	0	398	1613	25	2010	422
20	0	399	1617	25	2015	423
20	1	1	25	25	25	25
20	1	2	29	30	25	26
20	1	3	33	35	25	27
20	1	4	37	40	25	28
20	1	5	41	45	25	29
20	1	6	45	50	25	30
20	1	7	49	55	25	31
20	1	8	53	60	25	32
20	1	9	57	65	25	33
20	1	10	61	70	25	34
20	1	11	65	75	25	35
20	1	12	69	80	25	36
20	1	13	73	85	25	37
20	1	14	77	90	25	38
20	1	15	81	95	25	39
20	1	16	85	100	25	40
20	1	17	89	105	25	41
20	1	18	93	110	25	42
20	1	19	97	115	25	43
20	1	20	101	120	25	44
20	1	21	105	125	25	45
20	1	22	109	130	25	46
20	1	23	113	135	25	47
20	1	24	117	140	25	48
20	1	25	121	145	25	49
20	1	26	125	150	25	50
20	1	27	129	155	25	51
20	1	28	133	160	25	52
20	1	29	137	165	25	53
20	1	30	141	170	25	54
20	1	31	145	175	25	55
20	1	32	149	180	25	56
20	1	33	153	185	25	57
20	1	34	157	190	25	58
20	1	35	161	195	25	59
20	1	36	165	200	25	60
20	1	37	169	205	25	61
20	1	38	173	210	25	62
20	1	39	177	215	25	63
20	1	40	181	220	25	64
20	1	41	185	225	25	65
20	1	42	189	230	25	66
20	1	43	193	235	25	67
20	1	44	197	240	25	68
20	1	45	201	245	25	69
20	1	46	205	250	25	70
20	1	47	209	255	25	71
20	1	48	213	260	25	72
20	1	49	217	265	25	73
20	1	50	221	270	25	74
20	1	51	225	275	25	75
20	1	52	229	280	25	76
20	1	53	233	285	25	77
20	1	54	237	290	25	78
20	1	55	241	295	25	79
20	1	56	245	300	25	80
20	1	57	249	305	25	81
20	1	58	253	310	25	82
20	1	59	257	315	25	83
20	1	60	261	320	25	84
20	1	61	265	325	25	85
20	1	62	269	330	25	86
20	1	63	273	335	25	87
20	1	64	277	340	25	88
20	1	65	281	345	25	89
20	1	66	285	350	25	90
20	1	67	289	355	25	91
20	1	68	293	360	25	92
20	1	69	297	365	25	93
20	1	70	301	370	25	94
20	1	71	305	375	25	95
20	1	72	309	380	25	96
20	1	73	313	385	25	97
20	1	74	317	390	25	98
20	1	75	321	395	25	99
20	1	76	325	400	25	100
20	1	77	329	405	25	101
20	1	78	333	410	25	102
20	1	79	337	415	25	103
20	1	80	341	420	25	104
20	1	81	345	425	25	105
20	1	82	349	430	25	106
20	1	83	353	435	25	107
20	1	84	357	440	25	108
20	1	85	361	445	25	109
20	1	86	365	450	25	110
20	1	87	369	455	25	111
20	1	88	373	460	25	112
20	1	89	377	465	25	113
20	1	90	381	470	25	114
20	1	91	385	475	25	115
20	1	92	389	480	25	116
20	1	93	393	485	25	117
20	1	94	397	490	25	118
20	1	95	401	495	25	119
20	1	96	405	500	25	120
20	1	97	409	505	25	121
20	1	98	413	510	25	122
20	1	99	417	515	25	123
20	1	100	421	520	25	124
20	1	101	425	525	25	125
20	1	102	429	530	25	126
20	1	103	433	535	25	127
20	1	104	437	540	25	128
20	1	105	441	545	25	129
20	1	106	445	550	25	130
20	1	107	449	555	25	131
20	1	108	453	560	25	132
20	1	109	457	565	25	133
20	1	110	461	570	25	134
20	1	111	465	575	25	135
20	1	112	469	580	25	136
20	1	113	473	585	25	137
20	1	114	477	590	25	138
20	1	115	481	595	25	139
20	1	116	485	600	25	140
20	1	117	489	605	25	141
20	1	118	493	610	25	142
20	1	119	497	615	25	143
20	1	120	501	620	25	144
20	1	121	505	625	25	145
20	1	122	509	630	25	146
20	1	123	513	635	25	147
20	1	124	517	640	25	148
20	1	125	521	645	25	149
20	1	126	525	650	25	150
20	1	127	529	655	25	151
20	1	128	533	660	25	152
20	1	129	537	665	25	153
20	1	130	541	670	25	154
20	1	131	545	675	25	155
20	1	132	549	680	25	156
20	1	133	553	685	25	157
20	1	134	557	690	25	158
20	1	135	561	695	25	159
20	1	136	565	700	25	160
20	1	137	569	705	25	161
20	1	138	573	710	25	162
20	1	139	577	715	25	163
20	1	140	581	720	25	164
20	1	141	585	725	25	165
20	1	142	589	730	25	166
20	1	143	593	735	25	167
20	1	144	597	740	25	168
20	1	145	601	745	25	169
20	1	146	605	750	25	170
20	1	147	609	755	25	171
20	1	148	613	760	25	172
20	1	149	617	765	25	173
20	1	150	621	770	25	174
20	1	151	625	775	25	175
20	1	152	629	780	25	176
20	1	153	633	785	25	177
20	1	154	637	790	25	178
20	1	155	641	795	25	179
20	1	156	645	800	25	180
20	1	157	649	805	25	181
20	1	158	653	810	25	182
20	1	159	657	815	25	183
20	1	160	661	820	25	184
20	1	161	665	825	25	185
20	1	162	669	830	25	186
20	1	163	673	835	25	187
20	1	164	677	840	25	188
20	1	165	681	845	25	189
20	1	166	685	850	25	190
20	1	167	689	855	25	191
20	1	168	693	860	25	192
20	1	169	697	865	25	193
20	1	170	701	870	25	194
20	1	171	705	875	25	195
20	1	172	709	880	25	196
20	1	173	713	885	25	197
20	1	174	717	890	25	198
20	1	175	721	895	25	199
20	1	176	725	900	25	200
20	1	177	729	905	25	201
20	1	178	733	910	25	202
20	1	179	737	915	25	203
20	1	180	741	920	25	204
20	1	181	745	925	25	205
20	1	182	749	930	25	206
20	1	183	753	935	25	207
20	1	184	757	940	25	208
20	1	185	761	945	25	209
20	1	186	765	950	25	210
20	1	187	769	955	25	211
20	1	188	773	960	25	212
20	1	189	777	965	25	213
20	1	190	781	970	25	214
20	1	191	785	975	25	215
20	1	192	789	980	25	216
20	1	193	793	985	25	217
20	1	194	797	990	25	218
20	1	195	801	995	25	219
20	1	196	805	1000	25	220
20	1	197	809	1005	25	221
20	1	198	813	1010	25	222
20	1	199	817	1015	25	223
20	1	200	821	1020	25	224
20	1	201	825	1025	25	225
20	1	202	829	1030	25	226
20	1	203	833	1035	25	227
20	1	204	837	1040	25	228
20	1	205	841	1045	25	229
20	1	206	845	1050	25	230
20	1	207	849	1055	25	231
20	1	208	853	1060	25	232
20	1	209	857	1065	25	233
20	1	210	861	1070	25	234
20	1	211	865	1075	25	235
20	1	212	869	1080	25	236
20	1	213	873	1085	25	237
20	1	214	877	1090	25	238
20	1	215	881	1095	25	239
20	1	216	885	1100	25	240
20	1	217	889	1105	25	241
20	1	218	893	1110	25	242
20	1	219	897	1115	25	243
20	1	220	901	1120	25	244
20	1	221	905	1125	25	245
20	1	222	909	1130	25	246
20	1	223	913	1135	25	247
20	1	224	917	1140	25	248
20	1	225	921	1145	25	249
20	1	226	925	1150	25	250
20	1	227	929	1155	25	251
20	1	228	933	1160	25	252
20	1	229	937	1165	25	253
20	1	230	941	1170	25	254
20	1	231	945	1175	25	255
20	1	232	949	1180	25	256
20	1	233	953	1185	25	257
20	1	234	957	1190	25	258
20	1	235	961	1195	25	259
20	1	236	965	1200	25	260
20	1	237	969	1205	25	261
20	1	238	973	1210	25	262
20	1	239	977	1215	25	263
20	1	240	981	1220	25	264
20	1	241	985	1225	25	265
20	1	242	989	1230	25	266
20	1	243	993	1235	25	267
20	1	244	997	1240	25	268
20	1	245	1001	1245	25	269
20	1	246	1005	1250	25	270
20	1	247	1009	1255	25	271
20	1	248	1013	1260	25	272
20	1	249	1017	1265	25	273
20	1	250	1021	1270	25	274
20	1	251	1025	1275	25	275
20	1	252	1029	1280	25	276
20	1	253	1033	1285	25	277
20	1	254	1037	1290	25	278
20	1	255	1041	1295	25	279
20	1	256	1045	1300	25	280
20	1	257	1049	1305	25	281
20	1	258	1053	1310	25	282
20	1	259	1057	1315	25	283
20	1	260	1061	1320	25	284
20	1	261	1065	1325	25	285
20	1	262	1069	1330	25	286
20	1	263	1073	1335	25	287
20	1	264	1077	1340	25	288
20	1	265	1081	1345	25	289
20	1	266	1085	1350	25	290
20	1	267	1089	1355	25	291
20	1	268	1093	1360	25	292
20	1	269	1097	1365	25	293
20	1	270	1101	1370	25	294
20	1	271	1105	1375	25	295
20	1	272	1109	1380	25	296
20	1	273	1113	1385	25	297
20	1	274	1117	1390	25	298
20	1	275	1121	1395	25	299
20	1	276	1125	1400	25	300
20	1	277	1129	1405	25	301
20	1	278	1133	1410	25	302
20	1	279	1137	1415	25	303
20	1	280	1141	1420	25	304
20	1	281	1145	1425	25	305
20	1	282	1149	1430	25	306
20	1	283	1153	1435	25	307
20	1	284	1157	1440	25	308
20	1	285	1161	1445	25	309
20	1	286	1165	1450	25	310
20	1	287	1169	1455	25	311
20	1	288	1173	1460	25	312
20	1	289	1177	1465	25	313
20	1	290	1181	1470	25	314
20	1	291	1185	1475	25	315
20	1	292	1189	1480	25	316
20	1	293	1193	1485	25	317
20	1	294	1197	1490	25	318
20	1	295	1201	1495	25	319
20	1	296	1205	1500	25	320
20	1	297	1209	1505	25	321
20	1	298	1213	1510	25	322
20	1	299	1217	1515	25	323
20	1	300	1221	1520	25	324
20	1	301	1225	1525	25	325
20	1	302	1229	1530	25	326
20	1	303	1233	1535	25	327
20	1	304	1237	1540	25	328
20	1	305	1241	1545	25	329
20	1	306	1245	1550	25	330
20	1	307	1249	1555	25	331
20	1	308	1253	1560	25	332
20	1	309	1257	1565	25	333
20	1	310	1261	1570	25	334
20	1	311	1265	1575	25	335
20	1	312	1269	1580	25	336
20	1	313	1273	1585	25	337
20	1	314	1277	1590	25	338
20	1	315	1281	1595	25	339
20	1	316	1285	1600	25	340
20	1	317	1289	1605	25	341
20	1	318	1293	1610	25	342
20	1	319	1297	1615	25	343
20	1	320	1301	1620	25	344
20	1	321	1305	1625	25	345
20	1	322	1309	1630	25	346
20	1	323	1313	1635	25	347
20	1	324	1317	1640	25	348
20	1	325	1321	1645	25	349
20	1	326	1325	1650	25	350
20	1	327	1329	1655	25	351
20	1	328	1333	1660	25	352
20	1	329	1337	1665	25	353
20	1	330	1341	1670	25	354
20	1	331	1345	1675	25	355
20	1	332	1349	1680	25	356
20	1	333	1353	1685	25	357
20	1	334	1357	1690	25	358
20	1	335	1361	1695	25	359
20	1	336	1365	1700	25	360
20	1	337	1369	1705	25	361
20	1	338	1373	1710	25	362
20	1	339	1377	1715	25	363
20	1	340	1381	1720	25	364
20	1	341	1385	1725	25	365
20	1	342	1389	1730	25	366
20	1	343	1393	1735	25	367
20	1	344	1397	1740	25	368
20	1	345	1401	1745	25	369
20	1	346	1405	1750	25	370
20	1	347	1409	1755	25	371
20	1	348	1413	1760	25	372
20	1	349	1417	1765	25	373
20	1	350	1421	1770	25	374
20	1	351	1425	1775	25	375
20	1	352	1429	1780	25	376
20	1	353	1433	1785	25	377
20	1	354	1437	1790	25	378
20	1	355	1441	1795	25	379
20	1	356	1445	1800	25	380
20	1	357	1449	1805	25	381
20	1	358	1453	1810	25	382
20	1	359	1457	1815	25	383
20	1	360	1461	1820	25	384
20	1	361	1465	1825	25	385
20	1	362	1469	1830	25	386
20	1	363	1473	1835	25	387
20	1	364	1477	1840	25	388
20	1	365	1481	1845	25	389
20	1	366	1485	1850	25	390
20	1	367	1489	1855	25	391
20	1	368	1493	1860	25	392
20	1	369	1497	1865	25	393
20	1	370	1501	1870	25	394
20	1	371	1505	1875	25	395
20	1	372	1509	1880	25	396
20	1	373	1513	1885	25	397
20	1	374	1517	1890	25	398
20	1	375	1521	1895	25	399
20	1	376	1525	1900	25	400
20	1	377	1529	1905	25	401
20	1	378	1533	1910	25	402
20	1	379	1537	1915	25	403
20	1	380	1541	1920	25	404
20	1	381	1545	1925	25	405
20	1	382	1549	1930	25	406
20	1	383	1553	1935	25	407
20	1	384	1557	1940	25	408
20	1	385	1561	1945	25	409
20	1	386	1565	1950	25	410
20	1	387	1569	1955	25	411
20	1	388	1573	1960	25	412
20	1	389	1577	1965	25	413
20	1	390	1581	1970	25	414
20	1	391	1585	1975	25	415
20	1	392	1589	1980	25	416
20	1	393	1593	1985	25	417
20	1	394	1597	1990	25	418
20	1	395	1601	1995	25	419
20	1	396	1605	2000	25	420
20	1	397	1609	2005	25	421
20	1	398	1613	2010	25	422
20	1	399	1617	2015	25	423
21	0	1	25	25	25	25
21	0	2	29	25	30	26
21	0	3	33	25	35	27
21	0	4	37	25	40	28
21	0	5	41	25	45	29
21	0	6	45	25	50	30
21	0	7	49	25	55	31
21	0	8	53	25	60	32
21	0	9	57	25	65	33
21	0	10	61	25	70	34
21	0	11	65	25	75	35
21	0	12	69	25	80	36
21	0	13	73	25	85	37
21	0	14	77	25	90	38
21	0	15	81	25	95	39
21	0	16	85	25	100	40
21	0	17	89	25	105	41
21	0	18	93	25	110	42
21	0	19	97	25	115	43
21	0	20	101	25	120	44
21	0	21	105	25	125	45
21	0	22	109	25	130	46
21	0	23	113	25	135	47
21	0	24	117	25	140	48
21	0	25	121	25	145	49
21	0	26	125	25	150	50
21	0	27	129	25	155	51
21	0	28	133	25	160	52
21	0	29	137	25	165	53
21	0	30	141	25	170	54
21	0	31	145	25	175	55
21	0	32	149	25	180	56
21	0	33	153	25	185	57
21	0	34	157	25	190	58
21	0	35	161	25	195	59
21	0	36	165	25	200	60
21	0	37	169	25	205	61
21	0	38	173	25	210	62
21	0	39	177	25	215	63
21	0	40	181	25	220	64
21	0	41	185	25	225	65
21	0	42	189	25	230	66
21	0	43	193	25	235	67
21	0	44	197	25	240	68
21	0	45	201	25	245	69
21	0	46	205	25	250	70
21	0	47	209	25	255	71
21	0	48	213	25	260	72
21	0	49	217	25	265	73
21	0	50	221	25	270	74
21	0	51	225	25	275	75
21	0	52	229	25	280	76
21	0	53	233	25	285	77
21	0	54	237	25	290	78
21	0	55	241	25	295	79
21	0	56	245	25	300	80
21	0	57	249	25	305	81
21	0	58	253	25	310	82
21	0	59	257	25	315	83
21	0	60	261	25	320	84
21	0	61	265	25	325	85
21	0	62	269	25	330	86
21	0	63	273	25	335	87
21	0	64	277	25	340	88
21	0	65	281	25	345	89
21	0	66	285	25	350	90
21	0	67	289	25	355	91
21	0	68	293	25	360	92
21	0	69	297	25	365	93
21	0	70	301	25	370	94
21	0	71	305	25	375	95
21	0	72	309	25	380	96
21	0	73	313	25	385	97
21	0	74	317	25	390	98
21	0	75	321	25	395	99
21	0	76	325	25	400	100
21	0	77	329	25	405	101
21	0	78	333	25	410	102
21	0	79	337	25	415	103
21	0	80	341	25	420	104
21	0	81	345	25	425	105
21	0	82	349	25	430	106
21	0	83	353	25	435	107
21	0	84	357	25	440	108
21	0	85	361	25	445	109
21	0	86	365	25	450	110
21	0	87	369	25	455	111
21	0	88	373	25	460	112
21	0	89	377	25	465	113
21	0	90	381	25	470	114
21	0	91	385	25	475	115
21	0	92	389	25	480	116
21	0	93	393	25	485	117
21	0	94	397	25	490	118
21	0	95	401	25	495	119
21	0	96	405	25	500	120
21	0	97	409	25	505	121
21	0	98	413	25	510	122
21	0	99	417	25	515	123
21	0	100	421	25	520	124
21	0	101	425	25	525	125
21	0	102	429	25	530	126
21	0	103	433	25	535	127
21	0	104	437	25	540	128
21	0	105	441	25	545	129
21	0	106	445	25	550	130
21	0	107	449	25	555	131
21	0	108	453	25	560	132
21	0	109	457	25	565	133
21	0	110	461	25	570	134
21	0	111	465	25	575	135
21	0	112	469	25	580	136
21	0	113	473	25	585	137
21	0	114	477	25	590	138
21	0	115	481	25	595	139
21	0	116	485	25	600	140
21	0	117	489	25	605	141
21	0	118	493	25	610	142
21	0	119	497	25	615	143
21	0	120	501	25	620	144
21	0	121	505	25	625	145
21	0	122	509	25	630	146
21	0	123	513	25	635	147
21	0	124	517	25	640	148
21	0	125	521	25	645	149
21	0	126	525	25	650	150
21	0	127	529	25	655	151
21	0	128	533	25	660	152
21	0	129	537	25	665	153
21	0	130	541	25	670	154
21	0	131	545	25	675	155
21	0	132	549	25	680	156
21	0	133	553	25	685	157
21	0	134	557	25	690	158
21	0	135	561	25	695	159
21	0	136	565	25	700	160
21	0	137	569	25	705	161
21	0	138	573	25	710	162
21	0	139	577	25	715	163
21	0	140	581	25	720	164
21	0	141	585	25	725	165
21	0	142	589	25	730	166
21	0	143	593	25	735	167
21	0	144	597	25	740	168
21	0	145	601	25	745	169
21	0	146	605	25	750	170
21	0	147	609	25	755	171
21	0	148	613	25	760	172
21	0	149	617	25	765	173
21	0	150	621	25	770	174
21	0	151	625	25	775	175
21	0	152	629	25	780	176
21	0	153	633	25	785	177
21	0	154	637	25	790	178
21	0	155	641	25	795	179
21	0	156	645	25	800	180
21	0	157	649	25	805	181
21	0	158	653	25	810	182
21	0	159	657	25	815	183
21	0	160	661	25	820	184
21	0	161	665	25	825	185
21	0	162	669	25	830	186
21	0	163	673	25	835	187
21	0	164	677	25	840	188
21	0	165	681	25	845	189
21	0	166	685	25	850	190
21	0	167	689	25	855	191
21	0	168	693	25	860	192
21	0	169	697	25	865	193
21	0	170	701	25	870	194
21	0	171	705	25	875	195
21	0	172	709	25	880	196
21	0	173	713	25	885	197
21	0	174	717	25	890	198
21	0	175	721	25	895	199
21	0	176	725	25	900	200
21	0	177	729	25	905	201
21	0	178	733	25	910	202
21	0	179	737	25	915	203
21	0	180	741	25	920	204
21	0	181	745	25	925	205
21	0	182	749	25	930	206
21	0	183	753	25	935	207
21	0	184	757	25	940	208
21	0	185	761	25	945	209
21	0	186	765	25	950	210
21	0	187	769	25	955	211
21	0	188	773	25	960	212
21	0	189	777	25	965	213
21	0	190	781	25	970	214
21	0	191	785	25	975	215
21	0	192	789	25	980	216
21	0	193	793	25	985	217
21	0	194	797	25	990	218
21	0	195	801	25	995	219
21	0	196	805	25	1000	220
21	0	197	809	25	1005	221
21	0	198	813	25	1010	222
21	0	199	817	25	1015	223
21	0	200	821	25	1020	224
21	0	201	825	25	1025	225
21	0	202	829	25	1030	226
21	0	203	833	25	1035	227
21	0	204	837	25	1040	228
21	0	205	841	25	1045	229
21	0	206	845	25	1050	230
21	0	207	849	25	1055	231
21	0	208	853	25	1060	232
21	0	209	857	25	1065	233
21	0	210	861	25	1070	234
21	0	211	865	25	1075	235
21	0	212	869	25	1080	236
21	0	213	873	25	1085	237
21	0	214	877	25	1090	238
21	0	215	881	25	1095	239
21	0	216	885	25	1100	240
21	0	217	889	25	1105	241
21	0	218	893	25	1110	242
21	0	219	897	25	1115	243
21	0	220	901	25	1120	244
21	0	221	905	25	1125	245
21	0	222	909	25	1130	246
21	0	223	913	25	1135	247
21	0	224	917	25	1140	248
21	0	225	921	25	1145	249
21	0	226	925	25	1150	250
21	0	227	929	25	1155	251
21	0	228	933	25	1160	252
21	0	229	937	25	1165	253
21	0	230	941	25	1170	254
21	0	231	945	25	1175	255
21	0	232	949	25	1180	256
21	0	233	953	25	1185	257
21	0	234	957	25	1190	258
21	0	235	961	25	1195	259
21	0	236	965	25	1200	260
21	0	237	969	25	1205	261
21	0	238	973	25	1210	262
21	0	239	977	25	1215	263
21	0	240	981	25	1220	264
21	0	241	985	25	1225	265
21	0	242	989	25	1230	266
21	0	243	993	25	1235	267
21	0	244	997	25	1240	268
21	0	245	1001	25	1245	269
21	0	246	1005	25	1250	270
21	0	247	1009	25	1255	271
21	0	248	1013	25	1260	272
21	0	249	1017	25	1265	273
21	0	250	1021	25	1270	274
21	0	251	1025	25	1275	275
21	0	252	1029	25	1280	276
21	0	253	1033	25	1285	277
21	0	254	1037	25	1290	278
21	0	255	1041	25	1295	279
21	0	256	1045	25	1300	280
21	0	257	1049	25	1305	281
21	0	258	1053	25	1310	282
21	0	259	1057	25	1315	283
21	0	260	1061	25	1320	284
21	0	261	1065	25	1325	285
21	0	262	1069	25	1330	286
21	0	263	1073	25	1335	287
21	0	264	1077	25	1340	288
21	0	265	1081	25	1345	289
21	0	266	1085	25	1350	290
21	0	267	1089	25	1355	291
21	0	268	1093	25	1360	292
21	0	269	1097	25	1365	293
21	0	270	1101	25	1370	294
21	0	271	1105	25	1375	295
21	0	272	1109	25	1380	296
21	0	273	1113	25	1385	297
21	0	274	1117	25	1390	298
21	0	275	1121	25	1395	299
21	0	276	1125	25	1400	300
21	0	277	1129	25	1405	301
21	0	278	1133	25	1410	302
21	0	279	1137	25	1415	303
21	0	280	1141	25	1420	304
21	0	281	1145	25	1425	305
21	0	282	1149	25	1430	306
21	0	283	1153	25	1435	307
21	0	284	1157	25	1440	308
21	0	285	1161	25	1445	309
21	0	286	1165	25	1450	310
21	0	287	1169	25	1455	311
21	0	288	1173	25	1460	312
21	0	289	1177	25	1465	313
21	0	290	1181	25	1470	314
21	0	291	1185	25	1475	315
21	0	292	1189	25	1480	316
21	0	293	1193	25	1485	317
21	0	294	1197	25	1490	318
21	0	295	1201	25	1495	319
21	0	296	1205	25	1500	320
21	0	297	1209	25	1505	321
21	0	298	1213	25	1510	322
21	0	299	1217	25	1515	323
21	0	300	1221	25	1520	324
21	0	301	1225	25	1525	325
21	0	302	1229	25	1530	326
21	0	303	1233	25	1535	327
21	0	304	1237	25	1540	328
21	0	305	1241	25	1545	329
21	0	306	1245	25	1550	330
21	0	307	1249	25	1555	331
21	0	308	1253	25	1560	332
21	0	309	1257	25	1565	333
21	0	310	1261	25	1570	334
21	0	311	1265	25	1575	335
21	0	312	1269	25	1580	336
21	0	313	1273	25	1585	337
21	0	314	1277	25	1590	338
21	0	315	1281	25	1595	339
21	0	316	1285	25	1600	340
21	0	317	1289	25	1605	341
21	0	318	1293	25	1610	342
21	0	319	1297	25	1615	343
21	0	320	1301	25	1620	344
21	0	321	1305	25	1625	345
21	0	322	1309	25	1630	346
21	0	323	1313	25	1635	347
21	0	324	1317	25	1640	348
21	0	325	1321	25	1645	349
21	0	326	1325	25	1650	350
21	0	327	1329	25	1655	351
21	0	328	1333	25	1660	352
21	0	329	1337	25	1665	353
21	0	330	1341	25	1670	354
21	0	331	1345	25	1675	355
21	0	332	1349	25	1680	356
21	0	333	1353	25	1685	357
21	0	334	1357	25	1690	358
21	0	335	1361	25	1695	359
21	0	336	1365	25	1700	360
21	0	337	1369	25	1705	361
21	0	338	1373	25	1710	362
21	0	339	1377	25	1715	363
21	0	340	1381	25	1720	364
21	0	341	1385	25	1725	365
21	0	342	1389	25	1730	366
21	0	343	1393	25	1735	367
21	0	344	1397	25	1740	368
21	0	345	1401	25	1745	369
21	0	346	1405	25	1750	370
21	0	347	1409	25	1755	371
21	0	348	1413	25	1760	372
21	0	349	1417	25	1765	373
21	0	350	1421	25	1770	374
21	0	351	1425	25	1775	375
21	0	352	1429	25	1780	376
21	0	353	1433	25	1785	377
21	0	354	1437	25	1790	378
21	0	355	1441	25	1795	379
21	0	356	1445	25	1800	380
21	0	357	1449	25	1805	381
21	0	358	1453	25	1810	382
21	0	359	1457	25	1815	383
21	0	360	1461	25	1820	384
21	0	361	1465	25	1825	385
21	0	362	1469	25	1830	386
21	0	363	1473	25	1835	387
21	0	364	1477	25	1840	388
21	0	365	1481	25	1845	389
21	0	366	1485	25	1850	390
21	0	367	1489	25	1855	391
21	0	368	1493	25	1860	392
21	0	369	1497	25	1865	393
21	0	370	1501	25	1870	394
21	0	371	1505	25	1875	395
21	0	372	1509	25	1880	396
21	0	373	1513	25	1885	397
21	0	374	1517	25	1890	398
21	0	375	1521	25	1895	399
21	0	376	1525	25	1900	400
21	0	377	1529	25	1905	401
21	0	378	1533	25	1910	402
21	0	379	1537	25	1915	403
21	0	380	1541	25	1920	404
21	0	381	1545	25	1925	405
21	0	382	1549	25	1930	406
21	0	383	1553	25	1935	407
21	0	384	1557	25	1940	408
21	0	385	1561	25	1945	409
21	0	386	1565	25	1950	410
21	0	387	1569	25	1955	411
21	0	388	1573	25	1960	412
21	0	389	1577	25	1965	413
21	0	390	1581	25	1970	414
21	0	391	1585	25	1975	415
21	0	392	1589	25	1980	416
21	0	393	1593	25	1985	417
21	0	394	1597	25	1990	418
21	0	395	1601	25	1995	419
21	0	396	1605	25	2000	420
21	0	397	1609	25	2005	421
21	0	398	1613	25	2010	422
21	0	399	1617	25	2015	423
21	1	1	25	25	25	25
21	1	2	29	30	25	26
21	1	3	33	35	25	27
21	1	4	37	40	25	28
21	1	5	41	45	25	29
21	1	6	45	50	25	30
21	1	7	49	55	25	31
21	1	8	53	60	25	32
21	1	9	57	65	25	33
21	1	10	61	70	25	34
21	1	11	65	75	25	35
21	1	12	69	80	25	36
21	1	13	73	85	25	37
21	1	14	77	90	25	38
21	1	15	81	95	25	39
21	1	16	85	100	25	40
21	1	17	89	105	25	41
21	1	18	93	110	25	42
21	1	19	97	115	25	43
21	1	20	101	120	25	44
21	1	21	105	125	25	45
21	1	22	109	130	25	46
21	1	23	113	135	25	47
21	1	24	117	140	25	48
21	1	25	121	145	25	49
21	1	26	125	150	25	50
21	1	27	129	155	25	51
21	1	28	133	160	25	52
21	1	29	137	165	25	53
21	1	30	141	170	25	54
21	1	31	145	175	25	55
21	1	32	149	180	25	56
21	1	33	153	185	25	57
21	1	34	157	190	25	58
21	1	35	161	195	25	59
21	1	36	165	200	25	60
21	1	37	169	205	25	61
21	1	38	173	210	25	62
21	1	39	177	215	25	63
21	1	40	181	220	25	64
21	1	41	185	225	25	65
21	1	42	189	230	25	66
21	1	43	193	235	25	67
21	1	44	197	240	25	68
21	1	45	201	245	25	69
21	1	46	205	250	25	70
21	1	47	209	255	25	71
21	1	48	213	260	25	72
21	1	49	217	265	25	73
21	1	50	221	270	25	74
21	1	51	225	275	25	75
21	1	52	229	280	25	76
21	1	53	233	285	25	77
21	1	54	237	290	25	78
21	1	55	241	295	25	79
21	1	56	245	300	25	80
21	1	57	249	305	25	81
21	1	58	253	310	25	82
21	1	59	257	315	25	83
21	1	60	261	320	25	84
21	1	61	265	325	25	85
21	1	62	269	330	25	86
21	1	63	273	335	25	87
21	1	64	277	340	25	88
21	1	65	281	345	25	89
21	1	66	285	350	25	90
21	1	67	289	355	25	91
21	1	68	293	360	25	92
21	1	69	297	365	25	93
21	1	70	301	370	25	94
21	1	71	305	375	25	95
21	1	72	309	380	25	96
21	1	73	313	385	25	97
21	1	74	317	390	25	98
21	1	75	321	395	25	99
21	1	76	325	400	25	100
21	1	77	329	405	25	101
21	1	78	333	410	25	102
21	1	79	337	415	25	103
21	1	80	341	420	25	104
21	1	81	345	425	25	105
21	1	82	349	430	25	106
21	1	83	353	435	25	107
21	1	84	357	440	25	108
21	1	85	361	445	25	109
21	1	86	365	450	25	110
21	1	87	369	455	25	111
21	1	88	373	460	25	112
21	1	89	377	465	25	113
21	1	90	381	470	25	114
21	1	91	385	475	25	115
21	1	92	389	480	25	116
21	1	93	393	485	25	117
21	1	94	397	490	25	118
21	1	95	401	495	25	119
21	1	96	405	500	25	120
21	1	97	409	505	25	121
21	1	98	413	510	25	122
21	1	99	417	515	25	123
21	1	100	421	520	25	124
21	1	101	425	525	25	125
21	1	102	429	530	25	126
21	1	103	433	535	25	127
21	1	104	437	540	25	128
21	1	105	441	545	25	129
21	1	106	445	550	25	130
21	1	107	449	555	25	131
21	1	108	453	560	25	132
21	1	109	457	565	25	133
21	1	110	461	570	25	134
21	1	111	465	575	25	135
21	1	112	469	580	25	136
21	1	113	473	585	25	137
21	1	114	477	590	25	138
21	1	115	481	595	25	139
21	1	116	485	600	25	140
21	1	117	489	605	25	141
21	1	118	493	610	25	142
21	1	119	497	615	25	143
21	1	120	501	620	25	144
21	1	121	505	625	25	145
21	1	122	509	630	25	146
21	1	123	513	635	25	147
21	1	124	517	640	25	148
21	1	125	521	645	25	149
21	1	126	525	650	25	150
21	1	127	529	655	25	151
21	1	128	533	660	25	152
21	1	129	537	665	25	153
21	1	130	541	670	25	154
21	1	131	545	675	25	155
21	1	132	549	680	25	156
21	1	133	553	685	25	157
21	1	134	557	690	25	158
21	1	135	561	695	25	159
21	1	136	565	700	25	160
21	1	137	569	705	25	161
21	1	138	573	710	25	162
21	1	139	577	715	25	163
21	1	140	581	720	25	164
21	1	141	585	725	25	165
21	1	142	589	730	25	166
21	1	143	593	735	25	167
21	1	144	597	740	25	168
21	1	145	601	745	25	169
21	1	146	605	750	25	170
21	1	147	609	755	25	171
21	1	148	613	760	25	172
21	1	149	617	765	25	173
21	1	150	621	770	25	174
21	1	151	625	775	25	175
21	1	152	629	780	25	176
21	1	153	633	785	25	177
21	1	154	637	790	25	178
21	1	155	641	795	25	179
21	1	156	645	800	25	180
21	1	157	649	805	25	181
21	1	158	653	810	25	182
21	1	159	657	815	25	183
21	1	160	661	820	25	184
21	1	161	665	825	25	185
21	1	162	669	830	25	186
21	1	163	673	835	25	187
21	1	164	677	840	25	188
21	1	165	681	845	25	189
21	1	166	685	850	25	190
21	1	167	689	855	25	191
21	1	168	693	860	25	192
21	1	169	697	865	25	193
21	1	170	701	870	25	194
21	1	171	705	875	25	195
21	1	172	709	880	25	196
21	1	173	713	885	25	197
21	1	174	717	890	25	198
21	1	175	721	895	25	199
21	1	176	725	900	25	200
21	1	177	729	905	25	201
21	1	178	733	910	25	202
21	1	179	737	915	25	203
21	1	180	741	920	25	204
21	1	181	745	925	25	205
21	1	182	749	930	25	206
21	1	183	753	935	25	207
21	1	184	757	940	25	208
21	1	185	761	945	25	209
21	1	186	765	950	25	210
21	1	187	769	955	25	211
21	1	188	773	960	25	212
21	1	189	777	965	25	213
21	1	190	781	970	25	214
21	1	191	785	975	25	215
21	1	192	789	980	25	216
21	1	193	793	985	25	217
21	1	194	797	990	25	218
21	1	195	801	995	25	219
21	1	196	805	1000	25	220
21	1	197	809	1005	25	221
21	1	198	813	1010	25	222
21	1	199	817	1015	25	223
21	1	200	821	1020	25	224
21	1	201	825	1025	25	225
21	1	202	829	1030	25	226
21	1	203	833	1035	25	227
21	1	204	837	1040	25	228
21	1	205	841	1045	25	229
21	1	206	845	1050	25	230
21	1	207	849	1055	25	231
21	1	208	853	1060	25	232
21	1	209	857	1065	25	233
21	1	210	861	1070	25	234
21	1	211	865	1075	25	235
21	1	212	869	1080	25	236
21	1	213	873	1085	25	237
21	1	214	877	1090	25	238
21	1	215	881	1095	25	239
21	1	216	885	1100	25	240
21	1	217	889	1105	25	241
21	1	218	893	1110	25	242
21	1	219	897	1115	25	243
21	1	220	901	1120	25	244
21	1	221	905	1125	25	245
21	1	222	909	1130	25	246
21	1	223	913	1135	25	247
21	1	224	917	1140	25	248
21	1	225	921	1145	25	249
21	1	226	925	1150	25	250
21	1	227	929	1155	25	251
21	1	228	933	1160	25	252
21	1	229	937	1165	25	253
21	1	230	941	1170	25	254
21	1	231	945	1175	25	255
21	1	232	949	1180	25	256
21	1	233	953	1185	25	257
21	1	234	957	1190	25	258
21	1	235	961	1195	25	259
21	1	236	965	1200	25	260
21	1	237	969	1205	25	261
21	1	238	973	1210	25	262
21	1	239	977	1215	25	263
21	1	240	981	1220	25	264
21	1	241	985	1225	25	265
21	1	242	989	1230	25	266
21	1	243	993	1235	25	267
21	1	244	997	1240	25	268
21	1	245	1001	1245	25	269
21	1	246	1005	1250	25	270
21	1	247	1009	1255	25	271
21	1	248	1013	1260	25	272
21	1	249	1017	1265	25	273
21	1	250	1021	1270	25	274
21	1	251	1025	1275	25	275
21	1	252	1029	1280	25	276
21	1	253	1033	1285	25	277
21	1	254	1037	1290	25	278
21	1	255	1041	1295	25	279
21	1	256	1045	1300	25	280
21	1	257	1049	1305	25	281
21	1	258	1053	1310	25	282
21	1	259	1057	1315	25	283
21	1	260	1061	1320	25	284
21	1	261	1065	1325	25	285
21	1	262	1069	1330	25	286
21	1	263	1073	1335	25	287
21	1	264	1077	1340	25	288
21	1	265	1081	1345	25	289
21	1	266	1085	1350	25	290
21	1	267	1089	1355	25	291
21	1	268	1093	1360	25	292
21	1	269	1097	1365	25	293
21	1	270	1101	1370	25	294
21	1	271	1105	1375	25	295
21	1	272	1109	1380	25	296
21	1	273	1113	1385	25	297
21	1	274	1117	1390	25	298
21	1	275	1121	1395	25	299
21	1	276	1125	1400	25	300
21	1	277	1129	1405	25	301
21	1	278	1133	1410	25	302
21	1	279	1137	1415	25	303
21	1	280	1141	1420	25	304
21	1	281	1145	1425	25	305
21	1	282	1149	1430	25	306
21	1	283	1153	1435	25	307
21	1	284	1157	1440	25	308
21	1	285	1161	1445	25	309
21	1	286	1165	1450	25	310
21	1	287	1169	1455	25	311
21	1	288	1173	1460	25	312
21	1	289	1177	1465	25	313
21	1	290	1181	1470	25	314
21	1	291	1185	1475	25	315
21	1	292	1189	1480	25	316
21	1	293	1193	1485	25	317
21	1	294	1197	1490	25	318
21	1	295	1201	1495	25	319
21	1	296	1205	1500	25	320
21	1	297	1209	1505	25	321
21	1	298	1213	1510	25	322
21	1	299	1217	1515	25	323
21	1	300	1221	1520	25	324
21	1	301	1225	1525	25	325
21	1	302	1229	1530	25	326
21	1	303	1233	1535	25	327
21	1	304	1237	1540	25	328
21	1	305	1241	1545	25	329
21	1	306	1245	1550	25	330
21	1	307	1249	1555	25	331
21	1	308	1253	1560	25	332
21	1	309	1257	1565	25	333
21	1	310	1261	1570	25	334
21	1	311	1265	1575	25	335
21	1	312	1269	1580	25	336
21	1	313	1273	1585	25	337
21	1	314	1277	1590	25	338
21	1	315	1281	1595	25	339
21	1	316	1285	1600	25	340
21	1	317	1289	1605	25	341
21	1	318	1293	1610	25	342
21	1	319	1297	1615	25	343
21	1	320	1301	1620	25	344
21	1	321	1305	1625	25	345
21	1	322	1309	1630	25	346
21	1	323	1313	1635	25	347
21	1	324	1317	1640	25	348
21	1	325	1321	1645	25	349
21	1	326	1325	1650	25	350
21	1	327	1329	1655	25	351
21	1	328	1333	1660	25	352
21	1	329	1337	1665	25	353
21	1	330	1341	1670	25	354
21	1	331	1345	1675	25	355
21	1	332	1349	1680	25	356
21	1	333	1353	1685	25	357
21	1	334	1357	1690	25	358
21	1	335	1361	1695	25	359
21	1	336	1365	1700	25	360
21	1	337	1369	1705	25	361
21	1	338	1373	1710	25	362
21	1	339	1377	1715	25	363
21	1	340	1381	1720	25	364
21	1	341	1385	1725	25	365
21	1	342	1389	1730	25	366
21	1	343	1393	1735	25	367
21	1	344	1397	1740	25	368
21	1	345	1401	1745	25	369
21	1	346	1405	1750	25	370
21	1	347	1409	1755	25	371
21	1	348	1413	1760	25	372
21	1	349	1417	1765	25	373
21	1	350	1421	1770	25	374
21	1	351	1425	1775	25	375
21	1	352	1429	1780	25	376
21	1	353	1433	1785	25	377
21	1	354	1437	1790	25	378
21	1	355	1441	1795	25	379
21	1	356	1445	1800	25	380
21	1	357	1449	1805	25	381
21	1	358	1453	1810	25	382
21	1	359	1457	1815	25	383
21	1	360	1461	1820	25	384
21	1	361	1465	1825	25	385
21	1	362	1469	1830	25	386
21	1	363	1473	1835	25	387
21	1	364	1477	1840	25	388
21	1	365	1481	1845	25	389
21	1	366	1485	1850	25	390
21	1	367	1489	1855	25	391
21	1	368	1493	1860	25	392
21	1	369	1497	1865	25	393
21	1	370	1501	1870	25	394
21	1	371	1505	1875	25	395
21	1	372	1509	1880	25	396
21	1	373	1513	1885	25	397
21	1	374	1517	1890	25	398
21	1	375	1521	1895	25	399
21	1	376	1525	1900	25	400
21	1	377	1529	1905	25	401
21	1	378	1533	1910	25	402
21	1	379	1537	1915	25	403
21	1	380	1541	1920	25	404
21	1	381	1545	1925	25	405
21	1	382	1549	1930	25	406
21	1	383	1553	1935	25	407
21	1	384	1557	1940	25	408
21	1	385	1561	1945	25	409
21	1	386	1565	1950	25	410
21	1	387	1569	1955	25	411
21	1	388	1573	1960	25	412
21	1	389	1577	1965	25	413
21	1	390	1581	1970	25	414
21	1	391	1585	1975	25	415
21	1	392	1589	1980	25	416
21	1	393	1593	1985	25	417
21	1	394	1597	1990	25	418
21	1	395	1601	1995	25	419
21	1	396	1605	2000	25	420
21	1	397	1609	2005	25	421
21	1	398	1613	2010	25	422
21	1	399	1617	2015	25	423
