ZhenFa.tbTimeFrame2ZFMaxLevel = {
  [1] = {
    szTimeFrame = "OpenLevel89",
    nLevel = 40,
    nNeedQuality = 1,
    nTipGrade = 0
  },
  [2] = {
    szTimeFrame = "OpenLevel109",
    nLevel = 70,
    nNeedQuality = 1,
    nTipGrade = 0
  },
  [3] = {
    szTimeFrame = "OpenLevel129",
    nLevel = 100,
    nNeedQuality = 1,
    nTipGrade = 0
  },
  [4] = {
    szTimeFrame = "OpenLevel149",
    nLevel = 130,
    nNeedQuality = 1,
    nTipGrade = 0
  },
  [5] = {
    szTimeFrame = "OpenLevel169",
    nLevel = 160,
    nNeedQuality = 1,
    nTipGrade = 0
  },
  [6] = {
    szTimeFrame = "OpenLevel189",
    nLevel = 190,
    nNeedQuality = 6,
    nTipGrade = 2
  },
  [7] = {
    szTimeFrame = "OpenLevel209",
    nLevel = 220,
    nNeedQuality = 7,
    nTipGrade = 3
  },
  [8] = {
    szTimeFrame = "OpenLevel229",
    nLevel = 250,
    nNeedQuality = 8,
    nTipGrade = 4
  },
  [9] = {
    szTimeFrame = "OpenLevel249",
    nLevel = 280,
    nNeedQuality = 9,
    nTipGrade = 5
  },
  [10] = {
    szTimeFrame = "OpenLevel269",
    nLevel = 310,
    nNeedQuality = 10,
    nTipGrade = 6
  },
  [11] = {
    szTimeFrame = "OpenLevel289",
    nLevel = 340,
    nNeedQuality = 11,
    nTipGrade = 7
  }
}
ZhenFa.tbTimeFrame2ZJMaxLevel = {
  [1] = {
    szTimeFrame = "OpenLevel89",
    nLevel = 10,
    nNeedQuality = 1,
    nTipGrade = 0
  },
  [2] = {
    szTimeFrame = "OpenLevel109",
    nLevel = 20,
    nNeedQuality = 1,
    nTipGrade = 0
  },
  [3] = {
    szTimeFrame = "OpenLevel129",
    nLevel = 30,
    nNeedQuality = 1,
    nTipGrade = 0
  },
  [4] = {
    szTimeFrame = "OpenLevel149",
    nLevel = 40,
    nNeedQuality = 1,
    nTipGrade = 0
  },
  [5] = {
    szTimeFrame = "OpenLevel169",
    nLevel = 50,
    nNeedQuality = 1,
    nTipGrade = 0
  },
  [6] = {
    szTimeFrame = "OpenLevel189",
    nLevel = 60,
    nNeedQuality = 6,
    nTipGrade = 2
  },
  [7] = {
    szTimeFrame = "OpenLevel209",
    nLevel = 70,
    nNeedQuality = 7,
    nTipGrade = 3
  },
  [8] = {
    szTimeFrame = "OpenLevel229",
    nLevel = 80,
    nNeedQuality = 8,
    nTipGrade = 4
  },
  [9] = {
    szTimeFrame = "OpenLevel249",
    nLevel = 90,
    nNeedQuality = 9,
    nTipGrade = 5
  },
  [10] = {
    szTimeFrame = "OpenLevel269",
    nLevel = 100,
    nNeedQuality = 10,
    nTipGrade = 6
  },
  [11] = {
    szTimeFrame = "OpenLevel289",
    nLevel = 110,
    nNeedQuality = 11,
    nTipGrade = 7
  }
}
ZhenFa.ZhenFaInfo = {}
ZhenFa.ZhenFaInfo[1] = {
  [1] = {
    "24519",
    31999,
    1,
    1,
    1,
    1,
    1,
    2,
    0
  }
}
ZhenFa.ZhenFaInfo[2] = {
  [1] = {
    "24464",
    32000,
    1,
    2,
    1,
    3,
    1,
    4,
    0
  },
  [2] = {
    "24465",
    32100,
    1,
    3,
    2,
    3,
    1,
    4,
    32600
  },
  [3] = {
    "24452",
    32200,
    1,
    4,
    3,
    3,
    2,
    4,
    32700
  },
  [4] = {
    "24642",
    32300,
    1,
    5,
    4,
    3,
    4,
    4,
    32800
  },
  [5] = {
    "48964",
    32312,
    1,
    62,
    4,
    3,
    4,
    4,
    32812
  },
  [6] = {
    "48983",
    32324,
    1,
    63,
    4,
    3,
    4,
    4,
    32824
  },
  [7] = {
    "59852",
    32336,
    1,
    86,
    4,
    3,
    4,
    4,
    32836
  },
  [8] = {
    "59800",
    32348,
    1,
    87,
    4,
    3,
    4,
    4,
    32848
  },
  [9] = {
    "59909",
    32360,
    1,
    88,
    4,
    3,
    4,
    4,
    32860
  },
  [10] = {
    "60017",
    32372,
    1,
    89,
    4,
    3,
    4,
    4,
    32872
  },
  [11] = {
    "59930",
    32384,
    1,
    90,
    4,
    3,
    4,
    4,
    32884
  }
}
ZhenFa.ZhenFaInfo[3] = {
  [1] = {
    "24470",
    32001,
    1,
    6,
    1,
    5,
    1,
    6,
    0
  },
  [2] = {
    "24472",
    32101,
    1,
    7,
    2,
    5,
    1,
    6,
    32601
  },
  [3] = {
    "24440",
    32201,
    1,
    8,
    3,
    5,
    2,
    6,
    32701
  },
  [4] = {
    "24649",
    32301,
    1,
    9,
    4,
    5,
    4,
    6,
    32801
  },
  [5] = {
    "48932",
    32313,
    1,
    64,
    4,
    5,
    4,
    6,
    32813
  },
  [6] = {
    "49010",
    32325,
    1,
    65,
    4,
    5,
    4,
    6,
    32825
  },
  [7] = {
    "60003",
    32337,
    1,
    91,
    4,
    5,
    4,
    6,
    32837
  },
  [8] = {
    "59716",
    32349,
    1,
    92,
    4,
    5,
    4,
    6,
    32849
  },
  [9] = {
    "59949",
    32361,
    1,
    93,
    4,
    5,
    4,
    6,
    32861
  },
  [10] = {
    "59843",
    32373,
    1,
    94,
    4,
    5,
    4,
    6,
    32873
  },
  [11] = {
    "59928",
    32385,
    1,
    95,
    4,
    5,
    4,
    6,
    32885
  }
}
ZhenFa.ZhenFaInfo[4] = {
  [1] = {
    "26263",
    32002,
    1,
    10,
    1,
    7,
    1,
    8,
    0
  },
  [2] = {
    "26266",
    32102,
    1,
    11,
    2,
    7,
    1,
    8,
    32602
  },
  [3] = {
    "26260",
    32202,
    1,
    12,
    3,
    7,
    2,
    8,
    32702
  },
  [4] = {
    "26262",
    32302,
    1,
    13,
    4,
    7,
    4,
    8,
    32802
  },
  [5] = {
    "48979",
    32314,
    1,
    66,
    4,
    7,
    4,
    8,
    32814
  },
  [6] = {
    "48962",
    32326,
    1,
    67,
    4,
    7,
    4,
    8,
    32826
  },
  [7] = {
    "59787",
    32338,
    1,
    96,
    4,
    7,
    4,
    8,
    32838
  },
  [8] = {
    "59844",
    32350,
    1,
    97,
    4,
    7,
    4,
    8,
    32850
  },
  [9] = {
    "59822",
    32362,
    1,
    98,
    4,
    7,
    4,
    8,
    32862
  },
  [10] = {
    "59718",
    32374,
    1,
    99,
    4,
    7,
    4,
    8,
    32874
  },
  [11] = {
    "59711",
    32386,
    1,
    100,
    4,
    7,
    4,
    8,
    32886
  }
}
ZhenFa.ZhenFaInfo[5] = {
  [1] = {
    "24408",
    32003,
    1,
    14,
    1,
    9,
    1,
    10,
    0
  },
  [2] = {
    "24412",
    32103,
    1,
    15,
    2,
    9,
    1,
    10,
    32603
  },
  [3] = {
    "24417",
    32203,
    1,
    16,
    3,
    9,
    2,
    10,
    32703
  },
  [4] = {
    "24650",
    32303,
    1,
    17,
    4,
    9,
    4,
    10,
    32803
  },
  [5] = {
    "48958",
    32315,
    1,
    68,
    4,
    9,
    4,
    10,
    32815
  },
  [6] = {
    "48971",
    32327,
    1,
    69,
    4,
    9,
    4,
    10,
    32827
  },
  [7] = {
    "59874",
    32339,
    1,
    101,
    4,
    9,
    4,
    10,
    32839
  },
  [8] = {
    "59776",
    32351,
    1,
    102,
    4,
    9,
    4,
    10,
    32851
  },
  [9] = {
    "59891",
    32363,
    1,
    103,
    4,
    9,
    4,
    10,
    32863
  },
  [10] = {
    "59992",
    32375,
    1,
    104,
    4,
    9,
    4,
    10,
    32875
  },
  [11] = {
    "59954",
    32387,
    1,
    105,
    4,
    9,
    4,
    10,
    32887
  }
}
ZhenFa.ZhenFaInfo[6] = {
  [1] = {
    "24431",
    32004,
    1,
    18,
    1,
    11,
    1,
    12,
    0
  },
  [2] = {
    "24428",
    32104,
    1,
    19,
    2,
    11,
    1,
    12,
    32604
  },
  [3] = {
    "24480",
    32204,
    1,
    20,
    3,
    11,
    2,
    12,
    32704
  },
  [4] = {
    "24644",
    32304,
    1,
    21,
    4,
    11,
    4,
    12,
    32804
  },
  [5] = {
    "48991",
    32316,
    1,
    70,
    4,
    11,
    4,
    12,
    32816
  },
  [6] = {
    "48938",
    32328,
    1,
    71,
    4,
    11,
    4,
    12,
    32828
  },
  [7] = {
    "59839",
    32340,
    1,
    106,
    4,
    11,
    4,
    12,
    32840
  },
  [8] = {
    "59899",
    32352,
    1,
    107,
    4,
    11,
    4,
    12,
    32852
  },
  [9] = {
    "59762",
    32364,
    1,
    108,
    4,
    11,
    4,
    12,
    32864
  },
  [10] = {
    "59675",
    32376,
    1,
    109,
    4,
    11,
    4,
    12,
    32876
  },
  [11] = {
    "59742",
    32388,
    1,
    110,
    4,
    11,
    4,
    12,
    32888
  }
}
ZhenFa.ZhenFaInfo[7] = {
  [1] = {
    "24427",
    32005,
    1,
    22,
    1,
    13,
    1,
    14,
    0
  },
  [2] = {
    "24426",
    32105,
    1,
    23,
    2,
    13,
    1,
    14,
    32605
  },
  [3] = {
    "24395",
    32205,
    1,
    24,
    3,
    13,
    2,
    14,
    32705
  },
  [4] = {
    "24643",
    32305,
    1,
    25,
    4,
    13,
    4,
    14,
    32805
  },
  [5] = {
    "48913",
    32317,
    1,
    72,
    4,
    13,
    4,
    14,
    32817
  },
  [6] = {
    "48993",
    32329,
    1,
    73,
    4,
    13,
    4,
    14,
    32829
  },
  [7] = {
    "59861",
    32341,
    1,
    111,
    4,
    13,
    4,
    14,
    32841
  },
  [8] = {
    "59692",
    32353,
    1,
    112,
    4,
    13,
    4,
    14,
    32853
  },
  [9] = {
    "59697",
    32365,
    1,
    113,
    4,
    13,
    4,
    14,
    32865
  },
  [10] = {
    "59719",
    32377,
    1,
    114,
    4,
    13,
    4,
    14,
    32877
  },
  [11] = {
    "59733",
    32389,
    1,
    115,
    4,
    13,
    4,
    14,
    32889
  }
}
ZhenFa.ZhenFaInfo[8] = {
  [1] = {
    "24403",
    32006,
    1,
    26,
    1,
    15,
    1,
    16,
    0
  },
  [2] = {
    "24442",
    32106,
    1,
    27,
    2,
    15,
    1,
    16,
    32606
  },
  [3] = {
    "24398",
    32206,
    1,
    28,
    3,
    15,
    2,
    16,
    32706
  },
  [4] = {
    "24645",
    32306,
    1,
    29,
    4,
    15,
    4,
    16,
    32806
  },
  [5] = {
    "48995",
    32318,
    1,
    74,
    4,
    15,
    4,
    16,
    32818
  },
  [6] = {
    "48902",
    32330,
    1,
    75,
    4,
    15,
    4,
    16,
    32830
  },
  [7] = {
    "59893",
    32342,
    1,
    116,
    4,
    15,
    4,
    16,
    32842
  },
  [8] = {
    "59957",
    32354,
    1,
    117,
    4,
    15,
    4,
    16,
    32854
  },
  [9] = {
    "60002",
    32366,
    1,
    118,
    4,
    15,
    4,
    16,
    32866
  },
  [10] = {
    "59744",
    32378,
    1,
    119,
    4,
    15,
    4,
    16,
    32878
  },
  [11] = {
    "59726",
    32390,
    1,
    120,
    4,
    15,
    4,
    16,
    32890
  }
}
ZhenFa.ZhenFaInfo[9] = {
  [1] = {
    "24434",
    32007,
    1,
    30,
    1,
    17,
    1,
    18,
    0
  },
  [2] = {
    "24413",
    32107,
    1,
    31,
    2,
    17,
    1,
    18,
    32607
  },
  [3] = {
    "24450",
    32207,
    1,
    32,
    3,
    17,
    2,
    18,
    32707
  },
  [4] = {
    "24647",
    32307,
    1,
    33,
    4,
    17,
    4,
    18,
    32807
  },
  [5] = {
    "48947",
    32319,
    1,
    76,
    4,
    17,
    4,
    18,
    32819
  },
  [6] = {
    "48963",
    32331,
    1,
    77,
    4,
    17,
    4,
    18,
    32831
  },
  [7] = {
    "59975",
    32343,
    1,
    121,
    4,
    17,
    4,
    18,
    32843
  },
  [8] = {
    "59824",
    32355,
    1,
    122,
    4,
    17,
    4,
    18,
    32855
  },
  [9] = {
    "59910",
    32367,
    1,
    123,
    4,
    17,
    4,
    18,
    32867
  },
  [10] = {
    "59715",
    32379,
    1,
    124,
    4,
    17,
    4,
    18,
    32879
  },
  [11] = {
    "59778",
    32391,
    1,
    125,
    4,
    17,
    4,
    18,
    32891
  }
}
ZhenFa.ZhenFaInfo[10] = {
  [1] = {
    "24402",
    32008,
    1,
    34,
    1,
    19,
    1,
    20,
    0
  },
  [2] = {
    "24444",
    32108,
    1,
    35,
    2,
    19,
    1,
    20,
    32608
  },
  [3] = {
    "24439",
    32208,
    1,
    36,
    3,
    19,
    2,
    20,
    32708
  },
  [4] = {
    "24648",
    32308,
    1,
    37,
    4,
    19,
    4,
    20,
    32808
  },
  [5] = {
    "49005",
    32320,
    1,
    78,
    4,
    19,
    4,
    20,
    32820
  },
  [6] = {
    "48909",
    32332,
    1,
    79,
    4,
    19,
    4,
    20,
    32832
  },
  [7] = {
    "59879",
    32344,
    1,
    126,
    4,
    19,
    4,
    20,
    32844
  },
  [8] = {
    "59686",
    32356,
    1,
    127,
    4,
    19,
    4,
    20,
    32856
  },
  [9] = {
    "59961",
    32368,
    1,
    128,
    4,
    19,
    4,
    20,
    32868
  },
  [10] = {
    "59956",
    32380,
    1,
    129,
    4,
    19,
    4,
    20,
    32880
  },
  [11] = {
    "59730",
    32392,
    1,
    130,
    4,
    19,
    4,
    20,
    32892
  }
}
ZhenFa.ZhenFaInfo[11] = {
  [1] = {
    "24438",
    32009,
    1,
    38,
    1,
    21,
    1,
    22,
    0
  },
  [2] = {
    "24447",
    32109,
    1,
    39,
    2,
    21,
    1,
    22,
    32609
  },
  [3] = {
    "24436",
    32209,
    1,
    40,
    3,
    21,
    2,
    22,
    32709
  },
  [4] = {
    "24640",
    32309,
    1,
    41,
    4,
    21,
    4,
    22,
    32809
  },
  [5] = {
    "48998",
    32321,
    1,
    80,
    4,
    21,
    4,
    22,
    32821
  },
  [6] = {
    "48901",
    32333,
    1,
    81,
    4,
    21,
    4,
    22,
    32833
  },
  [7] = {
    "59688",
    32345,
    1,
    131,
    4,
    21,
    4,
    22,
    32845
  },
  [8] = {
    "59970",
    32357,
    1,
    132,
    4,
    21,
    4,
    22,
    32857
  },
  [9] = {
    "59976",
    32369,
    1,
    133,
    4,
    21,
    4,
    22,
    32869
  },
  [10] = {
    "59958",
    32381,
    1,
    134,
    4,
    21,
    4,
    22,
    32881
  },
  [11] = {
    "59794",
    32393,
    1,
    135,
    4,
    21,
    4,
    22,
    32893
  }
}
ZhenFa.ZhenFaInfo[12] = {
  [1] = {
    "24405",
    32010,
    1,
    42,
    1,
    23,
    1,
    24,
    0
  },
  [2] = {
    "24459",
    32110,
    1,
    43,
    2,
    23,
    1,
    24,
    32610
  },
  [3] = {
    "24455",
    32210,
    1,
    44,
    3,
    23,
    2,
    24,
    32710
  },
  [4] = {
    "24651",
    32310,
    1,
    45,
    4,
    23,
    4,
    24,
    32810
  },
  [5] = {
    "48968",
    32322,
    1,
    82,
    4,
    23,
    4,
    24,
    32822
  },
  [6] = {
    "48903",
    32334,
    1,
    83,
    4,
    23,
    4,
    24,
    32834
  },
  [7] = {
    "59942",
    32346,
    1,
    136,
    4,
    23,
    4,
    24,
    32846
  },
  [8] = {
    "59812",
    32358,
    1,
    137,
    4,
    23,
    4,
    24,
    32858
  },
  [9] = {
    "59890",
    32370,
    1,
    138,
    4,
    23,
    4,
    24,
    32870
  },
  [10] = {
    "59908",
    32382,
    1,
    139,
    4,
    23,
    4,
    24,
    32882
  },
  [11] = {
    "60001",
    32394,
    1,
    140,
    4,
    23,
    4,
    24,
    32894
  }
}
ZhenFa.ZhenFaInfo[13] = {
  [1] = {
    "24422",
    32011,
    1,
    46,
    1,
    25,
    1,
    26,
    0
  },
  [2] = {
    "24469",
    32111,
    1,
    47,
    2,
    25,
    1,
    26,
    32611
  },
  [3] = {
    "24467",
    32211,
    1,
    48,
    3,
    25,
    2,
    26,
    32711
  },
  [4] = {
    "24652",
    32311,
    1,
    49,
    4,
    25,
    4,
    26,
    32811
  },
  [5] = {
    "48923",
    32323,
    1,
    84,
    4,
    25,
    4,
    26,
    32823
  },
  [6] = {
    "49007",
    32335,
    1,
    85,
    4,
    25,
    4,
    26,
    32835
  },
  [7] = {
    "59763",
    32347,
    1,
    141,
    4,
    25,
    4,
    26,
    32847
  },
  [8] = {
    "59741",
    32359,
    1,
    142,
    4,
    25,
    4,
    26,
    32859
  },
  [9] = {
    "59964",
    32371,
    1,
    143,
    4,
    25,
    4,
    26,
    32871
  },
  [10] = {
    "59799",
    32383,
    1,
    144,
    4,
    25,
    4,
    26,
    32883
  },
  [11] = {
    "59691",
    32395,
    1,
    145,
    4,
    25,
    4,
    26,
    32895
  }
}
ZhenFa.ZhenFaLevelInfo = {
  [1] = {
    33010,
    50,
    5500,
    8500,
    12250,
    16000,
    19750,
    23500,
    27250,
    31000,
    34750,
    38500,
    42250,
    1500
  },
  [2] = {
    33010,
    50,
    6000,
    9000,
    12750,
    16500,
    20250,
    24000,
    27750,
    31500,
    35250,
    39000,
    42750,
    2000
  },
  [3] = {
    33010,
    50,
    6500,
    9500,
    13250,
    17000,
    20750,
    24500,
    28250,
    32000,
    35750,
    39500,
    43250,
    2500
  },
  [4] = {
    33010,
    50,
    7000,
    10000,
    13750,
    17500,
    21250,
    25000,
    28750,
    32500,
    36250,
    40000,
    43750,
    3000
  },
  [5] = {
    33010,
    50,
    7500,
    10500,
    14250,
    18000,
    21750,
    25500,
    29250,
    33000,
    36750,
    40500,
    44250,
    3500
  },
  [6] = {
    33010,
    50,
    8000,
    11000,
    14750,
    18500,
    22250,
    26000,
    29750,
    33500,
    37250,
    41000,
    44750,
    4000
  },
  [7] = {
    33010,
    50,
    8500,
    11500,
    15250,
    19000,
    22750,
    26500,
    30250,
    34000,
    37750,
    41500,
    45250,
    4500
  },
  [8] = {
    33010,
    50,
    9000,
    12000,
    15750,
    19500,
    23250,
    27000,
    30750,
    34500,
    38250,
    42000,
    45750,
    5000
  },
  [9] = {
    33010,
    50,
    9500,
    12500,
    16250,
    20000,
    23750,
    27500,
    31250,
    35000,
    38750,
    42500,
    46250,
    5500
  },
  [10] = {
    33010,
    50,
    10000,
    13000,
    16750,
    20500,
    24250,
    28000,
    31750,
    35500,
    39250,
    43000,
    46750,
    6000
  },
  [11] = {
    33010,
    70,
    10700,
    13700,
    17450,
    21200,
    24950,
    28700,
    32450,
    36200,
    39950,
    43700,
    47450,
    6700
  },
  [12] = {
    33010,
    70,
    11400,
    14400,
    18150,
    21900,
    25650,
    29400,
    33150,
    36900,
    40650,
    44400,
    48150,
    7400
  },
  [13] = {
    33010,
    70,
    12100,
    15100,
    18850,
    22600,
    26350,
    30100,
    33850,
    37600,
    41350,
    45100,
    48850,
    8100
  },
  [14] = {
    33010,
    70,
    12800,
    15800,
    19550,
    23300,
    27050,
    30800,
    34550,
    38300,
    42050,
    45800,
    49550,
    8800
  },
  [15] = {
    33010,
    70,
    13500,
    16500,
    20250,
    24000,
    27750,
    31500,
    35250,
    39000,
    42750,
    46500,
    50250,
    9500
  },
  [16] = {
    33010,
    70,
    14200,
    17200,
    20950,
    24700,
    28450,
    32200,
    35950,
    39700,
    43450,
    47200,
    50950,
    10200
  },
  [17] = {
    33010,
    70,
    14900,
    17900,
    21650,
    25400,
    29150,
    32900,
    36650,
    40400,
    44150,
    47900,
    51650,
    10900
  },
  [18] = {
    33010,
    70,
    15600,
    18600,
    22350,
    26100,
    29850,
    33600,
    37350,
    41100,
    44850,
    48600,
    52350,
    11600
  },
  [19] = {
    33010,
    70,
    16300,
    19300,
    23050,
    26800,
    30550,
    34300,
    38050,
    41800,
    45550,
    49300,
    53050,
    12300
  },
  [20] = {
    33010,
    70,
    17000,
    20000,
    23750,
    27500,
    31250,
    35000,
    38750,
    42500,
    46250,
    50000,
    53750,
    13000
  },
  [21] = {
    33010,
    90,
    17900,
    20900,
    24650,
    28400,
    32150,
    35900,
    39650,
    43400,
    47150,
    50900,
    54650,
    13900
  },
  [22] = {
    33010,
    90,
    18800,
    21800,
    25550,
    29300,
    33050,
    36800,
    40550,
    44300,
    48050,
    51800,
    55550,
    14800
  },
  [23] = {
    33010,
    90,
    19700,
    22700,
    26450,
    30200,
    33950,
    37700,
    41450,
    45200,
    48950,
    52700,
    56450,
    15700
  },
  [24] = {
    33010,
    90,
    20600,
    23600,
    27350,
    31100,
    34850,
    38600,
    42350,
    46100,
    49850,
    53600,
    57350,
    16600
  },
  [25] = {
    33010,
    90,
    21500,
    24500,
    28250,
    32000,
    35750,
    39500,
    43250,
    47000,
    50750,
    54500,
    58250,
    17500
  },
  [26] = {
    33010,
    90,
    22400,
    25400,
    29150,
    32900,
    36650,
    40400,
    44150,
    47900,
    51650,
    55400,
    59150,
    18400
  },
  [27] = {
    33010,
    90,
    23300,
    26300,
    30050,
    33800,
    37550,
    41300,
    45050,
    48800,
    52550,
    56300,
    60050,
    19300
  },
  [28] = {
    33010,
    90,
    24200,
    27200,
    30950,
    34700,
    38450,
    42200,
    45950,
    49700,
    53450,
    57200,
    60950,
    20200
  },
  [29] = {
    33010,
    90,
    25100,
    28100,
    31850,
    35600,
    39350,
    43100,
    46850,
    50600,
    54350,
    58100,
    61850,
    21100
  },
  [30] = {
    33010,
    90,
    26000,
    29000,
    32750,
    36500,
    40250,
    44000,
    47750,
    51500,
    55250,
    59000,
    62750,
    22000
  },
  [31] = {
    33010,
    110,
    27100,
    30100,
    33850,
    37600,
    41350,
    45100,
    48850,
    52600,
    56350,
    60100,
    63850,
    23100
  },
  [32] = {
    33010,
    110,
    28200,
    31200,
    34950,
    38700,
    42450,
    46200,
    49950,
    53700,
    57450,
    61200,
    64950,
    24200
  },
  [33] = {
    33010,
    110,
    29300,
    32300,
    36050,
    39800,
    43550,
    47300,
    51050,
    54800,
    58550,
    62300,
    66050,
    25300
  },
  [34] = {
    33010,
    110,
    30400,
    33400,
    37150,
    40900,
    44650,
    48400,
    52150,
    55900,
    59650,
    63400,
    67150,
    26400
  },
  [35] = {
    33010,
    110,
    31500,
    34500,
    38250,
    42000,
    45750,
    49500,
    53250,
    57000,
    60750,
    64500,
    68250,
    27500
  },
  [36] = {
    33010,
    110,
    32600,
    35600,
    39350,
    43100,
    46850,
    50600,
    54350,
    58100,
    61850,
    65600,
    69350,
    28600
  },
  [37] = {
    33010,
    110,
    33700,
    36700,
    40450,
    44200,
    47950,
    51700,
    55450,
    59200,
    62950,
    66700,
    70450,
    29700
  },
  [38] = {
    33010,
    110,
    34800,
    37800,
    41550,
    45300,
    49050,
    52800,
    56550,
    60300,
    64050,
    67800,
    71550,
    30800
  },
  [39] = {
    33010,
    110,
    35900,
    38900,
    42650,
    46400,
    50150,
    53900,
    57650,
    61400,
    65150,
    68900,
    72650,
    31900
  },
  [40] = {
    33010,
    110,
    37000,
    40000,
    43750,
    47500,
    51250,
    55000,
    58750,
    62500,
    66250,
    70000,
    73750,
    33000
  },
  [41] = {
    33010,
    130,
    38300,
    41300,
    45050,
    48800,
    52550,
    56300,
    60050,
    63800,
    67550,
    71300,
    75050,
    34300
  },
  [42] = {
    33010,
    130,
    39600,
    42600,
    46350,
    50100,
    53850,
    57600,
    61350,
    65100,
    68850,
    72600,
    76350,
    35600
  },
  [43] = {
    33010,
    130,
    40900,
    43900,
    47650,
    51400,
    55150,
    58900,
    62650,
    66400,
    70150,
    73900,
    77650,
    36900
  },
  [44] = {
    33010,
    130,
    42200,
    45200,
    48950,
    52700,
    56450,
    60200,
    63950,
    67700,
    71450,
    75200,
    78950,
    38200
  },
  [45] = {
    33010,
    130,
    43500,
    46500,
    50250,
    54000,
    57750,
    61500,
    65250,
    69000,
    72750,
    76500,
    80250,
    39500
  },
  [46] = {
    33010,
    130,
    44800,
    47800,
    51550,
    55300,
    59050,
    62800,
    66550,
    70300,
    74050,
    77800,
    81550,
    40800
  },
  [47] = {
    33010,
    130,
    46100,
    49100,
    52850,
    56600,
    60350,
    64100,
    67850,
    71600,
    75350,
    79100,
    82850,
    42100
  },
  [48] = {
    33010,
    130,
    47400,
    50400,
    54150,
    57900,
    61650,
    65400,
    69150,
    72900,
    76650,
    80400,
    84150,
    43400
  },
  [49] = {
    33010,
    130,
    48700,
    51700,
    55450,
    59200,
    62950,
    66700,
    70450,
    74200,
    77950,
    81700,
    85450,
    44700
  },
  [50] = {
    33010,
    130,
    50000,
    53000,
    56750,
    60500,
    64250,
    68000,
    71750,
    75500,
    79250,
    83000,
    86750,
    46000
  },
  [51] = {
    33010,
    150,
    51500,
    54500,
    58250,
    62000,
    65750,
    69500,
    73250,
    77000,
    80750,
    84500,
    88250,
    47500
  },
  [52] = {
    33010,
    150,
    53000,
    56000,
    59750,
    63500,
    67250,
    71000,
    74750,
    78500,
    82250,
    86000,
    89750,
    49000
  },
  [53] = {
    33010,
    150,
    54500,
    57500,
    61250,
    65000,
    68750,
    72500,
    76250,
    80000,
    83750,
    87500,
    91250,
    50500
  },
  [54] = {
    33010,
    150,
    56000,
    59000,
    62750,
    66500,
    70250,
    74000,
    77750,
    81500,
    85250,
    89000,
    92750,
    52000
  },
  [55] = {
    33010,
    150,
    57500,
    60500,
    64250,
    68000,
    71750,
    75500,
    79250,
    83000,
    86750,
    90500,
    94250,
    53500
  },
  [56] = {
    33010,
    150,
    59000,
    62000,
    65750,
    69500,
    73250,
    77000,
    80750,
    84500,
    88250,
    92000,
    95750,
    55000
  },
  [57] = {
    33010,
    150,
    60500,
    63500,
    67250,
    71000,
    74750,
    78500,
    82250,
    86000,
    89750,
    93500,
    97250,
    56500
  },
  [58] = {
    33010,
    150,
    62000,
    65000,
    68750,
    72500,
    76250,
    80000,
    83750,
    87500,
    91250,
    95000,
    98750,
    58000
  },
  [59] = {
    33010,
    150,
    63500,
    66500,
    70250,
    74000,
    77750,
    81500,
    85250,
    89000,
    92750,
    96500,
    100250,
    59500
  },
  [60] = {
    33010,
    150,
    65000,
    68000,
    71750,
    75500,
    79250,
    83000,
    86750,
    90500,
    94250,
    98000,
    101750,
    61000
  },
  [61] = {
    33010,
    170,
    66700,
    69700,
    73450,
    77200,
    80950,
    84700,
    88450,
    92200,
    95950,
    99700,
    103450,
    62700
  },
  [62] = {
    33010,
    170,
    68400,
    71400,
    75150,
    78900,
    82650,
    86400,
    90150,
    93900,
    97650,
    101400,
    105150,
    64400
  },
  [63] = {
    33010,
    170,
    70100,
    73100,
    76850,
    80600,
    84350,
    88100,
    91850,
    95600,
    99350,
    103100,
    106850,
    66100
  },
  [64] = {
    33010,
    170,
    71800,
    74800,
    78550,
    82300,
    86050,
    89800,
    93550,
    97300,
    101050,
    104800,
    108550,
    67800
  },
  [65] = {
    33010,
    170,
    73500,
    76500,
    80250,
    84000,
    87750,
    91500,
    95250,
    99000,
    102750,
    106500,
    110250,
    69500
  },
  [66] = {
    33010,
    170,
    75200,
    78200,
    81950,
    85700,
    89450,
    93200,
    96950,
    100700,
    104450,
    108200,
    111950,
    71200
  },
  [67] = {
    33010,
    170,
    76900,
    79900,
    83650,
    87400,
    91150,
    94900,
    98650,
    102400,
    106150,
    109900,
    113650,
    72900
  },
  [68] = {
    33010,
    170,
    78600,
    81600,
    85350,
    89100,
    92850,
    96600,
    100350,
    104100,
    107850,
    111600,
    115350,
    74600
  },
  [69] = {
    33010,
    170,
    80300,
    83300,
    87050,
    90800,
    94550,
    98300,
    102050,
    105800,
    109550,
    113300,
    117050,
    76300
  },
  [70] = {
    33010,
    170,
    82000,
    85000,
    88750,
    92500,
    96250,
    100000,
    103750,
    107500,
    111250,
    115000,
    118750,
    78000
  },
  [71] = {
    33010,
    180,
    83800,
    86800,
    90550,
    94300,
    98050,
    101800,
    105550,
    109300,
    113050,
    116800,
    120550,
    79800
  },
  [72] = {
    33010,
    180,
    85600,
    88600,
    92350,
    96100,
    99850,
    103600,
    107350,
    111100,
    114850,
    118600,
    122350,
    81600
  },
  [73] = {
    33010,
    180,
    87400,
    90400,
    94150,
    97900,
    101650,
    105400,
    109150,
    112900,
    116650,
    120400,
    124150,
    83400
  },
  [74] = {
    33010,
    180,
    89200,
    92200,
    95950,
    99700,
    103450,
    107200,
    110950,
    114700,
    118450,
    122200,
    125950,
    85200
  },
  [75] = {
    33010,
    180,
    91000,
    94000,
    97750,
    101500,
    105250,
    109000,
    112750,
    116500,
    120250,
    124000,
    127750,
    87000
  },
  [76] = {
    33010,
    180,
    92800,
    95800,
    99550,
    103300,
    107050,
    110800,
    114550,
    118300,
    122050,
    125800,
    129550,
    88800
  },
  [77] = {
    33010,
    180,
    94600,
    97600,
    101350,
    105100,
    108850,
    112600,
    116350,
    120100,
    123850,
    127600,
    131350,
    90600
  },
  [78] = {
    33010,
    180,
    96400,
    99400,
    103150,
    106900,
    110650,
    114400,
    118150,
    121900,
    125650,
    129400,
    133150,
    92400
  },
  [79] = {
    33010,
    180,
    98200,
    101200,
    104950,
    108700,
    112450,
    116200,
    119950,
    123700,
    127450,
    131200,
    134950,
    94200
  },
  [80] = {
    33010,
    180,
    100000,
    103000,
    106750,
    110500,
    114250,
    118000,
    121750,
    125500,
    129250,
    133000,
    136750,
    96000
  },
  [81] = {
    33010,
    180,
    101800,
    104800,
    108550,
    112300,
    116050,
    119800,
    123550,
    127300,
    131050,
    134800,
    138550,
    97800
  },
  [82] = {
    33010,
    180,
    103600,
    106600,
    110350,
    114100,
    117850,
    121600,
    125350,
    129100,
    132850,
    136600,
    140350,
    99600
  },
  [83] = {
    33010,
    180,
    105400,
    108400,
    112150,
    115900,
    119650,
    123400,
    127150,
    130900,
    134650,
    138400,
    142150,
    101400
  },
  [84] = {
    33010,
    180,
    107200,
    110200,
    113950,
    117700,
    121450,
    125200,
    128950,
    132700,
    136450,
    140200,
    143950,
    103200
  },
  [85] = {
    33010,
    180,
    109000,
    112000,
    115750,
    119500,
    123250,
    127000,
    130750,
    134500,
    138250,
    142000,
    145750,
    105000
  },
  [86] = {
    33010,
    180,
    110800,
    113800,
    117550,
    121300,
    125050,
    128800,
    132550,
    136300,
    140050,
    143800,
    147550,
    106800
  },
  [87] = {
    33010,
    180,
    112600,
    115600,
    119350,
    123100,
    126850,
    130600,
    134350,
    138100,
    141850,
    145600,
    149350,
    108600
  },
  [88] = {
    33010,
    180,
    114400,
    117400,
    121150,
    124900,
    128650,
    132400,
    136150,
    139900,
    143650,
    147400,
    151150,
    110400
  },
  [89] = {
    33010,
    180,
    116200,
    119200,
    122950,
    126700,
    130450,
    134200,
    137950,
    141700,
    145450,
    149200,
    152950,
    112200
  },
  [90] = {
    33010,
    180,
    118000,
    121000,
    124750,
    128500,
    132250,
    136000,
    139750,
    143500,
    147250,
    151000,
    154750,
    114000
  },
  [91] = {
    33010,
    180,
    119800,
    122800,
    126550,
    130300,
    134050,
    137800,
    141550,
    145300,
    149050,
    152800,
    156550,
    115800
  },
  [92] = {
    33010,
    180,
    121600,
    124600,
    128350,
    132100,
    135850,
    139600,
    143350,
    147100,
    150850,
    154600,
    158350,
    117600
  },
  [93] = {
    33010,
    180,
    123400,
    126400,
    130150,
    133900,
    137650,
    141400,
    145150,
    148900,
    152650,
    156400,
    160150,
    119400
  },
  [94] = {
    33010,
    180,
    125200,
    128200,
    131950,
    135700,
    139450,
    143200,
    146950,
    150700,
    154450,
    158200,
    161950,
    121200
  },
  [95] = {
    33010,
    180,
    127000,
    130000,
    133750,
    137500,
    141250,
    145000,
    148750,
    152500,
    156250,
    160000,
    163750,
    123000
  },
  [96] = {
    33010,
    180,
    128800,
    131800,
    135550,
    139300,
    143050,
    146800,
    150550,
    154300,
    158050,
    161800,
    165550,
    124800
  },
  [97] = {
    33010,
    180,
    130600,
    133600,
    137350,
    141100,
    144850,
    148600,
    152350,
    156100,
    159850,
    163600,
    167350,
    126600
  },
  [98] = {
    33010,
    180,
    132400,
    135400,
    139150,
    142900,
    146650,
    150400,
    154150,
    157900,
    161650,
    165400,
    169150,
    128400
  },
  [99] = {
    33010,
    180,
    134200,
    137200,
    140950,
    144700,
    148450,
    152200,
    155950,
    159700,
    163450,
    167200,
    170950,
    130200
  },
  [100] = {
    33010,
    180,
    136000,
    139000,
    142750,
    146500,
    150250,
    154000,
    157750,
    161500,
    165250,
    169000,
    172750,
    132000
  },
  [101] = {
    33010,
    200,
    138000,
    141000,
    144750,
    148500,
    152250,
    156000,
    159750,
    163500,
    167250,
    171000,
    174750,
    134000
  },
  [102] = {
    33010,
    200,
    140000,
    143000,
    146750,
    150500,
    154250,
    158000,
    161750,
    165500,
    169250,
    173000,
    176750,
    136000
  },
  [103] = {
    33010,
    200,
    142000,
    145000,
    148750,
    152500,
    156250,
    160000,
    163750,
    167500,
    171250,
    175000,
    178750,
    138000
  },
  [104] = {
    33010,
    200,
    144000,
    147000,
    150750,
    154500,
    158250,
    162000,
    165750,
    169500,
    173250,
    177000,
    180750,
    140000
  },
  [105] = {
    33010,
    200,
    146000,
    149000,
    152750,
    156500,
    160250,
    164000,
    167750,
    171500,
    175250,
    179000,
    182750,
    142000
  },
  [106] = {
    33010,
    200,
    148000,
    151000,
    154750,
    158500,
    162250,
    166000,
    169750,
    173500,
    177250,
    181000,
    184750,
    144000
  },
  [107] = {
    33010,
    200,
    150000,
    153000,
    156750,
    160500,
    164250,
    168000,
    171750,
    175500,
    179250,
    183000,
    186750,
    146000
  },
  [108] = {
    33010,
    200,
    152000,
    155000,
    158750,
    162500,
    166250,
    170000,
    173750,
    177500,
    181250,
    185000,
    188750,
    148000
  },
  [109] = {
    33010,
    200,
    154000,
    157000,
    160750,
    164500,
    168250,
    172000,
    175750,
    179500,
    183250,
    187000,
    190750,
    150000
  },
  [110] = {
    33010,
    200,
    156000,
    159000,
    162750,
    166500,
    170250,
    174000,
    177750,
    181500,
    185250,
    189000,
    192750,
    152000
  },
  [111] = {
    33010,
    200,
    158000,
    161000,
    164750,
    168500,
    172250,
    176000,
    179750,
    183500,
    187250,
    191000,
    194750,
    154000
  },
  [112] = {
    33010,
    200,
    160000,
    163000,
    166750,
    170500,
    174250,
    178000,
    181750,
    185500,
    189250,
    193000,
    196750,
    156000
  },
  [113] = {
    33010,
    200,
    162000,
    165000,
    168750,
    172500,
    176250,
    180000,
    183750,
    187500,
    191250,
    195000,
    198750,
    158000
  },
  [114] = {
    33010,
    200,
    164000,
    167000,
    170750,
    174500,
    178250,
    182000,
    185750,
    189500,
    193250,
    197000,
    200750,
    160000
  },
  [115] = {
    33010,
    200,
    166000,
    169000,
    172750,
    176500,
    180250,
    184000,
    187750,
    191500,
    195250,
    199000,
    202750,
    162000
  },
  [116] = {
    33010,
    200,
    168000,
    171000,
    174750,
    178500,
    182250,
    186000,
    189750,
    193500,
    197250,
    201000,
    204750,
    164000
  },
  [117] = {
    33010,
    200,
    170000,
    173000,
    176750,
    180500,
    184250,
    188000,
    191750,
    195500,
    199250,
    203000,
    206750,
    166000
  },
  [118] = {
    33010,
    200,
    172000,
    175000,
    178750,
    182500,
    186250,
    190000,
    193750,
    197500,
    201250,
    205000,
    208750,
    168000
  },
  [119] = {
    33010,
    200,
    174000,
    177000,
    180750,
    184500,
    188250,
    192000,
    195750,
    199500,
    203250,
    207000,
    210750,
    170000
  },
  [120] = {
    33010,
    200,
    176000,
    179000,
    182750,
    186500,
    190250,
    194000,
    197750,
    201500,
    205250,
    209000,
    212750,
    172000
  },
  [121] = {
    33010,
    200,
    178000,
    181000,
    184750,
    188500,
    192250,
    196000,
    199750,
    203500,
    207250,
    211000,
    214750,
    174000
  },
  [122] = {
    33010,
    200,
    180000,
    183000,
    186750,
    190500,
    194250,
    198000,
    201750,
    205500,
    209250,
    213000,
    216750,
    176000
  },
  [123] = {
    33010,
    200,
    182000,
    185000,
    188750,
    192500,
    196250,
    200000,
    203750,
    207500,
    211250,
    215000,
    218750,
    178000
  },
  [124] = {
    33010,
    200,
    184000,
    187000,
    190750,
    194500,
    198250,
    202000,
    205750,
    209500,
    213250,
    217000,
    220750,
    180000
  },
  [125] = {
    33010,
    200,
    186000,
    189000,
    192750,
    196500,
    200250,
    204000,
    207750,
    211500,
    215250,
    219000,
    222750,
    182000
  },
  [126] = {
    33010,
    200,
    188000,
    191000,
    194750,
    198500,
    202250,
    206000,
    209750,
    213500,
    217250,
    221000,
    224750,
    184000
  },
  [127] = {
    33010,
    200,
    190000,
    193000,
    196750,
    200500,
    204250,
    208000,
    211750,
    215500,
    219250,
    223000,
    226750,
    186000
  },
  [128] = {
    33010,
    200,
    192000,
    195000,
    198750,
    202500,
    206250,
    210000,
    213750,
    217500,
    221250,
    225000,
    228750,
    188000
  },
  [129] = {
    33010,
    200,
    194000,
    197000,
    200750,
    204500,
    208250,
    212000,
    215750,
    219500,
    223250,
    227000,
    230750,
    190000
  },
  [130] = {
    33010,
    200,
    196000,
    199000,
    202750,
    206500,
    210250,
    214000,
    217750,
    221500,
    225250,
    229000,
    232750,
    192000
  },
  [131] = {
    33010,
    200,
    198000,
    201000,
    204750,
    208500,
    212250,
    216000,
    219750,
    223500,
    227250,
    231000,
    234750,
    194000
  },
  [132] = {
    33010,
    200,
    200000,
    203000,
    206750,
    210500,
    214250,
    218000,
    221750,
    225500,
    229250,
    233000,
    236750,
    196000
  },
  [133] = {
    33010,
    200,
    202000,
    205000,
    208750,
    212500,
    216250,
    220000,
    223750,
    227500,
    231250,
    235000,
    238750,
    198000
  },
  [134] = {
    33010,
    200,
    204000,
    207000,
    210750,
    214500,
    218250,
    222000,
    225750,
    229500,
    233250,
    237000,
    240750,
    200000
  },
  [135] = {
    33010,
    200,
    206000,
    209000,
    212750,
    216500,
    220250,
    224000,
    227750,
    231500,
    235250,
    239000,
    242750,
    202000
  },
  [136] = {
    33010,
    200,
    208000,
    211000,
    214750,
    218500,
    222250,
    226000,
    229750,
    233500,
    237250,
    241000,
    244750,
    204000
  },
  [137] = {
    33010,
    200,
    210000,
    213000,
    216750,
    220500,
    224250,
    228000,
    231750,
    235500,
    239250,
    243000,
    246750,
    206000
  },
  [138] = {
    33010,
    200,
    212000,
    215000,
    218750,
    222500,
    226250,
    230000,
    233750,
    237500,
    241250,
    245000,
    248750,
    208000
  },
  [139] = {
    33010,
    200,
    214000,
    217000,
    220750,
    224500,
    228250,
    232000,
    235750,
    239500,
    243250,
    247000,
    250750,
    210000
  },
  [140] = {
    33010,
    200,
    216000,
    219000,
    222750,
    226500,
    230250,
    234000,
    237750,
    241500,
    245250,
    249000,
    252750,
    212000
  },
  [141] = {
    33010,
    200,
    218000,
    221000,
    224750,
    228500,
    232250,
    236000,
    239750,
    243500,
    247250,
    251000,
    254750,
    214000
  },
  [142] = {
    33010,
    200,
    220000,
    223000,
    226750,
    230500,
    234250,
    238000,
    241750,
    245500,
    249250,
    253000,
    256750,
    216000
  },
  [143] = {
    33010,
    200,
    222000,
    225000,
    228750,
    232500,
    236250,
    240000,
    243750,
    247500,
    251250,
    255000,
    258750,
    218000
  },
  [144] = {
    33010,
    200,
    224000,
    227000,
    230750,
    234500,
    238250,
    242000,
    245750,
    249500,
    253250,
    257000,
    260750,
    220000
  },
  [145] = {
    33010,
    200,
    226000,
    229000,
    232750,
    236500,
    240250,
    244000,
    247750,
    251500,
    255250,
    259000,
    262750,
    222000
  },
  [146] = {
    33010,
    200,
    228000,
    231000,
    234750,
    238500,
    242250,
    246000,
    249750,
    253500,
    257250,
    261000,
    264750,
    224000
  },
  [147] = {
    33010,
    200,
    230000,
    233000,
    236750,
    240500,
    244250,
    248000,
    251750,
    255500,
    259250,
    263000,
    266750,
    226000
  },
  [148] = {
    33010,
    200,
    232000,
    235000,
    238750,
    242500,
    246250,
    250000,
    253750,
    257500,
    261250,
    265000,
    268750,
    228000
  },
  [149] = {
    33010,
    200,
    234000,
    237000,
    240750,
    244500,
    248250,
    252000,
    255750,
    259500,
    263250,
    267000,
    270750,
    230000
  },
  [150] = {
    33010,
    200,
    236000,
    239000,
    242750,
    246500,
    250250,
    254000,
    257750,
    261500,
    265250,
    269000,
    272750,
    232000
  },
  [151] = {
    33010,
    200,
    238000,
    241000,
    244750,
    248500,
    252250,
    256000,
    259750,
    263500,
    267250,
    271000,
    274750,
    234000
  },
  [152] = {
    33010,
    200,
    240000,
    243000,
    246750,
    250500,
    254250,
    258000,
    261750,
    265500,
    269250,
    273000,
    276750,
    236000
  },
  [153] = {
    33010,
    200,
    242000,
    245000,
    248750,
    252500,
    256250,
    260000,
    263750,
    267500,
    271250,
    275000,
    278750,
    238000
  },
  [154] = {
    33010,
    200,
    244000,
    247000,
    250750,
    254500,
    258250,
    262000,
    265750,
    269500,
    273250,
    277000,
    280750,
    240000
  },
  [155] = {
    33010,
    200,
    246000,
    249000,
    252750,
    256500,
    260250,
    264000,
    267750,
    271500,
    275250,
    279000,
    282750,
    242000
  },
  [156] = {
    33010,
    200,
    248000,
    251000,
    254750,
    258500,
    262250,
    266000,
    269750,
    273500,
    277250,
    281000,
    284750,
    244000
  },
  [157] = {
    33010,
    200,
    250000,
    253000,
    256750,
    260500,
    264250,
    268000,
    271750,
    275500,
    279250,
    283000,
    286750,
    246000
  },
  [158] = {
    33010,
    200,
    252000,
    255000,
    258750,
    262500,
    266250,
    270000,
    273750,
    277500,
    281250,
    285000,
    288750,
    248000
  },
  [159] = {
    33010,
    200,
    254000,
    257000,
    260750,
    264500,
    268250,
    272000,
    275750,
    279500,
    283250,
    287000,
    290750,
    250000
  },
  [160] = {
    33010,
    200,
    256000,
    259000,
    262750,
    266500,
    270250,
    274000,
    277750,
    281500,
    285250,
    289000,
    292750,
    252000
  },
  [161] = {
    33010,
    200,
    258000,
    261000,
    264750,
    268500,
    272250,
    276000,
    279750,
    283500,
    287250,
    291000,
    294750,
    254000
  },
  [162] = {
    33010,
    200,
    260000,
    263000,
    266750,
    270500,
    274250,
    278000,
    281750,
    285500,
    289250,
    293000,
    296750,
    256000
  },
  [163] = {
    33010,
    200,
    262000,
    265000,
    268750,
    272500,
    276250,
    280000,
    283750,
    287500,
    291250,
    295000,
    298750,
    258000
  },
  [164] = {
    33010,
    200,
    264000,
    267000,
    270750,
    274500,
    278250,
    282000,
    285750,
    289500,
    293250,
    297000,
    300750,
    260000
  },
  [165] = {
    33010,
    200,
    266000,
    269000,
    272750,
    276500,
    280250,
    284000,
    287750,
    291500,
    295250,
    299000,
    302750,
    262000
  },
  [166] = {
    33010,
    200,
    268000,
    271000,
    274750,
    278500,
    282250,
    286000,
    289750,
    293500,
    297250,
    301000,
    304750,
    264000
  },
  [167] = {
    33010,
    200,
    270000,
    273000,
    276750,
    280500,
    284250,
    288000,
    291750,
    295500,
    299250,
    303000,
    306750,
    266000
  },
  [168] = {
    33010,
    200,
    272000,
    275000,
    278750,
    282500,
    286250,
    290000,
    293750,
    297500,
    301250,
    305000,
    308750,
    268000
  },
  [169] = {
    33010,
    200,
    274000,
    277000,
    280750,
    284500,
    288250,
    292000,
    295750,
    299500,
    303250,
    307000,
    310750,
    270000
  },
  [170] = {
    33010,
    200,
    276000,
    279000,
    282750,
    286500,
    290250,
    294000,
    297750,
    301500,
    305250,
    309000,
    312750,
    272000
  },
  [171] = {
    33010,
    200,
    278000,
    281000,
    284750,
    288500,
    292250,
    296000,
    299750,
    303500,
    307250,
    311000,
    314750,
    274000
  },
  [172] = {
    33010,
    200,
    280000,
    283000,
    286750,
    290500,
    294250,
    298000,
    301750,
    305500,
    309250,
    313000,
    316750,
    276000
  },
  [173] = {
    33010,
    200,
    282000,
    285000,
    288750,
    292500,
    296250,
    300000,
    303750,
    307500,
    311250,
    315000,
    318750,
    278000
  },
  [174] = {
    33010,
    200,
    284000,
    287000,
    290750,
    294500,
    298250,
    302000,
    305750,
    309500,
    313250,
    317000,
    320750,
    280000
  },
  [175] = {
    33010,
    200,
    286000,
    289000,
    292750,
    296500,
    300250,
    304000,
    307750,
    311500,
    315250,
    319000,
    322750,
    282000
  },
  [176] = {
    33010,
    200,
    288000,
    291000,
    294750,
    298500,
    302250,
    306000,
    309750,
    313500,
    317250,
    321000,
    324750,
    284000
  },
  [177] = {
    33010,
    200,
    290000,
    293000,
    296750,
    300500,
    304250,
    308000,
    311750,
    315500,
    319250,
    323000,
    326750,
    286000
  },
  [178] = {
    33010,
    200,
    292000,
    295000,
    298750,
    302500,
    306250,
    310000,
    313750,
    317500,
    321250,
    325000,
    328750,
    288000
  },
  [179] = {
    33010,
    200,
    294000,
    297000,
    300750,
    304500,
    308250,
    312000,
    315750,
    319500,
    323250,
    327000,
    330750,
    290000
  },
  [180] = {
    33010,
    200,
    296000,
    299000,
    302750,
    306500,
    310250,
    314000,
    317750,
    321500,
    325250,
    329000,
    332750,
    292000
  },
  [181] = {
    33010,
    200,
    298000,
    301000,
    304750,
    308500,
    312250,
    316000,
    319750,
    323500,
    327250,
    331000,
    334750,
    294000
  },
  [182] = {
    33010,
    200,
    300000,
    303000,
    306750,
    310500,
    314250,
    318000,
    321750,
    325500,
    329250,
    333000,
    336750,
    296000
  },
  [183] = {
    33010,
    200,
    302000,
    305000,
    308750,
    312500,
    316250,
    320000,
    323750,
    327500,
    331250,
    335000,
    338750,
    298000
  },
  [184] = {
    33010,
    200,
    304000,
    307000,
    310750,
    314500,
    318250,
    322000,
    325750,
    329500,
    333250,
    337000,
    340750,
    300000
  },
  [185] = {
    33010,
    200,
    306000,
    309000,
    312750,
    316500,
    320250,
    324000,
    327750,
    331500,
    335250,
    339000,
    342750,
    302000
  },
  [186] = {
    33010,
    200,
    308000,
    311000,
    314750,
    318500,
    322250,
    326000,
    329750,
    333500,
    337250,
    341000,
    344750,
    304000
  },
  [187] = {
    33010,
    200,
    310000,
    313000,
    316750,
    320500,
    324250,
    328000,
    331750,
    335500,
    339250,
    343000,
    346750,
    306000
  },
  [188] = {
    33010,
    200,
    312000,
    315000,
    318750,
    322500,
    326250,
    330000,
    333750,
    337500,
    341250,
    345000,
    348750,
    308000
  },
  [189] = {
    33010,
    200,
    314000,
    317000,
    320750,
    324500,
    328250,
    332000,
    335750,
    339500,
    343250,
    347000,
    350750,
    310000
  },
  [190] = {
    33010,
    200,
    316000,
    319000,
    322750,
    326500,
    330250,
    334000,
    337750,
    341500,
    345250,
    349000,
    352750,
    312000
  },
  [191] = {
    33010,
    200,
    318000,
    321000,
    324750,
    328500,
    332250,
    336000,
    339750,
    343500,
    347250,
    351000,
    354750,
    314000
  },
  [192] = {
    33010,
    200,
    320000,
    323000,
    326750,
    330500,
    334250,
    338000,
    341750,
    345500,
    349250,
    353000,
    356750,
    316000
  },
  [193] = {
    33010,
    200,
    322000,
    325000,
    328750,
    332500,
    336250,
    340000,
    343750,
    347500,
    351250,
    355000,
    358750,
    318000
  },
  [194] = {
    33010,
    200,
    324000,
    327000,
    330750,
    334500,
    338250,
    342000,
    345750,
    349500,
    353250,
    357000,
    360750,
    320000
  },
  [195] = {
    33010,
    200,
    326000,
    329000,
    332750,
    336500,
    340250,
    344000,
    347750,
    351500,
    355250,
    359000,
    362750,
    322000
  },
  [196] = {
    33010,
    200,
    328000,
    331000,
    334750,
    338500,
    342250,
    346000,
    349750,
    353500,
    357250,
    361000,
    364750,
    324000
  },
  [197] = {
    33010,
    200,
    330000,
    333000,
    336750,
    340500,
    344250,
    348000,
    351750,
    355500,
    359250,
    363000,
    366750,
    326000
  },
  [198] = {
    33010,
    200,
    332000,
    335000,
    338750,
    342500,
    346250,
    350000,
    353750,
    357500,
    361250,
    365000,
    368750,
    328000
  },
  [199] = {
    33010,
    200,
    334000,
    337000,
    340750,
    344500,
    348250,
    352000,
    355750,
    359500,
    363250,
    367000,
    370750,
    330000
  },
  [200] = {
    33010,
    200,
    336000,
    339000,
    342750,
    346500,
    350250,
    354000,
    357750,
    361500,
    365250,
    369000,
    372750,
    332000
  },
  [201] = {
    33010,
    200,
    338000,
    341000,
    344750,
    348500,
    352250,
    356000,
    359750,
    363500,
    367250,
    371000,
    374750,
    334000
  },
  [202] = {
    33010,
    200,
    340000,
    343000,
    346750,
    350500,
    354250,
    358000,
    361750,
    365500,
    369250,
    373000,
    376750,
    336000
  },
  [203] = {
    33010,
    200,
    342000,
    345000,
    348750,
    352500,
    356250,
    360000,
    363750,
    367500,
    371250,
    375000,
    378750,
    338000
  },
  [204] = {
    33010,
    200,
    344000,
    347000,
    350750,
    354500,
    358250,
    362000,
    365750,
    369500,
    373250,
    377000,
    380750,
    340000
  },
  [205] = {
    33010,
    200,
    346000,
    349000,
    352750,
    356500,
    360250,
    364000,
    367750,
    371500,
    375250,
    379000,
    382750,
    342000
  },
  [206] = {
    33010,
    200,
    348000,
    351000,
    354750,
    358500,
    362250,
    366000,
    369750,
    373500,
    377250,
    381000,
    384750,
    344000
  },
  [207] = {
    33010,
    200,
    350000,
    353000,
    356750,
    360500,
    364250,
    368000,
    371750,
    375500,
    379250,
    383000,
    386750,
    346000
  },
  [208] = {
    33010,
    200,
    352000,
    355000,
    358750,
    362500,
    366250,
    370000,
    373750,
    377500,
    381250,
    385000,
    388750,
    348000
  },
  [209] = {
    33010,
    200,
    354000,
    357000,
    360750,
    364500,
    368250,
    372000,
    375750,
    379500,
    383250,
    387000,
    390750,
    350000
  },
  [210] = {
    33010,
    200,
    356000,
    359000,
    362750,
    366500,
    370250,
    374000,
    377750,
    381500,
    385250,
    389000,
    392750,
    352000
  },
  [211] = {
    33010,
    200,
    358000,
    361000,
    364750,
    368500,
    372250,
    376000,
    379750,
    383500,
    387250,
    391000,
    394750,
    354000
  },
  [212] = {
    33010,
    200,
    360000,
    363000,
    366750,
    370500,
    374250,
    378000,
    381750,
    385500,
    389250,
    393000,
    396750,
    356000
  },
  [213] = {
    33010,
    200,
    362000,
    365000,
    368750,
    372500,
    376250,
    380000,
    383750,
    387500,
    391250,
    395000,
    398750,
    358000
  },
  [214] = {
    33010,
    200,
    364000,
    367000,
    370750,
    374500,
    378250,
    382000,
    385750,
    389500,
    393250,
    397000,
    400750,
    360000
  },
  [215] = {
    33010,
    200,
    366000,
    369000,
    372750,
    376500,
    380250,
    384000,
    387750,
    391500,
    395250,
    399000,
    402750,
    362000
  },
  [216] = {
    33010,
    200,
    368000,
    371000,
    374750,
    378500,
    382250,
    386000,
    389750,
    393500,
    397250,
    401000,
    404750,
    364000
  },
  [217] = {
    33010,
    200,
    370000,
    373000,
    376750,
    380500,
    384250,
    388000,
    391750,
    395500,
    399250,
    403000,
    406750,
    366000
  },
  [218] = {
    33010,
    200,
    372000,
    375000,
    378750,
    382500,
    386250,
    390000,
    393750,
    397500,
    401250,
    405000,
    408750,
    368000
  },
  [219] = {
    33010,
    200,
    374000,
    377000,
    380750,
    384500,
    388250,
    392000,
    395750,
    399500,
    403250,
    407000,
    410750,
    370000
  },
  [220] = {
    33010,
    200,
    376000,
    379000,
    382750,
    386500,
    390250,
    394000,
    397750,
    401500,
    405250,
    409000,
    412750,
    372000
  },
  [221] = {
    33010,
    200,
    378000,
    381000,
    384750,
    388500,
    392250,
    396000,
    399750,
    403500,
    407250,
    411000,
    414750,
    374000
  },
  [222] = {
    33010,
    200,
    380000,
    383000,
    386750,
    390500,
    394250,
    398000,
    401750,
    405500,
    409250,
    413000,
    416750,
    376000
  },
  [223] = {
    33010,
    200,
    382000,
    385000,
    388750,
    392500,
    396250,
    400000,
    403750,
    407500,
    411250,
    415000,
    418750,
    378000
  },
  [224] = {
    33010,
    200,
    384000,
    387000,
    390750,
    394500,
    398250,
    402000,
    405750,
    409500,
    413250,
    417000,
    420750,
    380000
  },
  [225] = {
    33010,
    200,
    386000,
    389000,
    392750,
    396500,
    400250,
    404000,
    407750,
    411500,
    415250,
    419000,
    422750,
    382000
  },
  [226] = {
    33010,
    200,
    388000,
    391000,
    394750,
    398500,
    402250,
    406000,
    409750,
    413500,
    417250,
    421000,
    424750,
    384000
  },
  [227] = {
    33010,
    200,
    390000,
    393000,
    396750,
    400500,
    404250,
    408000,
    411750,
    415500,
    419250,
    423000,
    426750,
    386000
  },
  [228] = {
    33010,
    200,
    392000,
    395000,
    398750,
    402500,
    406250,
    410000,
    413750,
    417500,
    421250,
    425000,
    428750,
    388000
  },
  [229] = {
    33010,
    200,
    394000,
    397000,
    400750,
    404500,
    408250,
    412000,
    415750,
    419500,
    423250,
    427000,
    430750,
    390000
  },
  [230] = {
    33010,
    200,
    396000,
    399000,
    402750,
    406500,
    410250,
    414000,
    417750,
    421500,
    425250,
    429000,
    432750,
    392000
  },
  [231] = {
    33010,
    200,
    398000,
    401000,
    404750,
    408500,
    412250,
    416000,
    419750,
    423500,
    427250,
    431000,
    434750,
    394000
  },
  [232] = {
    33010,
    200,
    400000,
    403000,
    406750,
    410500,
    414250,
    418000,
    421750,
    425500,
    429250,
    433000,
    436750,
    396000
  },
  [233] = {
    33010,
    200,
    402000,
    405000,
    408750,
    412500,
    416250,
    420000,
    423750,
    427500,
    431250,
    435000,
    438750,
    398000
  },
  [234] = {
    33010,
    200,
    404000,
    407000,
    410750,
    414500,
    418250,
    422000,
    425750,
    429500,
    433250,
    437000,
    440750,
    400000
  },
  [235] = {
    33010,
    200,
    406000,
    409000,
    412750,
    416500,
    420250,
    424000,
    427750,
    431500,
    435250,
    439000,
    442750,
    402000
  },
  [236] = {
    33010,
    200,
    408000,
    411000,
    414750,
    418500,
    422250,
    426000,
    429750,
    433500,
    437250,
    441000,
    444750,
    404000
  },
  [237] = {
    33010,
    200,
    410000,
    413000,
    416750,
    420500,
    424250,
    428000,
    431750,
    435500,
    439250,
    443000,
    446750,
    406000
  },
  [238] = {
    33010,
    200,
    412000,
    415000,
    418750,
    422500,
    426250,
    430000,
    433750,
    437500,
    441250,
    445000,
    448750,
    408000
  },
  [239] = {
    33010,
    200,
    414000,
    417000,
    420750,
    424500,
    428250,
    432000,
    435750,
    439500,
    443250,
    447000,
    450750,
    410000
  },
  [240] = {
    33010,
    200,
    416000,
    419000,
    422750,
    426500,
    430250,
    434000,
    437750,
    441500,
    445250,
    449000,
    452750,
    412000
  },
  [241] = {
    33010,
    200,
    418000,
    421000,
    424750,
    428500,
    432250,
    436000,
    439750,
    443500,
    447250,
    451000,
    454750,
    414000
  },
  [242] = {
    33010,
    200,
    420000,
    423000,
    426750,
    430500,
    434250,
    438000,
    441750,
    445500,
    449250,
    453000,
    456750,
    416000
  },
  [243] = {
    33010,
    200,
    422000,
    425000,
    428750,
    432500,
    436250,
    440000,
    443750,
    447500,
    451250,
    455000,
    458750,
    418000
  },
  [244] = {
    33010,
    200,
    424000,
    427000,
    430750,
    434500,
    438250,
    442000,
    445750,
    449500,
    453250,
    457000,
    460750,
    420000
  },
  [245] = {
    33010,
    200,
    426000,
    429000,
    432750,
    436500,
    440250,
    444000,
    447750,
    451500,
    455250,
    459000,
    462750,
    422000
  },
  [246] = {
    33010,
    200,
    428000,
    431000,
    434750,
    438500,
    442250,
    446000,
    449750,
    453500,
    457250,
    461000,
    464750,
    424000
  },
  [247] = {
    33010,
    200,
    430000,
    433000,
    436750,
    440500,
    444250,
    448000,
    451750,
    455500,
    459250,
    463000,
    466750,
    426000
  },
  [248] = {
    33010,
    200,
    432000,
    435000,
    438750,
    442500,
    446250,
    450000,
    453750,
    457500,
    461250,
    465000,
    468750,
    428000
  },
  [249] = {
    33010,
    200,
    434000,
    437000,
    440750,
    444500,
    448250,
    452000,
    455750,
    459500,
    463250,
    467000,
    470750,
    430000
  },
  [250] = {
    33010,
    200,
    436000,
    439000,
    442750,
    446500,
    450250,
    454000,
    457750,
    461500,
    465250,
    469000,
    472750,
    432000
  },
  [251] = {
    33010,
    200,
    438000,
    441000,
    444750,
    448500,
    452250,
    456000,
    459750,
    463500,
    467250,
    471000,
    474750,
    434000
  },
  [252] = {
    33010,
    200,
    440000,
    443000,
    446750,
    450500,
    454250,
    458000,
    461750,
    465500,
    469250,
    473000,
    476750,
    436000
  },
  [253] = {
    33010,
    200,
    442000,
    445000,
    448750,
    452500,
    456250,
    460000,
    463750,
    467500,
    471250,
    475000,
    478750,
    438000
  },
  [254] = {
    33010,
    200,
    444000,
    447000,
    450750,
    454500,
    458250,
    462000,
    465750,
    469500,
    473250,
    477000,
    480750,
    440000
  },
  [255] = {
    33010,
    200,
    446000,
    449000,
    452750,
    456500,
    460250,
    464000,
    467750,
    471500,
    475250,
    479000,
    482750,
    442000
  },
  [256] = {
    33010,
    200,
    448000,
    451000,
    454750,
    458500,
    462250,
    466000,
    469750,
    473500,
    477250,
    481000,
    484750,
    444000
  },
  [257] = {
    33010,
    200,
    450000,
    453000,
    456750,
    460500,
    464250,
    468000,
    471750,
    475500,
    479250,
    483000,
    486750,
    446000
  },
  [258] = {
    33010,
    200,
    452000,
    455000,
    458750,
    462500,
    466250,
    470000,
    473750,
    477500,
    481250,
    485000,
    488750,
    448000
  },
  [259] = {
    33010,
    200,
    454000,
    457000,
    460750,
    464500,
    468250,
    472000,
    475750,
    479500,
    483250,
    487000,
    490750,
    450000
  },
  [260] = {
    33010,
    200,
    456000,
    459000,
    462750,
    466500,
    470250,
    474000,
    477750,
    481500,
    485250,
    489000,
    492750,
    452000
  },
  [261] = {
    33010,
    200,
    458000,
    461000,
    464750,
    468500,
    472250,
    476000,
    479750,
    483500,
    487250,
    491000,
    494750,
    454000
  },
  [262] = {
    33010,
    200,
    460000,
    463000,
    466750,
    470500,
    474250,
    478000,
    481750,
    485500,
    489250,
    493000,
    496750,
    456000
  },
  [263] = {
    33010,
    200,
    462000,
    465000,
    468750,
    472500,
    476250,
    480000,
    483750,
    487500,
    491250,
    495000,
    498750,
    458000
  },
  [264] = {
    33010,
    200,
    464000,
    467000,
    470750,
    474500,
    478250,
    482000,
    485750,
    489500,
    493250,
    497000,
    500750,
    460000
  },
  [265] = {
    33010,
    200,
    466000,
    469000,
    472750,
    476500,
    480250,
    484000,
    487750,
    491500,
    495250,
    499000,
    502750,
    462000
  },
  [266] = {
    33010,
    200,
    468000,
    471000,
    474750,
    478500,
    482250,
    486000,
    489750,
    493500,
    497250,
    501000,
    504750,
    464000
  },
  [267] = {
    33010,
    200,
    470000,
    473000,
    476750,
    480500,
    484250,
    488000,
    491750,
    495500,
    499250,
    503000,
    506750,
    466000
  },
  [268] = {
    33010,
    200,
    472000,
    475000,
    478750,
    482500,
    486250,
    490000,
    493750,
    497500,
    501250,
    505000,
    508750,
    468000
  },
  [269] = {
    33010,
    200,
    474000,
    477000,
    480750,
    484500,
    488250,
    492000,
    495750,
    499500,
    503250,
    507000,
    510750,
    470000
  },
  [270] = {
    33010,
    200,
    476000,
    479000,
    482750,
    486500,
    490250,
    494000,
    497750,
    501500,
    505250,
    509000,
    512750,
    472000
  },
  [271] = {
    33010,
    200,
    478000,
    481000,
    484750,
    488500,
    492250,
    496000,
    499750,
    503500,
    507250,
    511000,
    514750,
    474000
  },
  [272] = {
    33010,
    200,
    480000,
    483000,
    486750,
    490500,
    494250,
    498000,
    501750,
    505500,
    509250,
    513000,
    516750,
    476000
  },
  [273] = {
    33010,
    200,
    482000,
    485000,
    488750,
    492500,
    496250,
    500000,
    503750,
    507500,
    511250,
    515000,
    518750,
    478000
  },
  [274] = {
    33010,
    200,
    484000,
    487000,
    490750,
    494500,
    498250,
    502000,
    505750,
    509500,
    513250,
    517000,
    520750,
    480000
  },
  [275] = {
    33010,
    200,
    486000,
    489000,
    492750,
    496500,
    500250,
    504000,
    507750,
    511500,
    515250,
    519000,
    522750,
    482000
  },
  [276] = {
    33010,
    200,
    488000,
    491000,
    494750,
    498500,
    502250,
    506000,
    509750,
    513500,
    517250,
    521000,
    524750,
    484000
  },
  [277] = {
    33010,
    200,
    490000,
    493000,
    496750,
    500500,
    504250,
    508000,
    511750,
    515500,
    519250,
    523000,
    526750,
    486000
  },
  [278] = {
    33010,
    200,
    492000,
    495000,
    498750,
    502500,
    506250,
    510000,
    513750,
    517500,
    521250,
    525000,
    528750,
    488000
  },
  [279] = {
    33010,
    200,
    494000,
    497000,
    500750,
    504500,
    508250,
    512000,
    515750,
    519500,
    523250,
    527000,
    530750,
    490000
  },
  [280] = {
    33010,
    200,
    496000,
    499000,
    502750,
    506500,
    510250,
    514000,
    517750,
    521500,
    525250,
    529000,
    532750,
    492000
  },
  [281] = {
    33010,
    200,
    498000,
    501000,
    504750,
    508500,
    512250,
    516000,
    519750,
    523500,
    527250,
    531000,
    534750,
    494000
  },
  [282] = {
    33010,
    200,
    500000,
    503000,
    506750,
    510500,
    514250,
    518000,
    521750,
    525500,
    529250,
    533000,
    536750,
    496000
  },
  [283] = {
    33010,
    200,
    502000,
    505000,
    508750,
    512500,
    516250,
    520000,
    523750,
    527500,
    531250,
    535000,
    538750,
    498000
  },
  [284] = {
    33010,
    200,
    504000,
    507000,
    510750,
    514500,
    518250,
    522000,
    525750,
    529500,
    533250,
    537000,
    540750,
    500000
  },
  [285] = {
    33010,
    200,
    506000,
    509000,
    512750,
    516500,
    520250,
    524000,
    527750,
    531500,
    535250,
    539000,
    542750,
    502000
  },
  [286] = {
    33010,
    200,
    508000,
    511000,
    514750,
    518500,
    522250,
    526000,
    529750,
    533500,
    537250,
    541000,
    544750,
    504000
  },
  [287] = {
    33010,
    200,
    510000,
    513000,
    516750,
    520500,
    524250,
    528000,
    531750,
    535500,
    539250,
    543000,
    546750,
    506000
  },
  [288] = {
    33010,
    200,
    512000,
    515000,
    518750,
    522500,
    526250,
    530000,
    533750,
    537500,
    541250,
    545000,
    548750,
    508000
  },
  [289] = {
    33010,
    200,
    514000,
    517000,
    520750,
    524500,
    528250,
    532000,
    535750,
    539500,
    543250,
    547000,
    550750,
    510000
  },
  [290] = {
    33010,
    200,
    516000,
    519000,
    522750,
    526500,
    530250,
    534000,
    537750,
    541500,
    545250,
    549000,
    552750,
    512000
  },
  [291] = {
    33010,
    200,
    518000,
    521000,
    524750,
    528500,
    532250,
    536000,
    539750,
    543500,
    547250,
    551000,
    554750,
    514000
  },
  [292] = {
    33010,
    200,
    520000,
    523000,
    526750,
    530500,
    534250,
    538000,
    541750,
    545500,
    549250,
    553000,
    556750,
    516000
  },
  [293] = {
    33010,
    200,
    522000,
    525000,
    528750,
    532500,
    536250,
    540000,
    543750,
    547500,
    551250,
    555000,
    558750,
    518000
  },
  [294] = {
    33010,
    200,
    524000,
    527000,
    530750,
    534500,
    538250,
    542000,
    545750,
    549500,
    553250,
    557000,
    560750,
    520000
  },
  [295] = {
    33010,
    200,
    526000,
    529000,
    532750,
    536500,
    540250,
    544000,
    547750,
    551500,
    555250,
    559000,
    562750,
    522000
  },
  [296] = {
    33010,
    200,
    528000,
    531000,
    534750,
    538500,
    542250,
    546000,
    549750,
    553500,
    557250,
    561000,
    564750,
    524000
  },
  [297] = {
    33010,
    200,
    530000,
    533000,
    536750,
    540500,
    544250,
    548000,
    551750,
    555500,
    559250,
    563000,
    566750,
    526000
  },
  [298] = {
    33010,
    200,
    532000,
    535000,
    538750,
    542500,
    546250,
    550000,
    553750,
    557500,
    561250,
    565000,
    568750,
    528000
  },
  [299] = {
    33010,
    200,
    534000,
    537000,
    540750,
    544500,
    548250,
    552000,
    555750,
    559500,
    563250,
    567000,
    570750,
    530000
  },
  [300] = {
    33010,
    200,
    536000,
    539000,
    542750,
    546500,
    550250,
    554000,
    557750,
    561500,
    565250,
    569000,
    572750,
    532000
  },
  [301] = {
    33010,
    200,
    538000,
    541000,
    544750,
    548500,
    552250,
    556000,
    559750,
    563500,
    567250,
    571000,
    574750,
    534000
  },
  [302] = {
    33010,
    200,
    540000,
    543000,
    546750,
    550500,
    554250,
    558000,
    561750,
    565500,
    569250,
    573000,
    576750,
    536000
  },
  [303] = {
    33010,
    200,
    542000,
    545000,
    548750,
    552500,
    556250,
    560000,
    563750,
    567500,
    571250,
    575000,
    578750,
    538000
  },
  [304] = {
    33010,
    200,
    544000,
    547000,
    550750,
    554500,
    558250,
    562000,
    565750,
    569500,
    573250,
    577000,
    580750,
    540000
  },
  [305] = {
    33010,
    200,
    546000,
    549000,
    552750,
    556500,
    560250,
    564000,
    567750,
    571500,
    575250,
    579000,
    582750,
    542000
  },
  [306] = {
    33010,
    200,
    548000,
    551000,
    554750,
    558500,
    562250,
    566000,
    569750,
    573500,
    577250,
    581000,
    584750,
    544000
  },
  [307] = {
    33010,
    200,
    550000,
    553000,
    556750,
    560500,
    564250,
    568000,
    571750,
    575500,
    579250,
    583000,
    586750,
    546000
  },
  [308] = {
    33010,
    200,
    552000,
    555000,
    558750,
    562500,
    566250,
    570000,
    573750,
    577500,
    581250,
    585000,
    588750,
    548000
  },
  [309] = {
    33010,
    200,
    554000,
    557000,
    560750,
    564500,
    568250,
    572000,
    575750,
    579500,
    583250,
    587000,
    590750,
    550000
  },
  [310] = {
    33010,
    200,
    556000,
    559000,
    562750,
    566500,
    570250,
    574000,
    577750,
    581500,
    585250,
    589000,
    592750,
    552000
  },
  [311] = {
    33010,
    200,
    558000,
    561000,
    564750,
    568500,
    572250,
    576000,
    579750,
    583500,
    587250,
    591000,
    594750,
    554000
  },
  [312] = {
    33010,
    200,
    560000,
    563000,
    566750,
    570500,
    574250,
    578000,
    581750,
    585500,
    589250,
    593000,
    596750,
    556000
  },
  [313] = {
    33010,
    200,
    562000,
    565000,
    568750,
    572500,
    576250,
    580000,
    583750,
    587500,
    591250,
    595000,
    598750,
    558000
  },
  [314] = {
    33010,
    200,
    564000,
    567000,
    570750,
    574500,
    578250,
    582000,
    585750,
    589500,
    593250,
    597000,
    600750,
    560000
  },
  [315] = {
    33010,
    200,
    566000,
    569000,
    572750,
    576500,
    580250,
    584000,
    587750,
    591500,
    595250,
    599000,
    602750,
    562000
  },
  [316] = {
    33010,
    200,
    568000,
    571000,
    574750,
    578500,
    582250,
    586000,
    589750,
    593500,
    597250,
    601000,
    604750,
    564000
  },
  [317] = {
    33010,
    200,
    570000,
    573000,
    576750,
    580500,
    584250,
    588000,
    591750,
    595500,
    599250,
    603000,
    606750,
    566000
  },
  [318] = {
    33010,
    200,
    572000,
    575000,
    578750,
    582500,
    586250,
    590000,
    593750,
    597500,
    601250,
    605000,
    608750,
    568000
  },
  [319] = {
    33010,
    200,
    574000,
    577000,
    580750,
    584500,
    588250,
    592000,
    595750,
    599500,
    603250,
    607000,
    610750,
    570000
  },
  [320] = {
    33010,
    200,
    576000,
    579000,
    582750,
    586500,
    590250,
    594000,
    597750,
    601500,
    605250,
    609000,
    612750,
    572000
  },
  [321] = {
    33010,
    200,
    578000,
    581000,
    584750,
    588500,
    592250,
    596000,
    599750,
    603500,
    607250,
    611000,
    614750,
    574000
  },
  [322] = {
    33010,
    200,
    580000,
    583000,
    586750,
    590500,
    594250,
    598000,
    601750,
    605500,
    609250,
    613000,
    616750,
    576000
  },
  [323] = {
    33010,
    200,
    582000,
    585000,
    588750,
    592500,
    596250,
    600000,
    603750,
    607500,
    611250,
    615000,
    618750,
    578000
  },
  [324] = {
    33010,
    200,
    584000,
    587000,
    590750,
    594500,
    598250,
    602000,
    605750,
    609500,
    613250,
    617000,
    620750,
    580000
  },
  [325] = {
    33010,
    200,
    586000,
    589000,
    592750,
    596500,
    600250,
    604000,
    607750,
    611500,
    615250,
    619000,
    622750,
    582000
  },
  [326] = {
    33010,
    200,
    588000,
    591000,
    594750,
    598500,
    602250,
    606000,
    609750,
    613500,
    617250,
    621000,
    624750,
    584000
  },
  [327] = {
    33010,
    200,
    590000,
    593000,
    596750,
    600500,
    604250,
    608000,
    611750,
    615500,
    619250,
    623000,
    626750,
    586000
  },
  [328] = {
    33010,
    200,
    592000,
    595000,
    598750,
    602500,
    606250,
    610000,
    613750,
    617500,
    621250,
    625000,
    628750,
    588000
  },
  [329] = {
    33010,
    200,
    594000,
    597000,
    600750,
    604500,
    608250,
    612000,
    615750,
    619500,
    623250,
    627000,
    630750,
    590000
  },
  [330] = {
    33010,
    200,
    596000,
    599000,
    602750,
    606500,
    610250,
    614000,
    617750,
    621500,
    625250,
    629000,
    632750,
    592000
  },
  [331] = {
    33010,
    200,
    598000,
    601000,
    604750,
    608500,
    612250,
    616000,
    619750,
    623500,
    627250,
    631000,
    634750,
    594000
  },
  [332] = {
    33010,
    200,
    600000,
    603000,
    606750,
    610500,
    614250,
    618000,
    621750,
    625500,
    629250,
    633000,
    636750,
    596000
  },
  [333] = {
    33010,
    200,
    602000,
    605000,
    608750,
    612500,
    616250,
    620000,
    623750,
    627500,
    631250,
    635000,
    638750,
    598000
  },
  [334] = {
    33010,
    200,
    604000,
    607000,
    610750,
    614500,
    618250,
    622000,
    625750,
    629500,
    633250,
    637000,
    640750,
    600000
  },
  [335] = {
    33010,
    200,
    606000,
    609000,
    612750,
    616500,
    620250,
    624000,
    627750,
    631500,
    635250,
    639000,
    642750,
    602000
  },
  [336] = {
    33010,
    200,
    608000,
    611000,
    614750,
    618500,
    622250,
    626000,
    629750,
    633500,
    637250,
    641000,
    644750,
    604000
  },
  [337] = {
    33010,
    200,
    610000,
    613000,
    616750,
    620500,
    624250,
    628000,
    631750,
    635500,
    639250,
    643000,
    646750,
    606000
  },
  [338] = {
    33010,
    200,
    612000,
    615000,
    618750,
    622500,
    626250,
    630000,
    633750,
    637500,
    641250,
    645000,
    648750,
    608000
  },
  [339] = {
    33010,
    200,
    614000,
    617000,
    620750,
    624500,
    628250,
    632000,
    635750,
    639500,
    643250,
    647000,
    650750,
    610000
  },
  [340] = {
    33010,
    200,
    616000,
    619000,
    622750,
    626500,
    630250,
    634000,
    637750,
    641500,
    645250,
    649000,
    652750,
    612000
  }
}
ZhenFa.tbSynthesisInfo = {
  [33000] = {
    33000,
    1,
    33001,
    1,
    0
  },
  [33001] = {
    33001,
    1,
    33002,
    1,
    0
  },
  [33002] = {
    33002,
    1,
    33003,
    1,
    0
  }
}
ZhenFa.ZhenJueLibrary = {
  [1] = {
    44,
    42,
    32,
    34,
    26
  },
  [2] = {
    6,
    7,
    14,
    16,
    18
  },
  [3] = {
    21,
    27,
    33,
    35,
    42,
    44
  },
  [4] = {
    1,
    9,
    14,
    15,
    17,
    19
  },
  [5] = {
    22,
    28,
    33,
    36,
    42,
    44
  },
  [6] = {
    2,
    6,
    14,
    15,
    17,
    19
  },
  [7] = {
    23,
    29,
    33,
    37,
    42,
    44
  },
  [8] = {
    3,
    10,
    14,
    15,
    17,
    19
  },
  [9] = {
    24,
    30,
    33,
    38,
    42,
    44
  },
  [10] = {
    4,
    11,
    14,
    15,
    17,
    19
  },
  [11] = {
    25,
    31,
    33,
    39,
    42,
    44
  },
  [12] = {
    5,
    12,
    14,
    15,
    17,
    19
  },
  [13] = {
    26,
    32,
    34,
    40,
    43,
    45
  },
  [14] = {
    6,
    13,
    14,
    16,
    18,
    12
  },
  [15] = {
    26,
    32,
    34,
    40,
    43,
    45
  },
  [16] = {
    6,
    13,
    14,
    16,
    18,
    12
  },
  [17] = {
    26,
    32,
    34,
    40,
    43,
    45
  },
  [18] = {
    6,
    13,
    14,
    16,
    18,
    12
  },
  [19] = {
    26,
    32,
    34,
    41,
    42,
    46
  },
  [20] = {
    7,
    13,
    8,
    16,
    11,
    20
  },
  [21] = {
    26,
    32,
    34,
    41,
    42,
    46
  },
  [22] = {
    7,
    13,
    8,
    16,
    11,
    20
  },
  [23] = {
    26,
    32,
    34,
    41,
    42,
    47
  },
  [24] = {
    8,
    13,
    14,
    16,
    11,
    20
  },
  [25] = {
    26,
    32,
    34,
    41,
    42,
    47
  },
  [26] = {
    8,
    13,
    14,
    16,
    11,
    20
  }
}
ZhenFa.ZhenJueRandomWeight = {
  [1] = {
    200000,
    200000,
    200000,
    200000,
    200000
  },
  [2] = {
    200000,
    200000,
    200000,
    200000,
    200000
  },
  [3] = {
    40000,
    40000,
    300000,
    300000,
    300000,
    20000
  },
  [4] = {
    230000,
    40000,
    230000,
    230000,
    230000,
    40000
  },
  [5] = {
    40000,
    40000,
    300000,
    300000,
    300000,
    20000
  },
  [6] = {
    230000,
    40000,
    230000,
    230000,
    230000,
    40000
  },
  [7] = {
    40000,
    40000,
    300000,
    300000,
    300000,
    20000
  },
  [8] = {
    230000,
    40000,
    230000,
    230000,
    230000,
    40000
  },
  [9] = {
    40000,
    40000,
    300000,
    300000,
    300000,
    20000
  },
  [10] = {
    230000,
    40000,
    230000,
    230000,
    230000,
    40000
  },
  [11] = {
    40000,
    40000,
    300000,
    300000,
    300000,
    20000
  },
  [12] = {
    230000,
    40000,
    230000,
    230000,
    230000,
    40000
  },
  [13] = {
    300000,
    300000,
    300000,
    40000,
    40000,
    20000
  },
  [14] = {
    40000,
    230000,
    230000,
    230000,
    230000,
    40000
  },
  [15] = {
    300000,
    300000,
    300000,
    40000,
    40000,
    20000
  },
  [16] = {
    40000,
    230000,
    230000,
    230000,
    230000,
    40000
  },
  [17] = {
    300000,
    300000,
    300000,
    40000,
    40000,
    20000
  },
  [18] = {
    40000,
    230000,
    230000,
    230000,
    230000,
    40000
  },
  [19] = {
    240000,
    240000,
    240000,
    20000,
    240000,
    20000
  },
  [20] = {
    230000,
    230000,
    230000,
    230000,
    40000,
    40000
  },
  [21] = {
    240000,
    240000,
    240000,
    20000,
    240000,
    20000
  },
  [22] = {
    230000,
    230000,
    230000,
    230000,
    40000,
    40000
  },
  [23] = {
    240000,
    240000,
    240000,
    20000,
    240000,
    20000
  },
  [24] = {
    230000,
    230000,
    230000,
    230000,
    40000,
    40000
  },
  [25] = {
    240000,
    240000,
    240000,
    20000,
    240000,
    20000
  },
  [26] = {
    230000,
    230000,
    230000,
    230000,
    40000,
    40000
  },
  [27] = {}
}
ZhenFa.ZhenJueLevelInfo = {
  [1] = {
    50,
    33011,
    3,
    33012,
    3,
    150,
    5,
    15,
    5,
    15,
    0,
    0,
    450
  },
  [2] = {
    50,
    33011,
    3,
    33012,
    3,
    150,
    5,
    15,
    5,
    15,
    0,
    0,
    900
  },
  [3] = {
    50,
    33011,
    3,
    33012,
    3,
    150,
    5,
    15,
    5,
    15,
    0,
    0,
    1350
  },
  [4] = {
    50,
    33011,
    3,
    33012,
    3,
    150,
    5,
    15,
    5,
    15,
    0,
    0,
    1800
  },
  [5] = {
    50,
    33011,
    3,
    33012,
    3,
    150,
    5,
    15,
    5,
    15,
    0,
    0,
    2250
  },
  [6] = {
    50,
    33011,
    3,
    33012,
    3,
    150,
    5,
    15,
    5,
    15,
    0,
    0,
    2700
  },
  [7] = {
    50,
    33011,
    3,
    33012,
    3,
    150,
    5,
    15,
    5,
    15,
    0,
    0,
    3150
  },
  [8] = {
    50,
    33011,
    3,
    33012,
    3,
    150,
    5,
    15,
    5,
    15,
    0,
    0,
    3600
  },
  [9] = {
    50,
    33011,
    3,
    33012,
    3,
    150,
    5,
    15,
    5,
    15,
    0,
    0,
    4050
  },
  [10] = {
    50,
    33011,
    3,
    33012,
    3,
    150,
    5,
    15,
    5,
    15,
    0,
    0,
    4500
  },
  [11] = {
    50,
    33011,
    3,
    33012,
    3,
    180,
    5,
    15,
    5,
    15,
    0,
    0,
    5040
  },
  [12] = {
    50,
    33011,
    3,
    33012,
    3,
    180,
    5,
    15,
    5,
    15,
    0,
    0,
    5580
  },
  [13] = {
    50,
    33011,
    3,
    33012,
    3,
    180,
    5,
    15,
    5,
    15,
    0,
    0,
    6120
  },
  [14] = {
    50,
    33011,
    3,
    33012,
    3,
    180,
    5,
    15,
    5,
    15,
    0,
    0,
    6660
  },
  [15] = {
    50,
    33011,
    3,
    33012,
    3,
    180,
    5,
    15,
    5,
    15,
    0,
    0,
    7200
  },
  [16] = {
    50,
    33011,
    3,
    33012,
    3,
    180,
    5,
    15,
    5,
    15,
    0,
    0,
    7740
  },
  [17] = {
    50,
    33011,
    3,
    33012,
    3,
    180,
    5,
    15,
    5,
    15,
    0,
    0,
    8280
  },
  [18] = {
    50,
    33011,
    3,
    33012,
    3,
    180,
    5,
    15,
    5,
    15,
    0,
    0,
    8820
  },
  [19] = {
    50,
    33011,
    3,
    33012,
    3,
    180,
    5,
    15,
    5,
    15,
    0,
    0,
    9360
  },
  [20] = {
    50,
    33011,
    3,
    33012,
    3,
    180,
    5,
    15,
    5,
    15,
    0,
    0,
    9900
  },
  [21] = {
    50,
    33011,
    3,
    33012,
    3,
    200,
    5,
    15,
    5,
    15,
    0,
    0,
    10500
  },
  [22] = {
    50,
    33011,
    3,
    33012,
    3,
    200,
    5,
    15,
    5,
    15,
    0,
    0,
    11100
  },
  [23] = {
    50,
    33011,
    3,
    33012,
    3,
    200,
    5,
    15,
    5,
    15,
    0,
    0,
    11700
  },
  [24] = {
    50,
    33011,
    3,
    33012,
    3,
    200,
    5,
    15,
    5,
    15,
    0,
    0,
    12300
  },
  [25] = {
    50,
    33011,
    3,
    33012,
    3,
    200,
    5,
    15,
    5,
    15,
    0,
    0,
    12900
  },
  [26] = {
    50,
    33011,
    3,
    33012,
    3,
    200,
    5,
    15,
    5,
    15,
    0,
    0,
    13500
  },
  [27] = {
    50,
    33011,
    3,
    33012,
    3,
    200,
    5,
    15,
    5,
    15,
    0,
    0,
    14100
  },
  [28] = {
    50,
    33011,
    3,
    33012,
    3,
    200,
    5,
    15,
    5,
    15,
    0,
    0,
    14700
  },
  [29] = {
    50,
    33011,
    3,
    33012,
    3,
    200,
    5,
    15,
    5,
    15,
    0,
    0,
    15300
  },
  [30] = {
    50,
    33011,
    3,
    33012,
    3,
    200,
    5,
    15,
    5,
    15,
    0,
    0,
    15900
  },
  [31] = {
    50,
    33011,
    3,
    33012,
    3,
    200,
    5,
    15,
    5,
    15,
    0,
    0,
    16500
  },
  [32] = {
    50,
    33011,
    3,
    33012,
    3,
    200,
    5,
    15,
    5,
    15,
    0,
    0,
    17100
  },
  [33] = {
    50,
    33011,
    3,
    33012,
    3,
    200,
    5,
    15,
    5,
    15,
    0,
    0,
    17700
  },
  [34] = {
    50,
    33011,
    3,
    33012,
    3,
    200,
    5,
    15,
    5,
    15,
    0,
    0,
    18300
  },
  [35] = {
    50,
    33011,
    3,
    33012,
    3,
    200,
    5,
    15,
    5,
    15,
    0,
    0,
    18900
  },
  [36] = {
    50,
    33011,
    3,
    33012,
    3,
    200,
    5,
    15,
    5,
    15,
    0,
    0,
    19500
  },
  [37] = {
    50,
    33011,
    3,
    33012,
    3,
    200,
    5,
    15,
    5,
    15,
    0,
    0,
    20100
  },
  [38] = {
    50,
    33011,
    3,
    33012,
    3,
    200,
    5,
    15,
    5,
    15,
    0,
    0,
    20700
  },
  [39] = {
    50,
    33011,
    3,
    33012,
    3,
    200,
    5,
    15,
    5,
    15,
    0,
    0,
    21300
  },
  [40] = {
    50,
    33011,
    3,
    33012,
    3,
    200,
    5,
    15,
    5,
    15,
    0,
    0,
    21900
  },
  [41] = {
    50,
    33011,
    3,
    33012,
    3,
    200,
    5,
    15,
    5,
    15,
    0,
    0,
    22500
  },
  [42] = {
    50,
    33011,
    3,
    33012,
    3,
    200,
    5,
    15,
    5,
    15,
    0,
    0,
    23100
  },
  [43] = {
    50,
    33011,
    3,
    33012,
    3,
    200,
    5,
    15,
    5,
    15,
    0,
    0,
    23700
  },
  [44] = {
    50,
    33011,
    3,
    33012,
    3,
    200,
    5,
    15,
    5,
    15,
    0,
    0,
    24300
  },
  [45] = {
    50,
    33011,
    3,
    33012,
    3,
    200,
    5,
    15,
    5,
    15,
    0,
    0,
    24900
  },
  [46] = {
    50,
    33011,
    3,
    33012,
    3,
    200,
    5,
    15,
    5,
    15,
    0,
    0,
    25500
  },
  [47] = {
    50,
    33011,
    3,
    33012,
    3,
    200,
    5,
    15,
    5,
    15,
    0,
    0,
    26100
  },
  [48] = {
    50,
    33011,
    3,
    33012,
    3,
    200,
    5,
    15,
    5,
    15,
    0,
    0,
    26700
  },
  [49] = {
    50,
    33011,
    3,
    33012,
    3,
    200,
    5,
    15,
    5,
    15,
    0,
    0,
    27300
  },
  [50] = {
    50,
    33011,
    3,
    33012,
    3,
    200,
    5,
    15,
    5,
    15,
    0,
    0,
    27900
  },
  [51] = {
    50,
    33011,
    3,
    33012,
    3,
    200,
    5,
    15,
    5,
    15,
    0,
    0,
    28500
  },
  [52] = {
    50,
    33011,
    3,
    33012,
    3,
    200,
    5,
    15,
    5,
    15,
    0,
    0,
    29100
  },
  [53] = {
    50,
    33011,
    3,
    33012,
    3,
    200,
    5,
    15,
    5,
    15,
    0,
    0,
    29700
  },
  [54] = {
    50,
    33011,
    3,
    33012,
    3,
    200,
    5,
    15,
    5,
    15,
    0,
    0,
    30300
  },
  [55] = {
    50,
    33011,
    3,
    33012,
    3,
    200,
    5,
    15,
    5,
    15,
    0,
    0,
    30900
  },
  [56] = {
    50,
    33011,
    3,
    33012,
    3,
    200,
    5,
    15,
    5,
    15,
    0,
    0,
    31500
  },
  [57] = {
    50,
    33011,
    3,
    33012,
    3,
    200,
    5,
    15,
    5,
    15,
    0,
    0,
    32100
  },
  [58] = {
    50,
    33011,
    3,
    33012,
    3,
    200,
    5,
    15,
    5,
    15,
    0,
    0,
    32700
  },
  [59] = {
    50,
    33011,
    3,
    33012,
    3,
    200,
    5,
    15,
    5,
    15,
    0,
    0,
    33300
  },
  [60] = {
    50,
    33011,
    3,
    33012,
    3,
    200,
    5,
    15,
    5,
    15,
    0,
    0,
    33900
  },
  [61] = {
    50,
    33011,
    3,
    33012,
    3,
    200,
    5,
    15,
    5,
    15,
    0,
    0,
    34500
  },
  [62] = {
    50,
    33011,
    3,
    33012,
    3,
    200,
    5,
    15,
    5,
    15,
    0,
    0,
    35100
  },
  [63] = {
    50,
    33011,
    3,
    33012,
    3,
    200,
    5,
    15,
    5,
    15,
    0,
    0,
    35700
  },
  [64] = {
    50,
    33011,
    3,
    33012,
    3,
    200,
    5,
    15,
    5,
    15,
    0,
    0,
    36300
  },
  [65] = {
    50,
    33011,
    3,
    33012,
    3,
    200,
    5,
    15,
    5,
    15,
    0,
    0,
    36900
  },
  [66] = {
    50,
    33011,
    3,
    33012,
    3,
    200,
    5,
    15,
    5,
    15,
    0,
    0,
    37500
  },
  [67] = {
    50,
    33011,
    3,
    33012,
    3,
    200,
    5,
    15,
    5,
    15,
    0,
    0,
    38100
  },
  [68] = {
    50,
    33011,
    3,
    33012,
    3,
    200,
    5,
    15,
    5,
    15,
    0,
    0,
    38700
  },
  [69] = {
    50,
    33011,
    3,
    33012,
    3,
    200,
    5,
    15,
    5,
    15,
    0,
    0,
    39300
  },
  [70] = {
    50,
    33011,
    3,
    33012,
    3,
    200,
    5,
    15,
    5,
    15,
    0,
    0,
    39900
  },
  [71] = {
    50,
    33011,
    3,
    33012,
    3,
    200,
    5,
    15,
    5,
    15,
    0,
    0,
    40500
  },
  [72] = {
    50,
    33011,
    3,
    33012,
    3,
    200,
    5,
    15,
    5,
    15,
    0,
    0,
    41100
  },
  [73] = {
    50,
    33011,
    3,
    33012,
    3,
    200,
    5,
    15,
    5,
    15,
    0,
    0,
    41700
  },
  [74] = {
    50,
    33011,
    3,
    33012,
    3,
    200,
    5,
    15,
    5,
    15,
    0,
    0,
    42300
  },
  [75] = {
    50,
    33011,
    3,
    33012,
    3,
    200,
    5,
    15,
    5,
    15,
    0,
    0,
    42900
  },
  [76] = {
    50,
    33011,
    3,
    33012,
    3,
    200,
    5,
    15,
    5,
    15,
    0,
    0,
    43500
  },
  [77] = {
    50,
    33011,
    3,
    33012,
    3,
    200,
    5,
    15,
    5,
    15,
    0,
    0,
    44100
  },
  [78] = {
    50,
    33011,
    3,
    33012,
    3,
    200,
    5,
    15,
    5,
    15,
    0,
    0,
    44700
  },
  [79] = {
    50,
    33011,
    3,
    33012,
    3,
    200,
    5,
    15,
    5,
    15,
    0,
    0,
    45300
  },
  [80] = {
    50,
    33011,
    3,
    33012,
    3,
    200,
    5,
    15,
    5,
    15,
    0,
    0,
    45900
  },
  [81] = {
    50,
    33011,
    3,
    33012,
    3,
    200,
    5,
    15,
    5,
    15,
    0,
    0,
    46500
  },
  [82] = {
    50,
    33011,
    3,
    33012,
    3,
    200,
    5,
    15,
    5,
    15,
    0,
    0,
    47100
  },
  [83] = {
    50,
    33011,
    3,
    33012,
    3,
    200,
    5,
    15,
    5,
    15,
    0,
    0,
    47700
  },
  [84] = {
    50,
    33011,
    3,
    33012,
    3,
    200,
    5,
    15,
    5,
    15,
    0,
    0,
    48300
  },
  [85] = {
    50,
    33011,
    3,
    33012,
    3,
    200,
    5,
    15,
    5,
    15,
    0,
    0,
    48900
  },
  [86] = {
    50,
    33011,
    3,
    33012,
    3,
    200,
    5,
    15,
    5,
    15,
    0,
    0,
    49500
  },
  [87] = {
    50,
    33011,
    3,
    33012,
    3,
    200,
    5,
    15,
    5,
    15,
    0,
    0,
    50100
  },
  [88] = {
    50,
    33011,
    3,
    33012,
    3,
    200,
    5,
    15,
    5,
    15,
    0,
    0,
    50700
  },
  [89] = {
    50,
    33011,
    3,
    33012,
    3,
    200,
    5,
    15,
    5,
    15,
    0,
    0,
    51300
  },
  [90] = {
    50,
    33011,
    3,
    33012,
    3,
    200,
    5,
    15,
    5,
    15,
    0,
    0,
    51900
  },
  [91] = {
    50,
    33011,
    3,
    33012,
    3,
    200,
    5,
    15,
    5,
    15,
    0,
    0,
    52500
  },
  [92] = {
    50,
    33011,
    3,
    33012,
    3,
    200,
    5,
    15,
    5,
    15,
    0,
    0,
    53100
  },
  [93] = {
    50,
    33011,
    3,
    33012,
    3,
    200,
    5,
    15,
    5,
    15,
    0,
    0,
    53700
  },
  [94] = {
    50,
    33011,
    3,
    33012,
    3,
    200,
    5,
    15,
    5,
    15,
    0,
    0,
    54300
  },
  [95] = {
    50,
    33011,
    3,
    33012,
    3,
    200,
    5,
    15,
    5,
    15,
    0,
    0,
    54900
  },
  [96] = {
    50,
    33011,
    3,
    33012,
    3,
    200,
    5,
    15,
    5,
    15,
    0,
    0,
    55500
  },
  [97] = {
    50,
    33011,
    3,
    33012,
    3,
    200,
    5,
    15,
    5,
    15,
    0,
    0,
    56100
  },
  [98] = {
    50,
    33011,
    3,
    33012,
    3,
    200,
    5,
    15,
    5,
    15,
    0,
    0,
    56700
  },
  [99] = {
    50,
    33011,
    3,
    33012,
    3,
    200,
    5,
    15,
    5,
    15,
    0,
    0,
    57300
  },
  [100] = {
    50,
    33011,
    3,
    33012,
    3,
    200,
    5,
    15,
    5,
    15,
    0,
    0,
    57900
  },
  [101] = {
    50,
    33011,
    3,
    33012,
    3,
    200,
    5,
    15,
    5,
    15,
    0,
    0,
    58500
  },
  [102] = {
    50,
    33011,
    3,
    33012,
    3,
    200,
    5,
    15,
    5,
    15,
    0,
    0,
    59100
  },
  [103] = {
    50,
    33011,
    3,
    33012,
    3,
    200,
    5,
    15,
    5,
    15,
    0,
    0,
    59700
  },
  [104] = {
    50,
    33011,
    3,
    33012,
    3,
    200,
    5,
    15,
    5,
    15,
    0,
    0,
    60300
  },
  [105] = {
    50,
    33011,
    3,
    33012,
    3,
    200,
    5,
    15,
    5,
    15,
    0,
    0,
    60900
  },
  [106] = {
    50,
    33011,
    3,
    33012,
    3,
    200,
    5,
    15,
    5,
    15,
    0,
    0,
    61500
  },
  [107] = {
    50,
    33011,
    3,
    33012,
    3,
    200,
    5,
    15,
    5,
    15,
    0,
    0,
    62100
  },
  [108] = {
    50,
    33011,
    3,
    33012,
    3,
    200,
    5,
    15,
    5,
    15,
    0,
    0,
    62700
  },
  [109] = {
    50,
    33011,
    3,
    33012,
    3,
    200,
    5,
    15,
    5,
    15,
    0,
    0,
    63300
  },
  [110] = {
    50,
    33011,
    3,
    33012,
    3,
    200,
    5,
    15,
    5,
    15,
    0,
    0,
    63900
  }
}
ZhenFa.tbCfg = {
  szUnlockTimeframe = "OpenLevel89",
  nUnlockLevel = 60
}
ZhenFa.ZFConsumeTimeframe2Index = {
  [1] = {
    szTimeFrame = "OpenLevel119",
    nIndex = 1
  },
  [2] = {
    szTimeFrame = "OpenLevel139",
    nIndex = 2
  },
  [3] = {
    szTimeFrame = "OpenLevel159",
    nIndex = 3
  },
  [4] = {
    szTimeFrame = "OpenLevel179",
    nIndex = 4
  },
  [5] = {
    szTimeFrame = "OpenLevel199",
    nIndex = 5
  },
  [6] = {
    szTimeFrame = "OpenLevel219",
    nIndex = 6
  },
  [7] = {
    szTimeFrame = "OpenLevel239",
    nIndex = 7
  },
  [8] = {
    szTimeFrame = "OpenLevel259",
    nIndex = 8
  },
  [9] = {
    szTimeFrame = "OpenLevel279",
    nIndex = 9
  },
  [10] = {
    szTimeFrame = "OpenLevel299",
    nIndex = 10
  }
}
ZhenFa.ZhenFaLevelConsumeItemNum = {
  [1] = {
    40,
    30,
    20,
    20,
    20,
    15,
    15,
    15,
    15,
    15
  },
  [2] = {
    40,
    30,
    20,
    20,
    20,
    15,
    15,
    15,
    15,
    15
  },
  [3] = {
    40,
    30,
    20,
    20,
    20,
    15,
    15,
    15,
    15,
    15
  },
  [4] = {
    40,
    30,
    20,
    20,
    20,
    15,
    15,
    15,
    15,
    15
  },
  [5] = {
    40,
    30,
    20,
    20,
    20,
    15,
    15,
    15,
    15,
    15
  },
  [6] = {
    40,
    30,
    20,
    20,
    20,
    15,
    15,
    15,
    15,
    15
  },
  [7] = {
    40,
    30,
    20,
    20,
    20,
    15,
    15,
    15,
    15,
    15
  },
  [8] = {
    40,
    30,
    20,
    20,
    20,
    15,
    15,
    15,
    15,
    15
  },
  [9] = {
    40,
    30,
    20,
    20,
    20,
    15,
    15,
    15,
    15,
    15
  },
  [10] = {
    40,
    30,
    20,
    20,
    20,
    15,
    15,
    15,
    15,
    15
  },
  [11] = {
    56,
    42,
    28,
    28,
    28,
    21,
    21,
    21,
    21,
    21
  },
  [12] = {
    56,
    42,
    28,
    28,
    28,
    21,
    21,
    21,
    21,
    21
  },
  [13] = {
    56,
    42,
    28,
    28,
    28,
    21,
    21,
    21,
    21,
    21
  },
  [14] = {
    56,
    42,
    28,
    28,
    28,
    21,
    21,
    21,
    21,
    21
  },
  [15] = {
    56,
    42,
    28,
    28,
    28,
    21,
    21,
    21,
    21,
    21
  },
  [16] = {
    56,
    42,
    28,
    28,
    28,
    21,
    21,
    21,
    21,
    21
  },
  [17] = {
    56,
    42,
    28,
    28,
    28,
    21,
    21,
    21,
    21,
    21
  },
  [18] = {
    56,
    42,
    28,
    28,
    28,
    21,
    21,
    21,
    21,
    21
  },
  [19] = {
    56,
    42,
    28,
    28,
    28,
    21,
    21,
    21,
    21,
    21
  },
  [20] = {
    56,
    42,
    28,
    28,
    28,
    21,
    21,
    21,
    21,
    21
  },
  [21] = {
    81,
    63,
    45,
    36,
    36,
    27,
    27,
    27,
    27,
    27
  },
  [22] = {
    81,
    63,
    45,
    36,
    36,
    27,
    27,
    27,
    27,
    27
  },
  [23] = {
    81,
    63,
    45,
    36,
    36,
    27,
    27,
    27,
    27,
    27
  },
  [24] = {
    81,
    63,
    45,
    36,
    36,
    27,
    27,
    27,
    27,
    27
  },
  [25] = {
    81,
    63,
    45,
    36,
    36,
    27,
    27,
    27,
    27,
    27
  },
  [26] = {
    81,
    63,
    45,
    36,
    36,
    27,
    27,
    27,
    27,
    27
  },
  [27] = {
    81,
    63,
    45,
    36,
    36,
    27,
    27,
    27,
    27,
    27
  },
  [28] = {
    81,
    63,
    45,
    36,
    36,
    27,
    27,
    27,
    27,
    27
  },
  [29] = {
    81,
    63,
    45,
    36,
    36,
    27,
    27,
    27,
    27,
    27
  },
  [30] = {
    81,
    63,
    45,
    36,
    36,
    27,
    27,
    27,
    27,
    27
  },
  [31] = {
    99,
    77,
    55,
    44,
    44,
    44,
    33,
    33,
    33,
    33
  },
  [32] = {
    99,
    77,
    55,
    44,
    44,
    44,
    33,
    33,
    33,
    33
  },
  [33] = {
    99,
    77,
    55,
    44,
    44,
    44,
    33,
    33,
    33,
    33
  },
  [34] = {
    99,
    77,
    55,
    44,
    44,
    44,
    33,
    33,
    33,
    33
  },
  [35] = {
    99,
    77,
    55,
    44,
    44,
    44,
    33,
    33,
    33,
    33
  },
  [36] = {
    99,
    77,
    55,
    44,
    44,
    44,
    33,
    33,
    33,
    33
  },
  [37] = {
    99,
    77,
    55,
    44,
    44,
    44,
    33,
    33,
    33,
    33
  },
  [38] = {
    99,
    77,
    55,
    44,
    44,
    44,
    33,
    33,
    33,
    33
  },
  [39] = {
    99,
    77,
    55,
    44,
    44,
    44,
    33,
    33,
    33,
    33
  },
  [40] = {
    99,
    77,
    55,
    44,
    44,
    44,
    33,
    33,
    33,
    33
  },
  [41] = {
    130,
    104,
    78,
    52,
    52,
    52,
    39,
    39,
    39,
    39
  },
  [42] = {
    130,
    104,
    78,
    52,
    52,
    52,
    39,
    39,
    39,
    39
  },
  [43] = {
    130,
    104,
    78,
    52,
    52,
    52,
    39,
    39,
    39,
    39
  },
  [44] = {
    130,
    104,
    78,
    52,
    52,
    52,
    39,
    39,
    39,
    39
  },
  [45] = {
    130,
    104,
    78,
    52,
    52,
    52,
    39,
    39,
    39,
    39
  },
  [46] = {
    130,
    104,
    78,
    52,
    52,
    52,
    39,
    39,
    39,
    39
  },
  [47] = {
    130,
    104,
    78,
    52,
    52,
    52,
    39,
    39,
    39,
    39
  },
  [48] = {
    130,
    104,
    78,
    52,
    52,
    52,
    39,
    39,
    39,
    39
  },
  [49] = {
    130,
    104,
    78,
    52,
    52,
    52,
    39,
    39,
    39,
    39
  },
  [50] = {
    130,
    104,
    78,
    52,
    52,
    52,
    39,
    39,
    39,
    39
  },
  [51] = {
    150,
    120,
    90,
    60,
    60,
    60,
    45,
    45,
    45,
    45
  },
  [52] = {
    150,
    120,
    90,
    60,
    60,
    60,
    45,
    45,
    45,
    45
  },
  [53] = {
    150,
    120,
    90,
    60,
    60,
    60,
    45,
    45,
    45,
    45
  },
  [54] = {
    150,
    120,
    90,
    60,
    60,
    60,
    45,
    45,
    45,
    45
  },
  [55] = {
    150,
    120,
    90,
    60,
    60,
    60,
    45,
    45,
    45,
    45
  },
  [56] = {
    150,
    120,
    90,
    60,
    60,
    60,
    45,
    45,
    45,
    45
  },
  [57] = {
    150,
    120,
    90,
    60,
    60,
    60,
    45,
    45,
    45,
    45
  },
  [58] = {
    150,
    120,
    90,
    60,
    60,
    60,
    45,
    45,
    45,
    45
  },
  [59] = {
    150,
    120,
    90,
    60,
    60,
    60,
    45,
    45,
    45,
    45
  },
  [60] = {
    150,
    120,
    90,
    60,
    60,
    60,
    45,
    45,
    45,
    45
  },
  [61] = {
    170,
    153,
    119,
    85,
    68,
    68,
    68,
    51,
    51,
    51
  },
  [62] = {
    170,
    153,
    119,
    85,
    68,
    68,
    68,
    51,
    51,
    51
  },
  [63] = {
    170,
    153,
    119,
    85,
    68,
    68,
    68,
    51,
    51,
    51
  },
  [64] = {
    170,
    153,
    119,
    85,
    68,
    68,
    68,
    51,
    51,
    51
  },
  [65] = {
    170,
    153,
    119,
    85,
    68,
    68,
    68,
    51,
    51,
    51
  },
  [66] = {
    170,
    153,
    119,
    85,
    68,
    68,
    68,
    51,
    51,
    51
  },
  [67] = {
    170,
    153,
    119,
    85,
    68,
    68,
    68,
    51,
    51,
    51
  },
  [68] = {
    170,
    153,
    119,
    85,
    68,
    68,
    68,
    51,
    51,
    51
  },
  [69] = {
    170,
    153,
    119,
    85,
    68,
    68,
    68,
    51,
    51,
    51
  },
  [70] = {
    170,
    153,
    119,
    85,
    68,
    68,
    68,
    51,
    51,
    51
  },
  [71] = {
    180,
    180,
    144,
    108,
    72,
    72,
    72,
    54,
    54,
    54
  },
  [72] = {
    180,
    180,
    144,
    108,
    72,
    72,
    72,
    54,
    54,
    54
  },
  [73] = {
    180,
    180,
    144,
    108,
    72,
    72,
    72,
    54,
    54,
    54
  },
  [74] = {
    180,
    180,
    144,
    108,
    72,
    72,
    72,
    54,
    54,
    54
  },
  [75] = {
    180,
    180,
    144,
    108,
    72,
    72,
    72,
    54,
    54,
    54
  },
  [76] = {
    180,
    180,
    144,
    108,
    72,
    72,
    72,
    54,
    54,
    54
  },
  [77] = {
    180,
    180,
    144,
    108,
    72,
    72,
    72,
    54,
    54,
    54
  },
  [78] = {
    180,
    180,
    144,
    108,
    72,
    72,
    72,
    54,
    54,
    54
  },
  [79] = {
    180,
    180,
    144,
    108,
    72,
    72,
    72,
    54,
    54,
    54
  },
  [80] = {
    180,
    180,
    144,
    108,
    72,
    72,
    72,
    54,
    54,
    54
  },
  [81] = {
    180,
    180,
    144,
    108,
    72,
    72,
    72,
    54,
    54,
    54
  },
  [82] = {
    180,
    180,
    144,
    108,
    72,
    72,
    72,
    54,
    54,
    54
  },
  [83] = {
    180,
    180,
    144,
    108,
    72,
    72,
    72,
    54,
    54,
    54
  },
  [84] = {
    180,
    180,
    144,
    108,
    72,
    72,
    72,
    54,
    54,
    54
  },
  [85] = {
    180,
    180,
    144,
    108,
    72,
    72,
    72,
    54,
    54,
    54
  },
  [86] = {
    180,
    180,
    144,
    108,
    72,
    72,
    72,
    54,
    54,
    54
  },
  [87] = {
    180,
    180,
    144,
    108,
    72,
    72,
    72,
    54,
    54,
    54
  },
  [88] = {
    180,
    180,
    144,
    108,
    72,
    72,
    72,
    54,
    54,
    54
  },
  [89] = {
    180,
    180,
    144,
    108,
    72,
    72,
    72,
    54,
    54,
    54
  },
  [90] = {
    180,
    180,
    144,
    108,
    72,
    72,
    72,
    54,
    54,
    54
  },
  [91] = {
    180,
    180,
    162,
    126,
    90,
    72,
    72,
    72,
    54,
    54
  },
  [92] = {
    180,
    180,
    162,
    126,
    90,
    72,
    72,
    72,
    54,
    54
  },
  [93] = {
    180,
    180,
    162,
    126,
    90,
    72,
    72,
    72,
    54,
    54
  },
  [94] = {
    180,
    180,
    162,
    126,
    90,
    72,
    72,
    72,
    54,
    54
  },
  [95] = {
    180,
    180,
    162,
    126,
    90,
    72,
    72,
    72,
    54,
    54
  },
  [96] = {
    180,
    180,
    162,
    126,
    90,
    72,
    72,
    72,
    54,
    54
  },
  [97] = {
    180,
    180,
    162,
    126,
    90,
    72,
    72,
    72,
    54,
    54
  },
  [98] = {
    180,
    180,
    162,
    126,
    90,
    72,
    72,
    72,
    54,
    54
  },
  [99] = {
    180,
    180,
    162,
    126,
    90,
    72,
    72,
    72,
    54,
    54
  },
  [100] = {
    180,
    180,
    162,
    126,
    90,
    72,
    72,
    72,
    54,
    54
  },
  [101] = {
    200,
    200,
    200,
    160,
    120,
    80,
    80,
    80,
    60,
    60
  },
  [102] = {
    200,
    200,
    200,
    160,
    120,
    80,
    80,
    80,
    60,
    60
  },
  [103] = {
    200,
    200,
    200,
    160,
    120,
    80,
    80,
    80,
    60,
    60
  },
  [104] = {
    200,
    200,
    200,
    160,
    120,
    80,
    80,
    80,
    60,
    60
  },
  [105] = {
    200,
    200,
    200,
    160,
    120,
    80,
    80,
    80,
    60,
    60
  },
  [106] = {
    200,
    200,
    200,
    160,
    120,
    80,
    80,
    80,
    60,
    60
  },
  [107] = {
    200,
    200,
    200,
    160,
    120,
    80,
    80,
    80,
    60,
    60
  },
  [108] = {
    200,
    200,
    200,
    160,
    120,
    80,
    80,
    80,
    60,
    60
  },
  [109] = {
    200,
    200,
    200,
    160,
    120,
    80,
    80,
    80,
    60,
    60
  },
  [110] = {
    200,
    200,
    200,
    160,
    120,
    80,
    80,
    80,
    60,
    60
  },
  [111] = {
    200,
    200,
    200,
    160,
    120,
    80,
    80,
    80,
    60,
    60
  },
  [112] = {
    200,
    200,
    200,
    160,
    120,
    80,
    80,
    80,
    60,
    60
  },
  [113] = {
    200,
    200,
    200,
    160,
    120,
    80,
    80,
    80,
    60,
    60
  },
  [114] = {
    200,
    200,
    200,
    160,
    120,
    80,
    80,
    80,
    60,
    60
  },
  [115] = {
    200,
    200,
    200,
    160,
    120,
    80,
    80,
    80,
    60,
    60
  },
  [116] = {
    200,
    200,
    200,
    160,
    120,
    80,
    80,
    80,
    60,
    60
  },
  [117] = {
    200,
    200,
    200,
    160,
    120,
    80,
    80,
    80,
    60,
    60
  },
  [118] = {
    200,
    200,
    200,
    160,
    120,
    80,
    80,
    80,
    60,
    60
  },
  [119] = {
    200,
    200,
    200,
    160,
    120,
    80,
    80,
    80,
    60,
    60
  },
  [120] = {
    200,
    200,
    200,
    160,
    120,
    80,
    80,
    80,
    60,
    60
  },
  [121] = {
    200,
    200,
    200,
    180,
    140,
    100,
    80,
    80,
    80,
    60
  },
  [122] = {
    200,
    200,
    200,
    180,
    140,
    100,
    80,
    80,
    80,
    60
  },
  [123] = {
    200,
    200,
    200,
    180,
    140,
    100,
    80,
    80,
    80,
    60
  },
  [124] = {
    200,
    200,
    200,
    180,
    140,
    100,
    80,
    80,
    80,
    60
  },
  [125] = {
    200,
    200,
    200,
    180,
    140,
    100,
    80,
    80,
    80,
    60
  },
  [126] = {
    200,
    200,
    200,
    180,
    140,
    100,
    80,
    80,
    80,
    60
  },
  [127] = {
    200,
    200,
    200,
    180,
    140,
    100,
    80,
    80,
    80,
    60
  },
  [128] = {
    200,
    200,
    200,
    180,
    140,
    100,
    80,
    80,
    80,
    60
  },
  [129] = {
    200,
    200,
    200,
    180,
    140,
    100,
    80,
    80,
    80,
    60
  },
  [130] = {
    200,
    200,
    200,
    180,
    140,
    100,
    80,
    80,
    80,
    60
  },
  [131] = {
    200,
    200,
    200,
    200,
    160,
    120,
    80,
    80,
    80,
    60
  },
  [132] = {
    200,
    200,
    200,
    200,
    160,
    120,
    80,
    80,
    80,
    60
  },
  [133] = {
    200,
    200,
    200,
    200,
    160,
    120,
    80,
    80,
    80,
    60
  },
  [134] = {
    200,
    200,
    200,
    200,
    160,
    120,
    80,
    80,
    80,
    60
  },
  [135] = {
    200,
    200,
    200,
    200,
    160,
    120,
    80,
    80,
    80,
    60
  },
  [136] = {
    200,
    200,
    200,
    200,
    160,
    120,
    80,
    80,
    80,
    60
  },
  [137] = {
    200,
    200,
    200,
    200,
    160,
    120,
    80,
    80,
    80,
    60
  },
  [138] = {
    200,
    200,
    200,
    200,
    160,
    120,
    80,
    80,
    80,
    60
  },
  [139] = {
    200,
    200,
    200,
    200,
    160,
    120,
    80,
    80,
    80,
    60
  },
  [140] = {
    200,
    200,
    200,
    200,
    160,
    120,
    80,
    80,
    80,
    60
  },
  [141] = {
    200,
    200,
    200,
    200,
    160,
    120,
    80,
    80,
    80,
    60
  },
  [142] = {
    200,
    200,
    200,
    200,
    160,
    120,
    80,
    80,
    80,
    60
  },
  [143] = {
    200,
    200,
    200,
    200,
    160,
    120,
    80,
    80,
    80,
    60
  },
  [144] = {
    200,
    200,
    200,
    200,
    160,
    120,
    80,
    80,
    80,
    60
  },
  [145] = {
    200,
    200,
    200,
    200,
    160,
    120,
    80,
    80,
    80,
    60
  },
  [146] = {
    200,
    200,
    200,
    200,
    160,
    120,
    80,
    80,
    80,
    60
  },
  [147] = {
    200,
    200,
    200,
    200,
    160,
    120,
    80,
    80,
    80,
    60
  },
  [148] = {
    200,
    200,
    200,
    200,
    160,
    120,
    80,
    80,
    80,
    60
  },
  [149] = {
    200,
    200,
    200,
    200,
    160,
    120,
    80,
    80,
    80,
    60
  },
  [150] = {
    200,
    200,
    200,
    200,
    160,
    120,
    80,
    80,
    80,
    60
  },
  [151] = {
    200,
    200,
    200,
    200,
    180,
    140,
    100,
    80,
    80,
    80
  },
  [152] = {
    200,
    200,
    200,
    200,
    180,
    140,
    100,
    80,
    80,
    80
  },
  [153] = {
    200,
    200,
    200,
    200,
    180,
    140,
    100,
    80,
    80,
    80
  },
  [154] = {
    200,
    200,
    200,
    200,
    180,
    140,
    100,
    80,
    80,
    80
  },
  [155] = {
    200,
    200,
    200,
    200,
    180,
    140,
    100,
    80,
    80,
    80
  },
  [156] = {
    200,
    200,
    200,
    200,
    180,
    140,
    100,
    80,
    80,
    80
  },
  [157] = {
    200,
    200,
    200,
    200,
    180,
    140,
    100,
    80,
    80,
    80
  },
  [158] = {
    200,
    200,
    200,
    200,
    180,
    140,
    100,
    80,
    80,
    80
  },
  [159] = {
    200,
    200,
    200,
    200,
    180,
    140,
    100,
    80,
    80,
    80
  },
  [160] = {
    200,
    200,
    200,
    200,
    180,
    140,
    100,
    80,
    80,
    80
  },
  [161] = {
    200,
    200,
    200,
    200,
    200,
    160,
    120,
    80,
    80,
    80
  },
  [162] = {
    200,
    200,
    200,
    200,
    200,
    160,
    120,
    80,
    80,
    80
  },
  [163] = {
    200,
    200,
    200,
    200,
    200,
    160,
    120,
    80,
    80,
    80
  },
  [164] = {
    200,
    200,
    200,
    200,
    200,
    160,
    120,
    80,
    80,
    80
  },
  [165] = {
    200,
    200,
    200,
    200,
    200,
    160,
    120,
    80,
    80,
    80
  },
  [166] = {
    200,
    200,
    200,
    200,
    200,
    160,
    120,
    80,
    80,
    80
  },
  [167] = {
    200,
    200,
    200,
    200,
    200,
    160,
    120,
    80,
    80,
    80
  },
  [168] = {
    200,
    200,
    200,
    200,
    200,
    160,
    120,
    80,
    80,
    80
  },
  [169] = {
    200,
    200,
    200,
    200,
    200,
    160,
    120,
    80,
    80,
    80
  },
  [170] = {
    200,
    200,
    200,
    200,
    200,
    160,
    120,
    80,
    80,
    80
  },
  [171] = {
    200,
    200,
    200,
    200,
    200,
    160,
    120,
    80,
    80,
    80
  },
  [172] = {
    200,
    200,
    200,
    200,
    200,
    160,
    120,
    80,
    80,
    80
  },
  [173] = {
    200,
    200,
    200,
    200,
    200,
    160,
    120,
    80,
    80,
    80
  },
  [174] = {
    200,
    200,
    200,
    200,
    200,
    160,
    120,
    80,
    80,
    80
  },
  [175] = {
    200,
    200,
    200,
    200,
    200,
    160,
    120,
    80,
    80,
    80
  },
  [176] = {
    200,
    200,
    200,
    200,
    200,
    160,
    120,
    80,
    80,
    80
  },
  [177] = {
    200,
    200,
    200,
    200,
    200,
    160,
    120,
    80,
    80,
    80
  },
  [178] = {
    200,
    200,
    200,
    200,
    200,
    160,
    120,
    80,
    80,
    80
  },
  [179] = {
    200,
    200,
    200,
    200,
    200,
    160,
    120,
    80,
    80,
    80
  },
  [180] = {
    200,
    200,
    200,
    200,
    200,
    160,
    120,
    80,
    80,
    80
  },
  [181] = {
    200,
    200,
    200,
    200,
    200,
    180,
    140,
    100,
    80,
    80
  },
  [182] = {
    200,
    200,
    200,
    200,
    200,
    180,
    140,
    100,
    80,
    80
  },
  [183] = {
    200,
    200,
    200,
    200,
    200,
    180,
    140,
    100,
    80,
    80
  },
  [184] = {
    200,
    200,
    200,
    200,
    200,
    180,
    140,
    100,
    80,
    80
  },
  [185] = {
    200,
    200,
    200,
    200,
    200,
    180,
    140,
    100,
    80,
    80
  },
  [186] = {
    200,
    200,
    200,
    200,
    200,
    180,
    140,
    100,
    80,
    80
  },
  [187] = {
    200,
    200,
    200,
    200,
    200,
    180,
    140,
    100,
    80,
    80
  },
  [188] = {
    200,
    200,
    200,
    200,
    200,
    180,
    140,
    100,
    80,
    80
  },
  [189] = {
    200,
    200,
    200,
    200,
    200,
    180,
    140,
    100,
    80,
    80
  },
  [190] = {
    200,
    200,
    200,
    200,
    200,
    180,
    140,
    100,
    80,
    80
  },
  [191] = {
    200,
    200,
    200,
    200,
    200,
    200,
    160,
    120,
    80,
    80
  },
  [192] = {
    200,
    200,
    200,
    200,
    200,
    200,
    160,
    120,
    80,
    80
  },
  [193] = {
    200,
    200,
    200,
    200,
    200,
    200,
    160,
    120,
    80,
    80
  },
  [194] = {
    200,
    200,
    200,
    200,
    200,
    200,
    160,
    120,
    80,
    80
  },
  [195] = {
    200,
    200,
    200,
    200,
    200,
    200,
    160,
    120,
    80,
    80
  },
  [196] = {
    200,
    200,
    200,
    200,
    200,
    200,
    160,
    120,
    80,
    80
  },
  [197] = {
    200,
    200,
    200,
    200,
    200,
    200,
    160,
    120,
    80,
    80
  },
  [198] = {
    200,
    200,
    200,
    200,
    200,
    200,
    160,
    120,
    80,
    80
  },
  [199] = {
    200,
    200,
    200,
    200,
    200,
    200,
    160,
    120,
    80,
    80
  },
  [200] = {
    200,
    200,
    200,
    200,
    200,
    200,
    160,
    120,
    80,
    80
  },
  [201] = {
    200,
    200,
    200,
    200,
    200,
    200,
    160,
    120,
    80,
    80
  },
  [202] = {
    200,
    200,
    200,
    200,
    200,
    200,
    160,
    120,
    80,
    80
  },
  [203] = {
    200,
    200,
    200,
    200,
    200,
    200,
    160,
    120,
    80,
    80
  },
  [204] = {
    200,
    200,
    200,
    200,
    200,
    200,
    160,
    120,
    80,
    80
  },
  [205] = {
    200,
    200,
    200,
    200,
    200,
    200,
    160,
    120,
    80,
    80
  },
  [206] = {
    200,
    200,
    200,
    200,
    200,
    200,
    160,
    120,
    80,
    80
  },
  [207] = {
    200,
    200,
    200,
    200,
    200,
    200,
    160,
    120,
    80,
    80
  },
  [208] = {
    200,
    200,
    200,
    200,
    200,
    200,
    160,
    120,
    80,
    80
  },
  [209] = {
    200,
    200,
    200,
    200,
    200,
    200,
    160,
    120,
    80,
    80
  },
  [210] = {
    200,
    200,
    200,
    200,
    200,
    200,
    160,
    120,
    80,
    80
  },
  [211] = {
    200,
    200,
    200,
    200,
    200,
    200,
    180,
    140,
    100,
    80
  },
  [212] = {
    200,
    200,
    200,
    200,
    200,
    200,
    180,
    140,
    100,
    80
  },
  [213] = {
    200,
    200,
    200,
    200,
    200,
    200,
    180,
    140,
    100,
    80
  },
  [214] = {
    200,
    200,
    200,
    200,
    200,
    200,
    180,
    140,
    100,
    80
  },
  [215] = {
    200,
    200,
    200,
    200,
    200,
    200,
    180,
    140,
    100,
    80
  },
  [216] = {
    200,
    200,
    200,
    200,
    200,
    200,
    180,
    140,
    100,
    80
  },
  [217] = {
    200,
    200,
    200,
    200,
    200,
    200,
    180,
    140,
    100,
    80
  },
  [218] = {
    200,
    200,
    200,
    200,
    200,
    200,
    180,
    140,
    100,
    80
  },
  [219] = {
    200,
    200,
    200,
    200,
    200,
    200,
    180,
    140,
    100,
    80
  },
  [220] = {
    200,
    200,
    200,
    200,
    200,
    200,
    180,
    140,
    100,
    80
  },
  [221] = {
    200,
    200,
    200,
    200,
    200,
    200,
    200,
    160,
    120,
    80
  },
  [222] = {
    200,
    200,
    200,
    200,
    200,
    200,
    200,
    160,
    120,
    80
  },
  [223] = {
    200,
    200,
    200,
    200,
    200,
    200,
    200,
    160,
    120,
    80
  },
  [224] = {
    200,
    200,
    200,
    200,
    200,
    200,
    200,
    160,
    120,
    80
  },
  [225] = {
    200,
    200,
    200,
    200,
    200,
    200,
    200,
    160,
    120,
    80
  },
  [226] = {
    200,
    200,
    200,
    200,
    200,
    200,
    200,
    160,
    120,
    80
  },
  [227] = {
    200,
    200,
    200,
    200,
    200,
    200,
    200,
    160,
    120,
    80
  },
  [228] = {
    200,
    200,
    200,
    200,
    200,
    200,
    200,
    160,
    120,
    80
  },
  [229] = {
    200,
    200,
    200,
    200,
    200,
    200,
    200,
    160,
    120,
    80
  },
  [230] = {
    200,
    200,
    200,
    200,
    200,
    200,
    200,
    160,
    120,
    80
  },
  [231] = {
    200,
    200,
    200,
    200,
    200,
    200,
    200,
    160,
    120,
    80
  },
  [232] = {
    200,
    200,
    200,
    200,
    200,
    200,
    200,
    160,
    120,
    80
  },
  [233] = {
    200,
    200,
    200,
    200,
    200,
    200,
    200,
    160,
    120,
    80
  },
  [234] = {
    200,
    200,
    200,
    200,
    200,
    200,
    200,
    160,
    120,
    80
  },
  [235] = {
    200,
    200,
    200,
    200,
    200,
    200,
    200,
    160,
    120,
    80
  },
  [236] = {
    200,
    200,
    200,
    200,
    200,
    200,
    200,
    160,
    120,
    80
  },
  [237] = {
    200,
    200,
    200,
    200,
    200,
    200,
    200,
    160,
    120,
    80
  },
  [238] = {
    200,
    200,
    200,
    200,
    200,
    200,
    200,
    160,
    120,
    80
  },
  [239] = {
    200,
    200,
    200,
    200,
    200,
    200,
    200,
    160,
    120,
    80
  },
  [240] = {
    200,
    200,
    200,
    200,
    200,
    200,
    200,
    160,
    120,
    80
  },
  [241] = {
    200,
    200,
    200,
    200,
    200,
    200,
    200,
    180,
    140,
    100
  },
  [242] = {
    200,
    200,
    200,
    200,
    200,
    200,
    200,
    180,
    140,
    100
  },
  [243] = {
    200,
    200,
    200,
    200,
    200,
    200,
    200,
    180,
    140,
    100
  },
  [244] = {
    200,
    200,
    200,
    200,
    200,
    200,
    200,
    180,
    140,
    100
  },
  [245] = {
    200,
    200,
    200,
    200,
    200,
    200,
    200,
    180,
    140,
    100
  },
  [246] = {
    200,
    200,
    200,
    200,
    200,
    200,
    200,
    180,
    140,
    100
  },
  [247] = {
    200,
    200,
    200,
    200,
    200,
    200,
    200,
    180,
    140,
    100
  },
  [248] = {
    200,
    200,
    200,
    200,
    200,
    200,
    200,
    180,
    140,
    100
  },
  [249] = {
    200,
    200,
    200,
    200,
    200,
    200,
    200,
    180,
    140,
    100
  },
  [250] = {
    200,
    200,
    200,
    200,
    200,
    200,
    200,
    180,
    140,
    100
  },
  [251] = {
    200,
    200,
    200,
    200,
    200,
    200,
    200,
    200,
    160,
    120
  },
  [252] = {
    200,
    200,
    200,
    200,
    200,
    200,
    200,
    200,
    160,
    120
  },
  [253] = {
    200,
    200,
    200,
    200,
    200,
    200,
    200,
    200,
    160,
    120
  },
  [254] = {
    200,
    200,
    200,
    200,
    200,
    200,
    200,
    200,
    160,
    120
  },
  [255] = {
    200,
    200,
    200,
    200,
    200,
    200,
    200,
    200,
    160,
    120
  },
  [256] = {
    200,
    200,
    200,
    200,
    200,
    200,
    200,
    200,
    160,
    120
  },
  [257] = {
    200,
    200,
    200,
    200,
    200,
    200,
    200,
    200,
    160,
    120
  },
  [258] = {
    200,
    200,
    200,
    200,
    200,
    200,
    200,
    200,
    160,
    120
  },
  [259] = {
    200,
    200,
    200,
    200,
    200,
    200,
    200,
    200,
    160,
    120
  },
  [260] = {
    200,
    200,
    200,
    200,
    200,
    200,
    200,
    200,
    160,
    120
  },
  [261] = {
    200,
    200,
    200,
    200,
    200,
    200,
    200,
    200,
    160,
    120
  },
  [262] = {
    200,
    200,
    200,
    200,
    200,
    200,
    200,
    200,
    160,
    120
  },
  [263] = {
    200,
    200,
    200,
    200,
    200,
    200,
    200,
    200,
    160,
    120
  },
  [264] = {
    200,
    200,
    200,
    200,
    200,
    200,
    200,
    200,
    160,
    120
  },
  [265] = {
    200,
    200,
    200,
    200,
    200,
    200,
    200,
    200,
    160,
    120
  },
  [266] = {
    200,
    200,
    200,
    200,
    200,
    200,
    200,
    200,
    160,
    120
  },
  [267] = {
    200,
    200,
    200,
    200,
    200,
    200,
    200,
    200,
    160,
    120
  },
  [268] = {
    200,
    200,
    200,
    200,
    200,
    200,
    200,
    200,
    160,
    120
  },
  [269] = {
    200,
    200,
    200,
    200,
    200,
    200,
    200,
    200,
    160,
    120
  },
  [270] = {
    200,
    200,
    200,
    200,
    200,
    200,
    200,
    200,
    160,
    120
  },
  [271] = {
    200,
    200,
    200,
    200,
    200,
    200,
    200,
    200,
    180,
    140
  },
  [272] = {
    200,
    200,
    200,
    200,
    200,
    200,
    200,
    200,
    180,
    140
  },
  [273] = {
    200,
    200,
    200,
    200,
    200,
    200,
    200,
    200,
    180,
    140
  },
  [274] = {
    200,
    200,
    200,
    200,
    200,
    200,
    200,
    200,
    180,
    140
  },
  [275] = {
    200,
    200,
    200,
    200,
    200,
    200,
    200,
    200,
    180,
    140
  },
  [276] = {
    200,
    200,
    200,
    200,
    200,
    200,
    200,
    200,
    180,
    140
  },
  [277] = {
    200,
    200,
    200,
    200,
    200,
    200,
    200,
    200,
    180,
    140
  },
  [278] = {
    200,
    200,
    200,
    200,
    200,
    200,
    200,
    200,
    180,
    140
  },
  [279] = {
    200,
    200,
    200,
    200,
    200,
    200,
    200,
    200,
    180,
    140
  },
  [280] = {
    200,
    200,
    200,
    200,
    200,
    200,
    200,
    200,
    180,
    140
  },
  [281] = {
    200,
    200,
    200,
    200,
    200,
    200,
    200,
    200,
    200,
    160
  },
  [282] = {
    200,
    200,
    200,
    200,
    200,
    200,
    200,
    200,
    200,
    160
  },
  [283] = {
    200,
    200,
    200,
    200,
    200,
    200,
    200,
    200,
    200,
    160
  },
  [284] = {
    200,
    200,
    200,
    200,
    200,
    200,
    200,
    200,
    200,
    160
  },
  [285] = {
    200,
    200,
    200,
    200,
    200,
    200,
    200,
    200,
    200,
    160
  },
  [286] = {
    200,
    200,
    200,
    200,
    200,
    200,
    200,
    200,
    200,
    160
  },
  [287] = {
    200,
    200,
    200,
    200,
    200,
    200,
    200,
    200,
    200,
    160
  },
  [288] = {
    200,
    200,
    200,
    200,
    200,
    200,
    200,
    200,
    200,
    160
  },
  [289] = {
    200,
    200,
    200,
    200,
    200,
    200,
    200,
    200,
    200,
    160
  },
  [290] = {
    200,
    200,
    200,
    200,
    200,
    200,
    200,
    200,
    200,
    160
  },
  [291] = {
    200,
    200,
    200,
    200,
    200,
    200,
    200,
    200,
    200,
    160
  },
  [292] = {
    200,
    200,
    200,
    200,
    200,
    200,
    200,
    200,
    200,
    160
  },
  [293] = {
    200,
    200,
    200,
    200,
    200,
    200,
    200,
    200,
    200,
    160
  },
  [294] = {
    200,
    200,
    200,
    200,
    200,
    200,
    200,
    200,
    200,
    160
  },
  [295] = {
    200,
    200,
    200,
    200,
    200,
    200,
    200,
    200,
    200,
    160
  },
  [296] = {
    200,
    200,
    200,
    200,
    200,
    200,
    200,
    200,
    200,
    160
  },
  [297] = {
    200,
    200,
    200,
    200,
    200,
    200,
    200,
    200,
    200,
    160
  },
  [298] = {
    200,
    200,
    200,
    200,
    200,
    200,
    200,
    200,
    200,
    160
  },
  [299] = {
    200,
    200,
    200,
    200,
    200,
    200,
    200,
    200,
    200,
    160
  },
  [300] = {
    200,
    200,
    200,
    200,
    200,
    200,
    200,
    200,
    200,
    160
  },
  [301] = {
    200,
    200,
    200,
    200,
    200,
    200,
    200,
    200,
    200,
    180
  },
  [302] = {
    200,
    200,
    200,
    200,
    200,
    200,
    200,
    200,
    200,
    180
  },
  [303] = {
    200,
    200,
    200,
    200,
    200,
    200,
    200,
    200,
    200,
    180
  },
  [304] = {
    200,
    200,
    200,
    200,
    200,
    200,
    200,
    200,
    200,
    180
  },
  [305] = {
    200,
    200,
    200,
    200,
    200,
    200,
    200,
    200,
    200,
    180
  },
  [306] = {
    200,
    200,
    200,
    200,
    200,
    200,
    200,
    200,
    200,
    180
  },
  [307] = {
    200,
    200,
    200,
    200,
    200,
    200,
    200,
    200,
    200,
    180
  },
  [308] = {
    200,
    200,
    200,
    200,
    200,
    200,
    200,
    200,
    200,
    180
  },
  [309] = {
    200,
    200,
    200,
    200,
    200,
    200,
    200,
    200,
    200,
    180
  },
  [310] = {
    200,
    200,
    200,
    200,
    200,
    200,
    200,
    200,
    200,
    180
  },
  [311] = {
    200,
    200,
    200,
    200,
    200,
    200,
    200,
    200,
    200,
    200
  },
  [312] = {
    200,
    200,
    200,
    200,
    200,
    200,
    200,
    200,
    200,
    200
  },
  [313] = {
    200,
    200,
    200,
    200,
    200,
    200,
    200,
    200,
    200,
    200
  },
  [314] = {
    200,
    200,
    200,
    200,
    200,
    200,
    200,
    200,
    200,
    200
  },
  [315] = {
    200,
    200,
    200,
    200,
    200,
    200,
    200,
    200,
    200,
    200
  },
  [316] = {
    200,
    200,
    200,
    200,
    200,
    200,
    200,
    200,
    200,
    200
  },
  [317] = {
    200,
    200,
    200,
    200,
    200,
    200,
    200,
    200,
    200,
    200
  },
  [318] = {
    200,
    200,
    200,
    200,
    200,
    200,
    200,
    200,
    200,
    200
  },
  [319] = {
    200,
    200,
    200,
    200,
    200,
    200,
    200,
    200,
    200,
    200
  },
  [320] = {
    200,
    200,
    200,
    200,
    200,
    200,
    200,
    200,
    200,
    200
  },
  [321] = {
    200,
    200,
    200,
    200,
    200,
    200,
    200,
    200,
    200,
    200
  },
  [322] = {
    200,
    200,
    200,
    200,
    200,
    200,
    200,
    200,
    200,
    200
  },
  [323] = {
    200,
    200,
    200,
    200,
    200,
    200,
    200,
    200,
    200,
    200
  },
  [324] = {
    200,
    200,
    200,
    200,
    200,
    200,
    200,
    200,
    200,
    200
  },
  [325] = {
    200,
    200,
    200,
    200,
    200,
    200,
    200,
    200,
    200,
    200
  },
  [326] = {
    200,
    200,
    200,
    200,
    200,
    200,
    200,
    200,
    200,
    200
  },
  [327] = {
    200,
    200,
    200,
    200,
    200,
    200,
    200,
    200,
    200,
    200
  },
  [328] = {
    200,
    200,
    200,
    200,
    200,
    200,
    200,
    200,
    200,
    200
  },
  [329] = {
    200,
    200,
    200,
    200,
    200,
    200,
    200,
    200,
    200,
    200
  },
  [330] = {
    200,
    200,
    200,
    200,
    200,
    200,
    200,
    200,
    200,
    200
  },
  [331] = {
    200,
    200,
    200,
    200,
    200,
    200,
    200,
    200,
    200,
    200
  },
  [332] = {
    200,
    200,
    200,
    200,
    200,
    200,
    200,
    200,
    200,
    200
  },
  [333] = {
    200,
    200,
    200,
    200,
    200,
    200,
    200,
    200,
    200,
    200
  },
  [334] = {
    200,
    200,
    200,
    200,
    200,
    200,
    200,
    200,
    200,
    200
  },
  [335] = {
    200,
    200,
    200,
    200,
    200,
    200,
    200,
    200,
    200,
    200
  },
  [336] = {
    200,
    200,
    200,
    200,
    200,
    200,
    200,
    200,
    200,
    200
  },
  [337] = {
    200,
    200,
    200,
    200,
    200,
    200,
    200,
    200,
    200,
    200
  },
  [338] = {
    200,
    200,
    200,
    200,
    200,
    200,
    200,
    200,
    200,
    200
  },
  [339] = {
    200,
    200,
    200,
    200,
    200,
    200,
    200,
    200,
    200,
    200
  },
  [340] = {
    200,
    200,
    200,
    200,
    200,
    200,
    200,
    200,
    200,
    200
  }
}
