nSkillID	nLevel	nCoin	nFightPower	nKinContrib	tbAttr
1	1	6000	30	900	{{"metal_resist_v",1,0,0}}
1	2	6000	60	900	{{"metal_resist_v",2,0,0}}
1	3	6000	90	900	{{"metal_resist_v",3,0,0}}
1	4	6000	120	900	{{"metal_resist_v",4,0,0}}
1	5	6000	150	900	{{"metal_resist_v",5,0,0}}
1	6	6000	180	900	{{"metal_resist_v",6,0,0}}
1	7	6000	210	900	{{"metal_resist_v",7,0,0}}
1	8	6000	240	900	{{"metal_resist_v",8,0,0}}
1	9	6000	270	900	{{"metal_resist_v",9,0,0}}
1	10	6000	300	900	{{"metal_resist_v",10,0,0}}
1	11	8000	340	1200	{{"metal_resist_v",11,0,0}}
1	12	8000	380	1200	{{"metal_resist_v",12,0,0}}
1	13	8000	420	1200	{{"metal_resist_v",13,0,0}}
1	14	8000	460	1200	{{"metal_resist_v",14,0,0}}
1	15	8000	500	1200	{{"metal_resist_v",15,0,0}}
1	16	8000	540	1200	{{"metal_resist_v",16,0,0}}
1	17	8000	580	1200	{{"metal_resist_v",17,0,0}}
1	18	8000	620	1200	{{"metal_resist_v",18,0,0}}
1	19	8000	660	1200	{{"metal_resist_v",19,0,0}}
1	20	8000	700	1200	{{"metal_resist_v",20,0,0}}
1	21	12000	760	1800	{{"metal_resist_v",28,0,0}}
1	22	12000	820	1800	{{"metal_resist_v",36,0,0}}
1	23	12000	880	1800	{{"metal_resist_v",44,0,0}}
1	24	12000	940	1800	{{"metal_resist_v",52,0,0}}
1	25	12000	1000	1800	{{"metal_resist_v",60,0,0}}
1	26	12000	1060	1800	{{"metal_resist_v",68,0,0}}
1	27	12000	1120	1800	{{"metal_resist_v",76,0,0}}
1	28	12000	1180	1800	{{"metal_resist_v",84,0,0}}
1	29	12000	1240	1800	{{"metal_resist_v",92,0,0}}
1	30	12000	1300	1800	{{"metal_resist_v",100,0,0}}
1	31	20000	1400	3000	{{"metal_resist_v",109,0,0}}
1	32	20000	1500	3000	{{"metal_resist_v",118,0,0}}
1	33	20000	1600	3000	{{"metal_resist_v",127,0,0}}
1	34	20000	1700	3000	{{"metal_resist_v",136,0,0}}
1	35	20000	1800	3000	{{"metal_resist_v",145,0,0}}
1	36	20000	1900	3000	{{"metal_resist_v",154,0,0}}
1	37	20000	2000	3000	{{"metal_resist_v",163,0,0}}
1	38	20000	2100	3000	{{"metal_resist_v",172,0,0}}
1	39	20000	2200	3000	{{"metal_resist_v",181,0,0}}
1	40	20000	2300	3000	{{"metal_resist_v",190,0,0}}
1	41	32000	2460	4800	{{"metal_resist_v",205,0,0}}
1	42	32000	2620	4800	{{"metal_resist_v",220,0,0}}
1	43	32000	2780	4800	{{"metal_resist_v",235,0,0}}
1	44	32000	2940	4800	{{"metal_resist_v",250,0,0}}
1	45	32000	3100	4800	{{"metal_resist_v",265,0,0}}
1	46	32000	3260	4800	{{"metal_resist_v",280,0,0}}
1	47	32000	3420	4800	{{"metal_resist_v",295,0,0}}
1	48	32000	3580	4800	{{"metal_resist_v",310,0,0}}
1	49	32000	3740	4800	{{"metal_resist_v",325,0,0}}
1	50	32000	3900	4800	{{"metal_resist_v",340,0,0}}
1	51	40000	4100	6000	{{"metal_resist_v",352,0,0}}
1	52	40000	4300	6000	{{"metal_resist_v",364,0,0}}
1	53	40000	4500	6000	{{"metal_resist_v",376,0,0}}
1	54	40000	4700	6000	{{"metal_resist_v",388,0,0}}
1	55	40000	4900	6000	{{"metal_resist_v",400,0,0}}
1	56	40000	5100	6000	{{"metal_resist_v",412,0,0}}
1	57	40000	5300	6000	{{"metal_resist_v",424,0,0}}
1	58	40000	5500	6000	{{"metal_resist_v",436,0,0}}
1	59	40000	5700	6000	{{"metal_resist_v",448,0,0}}
1	60	40000	5900	6000	{{"metal_resist_v",460,0,0}}
1	61	40000	6100	6000	{{"metal_resist_v",472,0,0}}
1	62	40000	6300	6000	{{"metal_resist_v",484,0,0}}
1	63	40000	6500	6000	{{"metal_resist_v",496,0,0}}
1	64	40000	6700	6000	{{"metal_resist_v",508,0,0}}
1	65	40000	6900	6000	{{"metal_resist_v",520,0,0}}
1	66	40000	7100	6000	{{"metal_resist_v",532,0,0}}
1	67	40000	7300	6000	{{"metal_resist_v",544,0,0}}
1	68	40000	7500	6000	{{"metal_resist_v",556,0,0}}
1	69	40000	7700	6000	{{"metal_resist_v",568,0,0}}
1	70	40000	7900	6000	{{"metal_resist_v",580,0,0}}
1	71	40000	8100	6000	{{"metal_resist_v",592,0,0}}
1	72	40000	8300	6000	{{"metal_resist_v",604,0,0}}
1	73	40000	8500	6000	{{"metal_resist_v",616,0,0}}
1	74	40000	8700	6000	{{"metal_resist_v",628,0,0}}
1	75	40000	8900	6000	{{"metal_resist_v",640,0,0}}
1	76	40000	9100	6000	{{"metal_resist_v",652,0,0}}
1	77	40000	9300	6000	{{"metal_resist_v",664,0,0}}
1	78	40000	9500	6000	{{"metal_resist_v",676,0,0}}
1	79	40000	9700	6000	{{"metal_resist_v",688,0,0}}
1	80	40000	9900	6000	{{"metal_resist_v",700,0,0}}
1	81	40000	10100	6000	{{"metal_resist_v",712,0,0}}
1	82	40000	10300	6000	{{"metal_resist_v",724,0,0}}
1	83	40000	10500	6000	{{"metal_resist_v",736,0,0}}
1	84	40000	10700	6000	{{"metal_resist_v",748,0,0}}
1	85	40000	10900	6000	{{"metal_resist_v",760,0,0}}
1	86	40000	11100	6000	{{"metal_resist_v",772,0,0}}
1	87	40000	11300	6000	{{"metal_resist_v",784,0,0}}
1	88	40000	11500	6000	{{"metal_resist_v",796,0,0}}
1	89	40000	11700	6000	{{"metal_resist_v",808,0,0}}
1	90	40000	11900	6000	{{"metal_resist_v",820,0,0}}
1	91	40000	12100	6000	{{"metal_resist_v",832,0,0}}
1	92	40000	12300	6000	{{"metal_resist_v",844,0,0}}
1	93	40000	12500	6000	{{"metal_resist_v",856,0,0}}
1	94	40000	12700	6000	{{"metal_resist_v",868,0,0}}
1	95	40000	12900	6000	{{"metal_resist_v",880,0,0}}
1	96	40000	13100	6000	{{"metal_resist_v",892,0,0}}
1	97	40000	13300	6000	{{"metal_resist_v",904,0,0}}
1	98	40000	13500	6000	{{"metal_resist_v",916,0,0}}
1	99	40000	13700	6000	{{"metal_resist_v",928,0,0}}
1	100	40000	13900	6000	{{"metal_resist_v",940,0,0}}
1	101	40000	14100	6000	{{"metal_resist_v",952,0,0}}
1	102	40000	14300	6000	{{"metal_resist_v",964,0,0}}
1	103	40000	14500	6000	{{"metal_resist_v",976,0,0}}
1	104	40000	14700	6000	{{"metal_resist_v",988,0,0}}
1	105	40000	14900	6000	{{"metal_resist_v",1000,0,0}}
1	106	40000	15100	6000	{{"metal_resist_v",1012,0,0}}
1	107	40000	15300	6000	{{"metal_resist_v",1024,0,0}}
1	108	40000	15500	6000	{{"metal_resist_v",1036,0,0}}
1	109	40000	15700	6000	{{"metal_resist_v",1048,0,0}}
1	110	40000	15900	6000	{{"metal_resist_v",1060,0,0}}
1	111	40000	16100	6000	{{"metal_resist_v",1072,0,0}}
1	112	40000	16300	6000	{{"metal_resist_v",1084,0,0}}
1	113	40000	16500	6000	{{"metal_resist_v",1096,0,0}}
1	114	40000	16700	6000	{{"metal_resist_v",1108,0,0}}
1	115	40000	16900	6000	{{"metal_resist_v",1120,0,0}}
1	116	40000	17100	6000	{{"metal_resist_v",1132,0,0}}
1	117	40000	17300	6000	{{"metal_resist_v",1144,0,0}}
1	118	40000	17500	6000	{{"metal_resist_v",1156,0,0}}
1	119	40000	17700	6000	{{"metal_resist_v",1168,0,0}}
1	120	40000	17900	6000	{{"metal_resist_v",1180,0,0}}
1	121	40000	18100	6000	{{"metal_resist_v",1192,0,0}}
1	122	40000	18300	6000	{{"metal_resist_v",1204,0,0}}
1	123	40000	18500	6000	{{"metal_resist_v",1216,0,0}}
1	124	40000	18700	6000	{{"metal_resist_v",1228,0,0}}
1	125	40000	18900	6000	{{"metal_resist_v",1240,0,0}}
1	126	40000	19100	6000	{{"metal_resist_v",1252,0,0}}
1	127	40000	19300	6000	{{"metal_resist_v",1264,0,0}}
1	128	40000	19500	6000	{{"metal_resist_v",1276,0,0}}
1	129	40000	19700	6000	{{"metal_resist_v",1288,0,0}}
1	130	40000	19900	6000	{{"metal_resist_v",1300,0,0}}
1	131	40000	20100	6000	{{"metal_resist_v",1312,0,0}}
1	132	40000	20300	6000	{{"metal_resist_v",1324,0,0}}
1	133	40000	20500	6000	{{"metal_resist_v",1336,0,0}}
1	134	40000	20700	6000	{{"metal_resist_v",1348,0,0}}
1	135	40000	20900	6000	{{"metal_resist_v",1360,0,0}}
1	136	40000	21100	6000	{{"metal_resist_v",1372,0,0}}
1	137	40000	21300	6000	{{"metal_resist_v",1384,0,0}}
1	138	40000	21500	6000	{{"metal_resist_v",1396,0,0}}
1	139	40000	21700	6000	{{"metal_resist_v",1408,0,0}}
1	140	40000	21900	6000	{{"metal_resist_v",1420,0,0}}
1	141	40000	22100	6000	{{"metal_resist_v",1432,0,0}}
1	142	40000	22300	6000	{{"metal_resist_v",1444,0,0}}
1	143	40000	22500	6000	{{"metal_resist_v",1456,0,0}}
1	144	40000	22700	6000	{{"metal_resist_v",1468,0,0}}
1	145	40000	22900	6000	{{"metal_resist_v",1480,0,0}}
1	146	40000	23100	6000	{{"metal_resist_v",1492,0,0}}
1	147	40000	23300	6000	{{"metal_resist_v",1504,0,0}}
1	148	40000	23500	6000	{{"metal_resist_v",1516,0,0}}
1	149	40000	23700	6000	{{"metal_resist_v",1528,0,0}}
1	150	40000	23900	6000	{{"metal_resist_v",1540,0,0}}
1	151	40000	24100	6000	{{"metal_resist_v",1552,0,0}}
1	152	40000	24300	6000	{{"metal_resist_v",1564,0,0}}
1	153	40000	24500	6000	{{"metal_resist_v",1576,0,0}}
1	154	40000	24700	6000	{{"metal_resist_v",1588,0,0}}
1	155	40000	24900	6000	{{"metal_resist_v",1600,0,0}}
1	156	40000	25100	6000	{{"metal_resist_v",1612,0,0}}
1	157	40000	25300	6000	{{"metal_resist_v",1624,0,0}}
1	158	40000	25500	6000	{{"metal_resist_v",1636,0,0}}
1	159	40000	25700	6000	{{"metal_resist_v",1648,0,0}}
1	160	40000	25900	6000	{{"metal_resist_v",1660,0,0}}
1	161	40000	26100	6000	{{"metal_resist_v",1672,0,0}}
1	162	40000	26300	6000	{{"metal_resist_v",1684,0,0}}
1	163	40000	26500	6000	{{"metal_resist_v",1696,0,0}}
1	164	40000	26700	6000	{{"metal_resist_v",1708,0,0}}
1	165	40000	26900	6000	{{"metal_resist_v",1720,0,0}}
1	166	40000	27100	6000	{{"metal_resist_v",1732,0,0}}
1	167	40000	27300	6000	{{"metal_resist_v",1744,0,0}}
1	168	40000	27500	6000	{{"metal_resist_v",1756,0,0}}
1	169	40000	27700	6000	{{"metal_resist_v",1768,0,0}}
1	170	40000	27900	6000	{{"metal_resist_v",1780,0,0}}
1	171	40000	28100	6000	{{"metal_resist_v",1792,0,0}}
1	172	40000	28300	6000	{{"metal_resist_v",1804,0,0}}
1	173	40000	28500	6000	{{"metal_resist_v",1816,0,0}}
1	174	40000	28700	6000	{{"metal_resist_v",1828,0,0}}
1	175	40000	28900	6000	{{"metal_resist_v",1840,0,0}}
1	176	40000	29100	6000	{{"metal_resist_v",1852,0,0}}
1	177	40000	29300	6000	{{"metal_resist_v",1864,0,0}}
1	178	40000	29500	6000	{{"metal_resist_v",1876,0,0}}
1	179	40000	29700	6000	{{"metal_resist_v",1888,0,0}}
1	180	40000	29900	6000	{{"metal_resist_v",1900,0,0}}
1	181	40000	30100	6000	{{"metal_resist_v",1912,0,0}}
1	182	40000	30300	6000	{{"metal_resist_v",1924,0,0}}
1	183	40000	30500	6000	{{"metal_resist_v",1936,0,0}}
1	184	40000	30700	6000	{{"metal_resist_v",1948,0,0}}
1	185	40000	30900	6000	{{"metal_resist_v",1960,0,0}}
1	186	40000	31100	6000	{{"metal_resist_v",1972,0,0}}
1	187	40000	31300	6000	{{"metal_resist_v",1984,0,0}}
1	188	40000	31500	6000	{{"metal_resist_v",1996,0,0}}
1	189	40000	31700	6000	{{"metal_resist_v",2008,0,0}}
1	190	40000	31900	6000	{{"metal_resist_v",2020,0,0}}
1	191	40000	32100	6000	{{"metal_resist_v",2032,0,0}}
1	192	40000	32300	6000	{{"metal_resist_v",2044,0,0}}
1	193	40000	32500	6000	{{"metal_resist_v",2056,0,0}}
1	194	40000	32700	6000	{{"metal_resist_v",2068,0,0}}
1	195	40000	32900	6000	{{"metal_resist_v",2080,0,0}}
1	196	40000	33100	6000	{{"metal_resist_v",2092,0,0}}
1	197	40000	33300	6000	{{"metal_resist_v",2104,0,0}}
1	198	40000	33500	6000	{{"metal_resist_v",2116,0,0}}
1	199	40000	33700	6000	{{"metal_resist_v",2128,0,0}}
1	200	40000	33900	6000	{{"metal_resist_v",2140,0,0}}
1	201	40000	34100	6000	{{"metal_resist_v",2152,0,0}}
1	202	40000	34300	6000	{{"metal_resist_v",2164,0,0}}
1	203	40000	34500	6000	{{"metal_resist_v",2176,0,0}}
1	204	40000	34700	6000	{{"metal_resist_v",2188,0,0}}
1	205	40000	34900	6000	{{"metal_resist_v",2200,0,0}}
1	206	40000	35100	6000	{{"metal_resist_v",2212,0,0}}
1	207	40000	35300	6000	{{"metal_resist_v",2224,0,0}}
1	208	40000	35500	6000	{{"metal_resist_v",2236,0,0}}
1	209	40000	35700	6000	{{"metal_resist_v",2248,0,0}}
1	210	40000	35900	6000	{{"metal_resist_v",2260,0,0}}
1	211	40000	36100	6000	{{"metal_resist_v",2272,0,0}}
1	212	40000	36300	6000	{{"metal_resist_v",2284,0,0}}
1	213	40000	36500	6000	{{"metal_resist_v",2296,0,0}}
1	214	40000	36700	6000	{{"metal_resist_v",2308,0,0}}
1	215	40000	36900	6000	{{"metal_resist_v",2320,0,0}}
1	216	40000	37100	6000	{{"metal_resist_v",2332,0,0}}
1	217	40000	37300	6000	{{"metal_resist_v",2344,0,0}}
1	218	40000	37500	6000	{{"metal_resist_v",2356,0,0}}
1	219	40000	37700	6000	{{"metal_resist_v",2368,0,0}}
1	220	40000	37900	6000	{{"metal_resist_v",2380,0,0}}
1	221	40000	38100	6000	{{"metal_resist_v",2392,0,0}}
1	222	40000	38300	6000	{{"metal_resist_v",2404,0,0}}
1	223	40000	38500	6000	{{"metal_resist_v",2416,0,0}}
1	224	40000	38700	6000	{{"metal_resist_v",2428,0,0}}
1	225	40000	38900	6000	{{"metal_resist_v",2440,0,0}}
1	226	40000	39100	6000	{{"metal_resist_v",2452,0,0}}
1	227	40000	39300	6000	{{"metal_resist_v",2464,0,0}}
1	228	40000	39500	6000	{{"metal_resist_v",2476,0,0}}
1	229	40000	39700	6000	{{"metal_resist_v",2488,0,0}}
1	230	40000	39900	6000	{{"metal_resist_v",2500,0,0}}
1	231	40000	40100	6000	{{"metal_resist_v",2512,0,0}}
1	232	40000	40300	6000	{{"metal_resist_v",2524,0,0}}
1	233	40000	40500	6000	{{"metal_resist_v",2536,0,0}}
1	234	40000	40700	6000	{{"metal_resist_v",2548,0,0}}
1	235	40000	40900	6000	{{"metal_resist_v",2560,0,0}}
1	236	40000	41100	6000	{{"metal_resist_v",2572,0,0}}
1	237	40000	41300	6000	{{"metal_resist_v",2584,0,0}}
1	238	40000	41500	6000	{{"metal_resist_v",2596,0,0}}
1	239	40000	41700	6000	{{"metal_resist_v",2608,0,0}}
1	240	40000	41900	6000	{{"metal_resist_v",2620,0,0}}
1	241	40000	42100	6000	{{"metal_resist_v",2632,0,0}}
1	242	40000	42300	6000	{{"metal_resist_v",2644,0,0}}
1	243	40000	42500	6000	{{"metal_resist_v",2656,0,0}}
1	244	40000	42700	6000	{{"metal_resist_v",2668,0,0}}
1	245	40000	42900	6000	{{"metal_resist_v",2680,0,0}}
1	246	40000	43100	6000	{{"metal_resist_v",2692,0,0}}
1	247	40000	43300	6000	{{"metal_resist_v",2704,0,0}}
1	248	40000	43500	6000	{{"metal_resist_v",2716,0,0}}
1	249	40000	43700	6000	{{"metal_resist_v",2728,0,0}}
1	250	40000	43900	6000	{{"metal_resist_v",2740,0,0}}
1	251	40000	44100	6000	{{"metal_resist_v",2752,0,0}}
1	252	40000	44300	6000	{{"metal_resist_v",2764,0,0}}
1	253	40000	44500	6000	{{"metal_resist_v",2776,0,0}}
1	254	40000	44700	6000	{{"metal_resist_v",2788,0,0}}
1	255	40000	44900	6000	{{"metal_resist_v",2800,0,0}}
1	256	40000	45100	6000	{{"metal_resist_v",2812,0,0}}
1	257	40000	45300	6000	{{"metal_resist_v",2824,0,0}}
1	258	40000	45500	6000	{{"metal_resist_v",2836,0,0}}
1	259	40000	45700	6000	{{"metal_resist_v",2848,0,0}}
1	260	40000	45900	6000	{{"metal_resist_v",2860,0,0}}
1	261	40000	46100	6000	{{"metal_resist_v",2872,0,0}}
1	262	40000	46300	6000	{{"metal_resist_v",2884,0,0}}
1	263	40000	46500	6000	{{"metal_resist_v",2896,0,0}}
1	264	40000	46700	6000	{{"metal_resist_v",2908,0,0}}
1	265	40000	46900	6000	{{"metal_resist_v",2920,0,0}}
1	266	40000	47100	6000	{{"metal_resist_v",2932,0,0}}
1	267	40000	47300	6000	{{"metal_resist_v",2944,0,0}}
1	268	40000	47500	6000	{{"metal_resist_v",2956,0,0}}
1	269	40000	47700	6000	{{"metal_resist_v",2968,0,0}}
1	270	40000	47900	6000	{{"metal_resist_v",2980,0,0}}
1	271	40000	48100	6000	{{"metal_resist_v",2992,0,0}}
1	272	40000	48300	6000	{{"metal_resist_v",3004,0,0}}
1	273	40000	48500	6000	{{"metal_resist_v",3016,0,0}}
1	274	40000	48700	6000	{{"metal_resist_v",3028,0,0}}
1	275	40000	48900	6000	{{"metal_resist_v",3040,0,0}}
1	276	40000	49100	6000	{{"metal_resist_v",3052,0,0}}
1	277	40000	49300	6000	{{"metal_resist_v",3064,0,0}}
1	278	40000	49500	6000	{{"metal_resist_v",3076,0,0}}
1	279	40000	49700	6000	{{"metal_resist_v",3088,0,0}}
1	280	40000	49900	6000	{{"metal_resist_v",3100,0,0}}
2	1	6000	30	900	{{"wood_resist_v",1,0,0}}
2	2	6000	60	900	{{"wood_resist_v",2,0,0}}
2	3	6000	90	900	{{"wood_resist_v",3,0,0}}
2	4	6000	120	900	{{"wood_resist_v",4,0,0}}
2	5	6000	150	900	{{"wood_resist_v",5,0,0}}
2	6	6000	180	900	{{"wood_resist_v",6,0,0}}
2	7	6000	210	900	{{"wood_resist_v",7,0,0}}
2	8	6000	240	900	{{"wood_resist_v",8,0,0}}
2	9	6000	270	900	{{"wood_resist_v",9,0,0}}
2	10	6000	300	900	{{"wood_resist_v",10,0,0}}
2	11	8000	340	1200	{{"wood_resist_v",11,0,0}}
2	12	8000	380	1200	{{"wood_resist_v",12,0,0}}
2	13	8000	420	1200	{{"wood_resist_v",13,0,0}}
2	14	8000	460	1200	{{"wood_resist_v",14,0,0}}
2	15	8000	500	1200	{{"wood_resist_v",15,0,0}}
2	16	8000	540	1200	{{"wood_resist_v",16,0,0}}
2	17	8000	580	1200	{{"wood_resist_v",17,0,0}}
2	18	8000	620	1200	{{"wood_resist_v",18,0,0}}
2	19	8000	660	1200	{{"wood_resist_v",19,0,0}}
2	20	8000	700	1200	{{"wood_resist_v",20,0,0}}
2	21	12000	760	1800	{{"wood_resist_v",28,0,0}}
2	22	12000	820	1800	{{"wood_resist_v",36,0,0}}
2	23	12000	880	1800	{{"wood_resist_v",44,0,0}}
2	24	12000	940	1800	{{"wood_resist_v",52,0,0}}
2	25	12000	1000	1800	{{"wood_resist_v",60,0,0}}
2	26	12000	1060	1800	{{"wood_resist_v",68,0,0}}
2	27	12000	1120	1800	{{"wood_resist_v",76,0,0}}
2	28	12000	1180	1800	{{"wood_resist_v",84,0,0}}
2	29	12000	1240	1800	{{"wood_resist_v",92,0,0}}
2	30	12000	1300	1800	{{"wood_resist_v",100,0,0}}
2	31	20000	1400	3000	{{"wood_resist_v",109,0,0}}
2	32	20000	1500	3000	{{"wood_resist_v",118,0,0}}
2	33	20000	1600	3000	{{"wood_resist_v",127,0,0}}
2	34	20000	1700	3000	{{"wood_resist_v",136,0,0}}
2	35	20000	1800	3000	{{"wood_resist_v",145,0,0}}
2	36	20000	1900	3000	{{"wood_resist_v",154,0,0}}
2	37	20000	2000	3000	{{"wood_resist_v",163,0,0}}
2	38	20000	2100	3000	{{"wood_resist_v",172,0,0}}
2	39	20000	2200	3000	{{"wood_resist_v",181,0,0}}
2	40	20000	2300	3000	{{"wood_resist_v",190,0,0}}
2	41	32000	2460	4800	{{"wood_resist_v",205,0,0}}
2	42	32000	2620	4800	{{"wood_resist_v",220,0,0}}
2	43	32000	2780	4800	{{"wood_resist_v",235,0,0}}
2	44	32000	2940	4800	{{"wood_resist_v",250,0,0}}
2	45	32000	3100	4800	{{"wood_resist_v",265,0,0}}
2	46	32000	3260	4800	{{"wood_resist_v",280,0,0}}
2	47	32000	3420	4800	{{"wood_resist_v",295,0,0}}
2	48	32000	3580	4800	{{"wood_resist_v",310,0,0}}
2	49	32000	3740	4800	{{"wood_resist_v",325,0,0}}
2	50	32000	3900	4800	{{"wood_resist_v",340,0,0}}
2	51	40000	4100	6000	{{"wood_resist_v",352,0,0}}
2	52	40000	4300	6000	{{"wood_resist_v",364,0,0}}
2	53	40000	4500	6000	{{"wood_resist_v",376,0,0}}
2	54	40000	4700	6000	{{"wood_resist_v",388,0,0}}
2	55	40000	4900	6000	{{"wood_resist_v",400,0,0}}
2	56	40000	5100	6000	{{"wood_resist_v",412,0,0}}
2	57	40000	5300	6000	{{"wood_resist_v",424,0,0}}
2	58	40000	5500	6000	{{"wood_resist_v",436,0,0}}
2	59	40000	5700	6000	{{"wood_resist_v",448,0,0}}
2	60	40000	5900	6000	{{"wood_resist_v",460,0,0}}
2	61	40000	6100	6000	{{"wood_resist_v",472,0,0}}
2	62	40000	6300	6000	{{"wood_resist_v",484,0,0}}
2	63	40000	6500	6000	{{"wood_resist_v",496,0,0}}
2	64	40000	6700	6000	{{"wood_resist_v",508,0,0}}
2	65	40000	6900	6000	{{"wood_resist_v",520,0,0}}
2	66	40000	7100	6000	{{"wood_resist_v",532,0,0}}
2	67	40000	7300	6000	{{"wood_resist_v",544,0,0}}
2	68	40000	7500	6000	{{"wood_resist_v",556,0,0}}
2	69	40000	7700	6000	{{"wood_resist_v",568,0,0}}
2	70	40000	7900	6000	{{"wood_resist_v",580,0,0}}
2	71	40000	8100	6000	{{"wood_resist_v",592,0,0}}
2	72	40000	8300	6000	{{"wood_resist_v",604,0,0}}
2	73	40000	8500	6000	{{"wood_resist_v",616,0,0}}
2	74	40000	8700	6000	{{"wood_resist_v",628,0,0}}
2	75	40000	8900	6000	{{"wood_resist_v",640,0,0}}
2	76	40000	9100	6000	{{"wood_resist_v",652,0,0}}
2	77	40000	9300	6000	{{"wood_resist_v",664,0,0}}
2	78	40000	9500	6000	{{"wood_resist_v",676,0,0}}
2	79	40000	9700	6000	{{"wood_resist_v",688,0,0}}
2	80	40000	9900	6000	{{"wood_resist_v",700,0,0}}
2	81	40000	10100	6000	{{"wood_resist_v",712,0,0}}
2	82	40000	10300	6000	{{"wood_resist_v",724,0,0}}
2	83	40000	10500	6000	{{"wood_resist_v",736,0,0}}
2	84	40000	10700	6000	{{"wood_resist_v",748,0,0}}
2	85	40000	10900	6000	{{"wood_resist_v",760,0,0}}
2	86	40000	11100	6000	{{"wood_resist_v",772,0,0}}
2	87	40000	11300	6000	{{"wood_resist_v",784,0,0}}
2	88	40000	11500	6000	{{"wood_resist_v",796,0,0}}
2	89	40000	11700	6000	{{"wood_resist_v",808,0,0}}
2	90	40000	11900	6000	{{"wood_resist_v",820,0,0}}
2	91	40000	12100	6000	{{"wood_resist_v",832,0,0}}
2	92	40000	12300	6000	{{"wood_resist_v",844,0,0}}
2	93	40000	12500	6000	{{"wood_resist_v",856,0,0}}
2	94	40000	12700	6000	{{"wood_resist_v",868,0,0}}
2	95	40000	12900	6000	{{"wood_resist_v",880,0,0}}
2	96	40000	13100	6000	{{"wood_resist_v",892,0,0}}
2	97	40000	13300	6000	{{"wood_resist_v",904,0,0}}
2	98	40000	13500	6000	{{"wood_resist_v",916,0,0}}
2	99	40000	13700	6000	{{"wood_resist_v",928,0,0}}
2	100	40000	13900	6000	{{"wood_resist_v",940,0,0}}
2	101	40000	14100	6000	{{"wood_resist_v",952,0,0}}
2	102	40000	14300	6000	{{"wood_resist_v",964,0,0}}
2	103	40000	14500	6000	{{"wood_resist_v",976,0,0}}
2	104	40000	14700	6000	{{"wood_resist_v",988,0,0}}
2	105	40000	14900	6000	{{"wood_resist_v",1000,0,0}}
2	106	40000	15100	6000	{{"wood_resist_v",1012,0,0}}
2	107	40000	15300	6000	{{"wood_resist_v",1024,0,0}}
2	108	40000	15500	6000	{{"wood_resist_v",1036,0,0}}
2	109	40000	15700	6000	{{"wood_resist_v",1048,0,0}}
2	110	40000	15900	6000	{{"wood_resist_v",1060,0,0}}
2	111	40000	16100	6000	{{"wood_resist_v",1072,0,0}}
2	112	40000	16300	6000	{{"wood_resist_v",1084,0,0}}
2	113	40000	16500	6000	{{"wood_resist_v",1096,0,0}}
2	114	40000	16700	6000	{{"wood_resist_v",1108,0,0}}
2	115	40000	16900	6000	{{"wood_resist_v",1120,0,0}}
2	116	40000	17100	6000	{{"wood_resist_v",1132,0,0}}
2	117	40000	17300	6000	{{"wood_resist_v",1144,0,0}}
2	118	40000	17500	6000	{{"wood_resist_v",1156,0,0}}
2	119	40000	17700	6000	{{"wood_resist_v",1168,0,0}}
2	120	40000	17900	6000	{{"wood_resist_v",1180,0,0}}
2	121	40000	18100	6000	{{"wood_resist_v",1192,0,0}}
2	122	40000	18300	6000	{{"wood_resist_v",1204,0,0}}
2	123	40000	18500	6000	{{"wood_resist_v",1216,0,0}}
2	124	40000	18700	6000	{{"wood_resist_v",1228,0,0}}
2	125	40000	18900	6000	{{"wood_resist_v",1240,0,0}}
2	126	40000	19100	6000	{{"wood_resist_v",1252,0,0}}
2	127	40000	19300	6000	{{"wood_resist_v",1264,0,0}}
2	128	40000	19500	6000	{{"wood_resist_v",1276,0,0}}
2	129	40000	19700	6000	{{"wood_resist_v",1288,0,0}}
2	130	40000	19900	6000	{{"wood_resist_v",1300,0,0}}
2	131	40000	20100	6000	{{"wood_resist_v",1312,0,0}}
2	132	40000	20300	6000	{{"wood_resist_v",1324,0,0}}
2	133	40000	20500	6000	{{"wood_resist_v",1336,0,0}}
2	134	40000	20700	6000	{{"wood_resist_v",1348,0,0}}
2	135	40000	20900	6000	{{"wood_resist_v",1360,0,0}}
2	136	40000	21100	6000	{{"wood_resist_v",1372,0,0}}
2	137	40000	21300	6000	{{"wood_resist_v",1384,0,0}}
2	138	40000	21500	6000	{{"wood_resist_v",1396,0,0}}
2	139	40000	21700	6000	{{"wood_resist_v",1408,0,0}}
2	140	40000	21900	6000	{{"wood_resist_v",1420,0,0}}
2	141	40000	22100	6000	{{"wood_resist_v",1432,0,0}}
2	142	40000	22300	6000	{{"wood_resist_v",1444,0,0}}
2	143	40000	22500	6000	{{"wood_resist_v",1456,0,0}}
2	144	40000	22700	6000	{{"wood_resist_v",1468,0,0}}
2	145	40000	22900	6000	{{"wood_resist_v",1480,0,0}}
2	146	40000	23100	6000	{{"wood_resist_v",1492,0,0}}
2	147	40000	23300	6000	{{"wood_resist_v",1504,0,0}}
2	148	40000	23500	6000	{{"wood_resist_v",1516,0,0}}
2	149	40000	23700	6000	{{"wood_resist_v",1528,0,0}}
2	150	40000	23900	6000	{{"wood_resist_v",1540,0,0}}
2	151	40000	24100	6000	{{"wood_resist_v",1552,0,0}}
2	152	40000	24300	6000	{{"wood_resist_v",1564,0,0}}
2	153	40000	24500	6000	{{"wood_resist_v",1576,0,0}}
2	154	40000	24700	6000	{{"wood_resist_v",1588,0,0}}
2	155	40000	24900	6000	{{"wood_resist_v",1600,0,0}}
2	156	40000	25100	6000	{{"wood_resist_v",1612,0,0}}
2	157	40000	25300	6000	{{"wood_resist_v",1624,0,0}}
2	158	40000	25500	6000	{{"wood_resist_v",1636,0,0}}
2	159	40000	25700	6000	{{"wood_resist_v",1648,0,0}}
2	160	40000	25900	6000	{{"wood_resist_v",1660,0,0}}
2	161	40000	26100	6000	{{"wood_resist_v",1672,0,0}}
2	162	40000	26300	6000	{{"wood_resist_v",1684,0,0}}
2	163	40000	26500	6000	{{"wood_resist_v",1696,0,0}}
2	164	40000	26700	6000	{{"wood_resist_v",1708,0,0}}
2	165	40000	26900	6000	{{"wood_resist_v",1720,0,0}}
2	166	40000	27100	6000	{{"wood_resist_v",1732,0,0}}
2	167	40000	27300	6000	{{"wood_resist_v",1744,0,0}}
2	168	40000	27500	6000	{{"wood_resist_v",1756,0,0}}
2	169	40000	27700	6000	{{"wood_resist_v",1768,0,0}}
2	170	40000	27900	6000	{{"wood_resist_v",1780,0,0}}
2	171	40000	28100	6000	{{"wood_resist_v",1792,0,0}}
2	172	40000	28300	6000	{{"wood_resist_v",1804,0,0}}
2	173	40000	28500	6000	{{"wood_resist_v",1816,0,0}}
2	174	40000	28700	6000	{{"wood_resist_v",1828,0,0}}
2	175	40000	28900	6000	{{"wood_resist_v",1840,0,0}}
2	176	40000	29100	6000	{{"wood_resist_v",1852,0,0}}
2	177	40000	29300	6000	{{"wood_resist_v",1864,0,0}}
2	178	40000	29500	6000	{{"wood_resist_v",1876,0,0}}
2	179	40000	29700	6000	{{"wood_resist_v",1888,0,0}}
2	180	40000	29900	6000	{{"wood_resist_v",1900,0,0}}
2	181	40000	30100	6000	{{"wood_resist_v",1912,0,0}}
2	182	40000	30300	6000	{{"wood_resist_v",1924,0,0}}
2	183	40000	30500	6000	{{"wood_resist_v",1936,0,0}}
2	184	40000	30700	6000	{{"wood_resist_v",1948,0,0}}
2	185	40000	30900	6000	{{"wood_resist_v",1960,0,0}}
2	186	40000	31100	6000	{{"wood_resist_v",1972,0,0}}
2	187	40000	31300	6000	{{"wood_resist_v",1984,0,0}}
2	188	40000	31500	6000	{{"wood_resist_v",1996,0,0}}
2	189	40000	31700	6000	{{"wood_resist_v",2008,0,0}}
2	190	40000	31900	6000	{{"wood_resist_v",2020,0,0}}
2	191	40000	32100	6000	{{"wood_resist_v",2032,0,0}}
2	192	40000	32300	6000	{{"wood_resist_v",2044,0,0}}
2	193	40000	32500	6000	{{"wood_resist_v",2056,0,0}}
2	194	40000	32700	6000	{{"wood_resist_v",2068,0,0}}
2	195	40000	32900	6000	{{"wood_resist_v",2080,0,0}}
2	196	40000	33100	6000	{{"wood_resist_v",2092,0,0}}
2	197	40000	33300	6000	{{"wood_resist_v",2104,0,0}}
2	198	40000	33500	6000	{{"wood_resist_v",2116,0,0}}
2	199	40000	33700	6000	{{"wood_resist_v",2128,0,0}}
2	200	40000	33900	6000	{{"wood_resist_v",2140,0,0}}
2	201	40000	34100	6000	{{"wood_resist_v",2152,0,0}}
2	202	40000	34300	6000	{{"wood_resist_v",2164,0,0}}
2	203	40000	34500	6000	{{"wood_resist_v",2176,0,0}}
2	204	40000	34700	6000	{{"wood_resist_v",2188,0,0}}
2	205	40000	34900	6000	{{"wood_resist_v",2200,0,0}}
2	206	40000	35100	6000	{{"wood_resist_v",2212,0,0}}
2	207	40000	35300	6000	{{"wood_resist_v",2224,0,0}}
2	208	40000	35500	6000	{{"wood_resist_v",2236,0,0}}
2	209	40000	35700	6000	{{"wood_resist_v",2248,0,0}}
2	210	40000	35900	6000	{{"wood_resist_v",2260,0,0}}
2	211	40000	36100	6000	{{"wood_resist_v",2272,0,0}}
2	212	40000	36300	6000	{{"wood_resist_v",2284,0,0}}
2	213	40000	36500	6000	{{"wood_resist_v",2296,0,0}}
2	214	40000	36700	6000	{{"wood_resist_v",2308,0,0}}
2	215	40000	36900	6000	{{"wood_resist_v",2320,0,0}}
2	216	40000	37100	6000	{{"wood_resist_v",2332,0,0}}
2	217	40000	37300	6000	{{"wood_resist_v",2344,0,0}}
2	218	40000	37500	6000	{{"wood_resist_v",2356,0,0}}
2	219	40000	37700	6000	{{"wood_resist_v",2368,0,0}}
2	220	40000	37900	6000	{{"wood_resist_v",2380,0,0}}
2	221	40000	38100	6000	{{"wood_resist_v",2392,0,0}}
2	222	40000	38300	6000	{{"wood_resist_v",2404,0,0}}
2	223	40000	38500	6000	{{"wood_resist_v",2416,0,0}}
2	224	40000	38700	6000	{{"wood_resist_v",2428,0,0}}
2	225	40000	38900	6000	{{"wood_resist_v",2440,0,0}}
2	226	40000	39100	6000	{{"wood_resist_v",2452,0,0}}
2	227	40000	39300	6000	{{"wood_resist_v",2464,0,0}}
2	228	40000	39500	6000	{{"wood_resist_v",2476,0,0}}
2	229	40000	39700	6000	{{"wood_resist_v",2488,0,0}}
2	230	40000	39900	6000	{{"wood_resist_v",2500,0,0}}
2	231	40000	40100	6000	{{"wood_resist_v",2512,0,0}}
2	232	40000	40300	6000	{{"wood_resist_v",2524,0,0}}
2	233	40000	40500	6000	{{"wood_resist_v",2536,0,0}}
2	234	40000	40700	6000	{{"wood_resist_v",2548,0,0}}
2	235	40000	40900	6000	{{"wood_resist_v",2560,0,0}}
2	236	40000	41100	6000	{{"wood_resist_v",2572,0,0}}
2	237	40000	41300	6000	{{"wood_resist_v",2584,0,0}}
2	238	40000	41500	6000	{{"wood_resist_v",2596,0,0}}
2	239	40000	41700	6000	{{"wood_resist_v",2608,0,0}}
2	240	40000	41900	6000	{{"wood_resist_v",2620,0,0}}
2	241	40000	42100	6000	{{"wood_resist_v",2632,0,0}}
2	242	40000	42300	6000	{{"wood_resist_v",2644,0,0}}
2	243	40000	42500	6000	{{"wood_resist_v",2656,0,0}}
2	244	40000	42700	6000	{{"wood_resist_v",2668,0,0}}
2	245	40000	42900	6000	{{"wood_resist_v",2680,0,0}}
2	246	40000	43100	6000	{{"wood_resist_v",2692,0,0}}
2	247	40000	43300	6000	{{"wood_resist_v",2704,0,0}}
2	248	40000	43500	6000	{{"wood_resist_v",2716,0,0}}
2	249	40000	43700	6000	{{"wood_resist_v",2728,0,0}}
2	250	40000	43900	6000	{{"wood_resist_v",2740,0,0}}
2	251	40000	44100	6000	{{"wood_resist_v",2752,0,0}}
2	252	40000	44300	6000	{{"wood_resist_v",2764,0,0}}
2	253	40000	44500	6000	{{"wood_resist_v",2776,0,0}}
2	254	40000	44700	6000	{{"wood_resist_v",2788,0,0}}
2	255	40000	44900	6000	{{"wood_resist_v",2800,0,0}}
2	256	40000	45100	6000	{{"wood_resist_v",2812,0,0}}
2	257	40000	45300	6000	{{"wood_resist_v",2824,0,0}}
2	258	40000	45500	6000	{{"wood_resist_v",2836,0,0}}
2	259	40000	45700	6000	{{"wood_resist_v",2848,0,0}}
2	260	40000	45900	6000	{{"wood_resist_v",2860,0,0}}
2	261	40000	46100	6000	{{"wood_resist_v",2872,0,0}}
2	262	40000	46300	6000	{{"wood_resist_v",2884,0,0}}
2	263	40000	46500	6000	{{"wood_resist_v",2896,0,0}}
2	264	40000	46700	6000	{{"wood_resist_v",2908,0,0}}
2	265	40000	46900	6000	{{"wood_resist_v",2920,0,0}}
2	266	40000	47100	6000	{{"wood_resist_v",2932,0,0}}
2	267	40000	47300	6000	{{"wood_resist_v",2944,0,0}}
2	268	40000	47500	6000	{{"wood_resist_v",2956,0,0}}
2	269	40000	47700	6000	{{"wood_resist_v",2968,0,0}}
2	270	40000	47900	6000	{{"wood_resist_v",2980,0,0}}
2	271	40000	48100	6000	{{"wood_resist_v",2992,0,0}}
2	272	40000	48300	6000	{{"wood_resist_v",3004,0,0}}
2	273	40000	48500	6000	{{"wood_resist_v",3016,0,0}}
2	274	40000	48700	6000	{{"wood_resist_v",3028,0,0}}
2	275	40000	48900	6000	{{"wood_resist_v",3040,0,0}}
2	276	40000	49100	6000	{{"wood_resist_v",3052,0,0}}
2	277	40000	49300	6000	{{"wood_resist_v",3064,0,0}}
2	278	40000	49500	6000	{{"wood_resist_v",3076,0,0}}
2	279	40000	49700	6000	{{"wood_resist_v",3088,0,0}}
2	280	40000	49900	6000	{{"wood_resist_v",3100,0,0}}
3	1	6000	30	900	{{"water_resist_v",1,0,0}}
3	2	6000	60	900	{{"water_resist_v",2,0,0}}
3	3	6000	90	900	{{"water_resist_v",3,0,0}}
3	4	6000	120	900	{{"water_resist_v",4,0,0}}
3	5	6000	150	900	{{"water_resist_v",5,0,0}}
3	6	6000	180	900	{{"water_resist_v",6,0,0}}
3	7	6000	210	900	{{"water_resist_v",7,0,0}}
3	8	6000	240	900	{{"water_resist_v",8,0,0}}
3	9	6000	270	900	{{"water_resist_v",9,0,0}}
3	10	6000	300	900	{{"water_resist_v",10,0,0}}
3	11	8000	340	1200	{{"water_resist_v",11,0,0}}
3	12	8000	380	1200	{{"water_resist_v",12,0,0}}
3	13	8000	420	1200	{{"water_resist_v",13,0,0}}
3	14	8000	460	1200	{{"water_resist_v",14,0,0}}
3	15	8000	500	1200	{{"water_resist_v",15,0,0}}
3	16	8000	540	1200	{{"water_resist_v",16,0,0}}
3	17	8000	580	1200	{{"water_resist_v",17,0,0}}
3	18	8000	620	1200	{{"water_resist_v",18,0,0}}
3	19	8000	660	1200	{{"water_resist_v",19,0,0}}
3	20	8000	700	1200	{{"water_resist_v",20,0,0}}
3	21	12000	760	1800	{{"water_resist_v",28,0,0}}
3	22	12000	820	1800	{{"water_resist_v",36,0,0}}
3	23	12000	880	1800	{{"water_resist_v",44,0,0}}
3	24	12000	940	1800	{{"water_resist_v",52,0,0}}
3	25	12000	1000	1800	{{"water_resist_v",60,0,0}}
3	26	12000	1060	1800	{{"water_resist_v",68,0,0}}
3	27	12000	1120	1800	{{"water_resist_v",76,0,0}}
3	28	12000	1180	1800	{{"water_resist_v",84,0,0}}
3	29	12000	1240	1800	{{"water_resist_v",92,0,0}}
3	30	12000	1300	1800	{{"water_resist_v",100,0,0}}
3	31	20000	1400	3000	{{"water_resist_v",109,0,0}}
3	32	20000	1500	3000	{{"water_resist_v",118,0,0}}
3	33	20000	1600	3000	{{"water_resist_v",127,0,0}}
3	34	20000	1700	3000	{{"water_resist_v",136,0,0}}
3	35	20000	1800	3000	{{"water_resist_v",145,0,0}}
3	36	20000	1900	3000	{{"water_resist_v",154,0,0}}
3	37	20000	2000	3000	{{"water_resist_v",163,0,0}}
3	38	20000	2100	3000	{{"water_resist_v",172,0,0}}
3	39	20000	2200	3000	{{"water_resist_v",181,0,0}}
3	40	20000	2300	3000	{{"water_resist_v",190,0,0}}
3	41	32000	2460	4800	{{"water_resist_v",205,0,0}}
3	42	32000	2620	4800	{{"water_resist_v",220,0,0}}
3	43	32000	2780	4800	{{"water_resist_v",235,0,0}}
3	44	32000	2940	4800	{{"water_resist_v",250,0,0}}
3	45	32000	3100	4800	{{"water_resist_v",265,0,0}}
3	46	32000	3260	4800	{{"water_resist_v",280,0,0}}
3	47	32000	3420	4800	{{"water_resist_v",295,0,0}}
3	48	32000	3580	4800	{{"water_resist_v",310,0,0}}
3	49	32000	3740	4800	{{"water_resist_v",325,0,0}}
3	50	32000	3900	4800	{{"water_resist_v",340,0,0}}
3	51	40000	4100	6000	{{"water_resist_v",352,0,0}}
3	52	40000	4300	6000	{{"water_resist_v",364,0,0}}
3	53	40000	4500	6000	{{"water_resist_v",376,0,0}}
3	54	40000	4700	6000	{{"water_resist_v",388,0,0}}
3	55	40000	4900	6000	{{"water_resist_v",400,0,0}}
3	56	40000	5100	6000	{{"water_resist_v",412,0,0}}
3	57	40000	5300	6000	{{"water_resist_v",424,0,0}}
3	58	40000	5500	6000	{{"water_resist_v",436,0,0}}
3	59	40000	5700	6000	{{"water_resist_v",448,0,0}}
3	60	40000	5900	6000	{{"water_resist_v",460,0,0}}
3	61	40000	6100	6000	{{"water_resist_v",472,0,0}}
3	62	40000	6300	6000	{{"water_resist_v",484,0,0}}
3	63	40000	6500	6000	{{"water_resist_v",496,0,0}}
3	64	40000	6700	6000	{{"water_resist_v",508,0,0}}
3	65	40000	6900	6000	{{"water_resist_v",520,0,0}}
3	66	40000	7100	6000	{{"water_resist_v",532,0,0}}
3	67	40000	7300	6000	{{"water_resist_v",544,0,0}}
3	68	40000	7500	6000	{{"water_resist_v",556,0,0}}
3	69	40000	7700	6000	{{"water_resist_v",568,0,0}}
3	70	40000	7900	6000	{{"water_resist_v",580,0,0}}
3	71	40000	8100	6000	{{"water_resist_v",592,0,0}}
3	72	40000	8300	6000	{{"water_resist_v",604,0,0}}
3	73	40000	8500	6000	{{"water_resist_v",616,0,0}}
3	74	40000	8700	6000	{{"water_resist_v",628,0,0}}
3	75	40000	8900	6000	{{"water_resist_v",640,0,0}}
3	76	40000	9100	6000	{{"water_resist_v",652,0,0}}
3	77	40000	9300	6000	{{"water_resist_v",664,0,0}}
3	78	40000	9500	6000	{{"water_resist_v",676,0,0}}
3	79	40000	9700	6000	{{"water_resist_v",688,0,0}}
3	80	40000	9900	6000	{{"water_resist_v",700,0,0}}
3	81	40000	10100	6000	{{"water_resist_v",712,0,0}}
3	82	40000	10300	6000	{{"water_resist_v",724,0,0}}
3	83	40000	10500	6000	{{"water_resist_v",736,0,0}}
3	84	40000	10700	6000	{{"water_resist_v",748,0,0}}
3	85	40000	10900	6000	{{"water_resist_v",760,0,0}}
3	86	40000	11100	6000	{{"water_resist_v",772,0,0}}
3	87	40000	11300	6000	{{"water_resist_v",784,0,0}}
3	88	40000	11500	6000	{{"water_resist_v",796,0,0}}
3	89	40000	11700	6000	{{"water_resist_v",808,0,0}}
3	90	40000	11900	6000	{{"water_resist_v",820,0,0}}
3	91	40000	12100	6000	{{"water_resist_v",832,0,0}}
3	92	40000	12300	6000	{{"water_resist_v",844,0,0}}
3	93	40000	12500	6000	{{"water_resist_v",856,0,0}}
3	94	40000	12700	6000	{{"water_resist_v",868,0,0}}
3	95	40000	12900	6000	{{"water_resist_v",880,0,0}}
3	96	40000	13100	6000	{{"water_resist_v",892,0,0}}
3	97	40000	13300	6000	{{"water_resist_v",904,0,0}}
3	98	40000	13500	6000	{{"water_resist_v",916,0,0}}
3	99	40000	13700	6000	{{"water_resist_v",928,0,0}}
3	100	40000	13900	6000	{{"water_resist_v",940,0,0}}
3	101	40000	14100	6000	{{"water_resist_v",952,0,0}}
3	102	40000	14300	6000	{{"water_resist_v",964,0,0}}
3	103	40000	14500	6000	{{"water_resist_v",976,0,0}}
3	104	40000	14700	6000	{{"water_resist_v",988,0,0}}
3	105	40000	14900	6000	{{"water_resist_v",1000,0,0}}
3	106	40000	15100	6000	{{"water_resist_v",1012,0,0}}
3	107	40000	15300	6000	{{"water_resist_v",1024,0,0}}
3	108	40000	15500	6000	{{"water_resist_v",1036,0,0}}
3	109	40000	15700	6000	{{"water_resist_v",1048,0,0}}
3	110	40000	15900	6000	{{"water_resist_v",1060,0,0}}
3	111	40000	16100	6000	{{"water_resist_v",1072,0,0}}
3	112	40000	16300	6000	{{"water_resist_v",1084,0,0}}
3	113	40000	16500	6000	{{"water_resist_v",1096,0,0}}
3	114	40000	16700	6000	{{"water_resist_v",1108,0,0}}
3	115	40000	16900	6000	{{"water_resist_v",1120,0,0}}
3	116	40000	17100	6000	{{"water_resist_v",1132,0,0}}
3	117	40000	17300	6000	{{"water_resist_v",1144,0,0}}
3	118	40000	17500	6000	{{"water_resist_v",1156,0,0}}
3	119	40000	17700	6000	{{"water_resist_v",1168,0,0}}
3	120	40000	17900	6000	{{"water_resist_v",1180,0,0}}
3	121	40000	18100	6000	{{"water_resist_v",1192,0,0}}
3	122	40000	18300	6000	{{"water_resist_v",1204,0,0}}
3	123	40000	18500	6000	{{"water_resist_v",1216,0,0}}
3	124	40000	18700	6000	{{"water_resist_v",1228,0,0}}
3	125	40000	18900	6000	{{"water_resist_v",1240,0,0}}
3	126	40000	19100	6000	{{"water_resist_v",1252,0,0}}
3	127	40000	19300	6000	{{"water_resist_v",1264,0,0}}
3	128	40000	19500	6000	{{"water_resist_v",1276,0,0}}
3	129	40000	19700	6000	{{"water_resist_v",1288,0,0}}
3	130	40000	19900	6000	{{"water_resist_v",1300,0,0}}
3	131	40000	20100	6000	{{"water_resist_v",1312,0,0}}
3	132	40000	20300	6000	{{"water_resist_v",1324,0,0}}
3	133	40000	20500	6000	{{"water_resist_v",1336,0,0}}
3	134	40000	20700	6000	{{"water_resist_v",1348,0,0}}
3	135	40000	20900	6000	{{"water_resist_v",1360,0,0}}
3	136	40000	21100	6000	{{"water_resist_v",1372,0,0}}
3	137	40000	21300	6000	{{"water_resist_v",1384,0,0}}
3	138	40000	21500	6000	{{"water_resist_v",1396,0,0}}
3	139	40000	21700	6000	{{"water_resist_v",1408,0,0}}
3	140	40000	21900	6000	{{"water_resist_v",1420,0,0}}
3	141	40000	22100	6000	{{"water_resist_v",1432,0,0}}
3	142	40000	22300	6000	{{"water_resist_v",1444,0,0}}
3	143	40000	22500	6000	{{"water_resist_v",1456,0,0}}
3	144	40000	22700	6000	{{"water_resist_v",1468,0,0}}
3	145	40000	22900	6000	{{"water_resist_v",1480,0,0}}
3	146	40000	23100	6000	{{"water_resist_v",1492,0,0}}
3	147	40000	23300	6000	{{"water_resist_v",1504,0,0}}
3	148	40000	23500	6000	{{"water_resist_v",1516,0,0}}
3	149	40000	23700	6000	{{"water_resist_v",1528,0,0}}
3	150	40000	23900	6000	{{"water_resist_v",1540,0,0}}
3	151	40000	24100	6000	{{"water_resist_v",1552,0,0}}
3	152	40000	24300	6000	{{"water_resist_v",1564,0,0}}
3	153	40000	24500	6000	{{"water_resist_v",1576,0,0}}
3	154	40000	24700	6000	{{"water_resist_v",1588,0,0}}
3	155	40000	24900	6000	{{"water_resist_v",1600,0,0}}
3	156	40000	25100	6000	{{"water_resist_v",1612,0,0}}
3	157	40000	25300	6000	{{"water_resist_v",1624,0,0}}
3	158	40000	25500	6000	{{"water_resist_v",1636,0,0}}
3	159	40000	25700	6000	{{"water_resist_v",1648,0,0}}
3	160	40000	25900	6000	{{"water_resist_v",1660,0,0}}
3	161	40000	26100	6000	{{"water_resist_v",1672,0,0}}
3	162	40000	26300	6000	{{"water_resist_v",1684,0,0}}
3	163	40000	26500	6000	{{"water_resist_v",1696,0,0}}
3	164	40000	26700	6000	{{"water_resist_v",1708,0,0}}
3	165	40000	26900	6000	{{"water_resist_v",1720,0,0}}
3	166	40000	27100	6000	{{"water_resist_v",1732,0,0}}
3	167	40000	27300	6000	{{"water_resist_v",1744,0,0}}
3	168	40000	27500	6000	{{"water_resist_v",1756,0,0}}
3	169	40000	27700	6000	{{"water_resist_v",1768,0,0}}
3	170	40000	27900	6000	{{"water_resist_v",1780,0,0}}
3	171	40000	28100	6000	{{"water_resist_v",1792,0,0}}
3	172	40000	28300	6000	{{"water_resist_v",1804,0,0}}
3	173	40000	28500	6000	{{"water_resist_v",1816,0,0}}
3	174	40000	28700	6000	{{"water_resist_v",1828,0,0}}
3	175	40000	28900	6000	{{"water_resist_v",1840,0,0}}
3	176	40000	29100	6000	{{"water_resist_v",1852,0,0}}
3	177	40000	29300	6000	{{"water_resist_v",1864,0,0}}
3	178	40000	29500	6000	{{"water_resist_v",1876,0,0}}
3	179	40000	29700	6000	{{"water_resist_v",1888,0,0}}
3	180	40000	29900	6000	{{"water_resist_v",1900,0,0}}
3	181	40000	30100	6000	{{"water_resist_v",1912,0,0}}
3	182	40000	30300	6000	{{"water_resist_v",1924,0,0}}
3	183	40000	30500	6000	{{"water_resist_v",1936,0,0}}
3	184	40000	30700	6000	{{"water_resist_v",1948,0,0}}
3	185	40000	30900	6000	{{"water_resist_v",1960,0,0}}
3	186	40000	31100	6000	{{"water_resist_v",1972,0,0}}
3	187	40000	31300	6000	{{"water_resist_v",1984,0,0}}
3	188	40000	31500	6000	{{"water_resist_v",1996,0,0}}
3	189	40000	31700	6000	{{"water_resist_v",2008,0,0}}
3	190	40000	31900	6000	{{"water_resist_v",2020,0,0}}
3	191	40000	32100	6000	{{"water_resist_v",2032,0,0}}
3	192	40000	32300	6000	{{"water_resist_v",2044,0,0}}
3	193	40000	32500	6000	{{"water_resist_v",2056,0,0}}
3	194	40000	32700	6000	{{"water_resist_v",2068,0,0}}
3	195	40000	32900	6000	{{"water_resist_v",2080,0,0}}
3	196	40000	33100	6000	{{"water_resist_v",2092,0,0}}
3	197	40000	33300	6000	{{"water_resist_v",2104,0,0}}
3	198	40000	33500	6000	{{"water_resist_v",2116,0,0}}
3	199	40000	33700	6000	{{"water_resist_v",2128,0,0}}
3	200	40000	33900	6000	{{"water_resist_v",2140,0,0}}
3	201	40000	34100	6000	{{"water_resist_v",2152,0,0}}
3	202	40000	34300	6000	{{"water_resist_v",2164,0,0}}
3	203	40000	34500	6000	{{"water_resist_v",2176,0,0}}
3	204	40000	34700	6000	{{"water_resist_v",2188,0,0}}
3	205	40000	34900	6000	{{"water_resist_v",2200,0,0}}
3	206	40000	35100	6000	{{"water_resist_v",2212,0,0}}
3	207	40000	35300	6000	{{"water_resist_v",2224,0,0}}
3	208	40000	35500	6000	{{"water_resist_v",2236,0,0}}
3	209	40000	35700	6000	{{"water_resist_v",2248,0,0}}
3	210	40000	35900	6000	{{"water_resist_v",2260,0,0}}
3	211	40000	36100	6000	{{"water_resist_v",2272,0,0}}
3	212	40000	36300	6000	{{"water_resist_v",2284,0,0}}
3	213	40000	36500	6000	{{"water_resist_v",2296,0,0}}
3	214	40000	36700	6000	{{"water_resist_v",2308,0,0}}
3	215	40000	36900	6000	{{"water_resist_v",2320,0,0}}
3	216	40000	37100	6000	{{"water_resist_v",2332,0,0}}
3	217	40000	37300	6000	{{"water_resist_v",2344,0,0}}
3	218	40000	37500	6000	{{"water_resist_v",2356,0,0}}
3	219	40000	37700	6000	{{"water_resist_v",2368,0,0}}
3	220	40000	37900	6000	{{"water_resist_v",2380,0,0}}
3	221	40000	38100	6000	{{"water_resist_v",2392,0,0}}
3	222	40000	38300	6000	{{"water_resist_v",2404,0,0}}
3	223	40000	38500	6000	{{"water_resist_v",2416,0,0}}
3	224	40000	38700	6000	{{"water_resist_v",2428,0,0}}
3	225	40000	38900	6000	{{"water_resist_v",2440,0,0}}
3	226	40000	39100	6000	{{"water_resist_v",2452,0,0}}
3	227	40000	39300	6000	{{"water_resist_v",2464,0,0}}
3	228	40000	39500	6000	{{"water_resist_v",2476,0,0}}
3	229	40000	39700	6000	{{"water_resist_v",2488,0,0}}
3	230	40000	39900	6000	{{"water_resist_v",2500,0,0}}
3	231	40000	40100	6000	{{"water_resist_v",2512,0,0}}
3	232	40000	40300	6000	{{"water_resist_v",2524,0,0}}
3	233	40000	40500	6000	{{"water_resist_v",2536,0,0}}
3	234	40000	40700	6000	{{"water_resist_v",2548,0,0}}
3	235	40000	40900	6000	{{"water_resist_v",2560,0,0}}
3	236	40000	41100	6000	{{"water_resist_v",2572,0,0}}
3	237	40000	41300	6000	{{"water_resist_v",2584,0,0}}
3	238	40000	41500	6000	{{"water_resist_v",2596,0,0}}
3	239	40000	41700	6000	{{"water_resist_v",2608,0,0}}
3	240	40000	41900	6000	{{"water_resist_v",2620,0,0}}
3	241	40000	42100	6000	{{"water_resist_v",2632,0,0}}
3	242	40000	42300	6000	{{"water_resist_v",2644,0,0}}
3	243	40000	42500	6000	{{"water_resist_v",2656,0,0}}
3	244	40000	42700	6000	{{"water_resist_v",2668,0,0}}
3	245	40000	42900	6000	{{"water_resist_v",2680,0,0}}
3	246	40000	43100	6000	{{"water_resist_v",2692,0,0}}
3	247	40000	43300	6000	{{"water_resist_v",2704,0,0}}
3	248	40000	43500	6000	{{"water_resist_v",2716,0,0}}
3	249	40000	43700	6000	{{"water_resist_v",2728,0,0}}
3	250	40000	43900	6000	{{"water_resist_v",2740,0,0}}
3	251	40000	44100	6000	{{"water_resist_v",2752,0,0}}
3	252	40000	44300	6000	{{"water_resist_v",2764,0,0}}
3	253	40000	44500	6000	{{"water_resist_v",2776,0,0}}
3	254	40000	44700	6000	{{"water_resist_v",2788,0,0}}
3	255	40000	44900	6000	{{"water_resist_v",2800,0,0}}
3	256	40000	45100	6000	{{"water_resist_v",2812,0,0}}
3	257	40000	45300	6000	{{"water_resist_v",2824,0,0}}
3	258	40000	45500	6000	{{"water_resist_v",2836,0,0}}
3	259	40000	45700	6000	{{"water_resist_v",2848,0,0}}
3	260	40000	45900	6000	{{"water_resist_v",2860,0,0}}
3	261	40000	46100	6000	{{"water_resist_v",2872,0,0}}
3	262	40000	46300	6000	{{"water_resist_v",2884,0,0}}
3	263	40000	46500	6000	{{"water_resist_v",2896,0,0}}
3	264	40000	46700	6000	{{"water_resist_v",2908,0,0}}
3	265	40000	46900	6000	{{"water_resist_v",2920,0,0}}
3	266	40000	47100	6000	{{"water_resist_v",2932,0,0}}
3	267	40000	47300	6000	{{"water_resist_v",2944,0,0}}
3	268	40000	47500	6000	{{"water_resist_v",2956,0,0}}
3	269	40000	47700	6000	{{"water_resist_v",2968,0,0}}
3	270	40000	47900	6000	{{"water_resist_v",2980,0,0}}
3	271	40000	48100	6000	{{"water_resist_v",2992,0,0}}
3	272	40000	48300	6000	{{"water_resist_v",3004,0,0}}
3	273	40000	48500	6000	{{"water_resist_v",3016,0,0}}
3	274	40000	48700	6000	{{"water_resist_v",3028,0,0}}
3	275	40000	48900	6000	{{"water_resist_v",3040,0,0}}
3	276	40000	49100	6000	{{"water_resist_v",3052,0,0}}
3	277	40000	49300	6000	{{"water_resist_v",3064,0,0}}
3	278	40000	49500	6000	{{"water_resist_v",3076,0,0}}
3	279	40000	49700	6000	{{"water_resist_v",3088,0,0}}
3	280	40000	49900	6000	{{"water_resist_v",3100,0,0}}
4	1	6000	30	900	{{"fire_resist_v",1,0,0}}
4	2	6000	60	900	{{"fire_resist_v",2,0,0}}
4	3	6000	90	900	{{"fire_resist_v",3,0,0}}
4	4	6000	120	900	{{"fire_resist_v",4,0,0}}
4	5	6000	150	900	{{"fire_resist_v",5,0,0}}
4	6	6000	180	900	{{"fire_resist_v",6,0,0}}
4	7	6000	210	900	{{"fire_resist_v",7,0,0}}
4	8	6000	240	900	{{"fire_resist_v",8,0,0}}
4	9	6000	270	900	{{"fire_resist_v",9,0,0}}
4	10	6000	300	900	{{"fire_resist_v",10,0,0}}
4	11	8000	340	1200	{{"fire_resist_v",11,0,0}}
4	12	8000	380	1200	{{"fire_resist_v",12,0,0}}
4	13	8000	420	1200	{{"fire_resist_v",13,0,0}}
4	14	8000	460	1200	{{"fire_resist_v",14,0,0}}
4	15	8000	500	1200	{{"fire_resist_v",15,0,0}}
4	16	8000	540	1200	{{"fire_resist_v",16,0,0}}
4	17	8000	580	1200	{{"fire_resist_v",17,0,0}}
4	18	8000	620	1200	{{"fire_resist_v",18,0,0}}
4	19	8000	660	1200	{{"fire_resist_v",19,0,0}}
4	20	8000	700	1200	{{"fire_resist_v",20,0,0}}
4	21	12000	760	1800	{{"fire_resist_v",28,0,0}}
4	22	12000	820	1800	{{"fire_resist_v",36,0,0}}
4	23	12000	880	1800	{{"fire_resist_v",44,0,0}}
4	24	12000	940	1800	{{"fire_resist_v",52,0,0}}
4	25	12000	1000	1800	{{"fire_resist_v",60,0,0}}
4	26	12000	1060	1800	{{"fire_resist_v",68,0,0}}
4	27	12000	1120	1800	{{"fire_resist_v",76,0,0}}
4	28	12000	1180	1800	{{"fire_resist_v",84,0,0}}
4	29	12000	1240	1800	{{"fire_resist_v",92,0,0}}
4	30	12000	1300	1800	{{"fire_resist_v",100,0,0}}
4	31	20000	1400	3000	{{"fire_resist_v",109,0,0}}
4	32	20000	1500	3000	{{"fire_resist_v",118,0,0}}
4	33	20000	1600	3000	{{"fire_resist_v",127,0,0}}
4	34	20000	1700	3000	{{"fire_resist_v",136,0,0}}
4	35	20000	1800	3000	{{"fire_resist_v",145,0,0}}
4	36	20000	1900	3000	{{"fire_resist_v",154,0,0}}
4	37	20000	2000	3000	{{"fire_resist_v",163,0,0}}
4	38	20000	2100	3000	{{"fire_resist_v",172,0,0}}
4	39	20000	2200	3000	{{"fire_resist_v",181,0,0}}
4	40	20000	2300	3000	{{"fire_resist_v",190,0,0}}
4	41	32000	2460	4800	{{"fire_resist_v",205,0,0}}
4	42	32000	2620	4800	{{"fire_resist_v",220,0,0}}
4	43	32000	2780	4800	{{"fire_resist_v",235,0,0}}
4	44	32000	2940	4800	{{"fire_resist_v",250,0,0}}
4	45	32000	3100	4800	{{"fire_resist_v",265,0,0}}
4	46	32000	3260	4800	{{"fire_resist_v",280,0,0}}
4	47	32000	3420	4800	{{"fire_resist_v",295,0,0}}
4	48	32000	3580	4800	{{"fire_resist_v",310,0,0}}
4	49	32000	3740	4800	{{"fire_resist_v",325,0,0}}
4	50	32000	3900	4800	{{"fire_resist_v",340,0,0}}
4	51	40000	4100	6000	{{"fire_resist_v",352,0,0}}
4	52	40000	4300	6000	{{"fire_resist_v",364,0,0}}
4	53	40000	4500	6000	{{"fire_resist_v",376,0,0}}
4	54	40000	4700	6000	{{"fire_resist_v",388,0,0}}
4	55	40000	4900	6000	{{"fire_resist_v",400,0,0}}
4	56	40000	5100	6000	{{"fire_resist_v",412,0,0}}
4	57	40000	5300	6000	{{"fire_resist_v",424,0,0}}
4	58	40000	5500	6000	{{"fire_resist_v",436,0,0}}
4	59	40000	5700	6000	{{"fire_resist_v",448,0,0}}
4	60	40000	5900	6000	{{"fire_resist_v",460,0,0}}
4	61	40000	6100	6000	{{"fire_resist_v",472,0,0}}
4	62	40000	6300	6000	{{"fire_resist_v",484,0,0}}
4	63	40000	6500	6000	{{"fire_resist_v",496,0,0}}
4	64	40000	6700	6000	{{"fire_resist_v",508,0,0}}
4	65	40000	6900	6000	{{"fire_resist_v",520,0,0}}
4	66	40000	7100	6000	{{"fire_resist_v",532,0,0}}
4	67	40000	7300	6000	{{"fire_resist_v",544,0,0}}
4	68	40000	7500	6000	{{"fire_resist_v",556,0,0}}
4	69	40000	7700	6000	{{"fire_resist_v",568,0,0}}
4	70	40000	7900	6000	{{"fire_resist_v",580,0,0}}
4	71	40000	8100	6000	{{"fire_resist_v",592,0,0}}
4	72	40000	8300	6000	{{"fire_resist_v",604,0,0}}
4	73	40000	8500	6000	{{"fire_resist_v",616,0,0}}
4	74	40000	8700	6000	{{"fire_resist_v",628,0,0}}
4	75	40000	8900	6000	{{"fire_resist_v",640,0,0}}
4	76	40000	9100	6000	{{"fire_resist_v",652,0,0}}
4	77	40000	9300	6000	{{"fire_resist_v",664,0,0}}
4	78	40000	9500	6000	{{"fire_resist_v",676,0,0}}
4	79	40000	9700	6000	{{"fire_resist_v",688,0,0}}
4	80	40000	9900	6000	{{"fire_resist_v",700,0,0}}
4	81	40000	10100	6000	{{"fire_resist_v",712,0,0}}
4	82	40000	10300	6000	{{"fire_resist_v",724,0,0}}
4	83	40000	10500	6000	{{"fire_resist_v",736,0,0}}
4	84	40000	10700	6000	{{"fire_resist_v",748,0,0}}
4	85	40000	10900	6000	{{"fire_resist_v",760,0,0}}
4	86	40000	11100	6000	{{"fire_resist_v",772,0,0}}
4	87	40000	11300	6000	{{"fire_resist_v",784,0,0}}
4	88	40000	11500	6000	{{"fire_resist_v",796,0,0}}
4	89	40000	11700	6000	{{"fire_resist_v",808,0,0}}
4	90	40000	11900	6000	{{"fire_resist_v",820,0,0}}
4	91	40000	12100	6000	{{"fire_resist_v",832,0,0}}
4	92	40000	12300	6000	{{"fire_resist_v",844,0,0}}
4	93	40000	12500	6000	{{"fire_resist_v",856,0,0}}
4	94	40000	12700	6000	{{"fire_resist_v",868,0,0}}
4	95	40000	12900	6000	{{"fire_resist_v",880,0,0}}
4	96	40000	13100	6000	{{"fire_resist_v",892,0,0}}
4	97	40000	13300	6000	{{"fire_resist_v",904,0,0}}
4	98	40000	13500	6000	{{"fire_resist_v",916,0,0}}
4	99	40000	13700	6000	{{"fire_resist_v",928,0,0}}
4	100	40000	13900	6000	{{"fire_resist_v",940,0,0}}
4	101	40000	14100	6000	{{"fire_resist_v",952,0,0}}
4	102	40000	14300	6000	{{"fire_resist_v",964,0,0}}
4	103	40000	14500	6000	{{"fire_resist_v",976,0,0}}
4	104	40000	14700	6000	{{"fire_resist_v",988,0,0}}
4	105	40000	14900	6000	{{"fire_resist_v",1000,0,0}}
4	106	40000	15100	6000	{{"fire_resist_v",1012,0,0}}
4	107	40000	15300	6000	{{"fire_resist_v",1024,0,0}}
4	108	40000	15500	6000	{{"fire_resist_v",1036,0,0}}
4	109	40000	15700	6000	{{"fire_resist_v",1048,0,0}}
4	110	40000	15900	6000	{{"fire_resist_v",1060,0,0}}
4	111	40000	16100	6000	{{"fire_resist_v",1072,0,0}}
4	112	40000	16300	6000	{{"fire_resist_v",1084,0,0}}
4	113	40000	16500	6000	{{"fire_resist_v",1096,0,0}}
4	114	40000	16700	6000	{{"fire_resist_v",1108,0,0}}
4	115	40000	16900	6000	{{"fire_resist_v",1120,0,0}}
4	116	40000	17100	6000	{{"fire_resist_v",1132,0,0}}
4	117	40000	17300	6000	{{"fire_resist_v",1144,0,0}}
4	118	40000	17500	6000	{{"fire_resist_v",1156,0,0}}
4	119	40000	17700	6000	{{"fire_resist_v",1168,0,0}}
4	120	40000	17900	6000	{{"fire_resist_v",1180,0,0}}
4	121	40000	18100	6000	{{"fire_resist_v",1192,0,0}}
4	122	40000	18300	6000	{{"fire_resist_v",1204,0,0}}
4	123	40000	18500	6000	{{"fire_resist_v",1216,0,0}}
4	124	40000	18700	6000	{{"fire_resist_v",1228,0,0}}
4	125	40000	18900	6000	{{"fire_resist_v",1240,0,0}}
4	126	40000	19100	6000	{{"fire_resist_v",1252,0,0}}
4	127	40000	19300	6000	{{"fire_resist_v",1264,0,0}}
4	128	40000	19500	6000	{{"fire_resist_v",1276,0,0}}
4	129	40000	19700	6000	{{"fire_resist_v",1288,0,0}}
4	130	40000	19900	6000	{{"fire_resist_v",1300,0,0}}
4	131	40000	20100	6000	{{"fire_resist_v",1312,0,0}}
4	132	40000	20300	6000	{{"fire_resist_v",1324,0,0}}
4	133	40000	20500	6000	{{"fire_resist_v",1336,0,0}}
4	134	40000	20700	6000	{{"fire_resist_v",1348,0,0}}
4	135	40000	20900	6000	{{"fire_resist_v",1360,0,0}}
4	136	40000	21100	6000	{{"fire_resist_v",1372,0,0}}
4	137	40000	21300	6000	{{"fire_resist_v",1384,0,0}}
4	138	40000	21500	6000	{{"fire_resist_v",1396,0,0}}
4	139	40000	21700	6000	{{"fire_resist_v",1408,0,0}}
4	140	40000	21900	6000	{{"fire_resist_v",1420,0,0}}
4	141	40000	22100	6000	{{"fire_resist_v",1432,0,0}}
4	142	40000	22300	6000	{{"fire_resist_v",1444,0,0}}
4	143	40000	22500	6000	{{"fire_resist_v",1456,0,0}}
4	144	40000	22700	6000	{{"fire_resist_v",1468,0,0}}
4	145	40000	22900	6000	{{"fire_resist_v",1480,0,0}}
4	146	40000	23100	6000	{{"fire_resist_v",1492,0,0}}
4	147	40000	23300	6000	{{"fire_resist_v",1504,0,0}}
4	148	40000	23500	6000	{{"fire_resist_v",1516,0,0}}
4	149	40000	23700	6000	{{"fire_resist_v",1528,0,0}}
4	150	40000	23900	6000	{{"fire_resist_v",1540,0,0}}
4	151	40000	24100	6000	{{"fire_resist_v",1552,0,0}}
4	152	40000	24300	6000	{{"fire_resist_v",1564,0,0}}
4	153	40000	24500	6000	{{"fire_resist_v",1576,0,0}}
4	154	40000	24700	6000	{{"fire_resist_v",1588,0,0}}
4	155	40000	24900	6000	{{"fire_resist_v",1600,0,0}}
4	156	40000	25100	6000	{{"fire_resist_v",1612,0,0}}
4	157	40000	25300	6000	{{"fire_resist_v",1624,0,0}}
4	158	40000	25500	6000	{{"fire_resist_v",1636,0,0}}
4	159	40000	25700	6000	{{"fire_resist_v",1648,0,0}}
4	160	40000	25900	6000	{{"fire_resist_v",1660,0,0}}
4	161	40000	26100	6000	{{"fire_resist_v",1672,0,0}}
4	162	40000	26300	6000	{{"fire_resist_v",1684,0,0}}
4	163	40000	26500	6000	{{"fire_resist_v",1696,0,0}}
4	164	40000	26700	6000	{{"fire_resist_v",1708,0,0}}
4	165	40000	26900	6000	{{"fire_resist_v",1720,0,0}}
4	166	40000	27100	6000	{{"fire_resist_v",1732,0,0}}
4	167	40000	27300	6000	{{"fire_resist_v",1744,0,0}}
4	168	40000	27500	6000	{{"fire_resist_v",1756,0,0}}
4	169	40000	27700	6000	{{"fire_resist_v",1768,0,0}}
4	170	40000	27900	6000	{{"fire_resist_v",1780,0,0}}
4	171	40000	28100	6000	{{"fire_resist_v",1792,0,0}}
4	172	40000	28300	6000	{{"fire_resist_v",1804,0,0}}
4	173	40000	28500	6000	{{"fire_resist_v",1816,0,0}}
4	174	40000	28700	6000	{{"fire_resist_v",1828,0,0}}
4	175	40000	28900	6000	{{"fire_resist_v",1840,0,0}}
4	176	40000	29100	6000	{{"fire_resist_v",1852,0,0}}
4	177	40000	29300	6000	{{"fire_resist_v",1864,0,0}}
4	178	40000	29500	6000	{{"fire_resist_v",1876,0,0}}
4	179	40000	29700	6000	{{"fire_resist_v",1888,0,0}}
4	180	40000	29900	6000	{{"fire_resist_v",1900,0,0}}
4	181	40000	30100	6000	{{"fire_resist_v",1912,0,0}}
4	182	40000	30300	6000	{{"fire_resist_v",1924,0,0}}
4	183	40000	30500	6000	{{"fire_resist_v",1936,0,0}}
4	184	40000	30700	6000	{{"fire_resist_v",1948,0,0}}
4	185	40000	30900	6000	{{"fire_resist_v",1960,0,0}}
4	186	40000	31100	6000	{{"fire_resist_v",1972,0,0}}
4	187	40000	31300	6000	{{"fire_resist_v",1984,0,0}}
4	188	40000	31500	6000	{{"fire_resist_v",1996,0,0}}
4	189	40000	31700	6000	{{"fire_resist_v",2008,0,0}}
4	190	40000	31900	6000	{{"fire_resist_v",2020,0,0}}
4	191	40000	32100	6000	{{"fire_resist_v",2032,0,0}}
4	192	40000	32300	6000	{{"fire_resist_v",2044,0,0}}
4	193	40000	32500	6000	{{"fire_resist_v",2056,0,0}}
4	194	40000	32700	6000	{{"fire_resist_v",2068,0,0}}
4	195	40000	32900	6000	{{"fire_resist_v",2080,0,0}}
4	196	40000	33100	6000	{{"fire_resist_v",2092,0,0}}
4	197	40000	33300	6000	{{"fire_resist_v",2104,0,0}}
4	198	40000	33500	6000	{{"fire_resist_v",2116,0,0}}
4	199	40000	33700	6000	{{"fire_resist_v",2128,0,0}}
4	200	40000	33900	6000	{{"fire_resist_v",2140,0,0}}
4	201	40000	34100	6000	{{"fire_resist_v",2152,0,0}}
4	202	40000	34300	6000	{{"fire_resist_v",2164,0,0}}
4	203	40000	34500	6000	{{"fire_resist_v",2176,0,0}}
4	204	40000	34700	6000	{{"fire_resist_v",2188,0,0}}
4	205	40000	34900	6000	{{"fire_resist_v",2200,0,0}}
4	206	40000	35100	6000	{{"fire_resist_v",2212,0,0}}
4	207	40000	35300	6000	{{"fire_resist_v",2224,0,0}}
4	208	40000	35500	6000	{{"fire_resist_v",2236,0,0}}
4	209	40000	35700	6000	{{"fire_resist_v",2248,0,0}}
4	210	40000	35900	6000	{{"fire_resist_v",2260,0,0}}
4	211	40000	36100	6000	{{"fire_resist_v",2272,0,0}}
4	212	40000	36300	6000	{{"fire_resist_v",2284,0,0}}
4	213	40000	36500	6000	{{"fire_resist_v",2296,0,0}}
4	214	40000	36700	6000	{{"fire_resist_v",2308,0,0}}
4	215	40000	36900	6000	{{"fire_resist_v",2320,0,0}}
4	216	40000	37100	6000	{{"fire_resist_v",2332,0,0}}
4	217	40000	37300	6000	{{"fire_resist_v",2344,0,0}}
4	218	40000	37500	6000	{{"fire_resist_v",2356,0,0}}
4	219	40000	37700	6000	{{"fire_resist_v",2368,0,0}}
4	220	40000	37900	6000	{{"fire_resist_v",2380,0,0}}
4	221	40000	38100	6000	{{"fire_resist_v",2392,0,0}}
4	222	40000	38300	6000	{{"fire_resist_v",2404,0,0}}
4	223	40000	38500	6000	{{"fire_resist_v",2416,0,0}}
4	224	40000	38700	6000	{{"fire_resist_v",2428,0,0}}
4	225	40000	38900	6000	{{"fire_resist_v",2440,0,0}}
4	226	40000	39100	6000	{{"fire_resist_v",2452,0,0}}
4	227	40000	39300	6000	{{"fire_resist_v",2464,0,0}}
4	228	40000	39500	6000	{{"fire_resist_v",2476,0,0}}
4	229	40000	39700	6000	{{"fire_resist_v",2488,0,0}}
4	230	40000	39900	6000	{{"fire_resist_v",2500,0,0}}
4	231	40000	40100	6000	{{"fire_resist_v",2512,0,0}}
4	232	40000	40300	6000	{{"fire_resist_v",2524,0,0}}
4	233	40000	40500	6000	{{"fire_resist_v",2536,0,0}}
4	234	40000	40700	6000	{{"fire_resist_v",2548,0,0}}
4	235	40000	40900	6000	{{"fire_resist_v",2560,0,0}}
4	236	40000	41100	6000	{{"fire_resist_v",2572,0,0}}
4	237	40000	41300	6000	{{"fire_resist_v",2584,0,0}}
4	238	40000	41500	6000	{{"fire_resist_v",2596,0,0}}
4	239	40000	41700	6000	{{"fire_resist_v",2608,0,0}}
4	240	40000	41900	6000	{{"fire_resist_v",2620,0,0}}
4	241	40000	42100	6000	{{"fire_resist_v",2632,0,0}}
4	242	40000	42300	6000	{{"fire_resist_v",2644,0,0}}
4	243	40000	42500	6000	{{"fire_resist_v",2656,0,0}}
4	244	40000	42700	6000	{{"fire_resist_v",2668,0,0}}
4	245	40000	42900	6000	{{"fire_resist_v",2680,0,0}}
4	246	40000	43100	6000	{{"fire_resist_v",2692,0,0}}
4	247	40000	43300	6000	{{"fire_resist_v",2704,0,0}}
4	248	40000	43500	6000	{{"fire_resist_v",2716,0,0}}
4	249	40000	43700	6000	{{"fire_resist_v",2728,0,0}}
4	250	40000	43900	6000	{{"fire_resist_v",2740,0,0}}
4	251	40000	44100	6000	{{"fire_resist_v",2752,0,0}}
4	252	40000	44300	6000	{{"fire_resist_v",2764,0,0}}
4	253	40000	44500	6000	{{"fire_resist_v",2776,0,0}}
4	254	40000	44700	6000	{{"fire_resist_v",2788,0,0}}
4	255	40000	44900	6000	{{"fire_resist_v",2800,0,0}}
4	256	40000	45100	6000	{{"fire_resist_v",2812,0,0}}
4	257	40000	45300	6000	{{"fire_resist_v",2824,0,0}}
4	258	40000	45500	6000	{{"fire_resist_v",2836,0,0}}
4	259	40000	45700	6000	{{"fire_resist_v",2848,0,0}}
4	260	40000	45900	6000	{{"fire_resist_v",2860,0,0}}
4	261	40000	46100	6000	{{"fire_resist_v",2872,0,0}}
4	262	40000	46300	6000	{{"fire_resist_v",2884,0,0}}
4	263	40000	46500	6000	{{"fire_resist_v",2896,0,0}}
4	264	40000	46700	6000	{{"fire_resist_v",2908,0,0}}
4	265	40000	46900	6000	{{"fire_resist_v",2920,0,0}}
4	266	40000	47100	6000	{{"fire_resist_v",2932,0,0}}
4	267	40000	47300	6000	{{"fire_resist_v",2944,0,0}}
4	268	40000	47500	6000	{{"fire_resist_v",2956,0,0}}
4	269	40000	47700	6000	{{"fire_resist_v",2968,0,0}}
4	270	40000	47900	6000	{{"fire_resist_v",2980,0,0}}
4	271	40000	48100	6000	{{"fire_resist_v",2992,0,0}}
4	272	40000	48300	6000	{{"fire_resist_v",3004,0,0}}
4	273	40000	48500	6000	{{"fire_resist_v",3016,0,0}}
4	274	40000	48700	6000	{{"fire_resist_v",3028,0,0}}
4	275	40000	48900	6000	{{"fire_resist_v",3040,0,0}}
4	276	40000	49100	6000	{{"fire_resist_v",3052,0,0}}
4	277	40000	49300	6000	{{"fire_resist_v",3064,0,0}}
4	278	40000	49500	6000	{{"fire_resist_v",3076,0,0}}
4	279	40000	49700	6000	{{"fire_resist_v",3088,0,0}}
4	280	40000	49900	6000	{{"fire_resist_v",3100,0,0}}
5	1	6000	30	900	{{"earth_resist_v",1,0,0}}
5	2	6000	60	900	{{"earth_resist_v",2,0,0}}
5	3	6000	90	900	{{"earth_resist_v",3,0,0}}
5	4	6000	120	900	{{"earth_resist_v",4,0,0}}
5	5	6000	150	900	{{"earth_resist_v",5,0,0}}
5	6	6000	180	900	{{"earth_resist_v",6,0,0}}
5	7	6000	210	900	{{"earth_resist_v",7,0,0}}
5	8	6000	240	900	{{"earth_resist_v",8,0,0}}
5	9	6000	270	900	{{"earth_resist_v",9,0,0}}
5	10	6000	300	900	{{"earth_resist_v",10,0,0}}
5	11	8000	340	1200	{{"earth_resist_v",11,0,0}}
5	12	8000	380	1200	{{"earth_resist_v",12,0,0}}
5	13	8000	420	1200	{{"earth_resist_v",13,0,0}}
5	14	8000	460	1200	{{"earth_resist_v",14,0,0}}
5	15	8000	500	1200	{{"earth_resist_v",15,0,0}}
5	16	8000	540	1200	{{"earth_resist_v",16,0,0}}
5	17	8000	580	1200	{{"earth_resist_v",17,0,0}}
5	18	8000	620	1200	{{"earth_resist_v",18,0,0}}
5	19	8000	660	1200	{{"earth_resist_v",19,0,0}}
5	20	8000	700	1200	{{"earth_resist_v",20,0,0}}
5	21	12000	760	1800	{{"earth_resist_v",28,0,0}}
5	22	12000	820	1800	{{"earth_resist_v",36,0,0}}
5	23	12000	880	1800	{{"earth_resist_v",44,0,0}}
5	24	12000	940	1800	{{"earth_resist_v",52,0,0}}
5	25	12000	1000	1800	{{"earth_resist_v",60,0,0}}
5	26	12000	1060	1800	{{"earth_resist_v",68,0,0}}
5	27	12000	1120	1800	{{"earth_resist_v",76,0,0}}
5	28	12000	1180	1800	{{"earth_resist_v",84,0,0}}
5	29	12000	1240	1800	{{"earth_resist_v",92,0,0}}
5	30	12000	1300	1800	{{"earth_resist_v",100,0,0}}
5	31	20000	1400	3000	{{"earth_resist_v",109,0,0}}
5	32	20000	1500	3000	{{"earth_resist_v",118,0,0}}
5	33	20000	1600	3000	{{"earth_resist_v",127,0,0}}
5	34	20000	1700	3000	{{"earth_resist_v",136,0,0}}
5	35	20000	1800	3000	{{"earth_resist_v",145,0,0}}
5	36	20000	1900	3000	{{"earth_resist_v",154,0,0}}
5	37	20000	2000	3000	{{"earth_resist_v",163,0,0}}
5	38	20000	2100	3000	{{"earth_resist_v",172,0,0}}
5	39	20000	2200	3000	{{"earth_resist_v",181,0,0}}
5	40	20000	2300	3000	{{"earth_resist_v",190,0,0}}
5	41	32000	2460	4800	{{"earth_resist_v",205,0,0}}
5	42	32000	2620	4800	{{"earth_resist_v",220,0,0}}
5	43	32000	2780	4800	{{"earth_resist_v",235,0,0}}
5	44	32000	2940	4800	{{"earth_resist_v",250,0,0}}
5	45	32000	3100	4800	{{"earth_resist_v",265,0,0}}
5	46	32000	3260	4800	{{"earth_resist_v",280,0,0}}
5	47	32000	3420	4800	{{"earth_resist_v",295,0,0}}
5	48	32000	3580	4800	{{"earth_resist_v",310,0,0}}
5	49	32000	3740	4800	{{"earth_resist_v",325,0,0}}
5	50	32000	3900	4800	{{"earth_resist_v",340,0,0}}
5	51	40000	4100	6000	{{"earth_resist_v",352,0,0}}
5	52	40000	4300	6000	{{"earth_resist_v",364,0,0}}
5	53	40000	4500	6000	{{"earth_resist_v",376,0,0}}
5	54	40000	4700	6000	{{"earth_resist_v",388,0,0}}
5	55	40000	4900	6000	{{"earth_resist_v",400,0,0}}
5	56	40000	5100	6000	{{"earth_resist_v",412,0,0}}
5	57	40000	5300	6000	{{"earth_resist_v",424,0,0}}
5	58	40000	5500	6000	{{"earth_resist_v",436,0,0}}
5	59	40000	5700	6000	{{"earth_resist_v",448,0,0}}
5	60	40000	5900	6000	{{"earth_resist_v",460,0,0}}
5	61	40000	6100	6000	{{"earth_resist_v",472,0,0}}
5	62	40000	6300	6000	{{"earth_resist_v",484,0,0}}
5	63	40000	6500	6000	{{"earth_resist_v",496,0,0}}
5	64	40000	6700	6000	{{"earth_resist_v",508,0,0}}
5	65	40000	6900	6000	{{"earth_resist_v",520,0,0}}
5	66	40000	7100	6000	{{"earth_resist_v",532,0,0}}
5	67	40000	7300	6000	{{"earth_resist_v",544,0,0}}
5	68	40000	7500	6000	{{"earth_resist_v",556,0,0}}
5	69	40000	7700	6000	{{"earth_resist_v",568,0,0}}
5	70	40000	7900	6000	{{"earth_resist_v",580,0,0}}
5	71	40000	8100	6000	{{"earth_resist_v",592,0,0}}
5	72	40000	8300	6000	{{"earth_resist_v",604,0,0}}
5	73	40000	8500	6000	{{"earth_resist_v",616,0,0}}
5	74	40000	8700	6000	{{"earth_resist_v",628,0,0}}
5	75	40000	8900	6000	{{"earth_resist_v",640,0,0}}
5	76	40000	9100	6000	{{"earth_resist_v",652,0,0}}
5	77	40000	9300	6000	{{"earth_resist_v",664,0,0}}
5	78	40000	9500	6000	{{"earth_resist_v",676,0,0}}
5	79	40000	9700	6000	{{"earth_resist_v",688,0,0}}
5	80	40000	9900	6000	{{"earth_resist_v",700,0,0}}
5	81	40000	10100	6000	{{"earth_resist_v",712,0,0}}
5	82	40000	10300	6000	{{"earth_resist_v",724,0,0}}
5	83	40000	10500	6000	{{"earth_resist_v",736,0,0}}
5	84	40000	10700	6000	{{"earth_resist_v",748,0,0}}
5	85	40000	10900	6000	{{"earth_resist_v",760,0,0}}
5	86	40000	11100	6000	{{"earth_resist_v",772,0,0}}
5	87	40000	11300	6000	{{"earth_resist_v",784,0,0}}
5	88	40000	11500	6000	{{"earth_resist_v",796,0,0}}
5	89	40000	11700	6000	{{"earth_resist_v",808,0,0}}
5	90	40000	11900	6000	{{"earth_resist_v",820,0,0}}
5	91	40000	12100	6000	{{"earth_resist_v",832,0,0}}
5	92	40000	12300	6000	{{"earth_resist_v",844,0,0}}
5	93	40000	12500	6000	{{"earth_resist_v",856,0,0}}
5	94	40000	12700	6000	{{"earth_resist_v",868,0,0}}
5	95	40000	12900	6000	{{"earth_resist_v",880,0,0}}
5	96	40000	13100	6000	{{"earth_resist_v",892,0,0}}
5	97	40000	13300	6000	{{"earth_resist_v",904,0,0}}
5	98	40000	13500	6000	{{"earth_resist_v",916,0,0}}
5	99	40000	13700	6000	{{"earth_resist_v",928,0,0}}
5	100	40000	13900	6000	{{"earth_resist_v",940,0,0}}
5	101	40000	14100	6000	{{"earth_resist_v",952,0,0}}
5	102	40000	14300	6000	{{"earth_resist_v",964,0,0}}
5	103	40000	14500	6000	{{"earth_resist_v",976,0,0}}
5	104	40000	14700	6000	{{"earth_resist_v",988,0,0}}
5	105	40000	14900	6000	{{"earth_resist_v",1000,0,0}}
5	106	40000	15100	6000	{{"earth_resist_v",1012,0,0}}
5	107	40000	15300	6000	{{"earth_resist_v",1024,0,0}}
5	108	40000	15500	6000	{{"earth_resist_v",1036,0,0}}
5	109	40000	15700	6000	{{"earth_resist_v",1048,0,0}}
5	110	40000	15900	6000	{{"earth_resist_v",1060,0,0}}
5	111	40000	16100	6000	{{"earth_resist_v",1072,0,0}}
5	112	40000	16300	6000	{{"earth_resist_v",1084,0,0}}
5	113	40000	16500	6000	{{"earth_resist_v",1096,0,0}}
5	114	40000	16700	6000	{{"earth_resist_v",1108,0,0}}
5	115	40000	16900	6000	{{"earth_resist_v",1120,0,0}}
5	116	40000	17100	6000	{{"earth_resist_v",1132,0,0}}
5	117	40000	17300	6000	{{"earth_resist_v",1144,0,0}}
5	118	40000	17500	6000	{{"earth_resist_v",1156,0,0}}
5	119	40000	17700	6000	{{"earth_resist_v",1168,0,0}}
5	120	40000	17900	6000	{{"earth_resist_v",1180,0,0}}
5	121	40000	18100	6000	{{"earth_resist_v",1192,0,0}}
5	122	40000	18300	6000	{{"earth_resist_v",1204,0,0}}
5	123	40000	18500	6000	{{"earth_resist_v",1216,0,0}}
5	124	40000	18700	6000	{{"earth_resist_v",1228,0,0}}
5	125	40000	18900	6000	{{"earth_resist_v",1240,0,0}}
5	126	40000	19100	6000	{{"earth_resist_v",1252,0,0}}
5	127	40000	19300	6000	{{"earth_resist_v",1264,0,0}}
5	128	40000	19500	6000	{{"earth_resist_v",1276,0,0}}
5	129	40000	19700	6000	{{"earth_resist_v",1288,0,0}}
5	130	40000	19900	6000	{{"earth_resist_v",1300,0,0}}
5	131	40000	20100	6000	{{"earth_resist_v",1312,0,0}}
5	132	40000	20300	6000	{{"earth_resist_v",1324,0,0}}
5	133	40000	20500	6000	{{"earth_resist_v",1336,0,0}}
5	134	40000	20700	6000	{{"earth_resist_v",1348,0,0}}
5	135	40000	20900	6000	{{"earth_resist_v",1360,0,0}}
5	136	40000	21100	6000	{{"earth_resist_v",1372,0,0}}
5	137	40000	21300	6000	{{"earth_resist_v",1384,0,0}}
5	138	40000	21500	6000	{{"earth_resist_v",1396,0,0}}
5	139	40000	21700	6000	{{"earth_resist_v",1408,0,0}}
5	140	40000	21900	6000	{{"earth_resist_v",1420,0,0}}
5	141	40000	22100	6000	{{"earth_resist_v",1432,0,0}}
5	142	40000	22300	6000	{{"earth_resist_v",1444,0,0}}
5	143	40000	22500	6000	{{"earth_resist_v",1456,0,0}}
5	144	40000	22700	6000	{{"earth_resist_v",1468,0,0}}
5	145	40000	22900	6000	{{"earth_resist_v",1480,0,0}}
5	146	40000	23100	6000	{{"earth_resist_v",1492,0,0}}
5	147	40000	23300	6000	{{"earth_resist_v",1504,0,0}}
5	148	40000	23500	6000	{{"earth_resist_v",1516,0,0}}
5	149	40000	23700	6000	{{"earth_resist_v",1528,0,0}}
5	150	40000	23900	6000	{{"earth_resist_v",1540,0,0}}
5	151	40000	24100	6000	{{"earth_resist_v",1552,0,0}}
5	152	40000	24300	6000	{{"earth_resist_v",1564,0,0}}
5	153	40000	24500	6000	{{"earth_resist_v",1576,0,0}}
5	154	40000	24700	6000	{{"earth_resist_v",1588,0,0}}
5	155	40000	24900	6000	{{"earth_resist_v",1600,0,0}}
5	156	40000	25100	6000	{{"earth_resist_v",1612,0,0}}
5	157	40000	25300	6000	{{"earth_resist_v",1624,0,0}}
5	158	40000	25500	6000	{{"earth_resist_v",1636,0,0}}
5	159	40000	25700	6000	{{"earth_resist_v",1648,0,0}}
5	160	40000	25900	6000	{{"earth_resist_v",1660,0,0}}
5	161	40000	26100	6000	{{"earth_resist_v",1672,0,0}}
5	162	40000	26300	6000	{{"earth_resist_v",1684,0,0}}
5	163	40000	26500	6000	{{"earth_resist_v",1696,0,0}}
5	164	40000	26700	6000	{{"earth_resist_v",1708,0,0}}
5	165	40000	26900	6000	{{"earth_resist_v",1720,0,0}}
5	166	40000	27100	6000	{{"earth_resist_v",1732,0,0}}
5	167	40000	27300	6000	{{"earth_resist_v",1744,0,0}}
5	168	40000	27500	6000	{{"earth_resist_v",1756,0,0}}
5	169	40000	27700	6000	{{"earth_resist_v",1768,0,0}}
5	170	40000	27900	6000	{{"earth_resist_v",1780,0,0}}
5	171	40000	28100	6000	{{"earth_resist_v",1792,0,0}}
5	172	40000	28300	6000	{{"earth_resist_v",1804,0,0}}
5	173	40000	28500	6000	{{"earth_resist_v",1816,0,0}}
5	174	40000	28700	6000	{{"earth_resist_v",1828,0,0}}
5	175	40000	28900	6000	{{"earth_resist_v",1840,0,0}}
5	176	40000	29100	6000	{{"earth_resist_v",1852,0,0}}
5	177	40000	29300	6000	{{"earth_resist_v",1864,0,0}}
5	178	40000	29500	6000	{{"earth_resist_v",1876,0,0}}
5	179	40000	29700	6000	{{"earth_resist_v",1888,0,0}}
5	180	40000	29900	6000	{{"earth_resist_v",1900,0,0}}
5	181	40000	30100	6000	{{"earth_resist_v",1912,0,0}}
5	182	40000	30300	6000	{{"earth_resist_v",1924,0,0}}
5	183	40000	30500	6000	{{"earth_resist_v",1936,0,0}}
5	184	40000	30700	6000	{{"earth_resist_v",1948,0,0}}
5	185	40000	30900	6000	{{"earth_resist_v",1960,0,0}}
5	186	40000	31100	6000	{{"earth_resist_v",1972,0,0}}
5	187	40000	31300	6000	{{"earth_resist_v",1984,0,0}}
5	188	40000	31500	6000	{{"earth_resist_v",1996,0,0}}
5	189	40000	31700	6000	{{"earth_resist_v",2008,0,0}}
5	190	40000	31900	6000	{{"earth_resist_v",2020,0,0}}
5	191	40000	32100	6000	{{"earth_resist_v",2032,0,0}}
5	192	40000	32300	6000	{{"earth_resist_v",2044,0,0}}
5	193	40000	32500	6000	{{"earth_resist_v",2056,0,0}}
5	194	40000	32700	6000	{{"earth_resist_v",2068,0,0}}
5	195	40000	32900	6000	{{"earth_resist_v",2080,0,0}}
5	196	40000	33100	6000	{{"earth_resist_v",2092,0,0}}
5	197	40000	33300	6000	{{"earth_resist_v",2104,0,0}}
5	198	40000	33500	6000	{{"earth_resist_v",2116,0,0}}
5	199	40000	33700	6000	{{"earth_resist_v",2128,0,0}}
5	200	40000	33900	6000	{{"earth_resist_v",2140,0,0}}
5	201	40000	34100	6000	{{"earth_resist_v",2152,0,0}}
5	202	40000	34300	6000	{{"earth_resist_v",2164,0,0}}
5	203	40000	34500	6000	{{"earth_resist_v",2176,0,0}}
5	204	40000	34700	6000	{{"earth_resist_v",2188,0,0}}
5	205	40000	34900	6000	{{"earth_resist_v",2200,0,0}}
5	206	40000	35100	6000	{{"earth_resist_v",2212,0,0}}
5	207	40000	35300	6000	{{"earth_resist_v",2224,0,0}}
5	208	40000	35500	6000	{{"earth_resist_v",2236,0,0}}
5	209	40000	35700	6000	{{"earth_resist_v",2248,0,0}}
5	210	40000	35900	6000	{{"earth_resist_v",2260,0,0}}
5	211	40000	36100	6000	{{"earth_resist_v",2272,0,0}}
5	212	40000	36300	6000	{{"earth_resist_v",2284,0,0}}
5	213	40000	36500	6000	{{"earth_resist_v",2296,0,0}}
5	214	40000	36700	6000	{{"earth_resist_v",2308,0,0}}
5	215	40000	36900	6000	{{"earth_resist_v",2320,0,0}}
5	216	40000	37100	6000	{{"earth_resist_v",2332,0,0}}
5	217	40000	37300	6000	{{"earth_resist_v",2344,0,0}}
5	218	40000	37500	6000	{{"earth_resist_v",2356,0,0}}
5	219	40000	37700	6000	{{"earth_resist_v",2368,0,0}}
5	220	40000	37900	6000	{{"earth_resist_v",2380,0,0}}
5	221	40000	38100	6000	{{"earth_resist_v",2392,0,0}}
5	222	40000	38300	6000	{{"earth_resist_v",2404,0,0}}
5	223	40000	38500	6000	{{"earth_resist_v",2416,0,0}}
5	224	40000	38700	6000	{{"earth_resist_v",2428,0,0}}
5	225	40000	38900	6000	{{"earth_resist_v",2440,0,0}}
5	226	40000	39100	6000	{{"earth_resist_v",2452,0,0}}
5	227	40000	39300	6000	{{"earth_resist_v",2464,0,0}}
5	228	40000	39500	6000	{{"earth_resist_v",2476,0,0}}
5	229	40000	39700	6000	{{"earth_resist_v",2488,0,0}}
5	230	40000	39900	6000	{{"earth_resist_v",2500,0,0}}
5	231	40000	40100	6000	{{"earth_resist_v",2512,0,0}}
5	232	40000	40300	6000	{{"earth_resist_v",2524,0,0}}
5	233	40000	40500	6000	{{"earth_resist_v",2536,0,0}}
5	234	40000	40700	6000	{{"earth_resist_v",2548,0,0}}
5	235	40000	40900	6000	{{"earth_resist_v",2560,0,0}}
5	236	40000	41100	6000	{{"earth_resist_v",2572,0,0}}
5	237	40000	41300	6000	{{"earth_resist_v",2584,0,0}}
5	238	40000	41500	6000	{{"earth_resist_v",2596,0,0}}
5	239	40000	41700	6000	{{"earth_resist_v",2608,0,0}}
5	240	40000	41900	6000	{{"earth_resist_v",2620,0,0}}
5	241	40000	42100	6000	{{"earth_resist_v",2632,0,0}}
5	242	40000	42300	6000	{{"earth_resist_v",2644,0,0}}
5	243	40000	42500	6000	{{"earth_resist_v",2656,0,0}}
5	244	40000	42700	6000	{{"earth_resist_v",2668,0,0}}
5	245	40000	42900	6000	{{"earth_resist_v",2680,0,0}}
5	246	40000	43100	6000	{{"earth_resist_v",2692,0,0}}
5	247	40000	43300	6000	{{"earth_resist_v",2704,0,0}}
5	248	40000	43500	6000	{{"earth_resist_v",2716,0,0}}
5	249	40000	43700	6000	{{"earth_resist_v",2728,0,0}}
5	250	40000	43900	6000	{{"earth_resist_v",2740,0,0}}
5	251	40000	44100	6000	{{"earth_resist_v",2752,0,0}}
5	252	40000	44300	6000	{{"earth_resist_v",2764,0,0}}
5	253	40000	44500	6000	{{"earth_resist_v",2776,0,0}}
5	254	40000	44700	6000	{{"earth_resist_v",2788,0,0}}
5	255	40000	44900	6000	{{"earth_resist_v",2800,0,0}}
5	256	40000	45100	6000	{{"earth_resist_v",2812,0,0}}
5	257	40000	45300	6000	{{"earth_resist_v",2824,0,0}}
5	258	40000	45500	6000	{{"earth_resist_v",2836,0,0}}
5	259	40000	45700	6000	{{"earth_resist_v",2848,0,0}}
5	260	40000	45900	6000	{{"earth_resist_v",2860,0,0}}
5	261	40000	46100	6000	{{"earth_resist_v",2872,0,0}}
5	262	40000	46300	6000	{{"earth_resist_v",2884,0,0}}
5	263	40000	46500	6000	{{"earth_resist_v",2896,0,0}}
5	264	40000	46700	6000	{{"earth_resist_v",2908,0,0}}
5	265	40000	46900	6000	{{"earth_resist_v",2920,0,0}}
5	266	40000	47100	6000	{{"earth_resist_v",2932,0,0}}
5	267	40000	47300	6000	{{"earth_resist_v",2944,0,0}}
5	268	40000	47500	6000	{{"earth_resist_v",2956,0,0}}
5	269	40000	47700	6000	{{"earth_resist_v",2968,0,0}}
5	270	40000	47900	6000	{{"earth_resist_v",2980,0,0}}
5	271	40000	48100	6000	{{"earth_resist_v",2992,0,0}}
5	272	40000	48300	6000	{{"earth_resist_v",3004,0,0}}
5	273	40000	48500	6000	{{"earth_resist_v",3016,0,0}}
5	274	40000	48700	6000	{{"earth_resist_v",3028,0,0}}
5	275	40000	48900	6000	{{"earth_resist_v",3040,0,0}}
5	276	40000	49100	6000	{{"earth_resist_v",3052,0,0}}
5	277	40000	49300	6000	{{"earth_resist_v",3064,0,0}}
5	278	40000	49500	6000	{{"earth_resist_v",3076,0,0}}
5	279	40000	49700	6000	{{"earth_resist_v",3088,0,0}}
5	280	40000	49900	6000	{{"earth_resist_v",3100,0,0}}
6	1	6000	30	900	{{"lifemax_v",20,0,0},{"manamax_v",20,0,0}}
6	2	6000	60	900	{{"lifemax_v",40,0,0},{"manamax_v",40,0,0}}
6	3	6000	90	900	{{"lifemax_v",60,0,0},{"manamax_v",60,0,0}}
6	4	6000	120	900	{{"lifemax_v",80,0,0},{"manamax_v",80,0,0}}
6	5	6000	150	900	{{"lifemax_v",100,0,0},{"manamax_v",100,0,0}}
6	6	6000	180	900	{{"lifemax_v",120,0,0},{"manamax_v",120,0,0}}
6	7	6000	210	900	{{"lifemax_v",140,0,0},{"manamax_v",140,0,0}}
6	8	6000	240	900	{{"lifemax_v",160,0,0},{"manamax_v",160,0,0}}
6	9	6000	270	900	{{"lifemax_v",180,0,0},{"manamax_v",180,0,0}}
6	10	6000	300	900	{{"lifemax_v",200,0,0},{"manamax_v",200,0,0}}
6	11	8000	340	1200	{{"lifemax_v",220,0,0},{"manamax_v",220,0,0}}
6	12	8000	380	1200	{{"lifemax_v",240,0,0},{"manamax_v",240,0,0}}
6	13	8000	420	1200	{{"lifemax_v",260,0,0},{"manamax_v",260,0,0}}
6	14	8000	460	1200	{{"lifemax_v",280,0,0},{"manamax_v",280,0,0}}
6	15	8000	500	1200	{{"lifemax_v",300,0,0},{"manamax_v",300,0,0}}
6	16	8000	540	1200	{{"lifemax_v",320,0,0},{"manamax_v",320,0,0}}
6	17	8000	580	1200	{{"lifemax_v",340,0,0},{"manamax_v",340,0,0}}
6	18	8000	620	1200	{{"lifemax_v",360,0,0},{"manamax_v",360,0,0}}
6	19	8000	660	1200	{{"lifemax_v",380,0,0},{"manamax_v",380,0,0}}
6	20	8000	700	1200	{{"lifemax_v",400,0,0},{"manamax_v",400,0,0}}
6	21	12000	760	1800	{{"lifemax_v",430,0,0},{"manamax_v",430,0,0}}
6	22	12000	820	1800	{{"lifemax_v",460,0,0},{"manamax_v",460,0,0}}
6	23	12000	880	1800	{{"lifemax_v",490,0,0},{"manamax_v",490,0,0}}
6	24	12000	940	1800	{{"lifemax_v",520,0,0},{"manamax_v",520,0,0}}
6	25	12000	1000	1800	{{"lifemax_v",550,0,0},{"manamax_v",550,0,0}}
6	26	12000	1060	1800	{{"lifemax_v",580,0,0},{"manamax_v",580,0,0}}
6	27	12000	1120	1800	{{"lifemax_v",610,0,0},{"manamax_v",610,0,0}}
6	28	12000	1180	1800	{{"lifemax_v",640,0,0},{"manamax_v",640,0,0}}
6	29	12000	1240	1800	{{"lifemax_v",670,0,0},{"manamax_v",670,0,0}}
6	30	12000	1300	1800	{{"lifemax_v",700,0,0},{"manamax_v",700,0,0}}
6	31	20000	1400	3000	{{"lifemax_v",737,0,0},{"manamax_v",737,0,0}}
6	32	20000	1500	3000	{{"lifemax_v",774,0,0},{"manamax_v",774,0,0}}
6	33	20000	1600	3000	{{"lifemax_v",811,0,0},{"manamax_v",811,0,0}}
6	34	20000	1700	3000	{{"lifemax_v",848,0,0},{"manamax_v",848,0,0}}
6	35	20000	1800	3000	{{"lifemax_v",885,0,0},{"manamax_v",885,0,0}}
6	36	20000	1900	3000	{{"lifemax_v",922,0,0},{"manamax_v",922,0,0}}
6	37	20000	2000	3000	{{"lifemax_v",959,0,0},{"manamax_v",959,0,0}}
6	38	20000	2100	3000	{{"lifemax_v",996,0,0},{"manamax_v",996,0,0}}
6	39	20000	2200	3000	{{"lifemax_v",1033,0,0},{"manamax_v",1033,0,0}}
6	40	20000	2300	3000	{{"lifemax_v",1070,0,0},{"manamax_v",1070,0,0}}
6	41	32000	2460	4800	{{"lifemax_v",1130,0,0},{"manamax_v",1130,0,0}}
6	42	32000	2620	4800	{{"lifemax_v",1190,0,0},{"manamax_v",1190,0,0}}
6	43	32000	2780	4800	{{"lifemax_v",1250,0,0},{"manamax_v",1250,0,0}}
6	44	32000	2940	4800	{{"lifemax_v",1310,0,0},{"manamax_v",1310,0,0}}
6	45	32000	3100	4800	{{"lifemax_v",1370,0,0},{"manamax_v",1370,0,0}}
6	46	32000	3260	4800	{{"lifemax_v",1430,0,0},{"manamax_v",1430,0,0}}
6	47	32000	3420	4800	{{"lifemax_v",1490,0,0},{"manamax_v",1490,0,0}}
6	48	32000	3580	4800	{{"lifemax_v",1550,0,0},{"manamax_v",1550,0,0}}
6	49	32000	3740	4800	{{"lifemax_v",1610,0,0},{"manamax_v",1610,0,0}}
6	50	32000	3900	4800	{{"lifemax_v",1670,0,0},{"manamax_v",1670,0,0}}
6	51	40000	4100	6000	{{"lifemax_v",1720,0,0},{"manamax_v",1720,0,0}}
6	52	40000	4300	6000	{{"lifemax_v",1770,0,0},{"manamax_v",1770,0,0}}
6	53	40000	4500	6000	{{"lifemax_v",1820,0,0},{"manamax_v",1820,0,0}}
6	54	40000	4700	6000	{{"lifemax_v",1870,0,0},{"manamax_v",1870,0,0}}
6	55	40000	4900	6000	{{"lifemax_v",1920,0,0},{"manamax_v",1920,0,0}}
6	56	40000	5100	6000	{{"lifemax_v",1970,0,0},{"manamax_v",1970,0,0}}
6	57	40000	5300	6000	{{"lifemax_v",2020,0,0},{"manamax_v",2020,0,0}}
6	58	40000	5500	6000	{{"lifemax_v",2070,0,0},{"manamax_v",2070,0,0}}
6	59	40000	5700	6000	{{"lifemax_v",2120,0,0},{"manamax_v",2120,0,0}}
6	60	40000	5900	6000	{{"lifemax_v",2170,0,0},{"manamax_v",2170,0,0}}
6	61	40000	6100	6000	{{"lifemax_v",2220,0,0},{"manamax_v",2220,0,0}}
6	62	40000	6300	6000	{{"lifemax_v",2270,0,0},{"manamax_v",2270,0,0}}
6	63	40000	6500	6000	{{"lifemax_v",2320,0,0},{"manamax_v",2320,0,0}}
6	64	40000	6700	6000	{{"lifemax_v",2370,0,0},{"manamax_v",2370,0,0}}
6	65	40000	6900	6000	{{"lifemax_v",2420,0,0},{"manamax_v",2420,0,0}}
6	66	40000	7100	6000	{{"lifemax_v",2470,0,0},{"manamax_v",2470,0,0}}
6	67	40000	7300	6000	{{"lifemax_v",2520,0,0},{"manamax_v",2520,0,0}}
6	68	40000	7500	6000	{{"lifemax_v",2570,0,0},{"manamax_v",2570,0,0}}
6	69	40000	7700	6000	{{"lifemax_v",2620,0,0},{"manamax_v",2620,0,0}}
6	70	40000	7900	6000	{{"lifemax_v",2670,0,0},{"manamax_v",2670,0,0}}
6	71	40000	8100	6000	{{"lifemax_v",2720,0,0},{"manamax_v",2720,0,0}}
6	72	40000	8300	6000	{{"lifemax_v",2770,0,0},{"manamax_v",2770,0,0}}
6	73	40000	8500	6000	{{"lifemax_v",2820,0,0},{"manamax_v",2820,0,0}}
6	74	40000	8700	6000	{{"lifemax_v",2870,0,0},{"manamax_v",2870,0,0}}
6	75	40000	8900	6000	{{"lifemax_v",2920,0,0},{"manamax_v",2920,0,0}}
6	76	40000	9100	6000	{{"lifemax_v",2970,0,0},{"manamax_v",2970,0,0}}
6	77	40000	9300	6000	{{"lifemax_v",3020,0,0},{"manamax_v",3020,0,0}}
6	78	40000	9500	6000	{{"lifemax_v",3070,0,0},{"manamax_v",3070,0,0}}
6	79	40000	9700	6000	{{"lifemax_v",3120,0,0},{"manamax_v",3120,0,0}}
6	80	40000	9900	6000	{{"lifemax_v",3170,0,0},{"manamax_v",3170,0,0}}
6	81	40000	10100	6000	{{"lifemax_v",3220,0,0},{"manamax_v",3220,0,0}}
6	82	40000	10300	6000	{{"lifemax_v",3270,0,0},{"manamax_v",3270,0,0}}
6	83	40000	10500	6000	{{"lifemax_v",3320,0,0},{"manamax_v",3320,0,0}}
6	84	40000	10700	6000	{{"lifemax_v",3370,0,0},{"manamax_v",3370,0,0}}
6	85	40000	10900	6000	{{"lifemax_v",3420,0,0},{"manamax_v",3420,0,0}}
6	86	40000	11100	6000	{{"lifemax_v",3470,0,0},{"manamax_v",3470,0,0}}
6	87	40000	11300	6000	{{"lifemax_v",3520,0,0},{"manamax_v",3520,0,0}}
6	88	40000	11500	6000	{{"lifemax_v",3570,0,0},{"manamax_v",3570,0,0}}
6	89	40000	11700	6000	{{"lifemax_v",3620,0,0},{"manamax_v",3620,0,0}}
6	90	40000	11900	6000	{{"lifemax_v",3670,0,0},{"manamax_v",3670,0,0}}
6	91	40000	12100	6000	{{"lifemax_v",3720,0,0},{"manamax_v",3720,0,0}}
6	92	40000	12300	6000	{{"lifemax_v",3770,0,0},{"manamax_v",3770,0,0}}
6	93	40000	12500	6000	{{"lifemax_v",3820,0,0},{"manamax_v",3820,0,0}}
6	94	40000	12700	6000	{{"lifemax_v",3870,0,0},{"manamax_v",3870,0,0}}
6	95	40000	12900	6000	{{"lifemax_v",3920,0,0},{"manamax_v",3920,0,0}}
6	96	40000	13100	6000	{{"lifemax_v",3970,0,0},{"manamax_v",3970,0,0}}
6	97	40000	13300	6000	{{"lifemax_v",4020,0,0},{"manamax_v",4020,0,0}}
6	98	40000	13500	6000	{{"lifemax_v",4070,0,0},{"manamax_v",4070,0,0}}
6	99	40000	13700	6000	{{"lifemax_v",4120,0,0},{"manamax_v",4120,0,0}}
6	100	40000	13900	6000	{{"lifemax_v",4170,0,0},{"manamax_v",4170,0,0}}
6	101	40000	14100	6000	{{"lifemax_v",4220,0,0},{"manamax_v",4220,0,0}}
6	102	40000	14300	6000	{{"lifemax_v",4270,0,0},{"manamax_v",4270,0,0}}
6	103	40000	14500	6000	{{"lifemax_v",4320,0,0},{"manamax_v",4320,0,0}}
6	104	40000	14700	6000	{{"lifemax_v",4370,0,0},{"manamax_v",4370,0,0}}
6	105	40000	14900	6000	{{"lifemax_v",4420,0,0},{"manamax_v",4420,0,0}}
6	106	40000	15100	6000	{{"lifemax_v",4470,0,0},{"manamax_v",4470,0,0}}
6	107	40000	15300	6000	{{"lifemax_v",4520,0,0},{"manamax_v",4520,0,0}}
6	108	40000	15500	6000	{{"lifemax_v",4570,0,0},{"manamax_v",4570,0,0}}
6	109	40000	15700	6000	{{"lifemax_v",4620,0,0},{"manamax_v",4620,0,0}}
6	110	40000	15900	6000	{{"lifemax_v",4670,0,0},{"manamax_v",4670,0,0}}
6	111	40000	16100	6000	{{"lifemax_v",4720,0,0},{"manamax_v",4720,0,0}}
6	112	40000	16300	6000	{{"lifemax_v",4770,0,0},{"manamax_v",4770,0,0}}
6	113	40000	16500	6000	{{"lifemax_v",4820,0,0},{"manamax_v",4820,0,0}}
6	114	40000	16700	6000	{{"lifemax_v",4870,0,0},{"manamax_v",4870,0,0}}
6	115	40000	16900	6000	{{"lifemax_v",4920,0,0},{"manamax_v",4920,0,0}}
6	116	40000	17100	6000	{{"lifemax_v",4970,0,0},{"manamax_v",4970,0,0}}
6	117	40000	17300	6000	{{"lifemax_v",5020,0,0},{"manamax_v",5020,0,0}}
6	118	40000	17500	6000	{{"lifemax_v",5070,0,0},{"manamax_v",5070,0,0}}
6	119	40000	17700	6000	{{"lifemax_v",5120,0,0},{"manamax_v",5120,0,0}}
6	120	40000	17900	6000	{{"lifemax_v",5170,0,0},{"manamax_v",5170,0,0}}
6	121	40000	18100	6000	{{"lifemax_v",5220,0,0},{"manamax_v",5220,0,0}}
6	122	40000	18300	6000	{{"lifemax_v",5270,0,0},{"manamax_v",5270,0,0}}
6	123	40000	18500	6000	{{"lifemax_v",5320,0,0},{"manamax_v",5320,0,0}}
6	124	40000	18700	6000	{{"lifemax_v",5370,0,0},{"manamax_v",5370,0,0}}
6	125	40000	18900	6000	{{"lifemax_v",5420,0,0},{"manamax_v",5420,0,0}}
6	126	40000	19100	6000	{{"lifemax_v",5470,0,0},{"manamax_v",5470,0,0}}
6	127	40000	19300	6000	{{"lifemax_v",5520,0,0},{"manamax_v",5520,0,0}}
6	128	40000	19500	6000	{{"lifemax_v",5570,0,0},{"manamax_v",5570,0,0}}
6	129	40000	19700	6000	{{"lifemax_v",5620,0,0},{"manamax_v",5620,0,0}}
6	130	40000	19900	6000	{{"lifemax_v",5670,0,0},{"manamax_v",5670,0,0}}
6	131	40000	20100	6000	{{"lifemax_v",5720,0,0},{"manamax_v",5720,0,0}}
6	132	40000	20300	6000	{{"lifemax_v",5770,0,0},{"manamax_v",5770,0,0}}
6	133	40000	20500	6000	{{"lifemax_v",5820,0,0},{"manamax_v",5820,0,0}}
6	134	40000	20700	6000	{{"lifemax_v",5870,0,0},{"manamax_v",5870,0,0}}
6	135	40000	20900	6000	{{"lifemax_v",5920,0,0},{"manamax_v",5920,0,0}}
6	136	40000	21100	6000	{{"lifemax_v",5970,0,0},{"manamax_v",5970,0,0}}
6	137	40000	21300	6000	{{"lifemax_v",6020,0,0},{"manamax_v",6020,0,0}}
6	138	40000	21500	6000	{{"lifemax_v",6070,0,0},{"manamax_v",6070,0,0}}
6	139	40000	21700	6000	{{"lifemax_v",6120,0,0},{"manamax_v",6120,0,0}}
6	140	40000	21900	6000	{{"lifemax_v",6170,0,0},{"manamax_v",6170,0,0}}
6	141	40000	22100	6000	{{"lifemax_v",6220,0,0},{"manamax_v",6220,0,0}}
6	142	40000	22300	6000	{{"lifemax_v",6270,0,0},{"manamax_v",6270,0,0}}
6	143	40000	22500	6000	{{"lifemax_v",6320,0,0},{"manamax_v",6320,0,0}}
6	144	40000	22700	6000	{{"lifemax_v",6370,0,0},{"manamax_v",6370,0,0}}
6	145	40000	22900	6000	{{"lifemax_v",6420,0,0},{"manamax_v",6420,0,0}}
6	146	40000	23100	6000	{{"lifemax_v",6470,0,0},{"manamax_v",6470,0,0}}
6	147	40000	23300	6000	{{"lifemax_v",6520,0,0},{"manamax_v",6520,0,0}}
6	148	40000	23500	6000	{{"lifemax_v",6570,0,0},{"manamax_v",6570,0,0}}
6	149	40000	23700	6000	{{"lifemax_v",6620,0,0},{"manamax_v",6620,0,0}}
6	150	40000	23900	6000	{{"lifemax_v",6670,0,0},{"manamax_v",6670,0,0}}
6	151	40000	24100	6000	{{"lifemax_v",6720,0,0},{"manamax_v",6720,0,0}}
6	152	40000	24300	6000	{{"lifemax_v",6770,0,0},{"manamax_v",6770,0,0}}
6	153	40000	24500	6000	{{"lifemax_v",6820,0,0},{"manamax_v",6820,0,0}}
6	154	40000	24700	6000	{{"lifemax_v",6870,0,0},{"manamax_v",6870,0,0}}
6	155	40000	24900	6000	{{"lifemax_v",6920,0,0},{"manamax_v",6920,0,0}}
6	156	40000	25100	6000	{{"lifemax_v",6970,0,0},{"manamax_v",6970,0,0}}
6	157	40000	25300	6000	{{"lifemax_v",7020,0,0},{"manamax_v",7020,0,0}}
6	158	40000	25500	6000	{{"lifemax_v",7070,0,0},{"manamax_v",7070,0,0}}
6	159	40000	25700	6000	{{"lifemax_v",7120,0,0},{"manamax_v",7120,0,0}}
6	160	40000	25900	6000	{{"lifemax_v",7170,0,0},{"manamax_v",7170,0,0}}
6	161	40000	26100	6000	{{"lifemax_v",7220,0,0},{"manamax_v",7220,0,0}}
6	162	40000	26300	6000	{{"lifemax_v",7270,0,0},{"manamax_v",7270,0,0}}
6	163	40000	26500	6000	{{"lifemax_v",7320,0,0},{"manamax_v",7320,0,0}}
6	164	40000	26700	6000	{{"lifemax_v",7370,0,0},{"manamax_v",7370,0,0}}
6	165	40000	26900	6000	{{"lifemax_v",7420,0,0},{"manamax_v",7420,0,0}}
6	166	40000	27100	6000	{{"lifemax_v",7470,0,0},{"manamax_v",7470,0,0}}
6	167	40000	27300	6000	{{"lifemax_v",7520,0,0},{"manamax_v",7520,0,0}}
6	168	40000	27500	6000	{{"lifemax_v",7570,0,0},{"manamax_v",7570,0,0}}
6	169	40000	27700	6000	{{"lifemax_v",7620,0,0},{"manamax_v",7620,0,0}}
6	170	40000	27900	6000	{{"lifemax_v",7670,0,0},{"manamax_v",7670,0,0}}
6	171	40000	28100	6000	{{"lifemax_v",7720,0,0},{"manamax_v",7720,0,0}}
6	172	40000	28300	6000	{{"lifemax_v",7770,0,0},{"manamax_v",7770,0,0}}
6	173	40000	28500	6000	{{"lifemax_v",7820,0,0},{"manamax_v",7820,0,0}}
6	174	40000	28700	6000	{{"lifemax_v",7870,0,0},{"manamax_v",7870,0,0}}
6	175	40000	28900	6000	{{"lifemax_v",7920,0,0},{"manamax_v",7920,0,0}}
6	176	40000	29100	6000	{{"lifemax_v",7970,0,0},{"manamax_v",7970,0,0}}
6	177	40000	29300	6000	{{"lifemax_v",8020,0,0},{"manamax_v",8020,0,0}}
6	178	40000	29500	6000	{{"lifemax_v",8070,0,0},{"manamax_v",8070,0,0}}
6	179	40000	29700	6000	{{"lifemax_v",8120,0,0},{"manamax_v",8120,0,0}}
6	180	40000	29900	6000	{{"lifemax_v",8170,0,0},{"manamax_v",8170,0,0}}
6	181	40000	30100	6000	{{"lifemax_v",8220,0,0},{"manamax_v",8220,0,0}}
6	182	40000	30300	6000	{{"lifemax_v",8270,0,0},{"manamax_v",8270,0,0}}
6	183	40000	30500	6000	{{"lifemax_v",8320,0,0},{"manamax_v",8320,0,0}}
6	184	40000	30700	6000	{{"lifemax_v",8370,0,0},{"manamax_v",8370,0,0}}
6	185	40000	30900	6000	{{"lifemax_v",8420,0,0},{"manamax_v",8420,0,0}}
6	186	40000	31100	6000	{{"lifemax_v",8470,0,0},{"manamax_v",8470,0,0}}
6	187	40000	31300	6000	{{"lifemax_v",8520,0,0},{"manamax_v",8520,0,0}}
6	188	40000	31500	6000	{{"lifemax_v",8570,0,0},{"manamax_v",8570,0,0}}
6	189	40000	31700	6000	{{"lifemax_v",8620,0,0},{"manamax_v",8620,0,0}}
6	190	40000	31900	6000	{{"lifemax_v",8670,0,0},{"manamax_v",8670,0,0}}
6	191	40000	32100	6000	{{"lifemax_v",8720,0,0},{"manamax_v",8720,0,0}}
6	192	40000	32300	6000	{{"lifemax_v",8770,0,0},{"manamax_v",8770,0,0}}
6	193	40000	32500	6000	{{"lifemax_v",8820,0,0},{"manamax_v",8820,0,0}}
6	194	40000	32700	6000	{{"lifemax_v",8870,0,0},{"manamax_v",8870,0,0}}
6	195	40000	32900	6000	{{"lifemax_v",8920,0,0},{"manamax_v",8920,0,0}}
6	196	40000	33100	6000	{{"lifemax_v",8970,0,0},{"manamax_v",8970,0,0}}
6	197	40000	33300	6000	{{"lifemax_v",9020,0,0},{"manamax_v",9020,0,0}}
6	198	40000	33500	6000	{{"lifemax_v",9070,0,0},{"manamax_v",9070,0,0}}
6	199	40000	33700	6000	{{"lifemax_v",9120,0,0},{"manamax_v",9120,0,0}}
6	200	40000	33900	6000	{{"lifemax_v",9170,0,0},{"manamax_v",9170,0,0}}
6	201	40000	34100	6000	{{"lifemax_v",9220,0,0},{"manamax_v",9220,0,0}}
6	202	40000	34300	6000	{{"lifemax_v",9270,0,0},{"manamax_v",9270,0,0}}
6	203	40000	34500	6000	{{"lifemax_v",9320,0,0},{"manamax_v",9320,0,0}}
6	204	40000	34700	6000	{{"lifemax_v",9370,0,0},{"manamax_v",9370,0,0}}
6	205	40000	34900	6000	{{"lifemax_v",9420,0,0},{"manamax_v",9420,0,0}}
6	206	40000	35100	6000	{{"lifemax_v",9470,0,0},{"manamax_v",9470,0,0}}
6	207	40000	35300	6000	{{"lifemax_v",9520,0,0},{"manamax_v",9520,0,0}}
6	208	40000	35500	6000	{{"lifemax_v",9570,0,0},{"manamax_v",9570,0,0}}
6	209	40000	35700	6000	{{"lifemax_v",9620,0,0},{"manamax_v",9620,0,0}}
6	210	40000	35900	6000	{{"lifemax_v",9670,0,0},{"manamax_v",9670,0,0}}
6	211	40000	36100	6000	{{"lifemax_v",9720,0,0},{"manamax_v",9720,0,0}}
6	212	40000	36300	6000	{{"lifemax_v",9770,0,0},{"manamax_v",9770,0,0}}
6	213	40000	36500	6000	{{"lifemax_v",9820,0,0},{"manamax_v",9820,0,0}}
6	214	40000	36700	6000	{{"lifemax_v",9870,0,0},{"manamax_v",9870,0,0}}
6	215	40000	36900	6000	{{"lifemax_v",9920,0,0},{"manamax_v",9920,0,0}}
6	216	40000	37100	6000	{{"lifemax_v",9970,0,0},{"manamax_v",9970,0,0}}
6	217	40000	37300	6000	{{"lifemax_v",10020,0,0},{"manamax_v",10020,0,0}}
6	218	40000	37500	6000	{{"lifemax_v",10070,0,0},{"manamax_v",10070,0,0}}
6	219	40000	37700	6000	{{"lifemax_v",10120,0,0},{"manamax_v",10120,0,0}}
6	220	40000	37900	6000	{{"lifemax_v",10170,0,0},{"manamax_v",10170,0,0}}
6	221	40000	38100	6000	{{"lifemax_v",10220,0,0},{"manamax_v",10220,0,0}}
6	222	40000	38300	6000	{{"lifemax_v",10270,0,0},{"manamax_v",10270,0,0}}
6	223	40000	38500	6000	{{"lifemax_v",10320,0,0},{"manamax_v",10320,0,0}}
6	224	40000	38700	6000	{{"lifemax_v",10370,0,0},{"manamax_v",10370,0,0}}
6	225	40000	38900	6000	{{"lifemax_v",10420,0,0},{"manamax_v",10420,0,0}}
6	226	40000	39100	6000	{{"lifemax_v",10470,0,0},{"manamax_v",10470,0,0}}
6	227	40000	39300	6000	{{"lifemax_v",10520,0,0},{"manamax_v",10520,0,0}}
6	228	40000	39500	6000	{{"lifemax_v",10570,0,0},{"manamax_v",10570,0,0}}
6	229	40000	39700	6000	{{"lifemax_v",10620,0,0},{"manamax_v",10620,0,0}}
6	230	40000	39900	6000	{{"lifemax_v",10670,0,0},{"manamax_v",10670,0,0}}
6	231	40000	40100	6000	{{"lifemax_v",10720,0,0},{"manamax_v",10720,0,0}}
6	232	40000	40300	6000	{{"lifemax_v",10770,0,0},{"manamax_v",10770,0,0}}
6	233	40000	40500	6000	{{"lifemax_v",10820,0,0},{"manamax_v",10820,0,0}}
6	234	40000	40700	6000	{{"lifemax_v",10870,0,0},{"manamax_v",10870,0,0}}
6	235	40000	40900	6000	{{"lifemax_v",10920,0,0},{"manamax_v",10920,0,0}}
6	236	40000	41100	6000	{{"lifemax_v",10970,0,0},{"manamax_v",10970,0,0}}
6	237	40000	41300	6000	{{"lifemax_v",11020,0,0},{"manamax_v",11020,0,0}}
6	238	40000	41500	6000	{{"lifemax_v",11070,0,0},{"manamax_v",11070,0,0}}
6	239	40000	41700	6000	{{"lifemax_v",11120,0,0},{"manamax_v",11120,0,0}}
6	240	40000	41900	6000	{{"lifemax_v",11170,0,0},{"manamax_v",11170,0,0}}
6	241	40000	42100	6000	{{"lifemax_v",11220,0,0},{"manamax_v",11220,0,0}}
6	242	40000	42300	6000	{{"lifemax_v",11270,0,0},{"manamax_v",11270,0,0}}
6	243	40000	42500	6000	{{"lifemax_v",11320,0,0},{"manamax_v",11320,0,0}}
6	244	40000	42700	6000	{{"lifemax_v",11370,0,0},{"manamax_v",11370,0,0}}
6	245	40000	42900	6000	{{"lifemax_v",11420,0,0},{"manamax_v",11420,0,0}}
6	246	40000	43100	6000	{{"lifemax_v",11470,0,0},{"manamax_v",11470,0,0}}
6	247	40000	43300	6000	{{"lifemax_v",11520,0,0},{"manamax_v",11520,0,0}}
6	248	40000	43500	6000	{{"lifemax_v",11570,0,0},{"manamax_v",11570,0,0}}
6	249	40000	43700	6000	{{"lifemax_v",11620,0,0},{"manamax_v",11620,0,0}}
6	250	40000	43900	6000	{{"lifemax_v",11670,0,0},{"manamax_v",11670,0,0}}
6	251	40000	44100	6000	{{"lifemax_v",11720,0,0},{"manamax_v",11720,0,0}}
6	252	40000	44300	6000	{{"lifemax_v",11770,0,0},{"manamax_v",11770,0,0}}
6	253	40000	44500	6000	{{"lifemax_v",11820,0,0},{"manamax_v",11820,0,0}}
6	254	40000	44700	6000	{{"lifemax_v",11870,0,0},{"manamax_v",11870,0,0}}
6	255	40000	44900	6000	{{"lifemax_v",11920,0,0},{"manamax_v",11920,0,0}}
6	256	40000	45100	6000	{{"lifemax_v",11970,0,0},{"manamax_v",11970,0,0}}
6	257	40000	45300	6000	{{"lifemax_v",12020,0,0},{"manamax_v",12020,0,0}}
6	258	40000	45500	6000	{{"lifemax_v",12070,0,0},{"manamax_v",12070,0,0}}
6	259	40000	45700	6000	{{"lifemax_v",12120,0,0},{"manamax_v",12120,0,0}}
6	260	40000	45900	6000	{{"lifemax_v",12170,0,0},{"manamax_v",12170,0,0}}
6	261	40000	46100	6000	{{"lifemax_v",12220,0,0},{"manamax_v",12220,0,0}}
6	262	40000	46300	6000	{{"lifemax_v",12270,0,0},{"manamax_v",12270,0,0}}
6	263	40000	46500	6000	{{"lifemax_v",12320,0,0},{"manamax_v",12320,0,0}}
6	264	40000	46700	6000	{{"lifemax_v",12370,0,0},{"manamax_v",12370,0,0}}
6	265	40000	46900	6000	{{"lifemax_v",12420,0,0},{"manamax_v",12420,0,0}}
6	266	40000	47100	6000	{{"lifemax_v",12470,0,0},{"manamax_v",12470,0,0}}
6	267	40000	47300	6000	{{"lifemax_v",12520,0,0},{"manamax_v",12520,0,0}}
6	268	40000	47500	6000	{{"lifemax_v",12570,0,0},{"manamax_v",12570,0,0}}
6	269	40000	47700	6000	{{"lifemax_v",12620,0,0},{"manamax_v",12620,0,0}}
6	270	40000	47900	6000	{{"lifemax_v",12670,0,0},{"manamax_v",12670,0,0}}
6	271	40000	48100	6000	{{"lifemax_v",12720,0,0},{"manamax_v",12720,0,0}}
6	272	40000	48300	6000	{{"lifemax_v",12770,0,0},{"manamax_v",12770,0,0}}
6	273	40000	48500	6000	{{"lifemax_v",12820,0,0},{"manamax_v",12820,0,0}}
6	274	40000	48700	6000	{{"lifemax_v",12870,0,0},{"manamax_v",12870,0,0}}
6	275	40000	48900	6000	{{"lifemax_v",12920,0,0},{"manamax_v",12920,0,0}}
6	276	40000	49100	6000	{{"lifemax_v",12970,0,0},{"manamax_v",12970,0,0}}
6	277	40000	49300	6000	{{"lifemax_v",13020,0,0},{"manamax_v",13020,0,0}}
6	278	40000	49500	6000	{{"lifemax_v",13070,0,0},{"manamax_v",13070,0,0}}
6	279	40000	49700	6000	{{"lifemax_v",13120,0,0},{"manamax_v",13120,0,0}}
6	280	40000	49900	6000	{{"lifemax_v",13170,0,0},{"manamax_v",13170,0,0}}
7	1	6000	30	900	{{"ignore_defense_v",1,0,0}}
7	2	6000	60	900	{{"ignore_defense_v",2,0,0}}
7	3	6000	90	900	{{"ignore_defense_v",3,0,0}}
7	4	6000	120	900	{{"ignore_defense_v",4,0,0}}
7	5	6000	150	900	{{"ignore_defense_v",5,0,0}}
7	6	6000	180	900	{{"ignore_defense_v",6,0,0}}
7	7	6000	210	900	{{"ignore_defense_v",7,0,0}}
7	8	6000	240	900	{{"ignore_defense_v",8,0,0}}
7	9	6000	270	900	{{"ignore_defense_v",9,0,0}}
7	10	6000	300	900	{{"ignore_defense_v",10,0,0}}
7	11	8000	340	1200	{{"ignore_defense_v",11,0,0}}
7	12	8000	380	1200	{{"ignore_defense_v",12,0,0}}
7	13	8000	420	1200	{{"ignore_defense_v",13,0,0}}
7	14	8000	460	1200	{{"ignore_defense_v",14,0,0}}
7	15	8000	500	1200	{{"ignore_defense_v",15,0,0}}
7	16	8000	540	1200	{{"ignore_defense_v",16,0,0}}
7	17	8000	580	1200	{{"ignore_defense_v",17,0,0}}
7	18	8000	620	1200	{{"ignore_defense_v",18,0,0}}
7	19	8000	660	1200	{{"ignore_defense_v",19,0,0}}
7	20	8000	700	1200	{{"ignore_defense_v",20,0,0}}
7	21	12000	760	1800	{{"ignore_defense_v",22,0,0}}
7	22	12000	820	1800	{{"ignore_defense_v",24,0,0}}
7	23	12000	880	1800	{{"ignore_defense_v",26,0,0}}
7	24	12000	940	1800	{{"ignore_defense_v",28,0,0}}
7	25	12000	1000	1800	{{"ignore_defense_v",30,0,0}}
7	26	12000	1060	1800	{{"ignore_defense_v",32,0,0}}
7	27	12000	1120	1800	{{"ignore_defense_v",34,0,0}}
7	28	12000	1180	1800	{{"ignore_defense_v",36,0,0}}
7	29	12000	1240	1800	{{"ignore_defense_v",38,0,0}}
7	30	12000	1300	1800	{{"ignore_defense_v",40,0,0}}
7	31	20000	1400	3000	{{"ignore_defense_v",42,0,0}}
7	32	20000	1500	3000	{{"ignore_defense_v",44,0,0}}
7	33	20000	1600	3000	{{"ignore_defense_v",46,0,0}}
7	34	20000	1700	3000	{{"ignore_defense_v",48,0,0}}
7	35	20000	1800	3000	{{"ignore_defense_v",50,0,0}}
7	36	20000	1900	3000	{{"ignore_defense_v",52,0,0}}
7	37	20000	2000	3000	{{"ignore_defense_v",54,0,0}}
7	38	20000	2100	3000	{{"ignore_defense_v",56,0,0}}
7	39	20000	2200	3000	{{"ignore_defense_v",58,0,0}}
7	40	20000	2300	3000	{{"ignore_defense_v",60,0,0}}
7	41	32000	2460	4800	{{"ignore_defense_v",63,0,0}}
7	42	32000	2620	4800	{{"ignore_defense_v",66,0,0}}
7	43	32000	2780	4800	{{"ignore_defense_v",69,0,0}}
7	44	32000	2940	4800	{{"ignore_defense_v",72,0,0}}
7	45	32000	3100	4800	{{"ignore_defense_v",75,0,0}}
7	46	32000	3260	4800	{{"ignore_defense_v",78,0,0}}
7	47	32000	3420	4800	{{"ignore_defense_v",81,0,0}}
7	48	32000	3580	4800	{{"ignore_defense_v",84,0,0}}
7	49	32000	3740	4800	{{"ignore_defense_v",87,0,0}}
7	50	32000	3900	4800	{{"ignore_defense_v",90,0,0}}
7	51	40000	4100	6000	{{"ignore_defense_v",93,0,0}}
7	52	40000	4300	6000	{{"ignore_defense_v",96,0,0}}
7	53	40000	4500	6000	{{"ignore_defense_v",99,0,0}}
7	54	40000	4700	6000	{{"ignore_defense_v",102,0,0}}
7	55	40000	4900	6000	{{"ignore_defense_v",105,0,0}}
7	56	40000	5100	6000	{{"ignore_defense_v",108,0,0}}
7	57	40000	5300	6000	{{"ignore_defense_v",111,0,0}}
7	58	40000	5500	6000	{{"ignore_defense_v",114,0,0}}
7	59	40000	5700	6000	{{"ignore_defense_v",117,0,0}}
7	60	40000	5900	6000	{{"ignore_defense_v",120,0,0}}
7	61	40000	6100	6000	{{"ignore_defense_v",123,0,0}}
7	62	40000	6300	6000	{{"ignore_defense_v",126,0,0}}
7	63	40000	6500	6000	{{"ignore_defense_v",129,0,0}}
7	64	40000	6700	6000	{{"ignore_defense_v",132,0,0}}
7	65	40000	6900	6000	{{"ignore_defense_v",135,0,0}}
7	66	40000	7100	6000	{{"ignore_defense_v",138,0,0}}
7	67	40000	7300	6000	{{"ignore_defense_v",141,0,0}}
7	68	40000	7500	6000	{{"ignore_defense_v",144,0,0}}
7	69	40000	7700	6000	{{"ignore_defense_v",147,0,0}}
7	70	40000	7900	6000	{{"ignore_defense_v",150,0,0}}
7	71	40000	8100	6000	{{"ignore_defense_v",153,0,0}}
7	72	40000	8300	6000	{{"ignore_defense_v",156,0,0}}
7	73	40000	8500	6000	{{"ignore_defense_v",159,0,0}}
7	74	40000	8700	6000	{{"ignore_defense_v",162,0,0}}
7	75	40000	8900	6000	{{"ignore_defense_v",165,0,0}}
7	76	40000	9100	6000	{{"ignore_defense_v",168,0,0}}
7	77	40000	9300	6000	{{"ignore_defense_v",171,0,0}}
7	78	40000	9500	6000	{{"ignore_defense_v",174,0,0}}
7	79	40000	9700	6000	{{"ignore_defense_v",177,0,0}}
7	80	40000	9900	6000	{{"ignore_defense_v",180,0,0}}
7	81	40000	10100	6000	{{"ignore_defense_v",183,0,0}}
7	82	40000	10300	6000	{{"ignore_defense_v",186,0,0}}
7	83	40000	10500	6000	{{"ignore_defense_v",189,0,0}}
7	84	40000	10700	6000	{{"ignore_defense_v",192,0,0}}
7	85	40000	10900	6000	{{"ignore_defense_v",195,0,0}}
7	86	40000	11100	6000	{{"ignore_defense_v",198,0,0}}
7	87	40000	11300	6000	{{"ignore_defense_v",201,0,0}}
7	88	40000	11500	6000	{{"ignore_defense_v",204,0,0}}
7	89	40000	11700	6000	{{"ignore_defense_v",207,0,0}}
7	90	40000	11900	6000	{{"ignore_defense_v",210,0,0}}
7	91	40000	12100	6000	{{"ignore_defense_v",213,0,0}}
7	92	40000	12300	6000	{{"ignore_defense_v",216,0,0}}
7	93	40000	12500	6000	{{"ignore_defense_v",219,0,0}}
7	94	40000	12700	6000	{{"ignore_defense_v",222,0,0}}
7	95	40000	12900	6000	{{"ignore_defense_v",225,0,0}}
7	96	40000	13100	6000	{{"ignore_defense_v",228,0,0}}
7	97	40000	13300	6000	{{"ignore_defense_v",231,0,0}}
7	98	40000	13500	6000	{{"ignore_defense_v",234,0,0}}
7	99	40000	13700	6000	{{"ignore_defense_v",237,0,0}}
7	100	40000	13900	6000	{{"ignore_defense_v",240,0,0}}
7	101	40000	14100	6000	{{"ignore_defense_v",243,0,0}}
7	102	40000	14300	6000	{{"ignore_defense_v",246,0,0}}
7	103	40000	14500	6000	{{"ignore_defense_v",249,0,0}}
7	104	40000	14700	6000	{{"ignore_defense_v",252,0,0}}
7	105	40000	14900	6000	{{"ignore_defense_v",255,0,0}}
7	106	40000	15100	6000	{{"ignore_defense_v",258,0,0}}
7	107	40000	15300	6000	{{"ignore_defense_v",261,0,0}}
7	108	40000	15500	6000	{{"ignore_defense_v",264,0,0}}
7	109	40000	15700	6000	{{"ignore_defense_v",267,0,0}}
7	110	40000	15900	6000	{{"ignore_defense_v",270,0,0}}
7	111	40000	16100	6000	{{"ignore_defense_v",273,0,0}}
7	112	40000	16300	6000	{{"ignore_defense_v",276,0,0}}
7	113	40000	16500	6000	{{"ignore_defense_v",279,0,0}}
7	114	40000	16700	6000	{{"ignore_defense_v",282,0,0}}
7	115	40000	16900	6000	{{"ignore_defense_v",285,0,0}}
7	116	40000	17100	6000	{{"ignore_defense_v",288,0,0}}
7	117	40000	17300	6000	{{"ignore_defense_v",291,0,0}}
7	118	40000	17500	6000	{{"ignore_defense_v",294,0,0}}
7	119	40000	17700	6000	{{"ignore_defense_v",297,0,0}}
7	120	40000	17900	6000	{{"ignore_defense_v",300,0,0}}
7	121	40000	18100	6000	{{"ignore_defense_v",303,0,0}}
7	122	40000	18300	6000	{{"ignore_defense_v",306,0,0}}
7	123	40000	18500	6000	{{"ignore_defense_v",309,0,0}}
7	124	40000	18700	6000	{{"ignore_defense_v",312,0,0}}
7	125	40000	18900	6000	{{"ignore_defense_v",315,0,0}}
7	126	40000	19100	6000	{{"ignore_defense_v",318,0,0}}
7	127	40000	19300	6000	{{"ignore_defense_v",321,0,0}}
7	128	40000	19500	6000	{{"ignore_defense_v",324,0,0}}
7	129	40000	19700	6000	{{"ignore_defense_v",327,0,0}}
7	130	40000	19900	6000	{{"ignore_defense_v",330,0,0}}
7	131	40000	20100	6000	{{"ignore_defense_v",333,0,0}}
7	132	40000	20300	6000	{{"ignore_defense_v",336,0,0}}
7	133	40000	20500	6000	{{"ignore_defense_v",339,0,0}}
7	134	40000	20700	6000	{{"ignore_defense_v",342,0,0}}
7	135	40000	20900	6000	{{"ignore_defense_v",345,0,0}}
7	136	40000	21100	6000	{{"ignore_defense_v",348,0,0}}
7	137	40000	21300	6000	{{"ignore_defense_v",351,0,0}}
7	138	40000	21500	6000	{{"ignore_defense_v",354,0,0}}
7	139	40000	21700	6000	{{"ignore_defense_v",357,0,0}}
7	140	40000	21900	6000	{{"ignore_defense_v",360,0,0}}
7	141	40000	22100	6000	{{"ignore_defense_v",363,0,0}}
7	142	40000	22300	6000	{{"ignore_defense_v",366,0,0}}
7	143	40000	22500	6000	{{"ignore_defense_v",369,0,0}}
7	144	40000	22700	6000	{{"ignore_defense_v",372,0,0}}
7	145	40000	22900	6000	{{"ignore_defense_v",375,0,0}}
7	146	40000	23100	6000	{{"ignore_defense_v",378,0,0}}
7	147	40000	23300	6000	{{"ignore_defense_v",381,0,0}}
7	148	40000	23500	6000	{{"ignore_defense_v",384,0,0}}
7	149	40000	23700	6000	{{"ignore_defense_v",387,0,0}}
7	150	40000	23900	6000	{{"ignore_defense_v",390,0,0}}
7	151	40000	24100	6000	{{"ignore_defense_v",393,0,0}}
7	152	40000	24300	6000	{{"ignore_defense_v",396,0,0}}
7	153	40000	24500	6000	{{"ignore_defense_v",399,0,0}}
7	154	40000	24700	6000	{{"ignore_defense_v",402,0,0}}
7	155	40000	24900	6000	{{"ignore_defense_v",405,0,0}}
7	156	40000	25100	6000	{{"ignore_defense_v",408,0,0}}
7	157	40000	25300	6000	{{"ignore_defense_v",411,0,0}}
7	158	40000	25500	6000	{{"ignore_defense_v",414,0,0}}
7	159	40000	25700	6000	{{"ignore_defense_v",417,0,0}}
7	160	40000	25900	6000	{{"ignore_defense_v",420,0,0}}
7	161	40000	26100	6000	{{"ignore_defense_v",423,0,0}}
7	162	40000	26300	6000	{{"ignore_defense_v",426,0,0}}
7	163	40000	26500	6000	{{"ignore_defense_v",429,0,0}}
7	164	40000	26700	6000	{{"ignore_defense_v",432,0,0}}
7	165	40000	26900	6000	{{"ignore_defense_v",435,0,0}}
7	166	40000	27100	6000	{{"ignore_defense_v",438,0,0}}
7	167	40000	27300	6000	{{"ignore_defense_v",441,0,0}}
7	168	40000	27500	6000	{{"ignore_defense_v",444,0,0}}
7	169	40000	27700	6000	{{"ignore_defense_v",447,0,0}}
7	170	40000	27900	6000	{{"ignore_defense_v",450,0,0}}
7	171	40000	28100	6000	{{"ignore_defense_v",453,0,0}}
7	172	40000	28300	6000	{{"ignore_defense_v",456,0,0}}
7	173	40000	28500	6000	{{"ignore_defense_v",459,0,0}}
7	174	40000	28700	6000	{{"ignore_defense_v",462,0,0}}
7	175	40000	28900	6000	{{"ignore_defense_v",465,0,0}}
7	176	40000	29100	6000	{{"ignore_defense_v",468,0,0}}
7	177	40000	29300	6000	{{"ignore_defense_v",471,0,0}}
7	178	40000	29500	6000	{{"ignore_defense_v",474,0,0}}
7	179	40000	29700	6000	{{"ignore_defense_v",477,0,0}}
7	180	40000	29900	6000	{{"ignore_defense_v",480,0,0}}
7	181	40000	30100	6000	{{"ignore_defense_v",483,0,0}}
7	182	40000	30300	6000	{{"ignore_defense_v",486,0,0}}
7	183	40000	30500	6000	{{"ignore_defense_v",489,0,0}}
7	184	40000	30700	6000	{{"ignore_defense_v",492,0,0}}
7	185	40000	30900	6000	{{"ignore_defense_v",495,0,0}}
7	186	40000	31100	6000	{{"ignore_defense_v",498,0,0}}
7	187	40000	31300	6000	{{"ignore_defense_v",501,0,0}}
7	188	40000	31500	6000	{{"ignore_defense_v",504,0,0}}
7	189	40000	31700	6000	{{"ignore_defense_v",507,0,0}}
7	190	40000	31900	6000	{{"ignore_defense_v",510,0,0}}
7	191	40000	32100	6000	{{"ignore_defense_v",513,0,0}}
7	192	40000	32300	6000	{{"ignore_defense_v",516,0,0}}
7	193	40000	32500	6000	{{"ignore_defense_v",519,0,0}}
7	194	40000	32700	6000	{{"ignore_defense_v",522,0,0}}
7	195	40000	32900	6000	{{"ignore_defense_v",525,0,0}}
7	196	40000	33100	6000	{{"ignore_defense_v",528,0,0}}
7	197	40000	33300	6000	{{"ignore_defense_v",531,0,0}}
7	198	40000	33500	6000	{{"ignore_defense_v",534,0,0}}
7	199	40000	33700	6000	{{"ignore_defense_v",537,0,0}}
7	200	40000	33900	6000	{{"ignore_defense_v",540,0,0}}
7	201	40000	34100	6000	{{"ignore_defense_v",543,0,0}}
7	202	40000	34300	6000	{{"ignore_defense_v",546,0,0}}
7	203	40000	34500	6000	{{"ignore_defense_v",549,0,0}}
7	204	40000	34700	6000	{{"ignore_defense_v",552,0,0}}
7	205	40000	34900	6000	{{"ignore_defense_v",555,0,0}}
7	206	40000	35100	6000	{{"ignore_defense_v",558,0,0}}
7	207	40000	35300	6000	{{"ignore_defense_v",561,0,0}}
7	208	40000	35500	6000	{{"ignore_defense_v",564,0,0}}
7	209	40000	35700	6000	{{"ignore_defense_v",567,0,0}}
7	210	40000	35900	6000	{{"ignore_defense_v",570,0,0}}
7	211	40000	36100	6000	{{"ignore_defense_v",573,0,0}}
7	212	40000	36300	6000	{{"ignore_defense_v",576,0,0}}
7	213	40000	36500	6000	{{"ignore_defense_v",579,0,0}}
7	214	40000	36700	6000	{{"ignore_defense_v",582,0,0}}
7	215	40000	36900	6000	{{"ignore_defense_v",585,0,0}}
7	216	40000	37100	6000	{{"ignore_defense_v",588,0,0}}
7	217	40000	37300	6000	{{"ignore_defense_v",591,0,0}}
7	218	40000	37500	6000	{{"ignore_defense_v",594,0,0}}
7	219	40000	37700	6000	{{"ignore_defense_v",597,0,0}}
7	220	40000	37900	6000	{{"ignore_defense_v",600,0,0}}
7	221	40000	38100	6000	{{"ignore_defense_v",603,0,0}}
7	222	40000	38300	6000	{{"ignore_defense_v",606,0,0}}
7	223	40000	38500	6000	{{"ignore_defense_v",609,0,0}}
7	224	40000	38700	6000	{{"ignore_defense_v",612,0,0}}
7	225	40000	38900	6000	{{"ignore_defense_v",615,0,0}}
7	226	40000	39100	6000	{{"ignore_defense_v",618,0,0}}
7	227	40000	39300	6000	{{"ignore_defense_v",621,0,0}}
7	228	40000	39500	6000	{{"ignore_defense_v",624,0,0}}
7	229	40000	39700	6000	{{"ignore_defense_v",627,0,0}}
7	230	40000	39900	6000	{{"ignore_defense_v",630,0,0}}
7	231	40000	40100	6000	{{"ignore_defense_v",633,0,0}}
7	232	40000	40300	6000	{{"ignore_defense_v",636,0,0}}
7	233	40000	40500	6000	{{"ignore_defense_v",639,0,0}}
7	234	40000	40700	6000	{{"ignore_defense_v",642,0,0}}
7	235	40000	40900	6000	{{"ignore_defense_v",645,0,0}}
7	236	40000	41100	6000	{{"ignore_defense_v",648,0,0}}
7	237	40000	41300	6000	{{"ignore_defense_v",651,0,0}}
7	238	40000	41500	6000	{{"ignore_defense_v",654,0,0}}
7	239	40000	41700	6000	{{"ignore_defense_v",657,0,0}}
7	240	40000	41900	6000	{{"ignore_defense_v",660,0,0}}
7	241	40000	42100	6000	{{"ignore_defense_v",663,0,0}}
7	242	40000	42300	6000	{{"ignore_defense_v",666,0,0}}
7	243	40000	42500	6000	{{"ignore_defense_v",669,0,0}}
7	244	40000	42700	6000	{{"ignore_defense_v",672,0,0}}
7	245	40000	42900	6000	{{"ignore_defense_v",675,0,0}}
7	246	40000	43100	6000	{{"ignore_defense_v",678,0,0}}
7	247	40000	43300	6000	{{"ignore_defense_v",681,0,0}}
7	248	40000	43500	6000	{{"ignore_defense_v",684,0,0}}
7	249	40000	43700	6000	{{"ignore_defense_v",687,0,0}}
7	250	40000	43900	6000	{{"ignore_defense_v",690,0,0}}
7	251	40000	44100	6000	{{"ignore_defense_v",693,0,0}}
7	252	40000	44300	6000	{{"ignore_defense_v",696,0,0}}
7	253	40000	44500	6000	{{"ignore_defense_v",699,0,0}}
7	254	40000	44700	6000	{{"ignore_defense_v",702,0,0}}
7	255	40000	44900	6000	{{"ignore_defense_v",705,0,0}}
7	256	40000	45100	6000	{{"ignore_defense_v",708,0,0}}
7	257	40000	45300	6000	{{"ignore_defense_v",711,0,0}}
7	258	40000	45500	6000	{{"ignore_defense_v",714,0,0}}
7	259	40000	45700	6000	{{"ignore_defense_v",717,0,0}}
7	260	40000	45900	6000	{{"ignore_defense_v",720,0,0}}
7	261	40000	46100	6000	{{"ignore_defense_v",723,0,0}}
7	262	40000	46300	6000	{{"ignore_defense_v",726,0,0}}
7	263	40000	46500	6000	{{"ignore_defense_v",729,0,0}}
7	264	40000	46700	6000	{{"ignore_defense_v",732,0,0}}
7	265	40000	46900	6000	{{"ignore_defense_v",735,0,0}}
7	266	40000	47100	6000	{{"ignore_defense_v",738,0,0}}
7	267	40000	47300	6000	{{"ignore_defense_v",741,0,0}}
7	268	40000	47500	6000	{{"ignore_defense_v",744,0,0}}
7	269	40000	47700	6000	{{"ignore_defense_v",747,0,0}}
7	270	40000	47900	6000	{{"ignore_defense_v",750,0,0}}
7	271	40000	48100	6000	{{"ignore_defense_v",753,0,0}}
7	272	40000	48300	6000	{{"ignore_defense_v",756,0,0}}
7	273	40000	48500	6000	{{"ignore_defense_v",759,0,0}}
7	274	40000	48700	6000	{{"ignore_defense_v",762,0,0}}
7	275	40000	48900	6000	{{"ignore_defense_v",765,0,0}}
7	276	40000	49100	6000	{{"ignore_defense_v",768,0,0}}
7	277	40000	49300	6000	{{"ignore_defense_v",771,0,0}}
7	278	40000	49500	6000	{{"ignore_defense_v",774,0,0}}
7	279	40000	49700	6000	{{"ignore_defense_v",777,0,0}}
7	280	40000	49900	6000	{{"ignore_defense_v",780,0,0}}
8	1	6000	30	900	{{"defense_v",1,0,0}}
8	2	6000	60	900	{{"defense_v",2,0,0}}
8	3	6000	90	900	{{"defense_v",3,0,0}}
8	4	6000	120	900	{{"defense_v",4,0,0}}
8	5	6000	150	900	{{"defense_v",5,0,0}}
8	6	6000	180	900	{{"defense_v",6,0,0}}
8	7	6000	210	900	{{"defense_v",7,0,0}}
8	8	6000	240	900	{{"defense_v",8,0,0}}
8	9	6000	270	900	{{"defense_v",9,0,0}}
8	10	6000	300	900	{{"defense_v",10,0,0}}
8	11	8000	340	1200	{{"defense_v",11,0,0}}
8	12	8000	380	1200	{{"defense_v",12,0,0}}
8	13	8000	420	1200	{{"defense_v",13,0,0}}
8	14	8000	460	1200	{{"defense_v",14,0,0}}
8	15	8000	500	1200	{{"defense_v",15,0,0}}
8	16	8000	540	1200	{{"defense_v",16,0,0}}
8	17	8000	580	1200	{{"defense_v",17,0,0}}
8	18	8000	620	1200	{{"defense_v",18,0,0}}
8	19	8000	660	1200	{{"defense_v",19,0,0}}
8	20	8000	700	1200	{{"defense_v",20,0,0}}
8	21	12000	760	1800	{{"defense_v",22,0,0}}
8	22	12000	820	1800	{{"defense_v",24,0,0}}
8	23	12000	880	1800	{{"defense_v",26,0,0}}
8	24	12000	940	1800	{{"defense_v",28,0,0}}
8	25	12000	1000	1800	{{"defense_v",30,0,0}}
8	26	12000	1060	1800	{{"defense_v",32,0,0}}
8	27	12000	1120	1800	{{"defense_v",34,0,0}}
8	28	12000	1180	1800	{{"defense_v",36,0,0}}
8	29	12000	1240	1800	{{"defense_v",38,0,0}}
8	30	12000	1300	1800	{{"defense_v",40,0,0}}
8	31	20000	1400	3000	{{"defense_v",42,0,0}}
8	32	20000	1500	3000	{{"defense_v",44,0,0}}
8	33	20000	1600	3000	{{"defense_v",46,0,0}}
8	34	20000	1700	3000	{{"defense_v",48,0,0}}
8	35	20000	1800	3000	{{"defense_v",50,0,0}}
8	36	20000	1900	3000	{{"defense_v",52,0,0}}
8	37	20000	2000	3000	{{"defense_v",54,0,0}}
8	38	20000	2100	3000	{{"defense_v",56,0,0}}
8	39	20000	2200	3000	{{"defense_v",58,0,0}}
8	40	20000	2300	3000	{{"defense_v",60,0,0}}
8	41	32000	2460	4800	{{"defense_v",63,0,0}}
8	42	32000	2620	4800	{{"defense_v",66,0,0}}
8	43	32000	2780	4800	{{"defense_v",69,0,0}}
8	44	32000	2940	4800	{{"defense_v",72,0,0}}
8	45	32000	3100	4800	{{"defense_v",75,0,0}}
8	46	32000	3260	4800	{{"defense_v",78,0,0}}
8	47	32000	3420	4800	{{"defense_v",81,0,0}}
8	48	32000	3580	4800	{{"defense_v",84,0,0}}
8	49	32000	3740	4800	{{"defense_v",87,0,0}}
8	50	32000	3900	4800	{{"defense_v",90,0,0}}
8	51	40000	4100	6000	{{"defense_v",93,0,0}}
8	52	40000	4300	6000	{{"defense_v",96,0,0}}
8	53	40000	4500	6000	{{"defense_v",99,0,0}}
8	54	40000	4700	6000	{{"defense_v",102,0,0}}
8	55	40000	4900	6000	{{"defense_v",105,0,0}}
8	56	40000	5100	6000	{{"defense_v",108,0,0}}
8	57	40000	5300	6000	{{"defense_v",111,0,0}}
8	58	40000	5500	6000	{{"defense_v",114,0,0}}
8	59	40000	5700	6000	{{"defense_v",117,0,0}}
8	60	40000	5900	6000	{{"defense_v",120,0,0}}
8	61	40000	6100	6000	{{"defense_v",123,0,0}}
8	62	40000	6300	6000	{{"defense_v",126,0,0}}
8	63	40000	6500	6000	{{"defense_v",129,0,0}}
8	64	40000	6700	6000	{{"defense_v",132,0,0}}
8	65	40000	6900	6000	{{"defense_v",135,0,0}}
8	66	40000	7100	6000	{{"defense_v",138,0,0}}
8	67	40000	7300	6000	{{"defense_v",141,0,0}}
8	68	40000	7500	6000	{{"defense_v",144,0,0}}
8	69	40000	7700	6000	{{"defense_v",147,0,0}}
8	70	40000	7900	6000	{{"defense_v",150,0,0}}
8	71	40000	8100	6000	{{"defense_v",153,0,0}}
8	72	40000	8300	6000	{{"defense_v",156,0,0}}
8	73	40000	8500	6000	{{"defense_v",159,0,0}}
8	74	40000	8700	6000	{{"defense_v",162,0,0}}
8	75	40000	8900	6000	{{"defense_v",165,0,0}}
8	76	40000	9100	6000	{{"defense_v",168,0,0}}
8	77	40000	9300	6000	{{"defense_v",171,0,0}}
8	78	40000	9500	6000	{{"defense_v",174,0,0}}
8	79	40000	9700	6000	{{"defense_v",177,0,0}}
8	80	40000	9900	6000	{{"defense_v",180,0,0}}
8	81	40000	10100	6000	{{"defense_v",183,0,0}}
8	82	40000	10300	6000	{{"defense_v",186,0,0}}
8	83	40000	10500	6000	{{"defense_v",189,0,0}}
8	84	40000	10700	6000	{{"defense_v",192,0,0}}
8	85	40000	10900	6000	{{"defense_v",195,0,0}}
8	86	40000	11100	6000	{{"defense_v",198,0,0}}
8	87	40000	11300	6000	{{"defense_v",201,0,0}}
8	88	40000	11500	6000	{{"defense_v",204,0,0}}
8	89	40000	11700	6000	{{"defense_v",207,0,0}}
8	90	40000	11900	6000	{{"defense_v",210,0,0}}
8	91	40000	12100	6000	{{"defense_v",213,0,0}}
8	92	40000	12300	6000	{{"defense_v",216,0,0}}
8	93	40000	12500	6000	{{"defense_v",219,0,0}}
8	94	40000	12700	6000	{{"defense_v",222,0,0}}
8	95	40000	12900	6000	{{"defense_v",225,0,0}}
8	96	40000	13100	6000	{{"defense_v",228,0,0}}
8	97	40000	13300	6000	{{"defense_v",231,0,0}}
8	98	40000	13500	6000	{{"defense_v",234,0,0}}
8	99	40000	13700	6000	{{"defense_v",237,0,0}}
8	100	40000	13900	6000	{{"defense_v",240,0,0}}
8	101	40000	14100	6000	{{"defense_v",243,0,0}}
8	102	40000	14300	6000	{{"defense_v",246,0,0}}
8	103	40000	14500	6000	{{"defense_v",249,0,0}}
8	104	40000	14700	6000	{{"defense_v",252,0,0}}
8	105	40000	14900	6000	{{"defense_v",255,0,0}}
8	106	40000	15100	6000	{{"defense_v",258,0,0}}
8	107	40000	15300	6000	{{"defense_v",261,0,0}}
8	108	40000	15500	6000	{{"defense_v",264,0,0}}
8	109	40000	15700	6000	{{"defense_v",267,0,0}}
8	110	40000	15900	6000	{{"defense_v",270,0,0}}
8	111	40000	16100	6000	{{"defense_v",273,0,0}}
8	112	40000	16300	6000	{{"defense_v",276,0,0}}
8	113	40000	16500	6000	{{"defense_v",279,0,0}}
8	114	40000	16700	6000	{{"defense_v",282,0,0}}
8	115	40000	16900	6000	{{"defense_v",285,0,0}}
8	116	40000	17100	6000	{{"defense_v",288,0,0}}
8	117	40000	17300	6000	{{"defense_v",291,0,0}}
8	118	40000	17500	6000	{{"defense_v",294,0,0}}
8	119	40000	17700	6000	{{"defense_v",297,0,0}}
8	120	40000	17900	6000	{{"defense_v",300,0,0}}
8	121	40000	18100	6000	{{"defense_v",303,0,0}}
8	122	40000	18300	6000	{{"defense_v",306,0,0}}
8	123	40000	18500	6000	{{"defense_v",309,0,0}}
8	124	40000	18700	6000	{{"defense_v",312,0,0}}
8	125	40000	18900	6000	{{"defense_v",315,0,0}}
8	126	40000	19100	6000	{{"defense_v",318,0,0}}
8	127	40000	19300	6000	{{"defense_v",321,0,0}}
8	128	40000	19500	6000	{{"defense_v",324,0,0}}
8	129	40000	19700	6000	{{"defense_v",327,0,0}}
8	130	40000	19900	6000	{{"defense_v",330,0,0}}
8	131	40000	20100	6000	{{"defense_v",333,0,0}}
8	132	40000	20300	6000	{{"defense_v",336,0,0}}
8	133	40000	20500	6000	{{"defense_v",339,0,0}}
8	134	40000	20700	6000	{{"defense_v",342,0,0}}
8	135	40000	20900	6000	{{"defense_v",345,0,0}}
8	136	40000	21100	6000	{{"defense_v",348,0,0}}
8	137	40000	21300	6000	{{"defense_v",351,0,0}}
8	138	40000	21500	6000	{{"defense_v",354,0,0}}
8	139	40000	21700	6000	{{"defense_v",357,0,0}}
8	140	40000	21900	6000	{{"defense_v",360,0,0}}
8	141	40000	22100	6000	{{"defense_v",363,0,0}}
8	142	40000	22300	6000	{{"defense_v",366,0,0}}
8	143	40000	22500	6000	{{"defense_v",369,0,0}}
8	144	40000	22700	6000	{{"defense_v",372,0,0}}
8	145	40000	22900	6000	{{"defense_v",375,0,0}}
8	146	40000	23100	6000	{{"defense_v",378,0,0}}
8	147	40000	23300	6000	{{"defense_v",381,0,0}}
8	148	40000	23500	6000	{{"defense_v",384,0,0}}
8	149	40000	23700	6000	{{"defense_v",387,0,0}}
8	150	40000	23900	6000	{{"defense_v",390,0,0}}
8	151	40000	24100	6000	{{"defense_v",393,0,0}}
8	152	40000	24300	6000	{{"defense_v",396,0,0}}
8	153	40000	24500	6000	{{"defense_v",399,0,0}}
8	154	40000	24700	6000	{{"defense_v",402,0,0}}
8	155	40000	24900	6000	{{"defense_v",405,0,0}}
8	156	40000	25100	6000	{{"defense_v",408,0,0}}
8	157	40000	25300	6000	{{"defense_v",411,0,0}}
8	158	40000	25500	6000	{{"defense_v",414,0,0}}
8	159	40000	25700	6000	{{"defense_v",417,0,0}}
8	160	40000	25900	6000	{{"defense_v",420,0,0}}
8	161	40000	26100	6000	{{"defense_v",423,0,0}}
8	162	40000	26300	6000	{{"defense_v",426,0,0}}
8	163	40000	26500	6000	{{"defense_v",429,0,0}}
8	164	40000	26700	6000	{{"defense_v",432,0,0}}
8	165	40000	26900	6000	{{"defense_v",435,0,0}}
8	166	40000	27100	6000	{{"defense_v",438,0,0}}
8	167	40000	27300	6000	{{"defense_v",441,0,0}}
8	168	40000	27500	6000	{{"defense_v",444,0,0}}
8	169	40000	27700	6000	{{"defense_v",447,0,0}}
8	170	40000	27900	6000	{{"defense_v",450,0,0}}
8	171	40000	28100	6000	{{"defense_v",453,0,0}}
8	172	40000	28300	6000	{{"defense_v",456,0,0}}
8	173	40000	28500	6000	{{"defense_v",459,0,0}}
8	174	40000	28700	6000	{{"defense_v",462,0,0}}
8	175	40000	28900	6000	{{"defense_v",465,0,0}}
8	176	40000	29100	6000	{{"defense_v",468,0,0}}
8	177	40000	29300	6000	{{"defense_v",471,0,0}}
8	178	40000	29500	6000	{{"defense_v",474,0,0}}
8	179	40000	29700	6000	{{"defense_v",477,0,0}}
8	180	40000	29900	6000	{{"defense_v",480,0,0}}
8	181	40000	30100	6000	{{"defense_v",483,0,0}}
8	182	40000	30300	6000	{{"defense_v",486,0,0}}
8	183	40000	30500	6000	{{"defense_v",489,0,0}}
8	184	40000	30700	6000	{{"defense_v",492,0,0}}
8	185	40000	30900	6000	{{"defense_v",495,0,0}}
8	186	40000	31100	6000	{{"defense_v",498,0,0}}
8	187	40000	31300	6000	{{"defense_v",501,0,0}}
8	188	40000	31500	6000	{{"defense_v",504,0,0}}
8	189	40000	31700	6000	{{"defense_v",507,0,0}}
8	190	40000	31900	6000	{{"defense_v",510,0,0}}
8	191	40000	32100	6000	{{"defense_v",513,0,0}}
8	192	40000	32300	6000	{{"defense_v",516,0,0}}
8	193	40000	32500	6000	{{"defense_v",519,0,0}}
8	194	40000	32700	6000	{{"defense_v",522,0,0}}
8	195	40000	32900	6000	{{"defense_v",525,0,0}}
8	196	40000	33100	6000	{{"defense_v",528,0,0}}
8	197	40000	33300	6000	{{"defense_v",531,0,0}}
8	198	40000	33500	6000	{{"defense_v",534,0,0}}
8	199	40000	33700	6000	{{"defense_v",537,0,0}}
8	200	40000	33900	6000	{{"defense_v",540,0,0}}
8	201	40000	34100	6000	{{"defense_v",543,0,0}}
8	202	40000	34300	6000	{{"defense_v",546,0,0}}
8	203	40000	34500	6000	{{"defense_v",549,0,0}}
8	204	40000	34700	6000	{{"defense_v",552,0,0}}
8	205	40000	34900	6000	{{"defense_v",555,0,0}}
8	206	40000	35100	6000	{{"defense_v",558,0,0}}
8	207	40000	35300	6000	{{"defense_v",561,0,0}}
8	208	40000	35500	6000	{{"defense_v",564,0,0}}
8	209	40000	35700	6000	{{"defense_v",567,0,0}}
8	210	40000	35900	6000	{{"defense_v",570,0,0}}
8	211	40000	36100	6000	{{"defense_v",573,0,0}}
8	212	40000	36300	6000	{{"defense_v",576,0,0}}
8	213	40000	36500	6000	{{"defense_v",579,0,0}}
8	214	40000	36700	6000	{{"defense_v",582,0,0}}
8	215	40000	36900	6000	{{"defense_v",585,0,0}}
8	216	40000	37100	6000	{{"defense_v",588,0,0}}
8	217	40000	37300	6000	{{"defense_v",591,0,0}}
8	218	40000	37500	6000	{{"defense_v",594,0,0}}
8	219	40000	37700	6000	{{"defense_v",597,0,0}}
8	220	40000	37900	6000	{{"defense_v",600,0,0}}
8	221	40000	38100	6000	{{"defense_v",603,0,0}}
8	222	40000	38300	6000	{{"defense_v",606,0,0}}
8	223	40000	38500	6000	{{"defense_v",609,0,0}}
8	224	40000	38700	6000	{{"defense_v",612,0,0}}
8	225	40000	38900	6000	{{"defense_v",615,0,0}}
8	226	40000	39100	6000	{{"defense_v",618,0,0}}
8	227	40000	39300	6000	{{"defense_v",621,0,0}}
8	228	40000	39500	6000	{{"defense_v",624,0,0}}
8	229	40000	39700	6000	{{"defense_v",627,0,0}}
8	230	40000	39900	6000	{{"defense_v",630,0,0}}
8	231	40000	40100	6000	{{"defense_v",633,0,0}}
8	232	40000	40300	6000	{{"defense_v",636,0,0}}
8	233	40000	40500	6000	{{"defense_v",639,0,0}}
8	234	40000	40700	6000	{{"defense_v",642,0,0}}
8	235	40000	40900	6000	{{"defense_v",645,0,0}}
8	236	40000	41100	6000	{{"defense_v",648,0,0}}
8	237	40000	41300	6000	{{"defense_v",651,0,0}}
8	238	40000	41500	6000	{{"defense_v",654,0,0}}
8	239	40000	41700	6000	{{"defense_v",657,0,0}}
8	240	40000	41900	6000	{{"defense_v",660,0,0}}
8	241	40000	42100	6000	{{"defense_v",663,0,0}}
8	242	40000	42300	6000	{{"defense_v",666,0,0}}
8	243	40000	42500	6000	{{"defense_v",669,0,0}}
8	244	40000	42700	6000	{{"defense_v",672,0,0}}
8	245	40000	42900	6000	{{"defense_v",675,0,0}}
8	246	40000	43100	6000	{{"defense_v",678,0,0}}
8	247	40000	43300	6000	{{"defense_v",681,0,0}}
8	248	40000	43500	6000	{{"defense_v",684,0,0}}
8	249	40000	43700	6000	{{"defense_v",687,0,0}}
8	250	40000	43900	6000	{{"defense_v",690,0,0}}
8	251	40000	44100	6000	{{"defense_v",693,0,0}}
8	252	40000	44300	6000	{{"defense_v",696,0,0}}
8	253	40000	44500	6000	{{"defense_v",699,0,0}}
8	254	40000	44700	6000	{{"defense_v",702,0,0}}
8	255	40000	44900	6000	{{"defense_v",705,0,0}}
8	256	40000	45100	6000	{{"defense_v",708,0,0}}
8	257	40000	45300	6000	{{"defense_v",711,0,0}}
8	258	40000	45500	6000	{{"defense_v",714,0,0}}
8	259	40000	45700	6000	{{"defense_v",717,0,0}}
8	260	40000	45900	6000	{{"defense_v",720,0,0}}
8	261	40000	46100	6000	{{"defense_v",723,0,0}}
8	262	40000	46300	6000	{{"defense_v",726,0,0}}
8	263	40000	46500	6000	{{"defense_v",729,0,0}}
8	264	40000	46700	6000	{{"defense_v",732,0,0}}
8	265	40000	46900	6000	{{"defense_v",735,0,0}}
8	266	40000	47100	6000	{{"defense_v",738,0,0}}
8	267	40000	47300	6000	{{"defense_v",741,0,0}}
8	268	40000	47500	6000	{{"defense_v",744,0,0}}
8	269	40000	47700	6000	{{"defense_v",747,0,0}}
8	270	40000	47900	6000	{{"defense_v",750,0,0}}
8	271	40000	48100	6000	{{"defense_v",753,0,0}}
8	272	40000	48300	6000	{{"defense_v",756,0,0}}
8	273	40000	48500	6000	{{"defense_v",759,0,0}}
8	274	40000	48700	6000	{{"defense_v",762,0,0}}
8	275	40000	48900	6000	{{"defense_v",765,0,0}}
8	276	40000	49100	6000	{{"defense_v",768,0,0}}
8	277	40000	49300	6000	{{"defense_v",771,0,0}}
8	278	40000	49500	6000	{{"defense_v",774,0,0}}
8	279	40000	49700	6000	{{"defense_v",777,0,0}}
8	280	40000	49900	6000	{{"defense_v",780,0,0}}
9	1	6000	30	900	{{"basic_damage_v",1,0,1}}
9	2	6000	60	900	{{"basic_damage_v",2,0,2}}
9	3	6000	90	900	{{"basic_damage_v",3,0,3}}
9	4	6000	120	900	{{"basic_damage_v",4,0,4}}
9	5	6000	150	900	{{"basic_damage_v",5,0,5}}
9	6	6000	180	900	{{"basic_damage_v",6,0,6}}
9	7	6000	210	900	{{"basic_damage_v",7,0,7}}
9	8	6000	240	900	{{"basic_damage_v",8,0,8}}
9	9	6000	270	900	{{"basic_damage_v",9,0,9}}
9	10	6000	300	900	{{"basic_damage_v",10,0,10}}
9	11	8000	340	1200	{{"basic_damage_v",11,0,11}}
9	12	8000	380	1200	{{"basic_damage_v",12,0,12}}
9	13	8000	420	1200	{{"basic_damage_v",13,0,13}}
9	14	8000	460	1200	{{"basic_damage_v",14,0,14}}
9	15	8000	500	1200	{{"basic_damage_v",15,0,15}}
9	16	8000	540	1200	{{"basic_damage_v",16,0,16}}
9	17	8000	580	1200	{{"basic_damage_v",17,0,17}}
9	18	8000	620	1200	{{"basic_damage_v",18,0,18}}
9	19	8000	660	1200	{{"basic_damage_v",19,0,19}}
9	20	8000	700	1200	{{"basic_damage_v",20,0,20}}
9	21	12000	760	1800	{{"basic_damage_v",22,0,22}}
9	22	12000	820	1800	{{"basic_damage_v",24,0,24}}
9	23	12000	880	1800	{{"basic_damage_v",26,0,26}}
9	24	12000	940	1800	{{"basic_damage_v",28,0,28}}
9	25	12000	1000	1800	{{"basic_damage_v",30,0,30}}
9	26	12000	1060	1800	{{"basic_damage_v",32,0,32}}
9	27	12000	1120	1800	{{"basic_damage_v",34,0,34}}
9	28	12000	1180	1800	{{"basic_damage_v",36,0,36}}
9	29	12000	1240	1800	{{"basic_damage_v",38,0,38}}
9	30	12000	1300	1800	{{"basic_damage_v",40,0,40}}
9	31	20000	1400	3000	{{"basic_damage_v",42,0,42}}
9	32	20000	1500	3000	{{"basic_damage_v",44,0,44}}
9	33	20000	1600	3000	{{"basic_damage_v",46,0,46}}
9	34	20000	1700	3000	{{"basic_damage_v",48,0,48}}
9	35	20000	1800	3000	{{"basic_damage_v",50,0,50}}
9	36	20000	1900	3000	{{"basic_damage_v",52,0,52}}
9	37	20000	2000	3000	{{"basic_damage_v",54,0,54}}
9	38	20000	2100	3000	{{"basic_damage_v",56,0,56}}
9	39	20000	2200	3000	{{"basic_damage_v",58,0,58}}
9	40	20000	2300	3000	{{"basic_damage_v",60,0,60}}
9	41	32000	2460	4800	{{"basic_damage_v",63,0,63}}
9	42	32000	2620	4800	{{"basic_damage_v",66,0,66}}
9	43	32000	2780	4800	{{"basic_damage_v",69,0,69}}
9	44	32000	2940	4800	{{"basic_damage_v",72,0,72}}
9	45	32000	3100	4800	{{"basic_damage_v",75,0,75}}
9	46	32000	3260	4800	{{"basic_damage_v",78,0,78}}
9	47	32000	3420	4800	{{"basic_damage_v",81,0,81}}
9	48	32000	3580	4800	{{"basic_damage_v",84,0,84}}
9	49	32000	3740	4800	{{"basic_damage_v",87,0,87}}
9	50	32000	3900	4800	{{"basic_damage_v",90,0,90}}
9	51	40000	4100	6000	{{"basic_damage_v",93,0,93}}
9	52	40000	4300	6000	{{"basic_damage_v",96,0,96}}
9	53	40000	4500	6000	{{"basic_damage_v",99,0,99}}
9	54	40000	4700	6000	{{"basic_damage_v",102,0,102}}
9	55	40000	4900	6000	{{"basic_damage_v",105,0,105}}
9	56	40000	5100	6000	{{"basic_damage_v",108,0,108}}
9	57	40000	5300	6000	{{"basic_damage_v",111,0,111}}
9	58	40000	5500	6000	{{"basic_damage_v",114,0,114}}
9	59	40000	5700	6000	{{"basic_damage_v",117,0,117}}
9	60	40000	5900	6000	{{"basic_damage_v",120,0,120}}
9	61	40000	6100	6000	{{"basic_damage_v",123,0,123}}
9	62	40000	6300	6000	{{"basic_damage_v",126,0,126}}
9	63	40000	6500	6000	{{"basic_damage_v",129,0,129}}
9	64	40000	6700	6000	{{"basic_damage_v",132,0,132}}
9	65	40000	6900	6000	{{"basic_damage_v",135,0,135}}
9	66	40000	7100	6000	{{"basic_damage_v",138,0,138}}
9	67	40000	7300	6000	{{"basic_damage_v",141,0,141}}
9	68	40000	7500	6000	{{"basic_damage_v",144,0,144}}
9	69	40000	7700	6000	{{"basic_damage_v",147,0,147}}
9	70	40000	7900	6000	{{"basic_damage_v",150,0,150}}
9	71	40000	8100	6000	{{"basic_damage_v",153,0,153}}
9	72	40000	8300	6000	{{"basic_damage_v",156,0,156}}
9	73	40000	8500	6000	{{"basic_damage_v",159,0,159}}
9	74	40000	8700	6000	{{"basic_damage_v",162,0,162}}
9	75	40000	8900	6000	{{"basic_damage_v",165,0,165}}
9	76	40000	9100	6000	{{"basic_damage_v",168,0,168}}
9	77	40000	9300	6000	{{"basic_damage_v",171,0,171}}
9	78	40000	9500	6000	{{"basic_damage_v",174,0,174}}
9	79	40000	9700	6000	{{"basic_damage_v",177,0,177}}
9	80	40000	9900	6000	{{"basic_damage_v",180,0,180}}
9	81	40000	10100	6000	{{"basic_damage_v",183,0,183}}
9	82	40000	10300	6000	{{"basic_damage_v",186,0,186}}
9	83	40000	10500	6000	{{"basic_damage_v",189,0,189}}
9	84	40000	10700	6000	{{"basic_damage_v",192,0,192}}
9	85	40000	10900	6000	{{"basic_damage_v",195,0,195}}
9	86	40000	11100	6000	{{"basic_damage_v",198,0,198}}
9	87	40000	11300	6000	{{"basic_damage_v",201,0,201}}
9	88	40000	11500	6000	{{"basic_damage_v",204,0,204}}
9	89	40000	11700	6000	{{"basic_damage_v",207,0,207}}
9	90	40000	11900	6000	{{"basic_damage_v",210,0,210}}
9	91	40000	12100	6000	{{"basic_damage_v",213,0,213}}
9	92	40000	12300	6000	{{"basic_damage_v",216,0,216}}
9	93	40000	12500	6000	{{"basic_damage_v",219,0,219}}
9	94	40000	12700	6000	{{"basic_damage_v",222,0,222}}
9	95	40000	12900	6000	{{"basic_damage_v",225,0,225}}
9	96	40000	13100	6000	{{"basic_damage_v",228,0,228}}
9	97	40000	13300	6000	{{"basic_damage_v",231,0,231}}
9	98	40000	13500	6000	{{"basic_damage_v",234,0,234}}
9	99	40000	13700	6000	{{"basic_damage_v",237,0,237}}
9	100	40000	13900	6000	{{"basic_damage_v",240,0,240}}
9	101	40000	14100	6000	{{"basic_damage_v",243,0,243}}
9	102	40000	14300	6000	{{"basic_damage_v",246,0,246}}
9	103	40000	14500	6000	{{"basic_damage_v",249,0,249}}
9	104	40000	14700	6000	{{"basic_damage_v",252,0,252}}
9	105	40000	14900	6000	{{"basic_damage_v",255,0,255}}
9	106	40000	15100	6000	{{"basic_damage_v",258,0,258}}
9	107	40000	15300	6000	{{"basic_damage_v",261,0,261}}
9	108	40000	15500	6000	{{"basic_damage_v",264,0,264}}
9	109	40000	15700	6000	{{"basic_damage_v",267,0,267}}
9	110	40000	15900	6000	{{"basic_damage_v",270,0,270}}
9	111	40000	16100	6000	{{"basic_damage_v",273,0,273}}
9	112	40000	16300	6000	{{"basic_damage_v",276,0,276}}
9	113	40000	16500	6000	{{"basic_damage_v",279,0,279}}
9	114	40000	16700	6000	{{"basic_damage_v",282,0,282}}
9	115	40000	16900	6000	{{"basic_damage_v",285,0,285}}
9	116	40000	17100	6000	{{"basic_damage_v",288,0,288}}
9	117	40000	17300	6000	{{"basic_damage_v",291,0,291}}
9	118	40000	17500	6000	{{"basic_damage_v",294,0,294}}
9	119	40000	17700	6000	{{"basic_damage_v",297,0,297}}
9	120	40000	17900	6000	{{"basic_damage_v",300,0,300}}
9	121	40000	18100	6000	{{"basic_damage_v",303,0,303}}
9	122	40000	18300	6000	{{"basic_damage_v",306,0,306}}
9	123	40000	18500	6000	{{"basic_damage_v",309,0,309}}
9	124	40000	18700	6000	{{"basic_damage_v",312,0,312}}
9	125	40000	18900	6000	{{"basic_damage_v",315,0,315}}
9	126	40000	19100	6000	{{"basic_damage_v",318,0,318}}
9	127	40000	19300	6000	{{"basic_damage_v",321,0,321}}
9	128	40000	19500	6000	{{"basic_damage_v",324,0,324}}
9	129	40000	19700	6000	{{"basic_damage_v",327,0,327}}
9	130	40000	19900	6000	{{"basic_damage_v",330,0,330}}
9	131	40000	20100	6000	{{"basic_damage_v",333,0,333}}
9	132	40000	20300	6000	{{"basic_damage_v",336,0,336}}
9	133	40000	20500	6000	{{"basic_damage_v",339,0,339}}
9	134	40000	20700	6000	{{"basic_damage_v",342,0,342}}
9	135	40000	20900	6000	{{"basic_damage_v",345,0,345}}
9	136	40000	21100	6000	{{"basic_damage_v",348,0,348}}
9	137	40000	21300	6000	{{"basic_damage_v",351,0,351}}
9	138	40000	21500	6000	{{"basic_damage_v",354,0,354}}
9	139	40000	21700	6000	{{"basic_damage_v",357,0,357}}
9	140	40000	21900	6000	{{"basic_damage_v",360,0,360}}
9	141	40000	22100	6000	{{"basic_damage_v",363,0,363}}
9	142	40000	22300	6000	{{"basic_damage_v",366,0,366}}
9	143	40000	22500	6000	{{"basic_damage_v",369,0,369}}
9	144	40000	22700	6000	{{"basic_damage_v",372,0,372}}
9	145	40000	22900	6000	{{"basic_damage_v",375,0,375}}
9	146	40000	23100	6000	{{"basic_damage_v",378,0,378}}
9	147	40000	23300	6000	{{"basic_damage_v",381,0,381}}
9	148	40000	23500	6000	{{"basic_damage_v",384,0,384}}
9	149	40000	23700	6000	{{"basic_damage_v",387,0,387}}
9	150	40000	23900	6000	{{"basic_damage_v",390,0,390}}
9	151	40000	24100	6000	{{"basic_damage_v",393,0,393}}
9	152	40000	24300	6000	{{"basic_damage_v",396,0,396}}
9	153	40000	24500	6000	{{"basic_damage_v",399,0,399}}
9	154	40000	24700	6000	{{"basic_damage_v",402,0,402}}
9	155	40000	24900	6000	{{"basic_damage_v",405,0,405}}
9	156	40000	25100	6000	{{"basic_damage_v",408,0,408}}
9	157	40000	25300	6000	{{"basic_damage_v",411,0,411}}
9	158	40000	25500	6000	{{"basic_damage_v",414,0,414}}
9	159	40000	25700	6000	{{"basic_damage_v",417,0,417}}
9	160	40000	25900	6000	{{"basic_damage_v",420,0,420}}
9	161	40000	26100	6000	{{"basic_damage_v",423,0,423}}
9	162	40000	26300	6000	{{"basic_damage_v",426,0,426}}
9	163	40000	26500	6000	{{"basic_damage_v",429,0,429}}
9	164	40000	26700	6000	{{"basic_damage_v",432,0,432}}
9	165	40000	26900	6000	{{"basic_damage_v",435,0,435}}
9	166	40000	27100	6000	{{"basic_damage_v",438,0,438}}
9	167	40000	27300	6000	{{"basic_damage_v",441,0,441}}
9	168	40000	27500	6000	{{"basic_damage_v",444,0,444}}
9	169	40000	27700	6000	{{"basic_damage_v",447,0,447}}
9	170	40000	27900	6000	{{"basic_damage_v",450,0,450}}
9	171	40000	28100	6000	{{"basic_damage_v",453,0,453}}
9	172	40000	28300	6000	{{"basic_damage_v",456,0,456}}
9	173	40000	28500	6000	{{"basic_damage_v",459,0,459}}
9	174	40000	28700	6000	{{"basic_damage_v",462,0,462}}
9	175	40000	28900	6000	{{"basic_damage_v",465,0,465}}
9	176	40000	29100	6000	{{"basic_damage_v",468,0,468}}
9	177	40000	29300	6000	{{"basic_damage_v",471,0,471}}
9	178	40000	29500	6000	{{"basic_damage_v",474,0,474}}
9	179	40000	29700	6000	{{"basic_damage_v",477,0,477}}
9	180	40000	29900	6000	{{"basic_damage_v",480,0,480}}
9	181	40000	30100	6000	{{"basic_damage_v",483,0,483}}
9	182	40000	30300	6000	{{"basic_damage_v",486,0,486}}
9	183	40000	30500	6000	{{"basic_damage_v",489,0,489}}
9	184	40000	30700	6000	{{"basic_damage_v",492,0,492}}
9	185	40000	30900	6000	{{"basic_damage_v",495,0,495}}
9	186	40000	31100	6000	{{"basic_damage_v",498,0,498}}
9	187	40000	31300	6000	{{"basic_damage_v",501,0,501}}
9	188	40000	31500	6000	{{"basic_damage_v",504,0,504}}
9	189	40000	31700	6000	{{"basic_damage_v",507,0,507}}
9	190	40000	31900	6000	{{"basic_damage_v",510,0,510}}
9	191	40000	32100	6000	{{"basic_damage_v",513,0,513}}
9	192	40000	32300	6000	{{"basic_damage_v",516,0,516}}
9	193	40000	32500	6000	{{"basic_damage_v",519,0,519}}
9	194	40000	32700	6000	{{"basic_damage_v",522,0,522}}
9	195	40000	32900	6000	{{"basic_damage_v",525,0,525}}
9	196	40000	33100	6000	{{"basic_damage_v",528,0,528}}
9	197	40000	33300	6000	{{"basic_damage_v",531,0,531}}
9	198	40000	33500	6000	{{"basic_damage_v",534,0,534}}
9	199	40000	33700	6000	{{"basic_damage_v",537,0,537}}
9	200	40000	33900	6000	{{"basic_damage_v",540,0,540}}
9	201	40000	34100	6000	{{"basic_damage_v",543,0,543}}
9	202	40000	34300	6000	{{"basic_damage_v",546,0,546}}
9	203	40000	34500	6000	{{"basic_damage_v",549,0,549}}
9	204	40000	34700	6000	{{"basic_damage_v",552,0,552}}
9	205	40000	34900	6000	{{"basic_damage_v",555,0,555}}
9	206	40000	35100	6000	{{"basic_damage_v",558,0,558}}
9	207	40000	35300	6000	{{"basic_damage_v",561,0,561}}
9	208	40000	35500	6000	{{"basic_damage_v",564,0,564}}
9	209	40000	35700	6000	{{"basic_damage_v",567,0,567}}
9	210	40000	35900	6000	{{"basic_damage_v",570,0,570}}
9	211	40000	36100	6000	{{"basic_damage_v",573,0,573}}
9	212	40000	36300	6000	{{"basic_damage_v",576,0,576}}
9	213	40000	36500	6000	{{"basic_damage_v",579,0,579}}
9	214	40000	36700	6000	{{"basic_damage_v",582,0,582}}
9	215	40000	36900	6000	{{"basic_damage_v",585,0,585}}
9	216	40000	37100	6000	{{"basic_damage_v",588,0,588}}
9	217	40000	37300	6000	{{"basic_damage_v",591,0,591}}
9	218	40000	37500	6000	{{"basic_damage_v",594,0,594}}
9	219	40000	37700	6000	{{"basic_damage_v",597,0,597}}
9	220	40000	37900	6000	{{"basic_damage_v",600,0,600}}
9	221	40000	38100	6000	{{"basic_damage_v",603,0,603}}
9	222	40000	38300	6000	{{"basic_damage_v",606,0,606}}
9	223	40000	38500	6000	{{"basic_damage_v",609,0,609}}
9	224	40000	38700	6000	{{"basic_damage_v",612,0,612}}
9	225	40000	38900	6000	{{"basic_damage_v",615,0,615}}
9	226	40000	39100	6000	{{"basic_damage_v",618,0,618}}
9	227	40000	39300	6000	{{"basic_damage_v",621,0,621}}
9	228	40000	39500	6000	{{"basic_damage_v",624,0,624}}
9	229	40000	39700	6000	{{"basic_damage_v",627,0,627}}
9	230	40000	39900	6000	{{"basic_damage_v",630,0,630}}
9	231	40000	40100	6000	{{"basic_damage_v",633,0,633}}
9	232	40000	40300	6000	{{"basic_damage_v",636,0,636}}
9	233	40000	40500	6000	{{"basic_damage_v",639,0,639}}
9	234	40000	40700	6000	{{"basic_damage_v",642,0,642}}
9	235	40000	40900	6000	{{"basic_damage_v",645,0,645}}
9	236	40000	41100	6000	{{"basic_damage_v",648,0,648}}
9	237	40000	41300	6000	{{"basic_damage_v",651,0,651}}
9	238	40000	41500	6000	{{"basic_damage_v",654,0,654}}
9	239	40000	41700	6000	{{"basic_damage_v",657,0,657}}
9	240	40000	41900	6000	{{"basic_damage_v",660,0,660}}
9	241	40000	42100	6000	{{"basic_damage_v",663,0,663}}
9	242	40000	42300	6000	{{"basic_damage_v",666,0,666}}
9	243	40000	42500	6000	{{"basic_damage_v",669,0,669}}
9	244	40000	42700	6000	{{"basic_damage_v",672,0,672}}
9	245	40000	42900	6000	{{"basic_damage_v",675,0,675}}
9	246	40000	43100	6000	{{"basic_damage_v",678,0,678}}
9	247	40000	43300	6000	{{"basic_damage_v",681,0,681}}
9	248	40000	43500	6000	{{"basic_damage_v",684,0,684}}
9	249	40000	43700	6000	{{"basic_damage_v",687,0,687}}
9	250	40000	43900	6000	{{"basic_damage_v",690,0,690}}
9	251	40000	44100	6000	{{"basic_damage_v",693,0,693}}
9	252	40000	44300	6000	{{"basic_damage_v",696,0,696}}
9	253	40000	44500	6000	{{"basic_damage_v",699,0,699}}
9	254	40000	44700	6000	{{"basic_damage_v",702,0,702}}
9	255	40000	44900	6000	{{"basic_damage_v",705,0,705}}
9	256	40000	45100	6000	{{"basic_damage_v",708,0,708}}
9	257	40000	45300	6000	{{"basic_damage_v",711,0,711}}
9	258	40000	45500	6000	{{"basic_damage_v",714,0,714}}
9	259	40000	45700	6000	{{"basic_damage_v",717,0,717}}
9	260	40000	45900	6000	{{"basic_damage_v",720,0,720}}
9	261	40000	46100	6000	{{"basic_damage_v",723,0,723}}
9	262	40000	46300	6000	{{"basic_damage_v",726,0,726}}
9	263	40000	46500	6000	{{"basic_damage_v",729,0,729}}
9	264	40000	46700	6000	{{"basic_damage_v",732,0,732}}
9	265	40000	46900	6000	{{"basic_damage_v",735,0,735}}
9	266	40000	47100	6000	{{"basic_damage_v",738,0,738}}
9	267	40000	47300	6000	{{"basic_damage_v",741,0,741}}
9	268	40000	47500	6000	{{"basic_damage_v",744,0,744}}
9	269	40000	47700	6000	{{"basic_damage_v",747,0,747}}
9	270	40000	47900	6000	{{"basic_damage_v",750,0,750}}
9	271	40000	48100	6000	{{"basic_damage_v",753,0,753}}
9	272	40000	48300	6000	{{"basic_damage_v",756,0,756}}
9	273	40000	48500	6000	{{"basic_damage_v",759,0,759}}
9	274	40000	48700	6000	{{"basic_damage_v",762,0,762}}
9	275	40000	48900	6000	{{"basic_damage_v",765,0,765}}
9	276	40000	49100	6000	{{"basic_damage_v",768,0,768}}
9	277	40000	49300	6000	{{"basic_damage_v",771,0,771}}
9	278	40000	49500	6000	{{"basic_damage_v",774,0,774}}
9	279	40000	49700	6000	{{"basic_damage_v",777,0,777}}
9	280	40000	49900	6000	{{"basic_damage_v",780,0,780}}
10	1	6000	30	900	{{"ignore_all_resist_v",100,1,0}}
10	2	6000	60	900	{{"ignore_all_resist_v",100,2,0}}
10	3	6000	90	900	{{"ignore_all_resist_v",100,3,0}}
10	4	6000	120	900	{{"ignore_all_resist_v",100,4,0}}
10	5	6000	150	900	{{"ignore_all_resist_v",100,5,0}}
10	6	6000	180	900	{{"ignore_all_resist_v",100,6,0}}
10	7	6000	210	900	{{"ignore_all_resist_v",100,7,0}}
10	8	6000	240	900	{{"ignore_all_resist_v",100,8,0}}
10	9	6000	270	900	{{"ignore_all_resist_v",100,9,0}}
10	10	6000	300	900	{{"ignore_all_resist_v",100,10,0}}
10	11	8000	340	1200	{{"ignore_all_resist_v",100,11,0}}
10	12	8000	380	1200	{{"ignore_all_resist_v",100,12,0}}
10	13	8000	420	1200	{{"ignore_all_resist_v",100,13,0}}
10	14	8000	460	1200	{{"ignore_all_resist_v",100,14,0}}
10	15	8000	500	1200	{{"ignore_all_resist_v",100,15,0}}
10	16	8000	540	1200	{{"ignore_all_resist_v",100,16,0}}
10	17	8000	580	1200	{{"ignore_all_resist_v",100,17,0}}
10	18	8000	620	1200	{{"ignore_all_resist_v",100,18,0}}
10	19	8000	660	1200	{{"ignore_all_resist_v",100,19,0}}
10	20	8000	700	1200	{{"ignore_all_resist_v",100,20,0}}
10	21	12000	760	1800	{{"ignore_all_resist_v",100,22,0}}
10	22	12000	820	1800	{{"ignore_all_resist_v",100,24,0}}
10	23	12000	880	1800	{{"ignore_all_resist_v",100,26,0}}
10	24	12000	940	1800	{{"ignore_all_resist_v",100,28,0}}
10	25	12000	1000	1800	{{"ignore_all_resist_v",100,30,0}}
10	26	12000	1060	1800	{{"ignore_all_resist_v",100,32,0}}
10	27	12000	1120	1800	{{"ignore_all_resist_v",100,34,0}}
10	28	12000	1180	1800	{{"ignore_all_resist_v",100,36,0}}
10	29	12000	1240	1800	{{"ignore_all_resist_v",100,38,0}}
10	30	12000	1300	1800	{{"ignore_all_resist_v",100,40,0}}
10	31	20000	1400	3000	{{"ignore_all_resist_v",100,42,0}}
10	32	20000	1500	3000	{{"ignore_all_resist_v",100,44,0}}
10	33	20000	1600	3000	{{"ignore_all_resist_v",100,46,0}}
10	34	20000	1700	3000	{{"ignore_all_resist_v",100,48,0}}
10	35	20000	1800	3000	{{"ignore_all_resist_v",100,50,0}}
10	36	20000	1900	3000	{{"ignore_all_resist_v",100,52,0}}
10	37	20000	2000	3000	{{"ignore_all_resist_v",100,54,0}}
10	38	20000	2100	3000	{{"ignore_all_resist_v",100,56,0}}
10	39	20000	2200	3000	{{"ignore_all_resist_v",100,58,0}}
10	40	20000	2300	3000	{{"ignore_all_resist_v",100,60,0}}
10	41	32000	2460	4800	{{"ignore_all_resist_v",100,63,0}}
10	42	32000	2620	4800	{{"ignore_all_resist_v",100,66,0}}
10	43	32000	2780	4800	{{"ignore_all_resist_v",100,69,0}}
10	44	32000	2940	4800	{{"ignore_all_resist_v",100,72,0}}
10	45	32000	3100	4800	{{"ignore_all_resist_v",100,75,0}}
10	46	32000	3260	4800	{{"ignore_all_resist_v",100,78,0}}
10	47	32000	3420	4800	{{"ignore_all_resist_v",100,81,0}}
10	48	32000	3580	4800	{{"ignore_all_resist_v",100,84,0}}
10	49	32000	3740	4800	{{"ignore_all_resist_v",100,87,0}}
10	50	32000	3900	4800	{{"ignore_all_resist_v",100,90,0}}
10	51	40000	4100	6000	{{"ignore_all_resist_v",100,93,0}}
10	52	40000	4300	6000	{{"ignore_all_resist_v",100,96,0}}
10	53	40000	4500	6000	{{"ignore_all_resist_v",100,99,0}}
10	54	40000	4700	6000	{{"ignore_all_resist_v",100,102,0}}
10	55	40000	4900	6000	{{"ignore_all_resist_v",100,105,0}}
10	56	40000	5100	6000	{{"ignore_all_resist_v",100,108,0}}
10	57	40000	5300	6000	{{"ignore_all_resist_v",100,111,0}}
10	58	40000	5500	6000	{{"ignore_all_resist_v",100,114,0}}
10	59	40000	5700	6000	{{"ignore_all_resist_v",100,117,0}}
10	60	40000	5900	6000	{{"ignore_all_resist_v",100,120,0}}
10	61	40000	6100	6000	{{"ignore_all_resist_v",100,123,0}}
10	62	40000	6300	6000	{{"ignore_all_resist_v",100,126,0}}
10	63	40000	6500	6000	{{"ignore_all_resist_v",100,129,0}}
10	64	40000	6700	6000	{{"ignore_all_resist_v",100,132,0}}
10	65	40000	6900	6000	{{"ignore_all_resist_v",100,135,0}}
10	66	40000	7100	6000	{{"ignore_all_resist_v",100,138,0}}
10	67	40000	7300	6000	{{"ignore_all_resist_v",100,141,0}}
10	68	40000	7500	6000	{{"ignore_all_resist_v",100,144,0}}
10	69	40000	7700	6000	{{"ignore_all_resist_v",100,147,0}}
10	70	40000	7900	6000	{{"ignore_all_resist_v",100,150,0}}
10	71	40000	8100	6000	{{"ignore_all_resist_v",100,153,0}}
10	72	40000	8300	6000	{{"ignore_all_resist_v",100,156,0}}
10	73	40000	8500	6000	{{"ignore_all_resist_v",100,159,0}}
10	74	40000	8700	6000	{{"ignore_all_resist_v",100,162,0}}
10	75	40000	8900	6000	{{"ignore_all_resist_v",100,165,0}}
10	76	40000	9100	6000	{{"ignore_all_resist_v",100,168,0}}
10	77	40000	9300	6000	{{"ignore_all_resist_v",100,171,0}}
10	78	40000	9500	6000	{{"ignore_all_resist_v",100,174,0}}
10	79	40000	9700	6000	{{"ignore_all_resist_v",100,177,0}}
10	80	40000	9900	6000	{{"ignore_all_resist_v",100,180,0}}
10	81	40000	10100	6000	{{"ignore_all_resist_v",100,183,0}}
10	82	40000	10300	6000	{{"ignore_all_resist_v",100,186,0}}
10	83	40000	10500	6000	{{"ignore_all_resist_v",100,189,0}}
10	84	40000	10700	6000	{{"ignore_all_resist_v",100,192,0}}
10	85	40000	10900	6000	{{"ignore_all_resist_v",100,195,0}}
10	86	40000	11100	6000	{{"ignore_all_resist_v",100,198,0}}
10	87	40000	11300	6000	{{"ignore_all_resist_v",100,201,0}}
10	88	40000	11500	6000	{{"ignore_all_resist_v",100,204,0}}
10	89	40000	11700	6000	{{"ignore_all_resist_v",100,207,0}}
10	90	40000	11900	6000	{{"ignore_all_resist_v",100,210,0}}
10	91	40000	12100	6000	{{"ignore_all_resist_v",100,213,0}}
10	92	40000	12300	6000	{{"ignore_all_resist_v",100,216,0}}
10	93	40000	12500	6000	{{"ignore_all_resist_v",100,219,0}}
10	94	40000	12700	6000	{{"ignore_all_resist_v",100,222,0}}
10	95	40000	12900	6000	{{"ignore_all_resist_v",100,225,0}}
10	96	40000	13100	6000	{{"ignore_all_resist_v",100,228,0}}
10	97	40000	13300	6000	{{"ignore_all_resist_v",100,231,0}}
10	98	40000	13500	6000	{{"ignore_all_resist_v",100,234,0}}
10	99	40000	13700	6000	{{"ignore_all_resist_v",100,237,0}}
10	100	40000	13900	6000	{{"ignore_all_resist_v",100,240,0}}
10	101	40000	14100	6000	{{"ignore_all_resist_v",100,243,0}}
10	102	40000	14300	6000	{{"ignore_all_resist_v",100,246,0}}
10	103	40000	14500	6000	{{"ignore_all_resist_v",100,249,0}}
10	104	40000	14700	6000	{{"ignore_all_resist_v",100,252,0}}
10	105	40000	14900	6000	{{"ignore_all_resist_v",100,255,0}}
10	106	40000	15100	6000	{{"ignore_all_resist_v",100,258,0}}
10	107	40000	15300	6000	{{"ignore_all_resist_v",100,261,0}}
10	108	40000	15500	6000	{{"ignore_all_resist_v",100,264,0}}
10	109	40000	15700	6000	{{"ignore_all_resist_v",100,267,0}}
10	110	40000	15900	6000	{{"ignore_all_resist_v",100,270,0}}
10	111	40000	16100	6000	{{"ignore_all_resist_v",100,273,0}}
10	112	40000	16300	6000	{{"ignore_all_resist_v",100,276,0}}
10	113	40000	16500	6000	{{"ignore_all_resist_v",100,279,0}}
10	114	40000	16700	6000	{{"ignore_all_resist_v",100,282,0}}
10	115	40000	16900	6000	{{"ignore_all_resist_v",100,285,0}}
10	116	40000	17100	6000	{{"ignore_all_resist_v",100,288,0}}
10	117	40000	17300	6000	{{"ignore_all_resist_v",100,291,0}}
10	118	40000	17500	6000	{{"ignore_all_resist_v",100,294,0}}
10	119	40000	17700	6000	{{"ignore_all_resist_v",100,297,0}}
10	120	40000	17900	6000	{{"ignore_all_resist_v",100,300,0}}
10	121	40000	18100	6000	{{"ignore_all_resist_v",100,303,0}}
10	122	40000	18300	6000	{{"ignore_all_resist_v",100,306,0}}
10	123	40000	18500	6000	{{"ignore_all_resist_v",100,309,0}}
10	124	40000	18700	6000	{{"ignore_all_resist_v",100,312,0}}
10	125	40000	18900	6000	{{"ignore_all_resist_v",100,315,0}}
10	126	40000	19100	6000	{{"ignore_all_resist_v",100,318,0}}
10	127	40000	19300	6000	{{"ignore_all_resist_v",100,321,0}}
10	128	40000	19500	6000	{{"ignore_all_resist_v",100,324,0}}
10	129	40000	19700	6000	{{"ignore_all_resist_v",100,327,0}}
10	130	40000	19900	6000	{{"ignore_all_resist_v",100,330,0}}
10	131	40000	20100	6000	{{"ignore_all_resist_v",100,333,0}}
10	132	40000	20300	6000	{{"ignore_all_resist_v",100,336,0}}
10	133	40000	20500	6000	{{"ignore_all_resist_v",100,339,0}}
10	134	40000	20700	6000	{{"ignore_all_resist_v",100,342,0}}
10	135	40000	20900	6000	{{"ignore_all_resist_v",100,345,0}}
10	136	40000	21100	6000	{{"ignore_all_resist_v",100,348,0}}
10	137	40000	21300	6000	{{"ignore_all_resist_v",100,351,0}}
10	138	40000	21500	6000	{{"ignore_all_resist_v",100,354,0}}
10	139	40000	21700	6000	{{"ignore_all_resist_v",100,357,0}}
10	140	40000	21900	6000	{{"ignore_all_resist_v",100,360,0}}
10	141	40000	22100	6000	{{"ignore_all_resist_v",100,363,0}}
10	142	40000	22300	6000	{{"ignore_all_resist_v",100,366,0}}
10	143	40000	22500	6000	{{"ignore_all_resist_v",100,369,0}}
10	144	40000	22700	6000	{{"ignore_all_resist_v",100,372,0}}
10	145	40000	22900	6000	{{"ignore_all_resist_v",100,375,0}}
10	146	40000	23100	6000	{{"ignore_all_resist_v",100,378,0}}
10	147	40000	23300	6000	{{"ignore_all_resist_v",100,381,0}}
10	148	40000	23500	6000	{{"ignore_all_resist_v",100,384,0}}
10	149	40000	23700	6000	{{"ignore_all_resist_v",100,387,0}}
10	150	40000	23900	6000	{{"ignore_all_resist_v",100,390,0}}
10	151	40000	24100	6000	{{"ignore_all_resist_v",100,393,0}}
10	152	40000	24300	6000	{{"ignore_all_resist_v",100,396,0}}
10	153	40000	24500	6000	{{"ignore_all_resist_v",100,399,0}}
10	154	40000	24700	6000	{{"ignore_all_resist_v",100,402,0}}
10	155	40000	24900	6000	{{"ignore_all_resist_v",100,405,0}}
10	156	40000	25100	6000	{{"ignore_all_resist_v",100,408,0}}
10	157	40000	25300	6000	{{"ignore_all_resist_v",100,411,0}}
10	158	40000	25500	6000	{{"ignore_all_resist_v",100,414,0}}
10	159	40000	25700	6000	{{"ignore_all_resist_v",100,417,0}}
10	160	40000	25900	6000	{{"ignore_all_resist_v",100,420,0}}
10	161	40000	26100	6000	{{"ignore_all_resist_v",100,423,0}}
10	162	40000	26300	6000	{{"ignore_all_resist_v",100,426,0}}
10	163	40000	26500	6000	{{"ignore_all_resist_v",100,429,0}}
10	164	40000	26700	6000	{{"ignore_all_resist_v",100,432,0}}
10	165	40000	26900	6000	{{"ignore_all_resist_v",100,435,0}}
10	166	40000	27100	6000	{{"ignore_all_resist_v",100,438,0}}
10	167	40000	27300	6000	{{"ignore_all_resist_v",100,441,0}}
10	168	40000	27500	6000	{{"ignore_all_resist_v",100,444,0}}
10	169	40000	27700	6000	{{"ignore_all_resist_v",100,447,0}}
10	170	40000	27900	6000	{{"ignore_all_resist_v",100,450,0}}
10	171	40000	28100	6000	{{"ignore_all_resist_v",100,453,0}}
10	172	40000	28300	6000	{{"ignore_all_resist_v",100,456,0}}
10	173	40000	28500	6000	{{"ignore_all_resist_v",100,459,0}}
10	174	40000	28700	6000	{{"ignore_all_resist_v",100,462,0}}
10	175	40000	28900	6000	{{"ignore_all_resist_v",100,465,0}}
10	176	40000	29100	6000	{{"ignore_all_resist_v",100,468,0}}
10	177	40000	29300	6000	{{"ignore_all_resist_v",100,471,0}}
10	178	40000	29500	6000	{{"ignore_all_resist_v",100,474,0}}
10	179	40000	29700	6000	{{"ignore_all_resist_v",100,477,0}}
10	180	40000	29900	6000	{{"ignore_all_resist_v",100,480,0}}
10	181	40000	30100	6000	{{"ignore_all_resist_v",100,483,0}}
10	182	40000	30300	6000	{{"ignore_all_resist_v",100,486,0}}
10	183	40000	30500	6000	{{"ignore_all_resist_v",100,489,0}}
10	184	40000	30700	6000	{{"ignore_all_resist_v",100,492,0}}
10	185	40000	30900	6000	{{"ignore_all_resist_v",100,495,0}}
10	186	40000	31100	6000	{{"ignore_all_resist_v",100,498,0}}
10	187	40000	31300	6000	{{"ignore_all_resist_v",100,501,0}}
10	188	40000	31500	6000	{{"ignore_all_resist_v",100,504,0}}
10	189	40000	31700	6000	{{"ignore_all_resist_v",100,507,0}}
10	190	40000	31900	6000	{{"ignore_all_resist_v",100,510,0}}
10	191	40000	32100	6000	{{"ignore_all_resist_v",100,513,0}}
10	192	40000	32300	6000	{{"ignore_all_resist_v",100,516,0}}
10	193	40000	32500	6000	{{"ignore_all_resist_v",100,519,0}}
10	194	40000	32700	6000	{{"ignore_all_resist_v",100,522,0}}
10	195	40000	32900	6000	{{"ignore_all_resist_v",100,525,0}}
10	196	40000	33100	6000	{{"ignore_all_resist_v",100,528,0}}
10	197	40000	33300	6000	{{"ignore_all_resist_v",100,531,0}}
10	198	40000	33500	6000	{{"ignore_all_resist_v",100,534,0}}
10	199	40000	33700	6000	{{"ignore_all_resist_v",100,537,0}}
10	200	40000	33900	6000	{{"ignore_all_resist_v",100,540,0}}
10	201	40000	34100	6000	{{"ignore_all_resist_v",100,543,0}}
10	202	40000	34300	6000	{{"ignore_all_resist_v",100,546,0}}
10	203	40000	34500	6000	{{"ignore_all_resist_v",100,549,0}}
10	204	40000	34700	6000	{{"ignore_all_resist_v",100,552,0}}
10	205	40000	34900	6000	{{"ignore_all_resist_v",100,555,0}}
10	206	40000	35100	6000	{{"ignore_all_resist_v",100,558,0}}
10	207	40000	35300	6000	{{"ignore_all_resist_v",100,561,0}}
10	208	40000	35500	6000	{{"ignore_all_resist_v",100,564,0}}
10	209	40000	35700	6000	{{"ignore_all_resist_v",100,567,0}}
10	210	40000	35900	6000	{{"ignore_all_resist_v",100,570,0}}
10	211	40000	36100	6000	{{"ignore_all_resist_v",100,573,0}}
10	212	40000	36300	6000	{{"ignore_all_resist_v",100,576,0}}
10	213	40000	36500	6000	{{"ignore_all_resist_v",100,579,0}}
10	214	40000	36700	6000	{{"ignore_all_resist_v",100,582,0}}
10	215	40000	36900	6000	{{"ignore_all_resist_v",100,585,0}}
10	216	40000	37100	6000	{{"ignore_all_resist_v",100,588,0}}
10	217	40000	37300	6000	{{"ignore_all_resist_v",100,591,0}}
10	218	40000	37500	6000	{{"ignore_all_resist_v",100,594,0}}
10	219	40000	37700	6000	{{"ignore_all_resist_v",100,597,0}}
10	220	40000	37900	6000	{{"ignore_all_resist_v",100,600,0}}
10	221	40000	38100	6000	{{"ignore_all_resist_v",100,603,0}}
10	222	40000	38300	6000	{{"ignore_all_resist_v",100,606,0}}
10	223	40000	38500	6000	{{"ignore_all_resist_v",100,609,0}}
10	224	40000	38700	6000	{{"ignore_all_resist_v",100,612,0}}
10	225	40000	38900	6000	{{"ignore_all_resist_v",100,615,0}}
10	226	40000	39100	6000	{{"ignore_all_resist_v",100,618,0}}
10	227	40000	39300	6000	{{"ignore_all_resist_v",100,621,0}}
10	228	40000	39500	6000	{{"ignore_all_resist_v",100,624,0}}
10	229	40000	39700	6000	{{"ignore_all_resist_v",100,627,0}}
10	230	40000	39900	6000	{{"ignore_all_resist_v",100,630,0}}
10	231	40000	40100	6000	{{"ignore_all_resist_v",100,633,0}}
10	232	40000	40300	6000	{{"ignore_all_resist_v",100,636,0}}
10	233	40000	40500	6000	{{"ignore_all_resist_v",100,639,0}}
10	234	40000	40700	6000	{{"ignore_all_resist_v",100,642,0}}
10	235	40000	40900	6000	{{"ignore_all_resist_v",100,645,0}}
10	236	40000	41100	6000	{{"ignore_all_resist_v",100,648,0}}
10	237	40000	41300	6000	{{"ignore_all_resist_v",100,651,0}}
10	238	40000	41500	6000	{{"ignore_all_resist_v",100,654,0}}
10	239	40000	41700	6000	{{"ignore_all_resist_v",100,657,0}}
10	240	40000	41900	6000	{{"ignore_all_resist_v",100,660,0}}
10	241	40000	42100	6000	{{"ignore_all_resist_v",100,663,0}}
10	242	40000	42300	6000	{{"ignore_all_resist_v",100,666,0}}
10	243	40000	42500	6000	{{"ignore_all_resist_v",100,669,0}}
10	244	40000	42700	6000	{{"ignore_all_resist_v",100,672,0}}
10	245	40000	42900	6000	{{"ignore_all_resist_v",100,675,0}}
10	246	40000	43100	6000	{{"ignore_all_resist_v",100,678,0}}
10	247	40000	43300	6000	{{"ignore_all_resist_v",100,681,0}}
10	248	40000	43500	6000	{{"ignore_all_resist_v",100,684,0}}
10	249	40000	43700	6000	{{"ignore_all_resist_v",100,687,0}}
10	250	40000	43900	6000	{{"ignore_all_resist_v",100,690,0}}
10	251	40000	44100	6000	{{"ignore_all_resist_v",100,693,0}}
10	252	40000	44300	6000	{{"ignore_all_resist_v",100,696,0}}
10	253	40000	44500	6000	{{"ignore_all_resist_v",100,699,0}}
10	254	40000	44700	6000	{{"ignore_all_resist_v",100,702,0}}
10	255	40000	44900	6000	{{"ignore_all_resist_v",100,705,0}}
10	256	40000	45100	6000	{{"ignore_all_resist_v",100,708,0}}
10	257	40000	45300	6000	{{"ignore_all_resist_v",100,711,0}}
10	258	40000	45500	6000	{{"ignore_all_resist_v",100,714,0}}
10	259	40000	45700	6000	{{"ignore_all_resist_v",100,717,0}}
10	260	40000	45900	6000	{{"ignore_all_resist_v",100,720,0}}
10	261	40000	46100	6000	{{"ignore_all_resist_v",100,723,0}}
10	262	40000	46300	6000	{{"ignore_all_resist_v",100,726,0}}
10	263	40000	46500	6000	{{"ignore_all_resist_v",100,729,0}}
10	264	40000	46700	6000	{{"ignore_all_resist_v",100,732,0}}
10	265	40000	46900	6000	{{"ignore_all_resist_v",100,735,0}}
10	266	40000	47100	6000	{{"ignore_all_resist_v",100,738,0}}
10	267	40000	47300	6000	{{"ignore_all_resist_v",100,741,0}}
10	268	40000	47500	6000	{{"ignore_all_resist_v",100,744,0}}
10	269	40000	47700	6000	{{"ignore_all_resist_v",100,747,0}}
10	270	40000	47900	6000	{{"ignore_all_resist_v",100,750,0}}
10	271	40000	48100	6000	{{"ignore_all_resist_v",100,753,0}}
10	272	40000	48300	6000	{{"ignore_all_resist_v",100,756,0}}
10	273	40000	48500	6000	{{"ignore_all_resist_v",100,759,0}}
10	274	40000	48700	6000	{{"ignore_all_resist_v",100,762,0}}
10	275	40000	48900	6000	{{"ignore_all_resist_v",100,765,0}}
10	276	40000	49100	6000	{{"ignore_all_resist_v",100,768,0}}
10	277	40000	49300	6000	{{"ignore_all_resist_v",100,771,0}}
10	278	40000	49500	6000	{{"ignore_all_resist_v",100,774,0}}
10	279	40000	49700	6000	{{"ignore_all_resist_v",100,777,0}}
10	280	40000	49900	6000	{{"ignore_all_resist_v",100,780,0}}
